graph algo p k cores repeat v local_e cross_e read_time running_time rounds matching_size matching_weight
fbA kMM diststream 16 16 0 357059 2309760 40747751 22.836535 2.146119 66 62688 47756782923.00
fbA kMM diststream 16 16 1 357059 2371189 40686322 23.671858 2.363096 65 62671 47758356404.00
fbA kMM diststream 16 16 2 357059 2375942 40681569 23.250428 2.099373 67 62689 47760053306.00
fbA kMM diststream 16 32 0 357059 1372559 41684952 20.938061 2.040666 66 62690 47758193512.00
fbA kMM diststream 16 32 1 357059 1384089 41673422 21.344077 1.975505 64 62681 47758748697.00
fbA kMM diststream 16 32 2 357059 1385798 41671713 21.034205 1.835026 65 62685 47751653478.00
fbA kMM diststream 16 4 0 357059 5087435 37970076 37.175759 4.005892 65 62684 47739999504.00
fbA kMM diststream 16 4 1 357059 4149347 38908164 37.265848 4.086258 65 62681 47763441727.00
fbA kMM diststream 16 4 2 357059 6373282 36684229 37.322665 3.828571 64 62685 47766862558.00
fbA kMM diststream 16 8 0 357059 3198771 39858740 28.857109 2.561978 65 62695 47755149219.00
fbA kMM diststream 16 8 1 357059 2985131 40072380 30.022253 2.895933 67 62678 47753989875.00
fbA kMM diststream 16 8 2 357059 3286563 39770948 31.138579 2.928968 67 62669 47758945668.00
fbA kMM diststream 32 16 0 357059 2309760 40747751 23.071532 3.214694 77 120325 79200867056.00
fbA kMM diststream 32 16 1 357059 2371189 40686322 23.153836 4.088671 77 120315 79203143632.00
fbA kMM diststream 32 16 2 357059 2375942 40681569 23.456399 3.167673 77 120343 79208076537.00
fbA kMM diststream 32 32 0 357059 1372559 41684952 20.822008 3.460796 78 120331 79203817534.00
fbA kMM diststream 32 32 1 357059 1384089 41673422 21.295058 3.626894 78 120314 79206324546.00
fbA kMM diststream 32 32 2 357059 1385798 41671713 21.313022 3.592099 77 120314 79212356356.00
fbA kMM diststream 32 4 0 357059 5087435 37970076 36.644773 6.180450 77 120312 79208176101.00
fbA kMM diststream 32 4 1 357059 4149347 38908164 36.810631 6.202737 76 120332 79207790244.00
fbA kMM diststream 32 4 2 357059 6373282 36684229 37.040485 6.243415 75 120315 79205285688.00
fbA kMM diststream 32 8 0 357059 3198771 39858740 29.341464 4.140952 76 120321 79201057441.00
fbA kMM diststream 32 8 1 357059 2985131 40072380 28.824593 4.586083 77 120329 79210602648.00
fbA kMM diststream 32 8 2 357059 3286563 39770948 30.451036 4.464136 77 120318 79202448265.00
fbA kMM diststream 4 16 0 357059 2309760 40747751 22.974482 0.993558 34 16323 17853189871.00
fbA kMM diststream 4 16 1 357059 2371189 40686322 23.254957 1.034453 36 16337 17869254622.00
fbA kMM diststream 4 16 2 357059 2375942 40681569 23.258412 0.951568 35 16333 17830674626.00
fbA kMM diststream 4 32 0 357059 1372559 41684952 21.593464 0.876696 35 16336 17860143476.00
fbA kMM diststream 4 32 1 357059 1384089 41673422 22.565233 0.864181 35 16340 17862691594.00
fbA kMM diststream 4 32 2 357059 1385798 41671713 21.787887 0.963228 33 16331 17830901402.00
fbA kMM diststream 4 4 0 357059 5087435 37970076 37.155195 1.732485 34 16321 17836568811.00
fbA kMM diststream 4 4 1 357059 4149347 38908164 37.593269 1.827150 36 16331 17826511767.00
fbA kMM diststream 4 4 2 357059 6373282 36684229 37.007397 1.717265 34 16340 17857088982.00
fbA kMM diststream 4 8 0 357059 3198771 39858740 28.716639 1.127859 35 16333 17831233620.00
fbA kMM diststream 4 8 1 357059 2985131 40072380 28.626855 1.231810 35 16334 17837274265.00
fbA kMM diststream 4 8 2 357059 3286563 39770948 30.728255 1.495778 34 16333 17826155572.00
fbA kMM diststream 8 16 0 357059 2309760 40747751 23.074255 1.463141 46 32343 29103524006.00
fbA kMM diststream 8 16 1 357059 2371189 40686322 23.239239 1.747394 47 32343 29103325141.00
fbA kMM diststream 8 16 2 357059 2375942 40681569 23.154469 1.555137 47 32329 29104297205.00
fbA kMM diststream 8 32 0 357059 1372559 41684952 21.008516 1.290524 47 32352 29092642124.00
fbA kMM diststream 8 32 1 357059 1384089 41673422 21.439494 1.265906 47 32355 29113846657.00
fbA kMM diststream 8 32 2 357059 1385798 41671713 21.261622 1.185845 49 32349 29107890424.00
fbA kMM diststream 8 4 0 357059 5087435 37970076 37.021306 2.685539 46 32350 29099385347.00
fbA kMM diststream 8 4 1 357059 4149347 38908164 37.505264 2.599225 45 32348 29108090861.00
fbA kMM diststream 8 4 2 357059 6373282 36684229 38.323975 2.578780 46 32340 29095225157.00
fbA kMM diststream 8 8 0 357059 3198771 39858740 29.083587 1.736312 47 32347 29106293228.00
fbA kMM diststream 8 8 1 357059 2985131 40072380 29.133269 2.004316 47 32355 29094305764.00
fbA kMM diststream 8 8 2 357059 3286563 39770948 30.917144 1.960221 48 32343 29108989869.00
fbA kMM random 16 1 0 357059 43057511 0 5.492293 24.053039 66 62687 47751485168.00
fbA kMM random 16 1 1 357059 43057511 0 9.799244 25.830171 66 62687 47751485168.00
fbA kMM random 16 1 2 357059 43057511 0 11.439986 22.763564 66 62687 47751485168.00
fbA kMM random 16 16 0 357059 2693549 40363962 2.630246 1.667459 65 62688 47741076278.00
fbA kMM random 16 16 1 357059 2693409 40364102 2.567922 1.694392 64 62690 47760450937.00
fbA kMM random 16 16 2 357059 2693762 40363749 2.721979 1.686990 65 62690 47748954363.00
fbA kMM random 16 32 0 357059 1347533 41709978 4.580038 1.891600 66 62691 47741208767.00
fbA kMM random 16 32 1 357059 1346507 41711004 4.933920 1.929244 67 62681 47761319126.00
fbA kMM random 16 32 2 357059 1346563 41710948 4.520697 1.735519 64 62675 47757611277.00
fbA kMM random 16 4 0 357059 10763443 32294068 5.495607 3.383319 64 62690 47759745707.00
fbA kMM random 16 4 1 357059 10771595 32285916 4.068311 3.408490 65 62695 47753606441.00
fbA kMM random 16 4 2 357059 10764721 32292790 3.993402 3.478122 66 62683 47762876129.00
fbA kMM random 16 8 0 357059 5384110 37673401 3.103262 2.087871 65 62690 47757661153.00
fbA kMM random 16 8 1 357059 5383848 37673663 3.101285 3.224766 66 62681 47761077965.00
fbA kMM random 16 8 2 357059 5383808 37673703 3.269630 3.468064 66 62681 47756859623.00
fbA kMM random 32 1 0 357059 43057511 0 5.153783 31.991195 75 120332 79200955165.00
fbA kMM random 32 1 1 357059 43057511 0 10.441620 32.653684 75 120332 79200955165.00
fbA kMM random 32 1 2 357059 43057511 0 12.098885 29.979818 75 120332 79200955165.00
fbA kMM random 32 16 0 357059 2693549 40363962 2.629008 2.349112 77 120327 79205380093.00
fbA kMM random 32 16 1 357059 2693409 40364102 2.709001 2.352609 76 120328 79200896382.00
fbA kMM random 32 16 2 357059 2693762 40363749 2.594212 2.336689 76 120330 79198663316.00
fbA kMM random 32 32 0 357059 1347533 41709978 2.458209 2.314024 78 120316 79212315723.00
fbA kMM random 32 32 1 357059 1346507 41711004 2.497790 2.635068 77 120348 79206001943.00
fbA kMM random 32 32 2 357059 1346563 41710948 2.573949 2.259985 79 120331 79199886225.00
fbA kMM random 32 4 0 357059 10763443 32294068 5.671699 4.862818 77 120338 79212436824.00
fbA kMM random 32 4 1 357059 10771595 32285916 4.084350 4.785604 77 120314 79198793147.00
fbA kMM random 32 4 2 357059 10764721 32292790 4.036547 5.102219 77 120314 79206307375.00
fbA kMM random 32 8 0 357059 5384110 37673401 3.012955 3.230197 78 120313 79204562991.00
fbA kMM random 32 8 1 357059 5383848 37673663 3.060643 3.257865 78 120337 79198131992.00
fbA kMM random 32 8 2 357059 5383808 37673703 3.299665 3.562263 78 120315 79211825216.00
fbA kMM random 4 1 0 357059 43057511 0 6.232179 9.337748 34 16331 17828175836.00
fbA kMM random 4 1 1 357059 43057511 0 7.446161 8.988635 34 16331 17828175836.00
fbA kMM random 4 1 2 357059 43057511 0 6.465412 7.887859 34 16331 17828175836.00
fbA kMM random 4 16 0 357059 2693549 40363962 2.937291 1.452687 35 16330 17835179915.00
fbA kMM random 4 16 1 357059 2693409 40364102 2.996125 1.377780 34 16329 17846262862.00
fbA kMM random 4 16 2 357059 2693762 40363749 3.112439 1.545282 36 16329 17816390240.00
fbA kMM random 4 32 0 357059 1347533 41709978 2.645346 0.983766 36 16326 17830361045.00
fbA kMM random 4 32 1 357059 1346507 41711004 4.046521 0.898226 35 16332 17844657077.00
fbA kMM random 4 32 2 357059 1346563 41710948 3.943316 0.816485 35 16341 17806273293.00
fbA kMM random 4 4 0 357059 10763443 32294068 4.080512 1.740375 33 16337 17843981307.00
fbA kMM random 4 4 1 357059 10771595 32285916 4.154951 2.159483 34 16340 17838266770.00
fbA kMM random 4 4 2 357059 10764721 32292790 4.297938 1.750077 34 16334 17838358799.00
fbA kMM random 4 8 0 357059 5384110 37673401 3.752623 1.768879 34 16330 17832177213.00
fbA kMM random 4 8 1 357059 5383848 37673663 3.318490 1.487739 36 16331 17842531782.00
fbA kMM random 4 8 2 357059 5383808 37673703 3.519337 1.698433 33 16333 17808826990.00
fbA kMM random 8 1 0 357059 43057511 0 5.901312 18.839668 46 32346 29103283227.00
fbA kMM random 8 1 1 357059 43057511 0 10.122547 17.613481 46 32346 29103283227.00
fbA kMM random 8 1 2 357059 43057511 0 12.294234 15.051820 46 32346 29103283227.00
fbA kMM random 8 16 0 357059 2693549 40363962 2.624521 1.245306 48 32345 29104117491.00
fbA kMM random 8 16 1 357059 2693409 40364102 2.624049 1.273532 48 32348 29098232164.00
fbA kMM random 8 16 2 357059 2693762 40363749 2.568724 1.240997 48 32342 29108897395.00
fbA kMM random 8 32 0 357059 1347533 41709978 4.416421 1.207844 49 32352 29099939568.00
fbA kMM random 8 32 1 357059 1346507 41711004 5.040478 1.279836 49 32363 29095970325.00
fbA kMM random 8 32 2 357059 1346563 41710948 4.543186 1.181542 47 32358 29110320648.00
fbA kMM random 8 4 0 357059 10763443 32294068 5.013125 2.331192 48 32348 29095638524.00
fbA kMM random 8 4 1 357059 10771595 32285916 4.093935 2.383452 47 32354 29097224670.00
fbA kMM random 8 4 2 357059 10764721 32292790 3.939789 2.461244 47 32348 29088268374.00
fbA kMM random 8 8 0 357059 5384110 37673401 2.998885 1.503622 47 32327 29104618150.00
fbA kMM random 8 8 1 357059 5383848 37673663 3.083417 1.485913 48 32344 29110573962.00
fbA kMM random 8 8 2 357059 5383808 37673703 3.088144 1.556288 48 32334 29116081529.00
fbA MRepLM diststream 16 16 0 357059 2309760 40747751 24.271042 17.335817 532 62624 47847429866.00
fbA MRepLM diststream 16 16 1 357059 2371189 40686322 24.115427 15.787539 535 62600 47847433393.00
fbA MRepLM diststream 16 16 2 357059 2375942 40681569 23.902121 15.927661 528 62620 47847424012.00
fbA MRepLM diststream 16 32 0 357059 1372559 41684952 23.325484 16.841734 537 62622 47847435834.00
fbA MRepLM diststream 16 32 1 357059 1384089 41673422 24.401326 11.804266 523 62605 47847437193.00
fbA MRepLM diststream 16 32 2 357059 1385798 41671713 22.076838 10.565108 522 62611 47847416966.00
fbA MRepLM diststream 16 4 0 357059 5087435 37970076 37.108695 50.045224 532 62607 47847428798.00
fbA MRepLM diststream 16 4 1 357059 4149347 38908164 36.946456 50.285876 541 62598 47847443074.00
fbA MRepLM diststream 16 4 2 357059 6373282 36684229 36.655400 49.958535 539 62609 47847416637.00
fbA MRepLM diststream 16 8 0 357059 3198771 39858740 30.188149 31.441282 536 62610 47847422199.00
fbA MRepLM diststream 16 8 1 357059 2985131 40072380 31.278041 37.265226 528 62618 47847420759.00
fbA MRepLM diststream 16 8 2 357059 3286563 39770948 30.259013 37.649312 528 62628 47847429134.00
fbA MRepLM diststream 32 16 0 357059 2309760 40747751 23.891275 36.963444 1152 120261 79337814301.00
fbA MRepLM diststream 32 16 1 357059 2371189 40686322 24.521645 37.362228 1155 120246 79337827131.00
fbA MRepLM diststream 32 16 2 357059 2375942 40681569 23.669436 40.363117 1141 120239 79337805407.00
fbA MRepLM diststream 32 32 0 357059 1372559 41684952 21.210689 34.579456 1144 120256 79337835433.00
fbA MRepLM diststream 32 32 1 357059 1384089 41673422 22.251901 33.201784 1135 120236 79337814902.00
fbA MRepLM diststream 32 32 2 357059 1385798 41671713 21.128730 32.747315 1141 120231 79337814153.00
fbA MRepLM diststream 32 4 0 357059 5087435 37970076 39.308311 111.542607 1141 120250 79337832159.00
fbA MRepLM diststream 32 4 1 357059 4149347 38908164 37.516320 111.722293 1147 120248 79337834056.00
fbA MRepLM diststream 32 4 2 357059 6373282 36684229 36.863338 110.682521 1155 120253 79337829270.00
fbA MRepLM diststream 32 8 0 357059 3198771 39858740 29.596807 82.028817 1147 120237 79337825486.00
fbA MRepLM diststream 32 8 1 357059 2985131 40072380 30.792808 83.779524 1143 120240 79337834201.00
fbA MRepLM diststream 32 8 2 357059 3286563 39770948 32.268138 81.946340 1150 120236 79337802828.00
fbA MRepLM diststream 4 16 0 357059 2309760 40747751 23.688358 2.849185 104 16324 17915560708.00
fbA MRepLM diststream 4 16 1 357059 2371189 40686322 22.889597 3.307354 103 16325 17915566404.00
fbA MRepLM diststream 4 16 2 357059 2375942 40681569 23.391038 3.162419 104 16322 17915564656.00
fbA MRepLM diststream 4 32 0 357059 1372559 41684952 20.397671 2.792878 107 16321 17915569538.00
fbA MRepLM diststream 4 32 1 357059 1384089 41673422 20.323442 2.615407 103 16324 17915564995.00
fbA MRepLM diststream 4 32 2 357059 1385798 41671713 20.736477 2.492186 104 16322 17915578445.00
fbA MRepLM diststream 4 4 0 357059 5087435 37970076 40.183614 9.276134 104 16322 17915560091.00
fbA MRepLM diststream 4 4 1 357059 4149347 38908164 35.683979 8.634543 110 16319 17915564849.00
fbA MRepLM diststream 4 4 2 357059 6373282 36684229 35.946558 8.711102 106 16320 17915574801.00
fbA MRepLM diststream 4 8 0 357059 3198771 39858740 29.187315 5.625834 102 16320 17915562602.00
fbA MRepLM diststream 4 8 1 357059 2985131 40072380 29.442609 6.443956 104 16323 17915567966.00
fbA MRepLM diststream 4 8 2 357059 3286563 39770948 29.594004 5.672386 103 16320 17915575414.00
fbA MRepLM diststream 8 16 0 357059 2309760 40747751 23.959013 8.144580 235 32303 29135363173.00
fbA MRepLM diststream 8 16 1 357059 2371189 40686322 23.174937 9.416429 236 32315 29135362481.00
fbA MRepLM diststream 8 16 2 357059 2375942 40681569 23.166258 8.692791 235 32305 29135349637.00
fbA MRepLM diststream 8 32 0 357059 1372559 41684952 21.111472 5.486325 238 32300 29135366113.00
fbA MRepLM diststream 8 32 1 357059 1384089 41673422 21.430087 6.542638 233 32304 29135375059.00
fbA MRepLM diststream 8 32 2 357059 1385798 41671713 22.534292 4.837005 234 32307 29135377430.00
fbA MRepLM diststream 8 4 0 357059 5087435 37970076 41.127362 22.509841 236 32300 29135371255.00
fbA MRepLM diststream 8 4 1 357059 4149347 38908164 41.741167 22.707127 245 32300 29135357177.00
fbA MRepLM diststream 8 4 2 357059 6373282 36684229 38.903700 22.230576 241 32302 29135362865.00
fbA MRepLM diststream 8 8 0 357059 3198771 39858740 31.096288 11.829072 233 32303 29135371265.00
fbA MRepLM diststream 8 8 1 357059 2985131 40072380 30.852997 11.950916 234 32296 29135374207.00
fbA MRepLM diststream 8 8 2 357059 3286563 39770948 32.542632 16.429308 232 32298 29135362836.00
fbA MRepLM random 16 1 0 357059 43057511 0 5.086139 131.934628 529 62610 47847421547.00
fbA MRepLM random 16 1 1 357059 43057511 0 11.852452 192.890723 538 62616 47847416673.00
fbA MRepLM random 16 1 2 357059 43057511 0 11.027410 192.697141 540 62615 47847421052.00
fbA MRepLM random 16 16 0 357059 2693549 40363962 2.630504 15.727791 529 62610 47847421547.00
fbA MRepLM random 16 16 1 357059 2693409 40364102 2.599533 15.817712 538 62616 47847416673.00
fbA MRepLM random 16 16 2 357059 2693762 40363749 2.588459 15.467248 540 62615 47847421052.00
fbA MRepLM random 16 32 0 357059 1347533 41709978 2.715266 16.477238 529 62610 47847421547.00
fbA MRepLM random 16 32 1 357059 1346507 41711004 3.076652 17.032358 538 62616 47847416673.00
fbA MRepLM random 16 32 2 357059 1346563 41710948 2.546678 13.331000 540 62615 47847421052.00
fbA MRepLM random 16 4 0 357059 10763443 32294068 4.232496 49.926788 529 62610 47847421547.00
fbA MRepLM random 16 4 1 357059 10771595 32285916 4.057168 48.823090 538 62616 47847416673.00
fbA MRepLM random 16 4 2 357059 10764721 32292790 3.607581 49.379268 540 62615 47847421052.00
fbA MRepLM random 16 8 0 357059 5384110 37673401 3.072093 26.278671 529 62610 47847421547.00
fbA MRepLM random 16 8 1 357059 5383848 37673663 3.134254 30.162263 538 62616 47847416673.00
fbA MRepLM random 16 8 2 357059 5383808 37673703 3.108160 27.996203 540 62615 47847421052.00
fbA MRepLM random 32 1 0 357059 43057511 0 4.970049 270.953405 1136 120250 79337836537.00
fbA MRepLM random 32 1 1 357059 43057511 0 12.528583 406.210793 1142 120245 79337826719.00
fbA MRepLM random 32 1 2 357059 43057511 0 10.673603 395.683237 1151 120234 79337833562.00
fbA MRepLM random 32 16 0 357059 2693549 40363962 2.606958 32.473452 1136 120250 79337836537.00
fbA MRepLM random 32 16 1 357059 2693409 40364102 2.625492 32.417035 1142 120245 79337826719.00
fbA MRepLM random 32 16 2 357059 2693762 40363749 2.630324 32.293432 1151 120234 79337833562.00
fbA MRepLM random 32 32 0 357059 1347533 41709978 3.368827 37.242975 1136 120250 79337836537.00
fbA MRepLM random 32 32 1 357059 1346507 41711004 2.581380 38.532848 1142 120245 79337826719.00
fbA MRepLM random 32 32 2 357059 1346563 41710948 2.685034 28.997691 1151 120234 79337833562.00
fbA MRepLM random 32 4 0 357059 10763443 32294068 4.009466 99.993842 1136 120250 79337836537.00
fbA MRepLM random 32 4 1 357059 10771595 32285916 3.605425 98.417475 1142 120245 79337826719.00
fbA MRepLM random 32 4 2 357059 10764721 32292790 3.605484 102.788547 1151 120234 79337833562.00
fbA MRepLM random 32 8 0 357059 5384110 37673401 3.155019 53.889260 1136 120250 79337836537.00
fbA MRepLM random 32 8 1 357059 5383848 37673663 3.095042 56.720086 1142 120245 79337826719.00
fbA MRepLM random 32 8 2 357059 5383808 37673703 3.071594 61.219726 1151 120234 79337833562.00
fbA MRepLM random 4 1 0 357059 43057511 0 5.896671 36.207432 103 16318 17915566457.00
fbA MRepLM random 4 1 1 357059 43057511 0 10.315490 35.526378 107 16320 17915564289.00
fbA MRepLM random 4 1 2 357059 43057511 0 12.267675 34.414389 106 16324 17915560919.00
fbA MRepLM random 4 16 0 357059 2693549 40363962 2.612718 3.058535 103 16318 17915566457.00
fbA MRepLM random 4 16 1 357059 2693409 40364102 2.582937 3.056518 107 16320 17915564289.00
fbA MRepLM random 4 16 2 357059 2693762 40363749 2.628438 3.137312 106 16324 17915560919.00
fbA MRepLM random 4 32 0 357059 1347533 41709978 2.608546 2.705552 103 16318 17915566457.00
fbA MRepLM random 4 32 1 357059 1346507 41711004 3.700024 3.331955 107 16320 17915564289.00
fbA MRepLM random 4 32 2 357059 1346563 41710948 3.369794 3.154042 106 16324 17915560919.00
fbA MRepLM random 4 4 0 357059 10763443 32294068 3.656593 12.147066 103 16318 17915566457.00
fbA MRepLM random 4 4 1 357059 10771595 32285916 4.916357 12.611898 107 16320 17915564289.00
fbA MRepLM random 4 4 2 357059 10764721 32292790 3.826939 12.983626 106 16324 17915560919.00
fbA MRepLM random 4 8 0 357059 5384110 37673401 3.126097 5.127171 103 16318 17915566457.00
fbA MRepLM random 4 8 1 357059 5383848 37673663 3.220113 5.483092 107 16320 17915564289.00
fbA MRepLM random 4 8 2 357059 5383808 37673703 3.198403 5.701153 106 16324 17915560919.00
fbA MRepLM random 8 1 0 357059 43057511 0 11.653843 97.634230 235 32302 29135365247.00
fbA MRepLM random 8 1 1 357059 43057511 0 11.716727 98.983563 240 32311 29135360668.00
fbA MRepLM random 8 1 2 357059 43057511 0 11.152597 97.960608 240 32314 29135361192.00
fbA MRepLM random 8 16 0 357059 2693549 40363962 2.597097 7.125792 235 32302 29135365247.00
fbA MRepLM random 8 16 1 357059 2693409 40364102 2.605444 7.219569 240 32311 29135360668.00
fbA MRepLM random 8 16 2 357059 2693762 40363749 2.543807 7.038643 240 32314 29135361192.00
fbA MRepLM random 8 32 0 357059 1347533 41709978 2.310293 4.878690 235 32302 29135365247.00
fbA MRepLM random 8 32 1 357059 1346507 41711004 2.652047 6.802707 240 32311 29135360668.00
fbA MRepLM random 8 32 2 357059 1346563 41710948 3.047451 6.948002 240 32314 29135361192.00
fbA MRepLM random 8 4 0 357059 10763443 32294068 3.839648 24.892102 235 32302 29135365247.00
fbA MRepLM random 8 4 1 357059 10771595 32285916 3.620457 21.940745 240 32311 29135360668.00
fbA MRepLM random 8 4 2 357059 10764721 32292790 3.621619 21.963697 240 32314 29135361192.00
fbA MRepLM random 8 8 0 357059 5384110 37673401 3.074431 12.131428 235 32302 29135365247.00
fbA MRepLM random 8 8 1 357059 5383848 37673663 3.146950 12.296000 240 32311 29135360668.00
fbA MRepLM random 8 8 2 357059 5383808 37673703 3.119145 12.234355 240 32314 29135361192.00
fbC kMM diststream 16 16 0 990023 3359180 37295531 39.359403 4.035119 82 59430 364678975647.00
fbC kMM diststream 16 16 1 990023 3253231 37401480 40.125455 4.118213 82 59432 364713912171.00
fbC kMM diststream 16 16 2 990023 3319959 37334752 39.249125 4.050482 77 59437 364532848392.00
fbC kMM diststream 16 32 0 990023 1893660 38761051 32.104353 4.230915 83 59430 364799751169.00
fbC kMM diststream 16 32 1 990023 1962488 38692223 34.101639 3.829340 78 59439 364694395199.00
fbC kMM diststream 16 32 2 990023 1875888 38778823 33.286189 3.841037 79 59451 364564917240.00
fbC kMM diststream 16 4 0 990023 10528764 30125947 66.870872 5.771246 75 59436 364642710773.00
fbC kMM diststream 16 4 1 990023 10743929 29910782 66.235780 5.373646 81 59436 364604256219.00
fbC kMM diststream 16 4 2 990023 10718353 29936358 67.081066 5.279534 77 59451 364680497102.00
fbC kMM diststream 16 8 0 990023 5482146 35172565 49.776035 3.974889 77 59440 364572010709.00
fbC kMM diststream 16 8 1 990023 5942714 34711997 50.008178 4.362881 75 59452 364743545787.00
fbC kMM diststream 16 8 2 990023 5630596 35024115 52.746551 4.666406 79 59440 364818625069.00
fbC kMM diststream 32 16 0 990023 3359180 37295531 39.144414 5.587288 87 116292 414575218794.00
fbC kMM diststream 32 16 1 990023 3253231 37401480 39.273413 5.787471 83 116296 414579685105.00
fbC kMM diststream 32 16 2 990023 3319959 37334752 39.068478 6.028549 90 116258 414580624899.00
fbC kMM diststream 32 32 0 990023 1893660 38761051 31.773977 4.916437 89 116268 414580832415.00
fbC kMM diststream 32 32 1 990023 1962488 38692223 32.817437 4.893288 91 116291 414584514115.00
fbC kMM diststream 32 32 2 990023 1875888 38778823 32.363702 4.540409 90 116278 414579431225.00
fbC kMM diststream 32 4 0 990023 10528764 30125947 66.304042 7.725929 88 116281 414583442429.00
fbC kMM diststream 32 4 1 990023 10743929 29910782 67.211116 7.675234 89 116297 414585126236.00
fbC kMM diststream 32 4 2 990023 10718353 29936358 66.627579 7.433561 85 116269 414575637950.00
fbC kMM diststream 32 8 0 990023 5482146 35172565 49.635674 5.944111 89 116272 414571666297.00
fbC kMM diststream 32 8 1 990023 5942714 34711997 50.003320 5.989163 88 116278 414585217573.00
fbC kMM diststream 32 8 2 990023 5630596 35024115 51.773552 5.849236 88 116290 414584832883.00
fbC kMM diststream 4 16 0 990023 3359180 37295531 39.549698 1.386982 45 16763 137335715938.00
fbC kMM diststream 4 16 1 990023 3253231 37401480 38.874706 1.414554 49 16748 137248342178.00
fbC kMM diststream 4 16 2 990023 3319959 37334752 40.276162 1.295801 39 16765 137190642136.00
fbC kMM diststream 4 32 0 990023 1893660 38761051 33.014316 1.507115 42 16756 137132523610.00
fbC kMM diststream 4 32 1 990023 1962488 38692223 33.057685 1.414197 41 16751 137249082007.00
fbC kMM diststream 4 32 2 990023 1875888 38778823 33.131853 1.569496 46 16769 137072056949.00
fbC kMM diststream 4 4 0 990023 10528764 30125947 66.113179 1.758380 44 16757 137118062159.00
fbC kMM diststream 4 4 1 990023 10743929 29910782 64.384511 1.796824 44 16754 137350368056.00
fbC kMM diststream 4 4 2 990023 10718353 29936358 66.605504 1.674312 43 16757 137302473944.00
fbC kMM diststream 4 8 0 990023 5482146 35172565 50.422435 1.355932 42 16754 137161367638.00
fbC kMM diststream 4 8 1 990023 5942714 34711997 49.245416 1.314001 45 16755 137197076032.00
fbC kMM diststream 4 8 2 990023 5630596 35024115 50.358485 1.490405 40 16760 137211602410.00
fbC kMM diststream 8 16 0 990023 3359180 37295531 39.126350 2.505082 62 31011 237911517802.00
fbC kMM diststream 8 16 1 990023 3253231 37401480 39.641936 2.213990 61 31020 238076095925.00
fbC kMM diststream 8 16 2 990023 3319959 37334752 39.284759 2.350014 60 31015 238133153894.00
fbC kMM diststream 8 32 0 990023 1893660 38761051 32.557214 2.493837 65 31011 238223244376.00
fbC kMM diststream 8 32 1 990023 1962488 38692223 33.035248 2.517804 61 31021 238307953397.00
fbC kMM diststream 8 32 2 990023 1875888 38778823 33.140804 2.514960 61 31016 237985840509.00
fbC kMM diststream 8 4 0 990023 10528764 30125947 66.866046 3.369925 62 31018 238095058105.00
fbC kMM diststream 8 4 1 990023 10743929 29910782 66.556498 3.054090 64 31017 237878494459.00
fbC kMM diststream 8 4 2 990023 10718353 29936358 66.195447 2.935625 66 31023 238154244589.00
fbC kMM diststream 8 8 0 990023 5482146 35172565 49.932103 2.362147 59 31018 238101995381.00
fbC kMM diststream 8 8 1 990023 5942714 34711997 50.565449 2.333255 62 31015 238289896895.00
fbC kMM diststream 8 8 2 990023 5630596 35024115 51.466906 2.478155 67 31018 238331240434.00
fbC kMM random 16 1 0 990023 40654711 0 5.271021 34.049109 74 59441 364750241343.00
fbC kMM random 16 1 1 990023 40654711 0 10.672610 36.913525 74 59441 364750241343.00
fbC kMM random 16 1 2 990023 40654711 0 13.187066 37.021741 74 59441 364750241343.00
fbC kMM random 16 16 0 990023 2536958 38117753 2.566007 3.503339 85 59447 364659846607.00
fbC kMM random 16 16 1 990023 2538977 38115734 2.603233 3.477215 81 59452 364601022542.00
fbC kMM random 16 16 2 990023 2540435 38114276 2.595099 3.481699 78 59421 364420395705.00
fbC kMM random 16 32 0 990023 1269367 39385344 2.546750 3.263272 84 59431 364659121120.00
fbC kMM random 16 32 1 990023 1271924 39382787 2.663063 3.363310 74 59436 364656686348.00
fbC kMM random 16 32 2 990023 1270715 39383996 2.586997 3.167299 83 59449 364549074364.00
fbC kMM random 16 4 0 990023 10159692 30495019 4.340456 5.646141 81 59438 364580294725.00
fbC kMM random 16 4 1 990023 10161134 30493577 4.325474 5.570320 78 59448 364770050904.00
fbC kMM random 16 4 2 990023 10164936 30489775 4.464514 5.549193 74 59431 364624501788.00
fbC kMM random 16 8 0 990023 5077237 35577474 3.102846 3.866678 80 59429 364484527099.00
fbC kMM random 16 8 1 990023 5079579 35575132 3.143737 3.740548 78 59462 364586856393.00
fbC kMM random 16 8 2 990023 5081596 35573115 3.342074 3.870112 79 59444 364567841879.00
fbC kMM random 32 1 0 990023 40654711 0 4.980105 45.218883 82 116279 414587300786.00
fbC kMM random 32 1 1 990023 40654711 0 11.109954 53.441511 82 116279 414587300786.00
fbC kMM random 32 1 2 990023 40654711 0 11.691510 51.593323 82 116279 414587300786.00
fbC kMM random 32 16 0 990023 2536958 38117753 2.569539 4.633930 86 116259 414574185540.00
fbC kMM random 32 16 1 990023 2538977 38115734 2.628178 4.531131 89 116292 414584959011.00
fbC kMM random 32 16 2 990023 2540435 38114276 2.621338 4.552429 86 116279 414579240484.00
fbC kMM random 32 32 0 990023 1269367 39385344 2.527118 3.818844 89 116301 414573788215.00
fbC kMM random 32 32 1 990023 1271924 39382787 2.690548 3.648087 88 116276 414577860883.00
fbC kMM random 32 32 2 990023 1270715 39383996 2.529009 3.357396 91 116267 414574622177.00
fbC kMM random 32 4 0 990023 10159692 30495019 4.204548 7.651285 87 116279 414582869334.00
fbC kMM random 32 4 1 990023 10161134 30493577 4.119312 7.803159 89 116286 414572336312.00
fbC kMM random 32 4 2 990023 10164936 30489775 4.041209 7.781916 86 116299 414579420502.00
fbC kMM random 32 8 0 990023 5077237 35577474 3.111672 5.463510 87 116271 414577718282.00
fbC kMM random 32 8 1 990023 5079579 35575132 3.100993 5.268354 86 116305 414580312851.00
fbC kMM random 32 8 2 990023 5081596 35573115 3.126340 5.519281 89 116289 414581365970.00
fbC kMM random 4 1 0 990023 40654711 0 4.972700 4.972394 45 16760 137188146143.00
fbC kMM random 4 1 1 990023 40654711 0 6.787276 5.496903 45 16760 137188146143.00
fbC kMM random 4 1 2 990023 40654711 0 7.331297 4.709765 45 16760 137188146143.00
fbC kMM random 4 16 0 990023 2536958 38117753 2.974778 1.397317 40 16752 137198947650.00
fbC kMM random 4 16 1 990023 2538977 38115734 3.476196 1.614150 41 16756 137249115673.00
fbC kMM random 4 16 2 990023 2540435 38114276 3.476883 1.643152 40 16757 137438251091.00
fbC kMM random 4 32 0 990023 1269367 39385344 3.223682 1.859758 40 16758 137257493002.00
fbC kMM random 4 32 1 990023 1271924 39382787 3.513460 1.854377 41 16750 137139906789.00
fbC kMM random 4 32 2 990023 1270715 39383996 3.762868 1.805488 41 16769 137340832994.00
fbC kMM random 4 4 0 990023 10159692 30495019 7.297709 1.846520 40 16753 137320983613.00
fbC kMM random 4 4 1 990023 10161134 30493577 4.216582 1.846075 45 16755 137129895397.00
fbC kMM random 4 4 2 990023 10164936 30489775 4.131943 1.737601 38 16762 137484799589.00
fbC kMM random 4 8 0 990023 5077237 35577474 4.009936 2.077306 44 16759 137356120842.00
fbC kMM random 4 8 1 990023 5079579 35575132 3.735252 1.828872 42 16754 137201271319.00
fbC kMM random 4 8 2 990023 5081596 35573115 4.213223 2.155140 42 16760 137343540169.00
fbC kMM random 8 1 0 990023 40654711 0 7.159224 14.491359 64 31015 237982429391.00
fbC kMM random 8 1 1 990023 40654711 0 11.534921 14.908946 64 31015 237982429391.00
fbC kMM random 8 1 2 990023 40654711 0 10.618570 14.386453 64 31015 237982429391.00
fbC kMM random 8 16 0 990023 2536958 38117753 2.619135 1.863561 62 31020 237991091188.00
fbC kMM random 8 16 1 990023 2538977 38115734 2.570390 1.796293 63 31008 238222882798.00
fbC kMM random 8 16 2 990023 2540435 38114276 2.531168 1.732006 64 31021 238151364594.00
fbC kMM random 8 32 0 990023 1269367 39385344 3.628766 2.513037 61 31024 238141136499.00
fbC kMM random 8 32 1 990023 1271924 39382787 4.063986 2.315849 59 31019 238367681062.00
fbC kMM random 8 32 2 990023 1270715 39383996 3.960851 2.111769 64 31013 238102939040.00
fbC kMM random 8 4 0 990023 10159692 30495019 4.289785 2.730350 60 31018 238149044314.00
fbC kMM random 8 4 1 990023 10161134 30493577 4.310049 2.674799 62 31017 238195730138.00
fbC kMM random 8 4 2 990023 10164936 30489775 4.259796 3.013872 64 31011 237914091821.00
fbC kMM random 8 8 0 990023 5077237 35577474 3.128157 2.169208 64 31011 238213615804.00
fbC kMM random 8 8 1 990023 5079579 35575132 3.158481 2.114013 68 31018 237972051043.00
fbC kMM random 8 8 2 990023 5081596 35573115 3.660618 2.328881 58 31016 238115650534.00
fbC MRepLM diststream 16 16 0 990023 3359180 37295531 39.022807 8.016133 447 59379 369196109502.00
fbC MRepLM diststream 16 16 1 990023 3253231 37401480 40.091160 7.890794 441 59379 369196109079.00
fbC MRepLM diststream 16 16 2 990023 3319959 37334752 39.032181 8.332615 441 59382 369195347557.00
fbC MRepLM diststream 16 32 0 990023 1893660 38761051 32.164327 5.878537 440 59381 369195343830.00
fbC MRepLM diststream 16 32 1 990023 1962488 38692223 33.253755 5.757204 445 59379 369196060076.00
fbC MRepLM diststream 16 32 2 990023 1875888 38778823 32.185724 4.838436 451 59380 369196062912.00
fbC MRepLM diststream 16 4 0 990023 10528764 30125947 66.217918 22.505213 441 59381 369195414213.00
fbC MRepLM diststream 16 4 1 990023 10743929 29910782 65.320675 22.001987 443 59381 369195416263.00
fbC MRepLM diststream 16 4 2 990023 10718353 29936358 65.517763 20.551669 441 59382 369195348214.00
fbC MRepLM diststream 16 8 0 990023 5482146 35172565 49.316346 14.179246 441 59381 369196062641.00
fbC MRepLM diststream 16 8 1 990023 5942714 34711997 49.901838 14.486479 444 59382 369195349292.00
fbC MRepLM diststream 16 8 2 990023 5630596 35024115 51.354323 15.473624 446 59381 369196063365.00
fbC MRepLM diststream 32 16 0 990023 3359180 37295531 38.756167 22.505021 1025 116163 414694531165.00
fbC MRepLM diststream 32 16 1 990023 3253231 37401480 40.272874 27.271529 1017 116165 414694971359.00
fbC MRepLM diststream 32 16 2 990023 3319959 37334752 39.949268 22.665903 1014 116162 414694098753.00
fbC MRepLM diststream 32 32 0 990023 1893660 38761051 32.635998 21.395850 1009 116160 414694224084.00
fbC MRepLM diststream 32 32 1 990023 1962488 38692223 31.689662 19.815286 1024 116163 414695060490.00
fbC MRepLM diststream 32 32 2 990023 1875888 38778823 32.331774 20.076001 1032 116162 414695390504.00
fbC MRepLM diststream 32 4 0 990023 10528764 30125947 66.561298 72.981866 1024 116165 414694240996.00
fbC MRepLM diststream 32 4 1 990023 10743929 29910782 66.582069 69.857570 1016 116163 414693844979.00
fbC MRepLM diststream 32 4 2 990023 10718353 29936358 65.534009 74.017667 1018 116166 414694107810.00
fbC MRepLM diststream 32 8 0 990023 5482146 35172565 51.825858 53.721369 1021 116162 414694920391.00
fbC MRepLM diststream 32 8 1 990023 5942714 34711997 51.992713 52.127703 1020 116160 414693749699.00
fbC MRepLM diststream 32 8 2 990023 5630596 35024115 52.253201 50.599436 1026 116163 414695332393.00
fbC MRepLM diststream 4 16 0 990023 3359180 37295531 38.820703 2.111139 95 16762 138331290064.00
fbC MRepLM diststream 4 16 1 990023 3253231 37401480 39.141322 2.040959 96 16760 138331290364.00
fbC MRepLM diststream 4 16 2 990023 3319959 37334752 39.801076 1.775968 94 16761 138331247368.00
fbC MRepLM diststream 4 32 0 990023 1893660 38761051 32.004085 1.548077 93 16760 138331247992.00
fbC MRepLM diststream 4 32 1 990023 1962488 38692223 31.770517 1.282626 92 16758 138331290433.00
fbC MRepLM diststream 4 32 2 990023 1875888 38778823 31.842498 1.152824 97 16761 138331290440.00
fbC MRepLM diststream 4 4 0 990023 10528764 30125947 66.371789 5.016430 94 16762 138331248344.00
fbC MRepLM diststream 4 4 1 990023 10743929 29910782 65.578830 4.859835 96 16760 138331247562.00
fbC MRepLM diststream 4 4 2 990023 10718353 29936358 65.809077 4.853929 94 16763 138331248202.00
fbC MRepLM diststream 4 8 0 990023 5482146 35172565 49.164486 3.266567 93 16759 138331290732.00
fbC MRepLM diststream 4 8 1 990023 5942714 34711997 49.533357 3.636566 95 16762 138331248277.00
fbC MRepLM diststream 4 8 2 990023 5630596 35024115 49.807353 3.459187 95 16761 138331290505.00
fbC MRepLM diststream 8 16 0 990023 3359180 37295531 39.434626 3.841361 211 31001 239913212342.00
fbC MRepLM diststream 8 16 1 990023 3253231 37401480 39.633463 4.321166 209 31000 239913211423.00
fbC MRepLM diststream 8 16 2 990023 3319959 37334752 39.064543 4.164619 209 31003 239913210401.00
fbC MRepLM diststream 8 32 0 990023 1893660 38761051 32.424511 3.030171 208 31001 239913204517.00
fbC MRepLM diststream 8 32 1 990023 1962488 38692223 33.521880 2.775268 209 31001 239913213204.00
fbC MRepLM diststream 8 32 2 990023 1875888 38778823 34.154125 2.495791 212 30999 239913212050.00
fbC MRepLM diststream 8 4 0 990023 10528764 30125947 67.704194 10.935929 208 31002 239913208171.00
fbC MRepLM diststream 8 4 1 990023 10743929 29910782 66.854752 10.589549 210 31001 239913207348.00
fbC MRepLM diststream 8 4 2 990023 10718353 29936358 66.442608 10.619071 207 31002 239913206786.00
fbC MRepLM diststream 8 8 0 990023 5482146 35172565 50.367252 7.050875 209 31002 239913211056.00
fbC MRepLM diststream 8 8 1 990023 5942714 34711997 50.011217 6.267587 208 31003 239913209940.00
fbC MRepLM diststream 8 8 2 990023 5630596 35024115 52.152468 7.084214 211 31002 239913212283.00
fbC MRepLM random 16 1 0 990023 40654711 0 4.864844 67.266534 442 59381 369195345045.00
fbC MRepLM random 16 1 1 990023 40654711 0 10.951039 83.900514 443 59380 369196061679.00
fbC MRepLM random 16 1 2 990023 40654711 0 10.760848 84.388151 444 59381 369195411760.00
fbC MRepLM random 16 16 0 990023 2536958 38117753 2.619871 7.199248 442 59381 369195345045.00
fbC MRepLM random 16 16 1 990023 2538977 38115734 2.690223 7.208362 443 59380 369196061679.00
fbC MRepLM random 16 16 2 990023 2540435 38114276 2.549452 7.490773 444 59381 369195411760.00
fbC MRepLM random 16 32 0 990023 1269367 39385344 2.499123 5.887637 442 59381 369195345045.00
fbC MRepLM random 16 32 1 990023 1271924 39382787 2.662602 6.084171 443 59380 369196061679.00
fbC MRepLM random 16 32 2 990023 1270715 39383996 2.890516 5.959511 444 59381 369195411760.00
fbC MRepLM random 16 4 0 990023 10159692 30495019 4.079837 23.961779 442 59381 369195345045.00
fbC MRepLM random 16 4 1 990023 10161134 30493577 4.011079 23.493684 443 59380 369196061679.00
fbC MRepLM random 16 4 2 990023 10164936 30489775 3.747059 24.476978 444 59381 369195411760.00
fbC MRepLM random 16 8 0 990023 5077237 35577474 3.135002 12.935535 442 59381 369195345045.00
fbC MRepLM random 16 8 1 990023 5079579 35575132 3.243196 13.013731 443 59380 369196061679.00
fbC MRepLM random 16 8 2 990023 5081596 35573115 3.166009 14.653288 444 59381 369195411760.00
fbC MRepLM random 32 1 0 990023 40654711 0 4.988017 254.201600 1016 116167 414694084603.00
fbC MRepLM random 32 1 1 990023 40654711 0 9.596190 301.610806 1024 116162 414695332947.00
fbC MRepLM random 32 1 2 990023 40654711 0 11.024518 296.928208 1010 116164 414693847747.00
fbC MRepLM random 32 16 0 990023 2536958 38117753 2.572346 23.023630 1016 116167 414694084603.00
fbC MRepLM random 32 16 1 990023 2538977 38115734 2.594491 21.710327 1024 116162 414695332947.00
fbC MRepLM random 32 16 2 990023 2540435 38114276 2.572237 22.425216 1010 116164 414693847747.00
fbC MRepLM random 32 32 0 990023 1269367 39385344 2.448189 16.569998 1016 116167 414694084603.00
fbC MRepLM random 32 32 1 990023 1271924 39382787 2.513142 18.886534 1024 116162 414695332947.00
fbC MRepLM random 32 32 2 990023 1270715 39383996 2.714169 17.811380 1010 116164 414693847747.00
fbC MRepLM random 32 4 0 990023 10159692 30495019 4.629988 76.471599 1016 116167 414694084603.00
fbC MRepLM random 32 4 1 990023 10161134 30493577 4.480296 71.149500 1024 116162 414695332947.00
fbC MRepLM random 32 4 2 990023 10164936 30489775 3.747312 72.988978 1010 116164 414693847747.00
fbC MRepLM random 32 8 0 990023 5077237 35577474 3.156913 39.564693 1016 116167 414694084603.00
fbC MRepLM random 32 8 1 990023 5079579 35575132 3.100523 38.130023 1024 116162 414695332947.00
fbC MRepLM random 32 8 2 990023 5081596 35573115 3.104957 46.969364 1010 116164 414693847747.00
fbC MRepLM random 4 1 0 990023 40654711 0 5.833850 22.911729 93 16761 138331248029.00
fbC MRepLM random 4 1 1 990023 40654711 0 10.486248 19.042384 95 16762 138331291088.00
fbC MRepLM random 4 1 2 990023 40654711 0 10.998607 19.027447 94 16761 138331248431.00
fbC MRepLM random 4 16 0 990023 2536958 38117753 2.624667 1.742899 93 16761 138331248029.00
fbC MRepLM random 4 16 1 990023 2538977 38115734 2.587065 1.690551 95 16762 138331291088.00
fbC MRepLM random 4 16 2 990023 2540435 38114276 2.559394 1.826604 94 16761 138331248431.00
fbC MRepLM random 4 32 0 990023 1269367 39385344 2.653008 1.482706 93 16761 138331248029.00
fbC MRepLM random 4 32 1 990023 1271924 39382787 3.455903 1.317864 95 16762 138331291088.00
fbC MRepLM random 4 32 2 990023 1270715 39383996 2.787219 1.315004 94 16761 138331248431.00
fbC MRepLM random 4 4 0 990023 10159692 30495019 3.841121 9.191872 93 16761 138331248029.00
fbC MRepLM random 4 4 1 990023 10161134 30493577 3.864635 6.208877 95 16762 138331291088.00
fbC MRepLM random 4 4 2 990023 10164936 30489775 3.842940 10.073277 94 16761 138331248431.00
fbC MRepLM random 4 8 0 990023 5077237 35577474 3.254382 3.416850 93 16761 138331248029.00
fbC MRepLM random 4 8 1 990023 5079579 35575132 3.141047 3.111534 95 16762 138331291088.00
fbC MRepLM random 4 8 2 990023 5081596 35573115 3.174505 4.105906 94 16761 138331248431.00
fbC MRepLM random 8 1 0 990023 40654711 0 5.331881 51.770859 207 31001 239913210021.00
fbC MRepLM random 8 1 1 990023 40654711 0 9.439528 50.905143 209 30999 239913211156.00
fbC MRepLM random 8 1 2 990023 40654711 0 10.639637 48.967573 211 31002 239913206430.00
fbC MRepLM random 8 16 0 990023 2536958 38117753 2.643586 3.893005 207 31001 239913210021.00
fbC MRepLM random 8 16 1 990023 2538977 38115734 2.585601 3.714284 209 30999 239913211156.00
fbC MRepLM random 8 16 2 990023 2540435 38114276 2.613595 3.801866 211 31002 239913206430.00
fbC MRepLM random 8 32 0 990023 1269367 39385344 2.472395 3.055732 207 31001 239913210021.00
fbC MRepLM random 8 32 1 990023 1271924 39382787 3.554497 3.434343 209 30999 239913211156.00
fbC MRepLM random 8 32 2 990023 1270715 39383996 2.954071 3.388776 211 31002 239913206430.00
fbC MRepLM random 8 4 0 990023 10159692 30495019 3.812260 12.444711 207 31001 239913210021.00
fbC MRepLM random 8 4 1 990023 10161134 30493577 3.639729 12.292481 209 30999 239913211156.00
fbC MRepLM random 8 4 2 990023 10164936 30489775 3.683568 12.710721 211 31002 239913206430.00
fbC MRepLM random 8 8 0 990023 5077237 35577474 3.189338 6.677076 207 31001 239913210021.00
fbC MRepLM random 8 8 1 990023 5079579 35575132 3.171599 6.606253 209 30999 239913211156.00
fbC MRepLM random 8 8 2 990023 5081596 35573115 3.222203 8.014227 211 31002 239913206430.00
rmat_s20_ef48_0.25_0.25_0.25_0.25_exp kMM diststream 16 16 0 1048576 5705397 44623959 84.942329 69.620130 40 8287168 712850464130.00
rmat_s20_ef48_0.25_0.25_0.25_0.25_exp kMM diststream 16 16 1 1048576 5705944 44623412 87.105959 71.009357 41 8287135 712858172719.00
rmat_s20_ef48_0.25_0.25_0.25_0.25_exp kMM diststream 16 16 2 1048576 5702817 44626539 88.834668 76.199389 42 8286906 712852396707.00
rmat_s20_ef48_0.25_0.25_0.25_0.25_exp kMM diststream 16 32 0 1048576 3731193 46598163 75.494195 61.357948 41 8287141 712858025719.00
rmat_s20_ef48_0.25_0.25_0.25_0.25_exp kMM diststream 16 32 1 1048576 3731652 46597704 76.647675 61.045113 40 8287450 712869363055.00
rmat_s20_ef48_0.25_0.25_0.25_0.25_exp kMM diststream 16 32 2 1048576 3730335 46599021 75.414886 57.827182 40 8287346 712854810910.00
rmat_s20_ef48_0.25_0.25_0.25_0.25_exp kMM diststream 16 4 0 1048576 15597133 34732223 135.381616 120.905147 41 8287095 712851538924.00
rmat_s20_ef48_0.25_0.25_0.25_0.25_exp kMM diststream 16 4 1 1048576 15597611 34731745 145.288301 140.707993 41 8286897 712868907291.00
rmat_s20_ef48_0.25_0.25_0.25_0.25_exp kMM diststream 16 4 2 1048576 15599300 34730056 110.916183 106.728045 41 8286781 712827923452.00
rmat_s20_ef48_0.25_0.25_0.25_0.25_exp kMM diststream 16 8 0 1048576 9212271 41117085 108.600017 102.220790 41 8287349 712864700336.00
rmat_s20_ef48_0.25_0.25_0.25_0.25_exp kMM diststream 16 8 1 1048576 9211021 41118335 108.340035 95.177449 41 8287244 712836039597.00
rmat_s20_ef48_0.25_0.25_0.25_0.25_exp kMM diststream 16 8 2 1048576 9207662 41121694 99.599939 105.732483 40 8287013 712842932485.00
rmat_s20_ef48_0.25_0.25_0.25_0.25_exp kMM diststream 32 16 0 1048576 5705397 44623959 82.372911 127.860871 48 16527016 1088292286410.00
rmat_s20_ef48_0.25_0.25_0.25_0.25_exp kMM diststream 32 16 1 1048576 5705944 44623412 84.108783 136.797085 47 16526894 1088300345623.00
rmat_s20_ef48_0.25_0.25_0.25_0.25_exp kMM diststream 32 16 2 1048576 5702817 44626539 87.769059 139.391298 48 16526980 1088286229029.00
rmat_s20_ef48_0.25_0.25_0.25_0.25_exp kMM diststream 32 32 0 1048576 3731193 46598163 72.205238 112.842679 48 16527002 1088280554744.00
rmat_s20_ef48_0.25_0.25_0.25_0.25_exp kMM diststream 32 32 1 1048576 3731652 46597704 73.636036 107.844585 48 16527154 1088285175341.00
rmat_s20_ef48_0.25_0.25_0.25_0.25_exp kMM diststream 32 32 2 1048576 3730335 46599021 73.368563 108.991113 47 16527050 1088282942817.00
rmat_s20_ef48_0.25_0.25_0.25_0.25_exp kMM diststream 32 4 0 1048576 15597133 34732223 134.058605 223.706549 48 16527542 1088301418866.00
rmat_s20_ef48_0.25_0.25_0.25_0.25_exp kMM diststream 32 4 1 1048576 15597611 34731745 138.613061 220.839905 50 16527146 1088294230934.00
rmat_s20_ef48_0.25_0.25_0.25_0.25_exp kMM diststream 32 4 2 1048576 15599300 34730056 114.219101 237.640460 48 16526940 1088283418379.00
rmat_s20_ef48_0.25_0.25_0.25_0.25_exp kMM diststream 32 8 0 1048576 9212271 41117085 108.733491 182.284541 48 16526923 1088288332973.00
rmat_s20_ef48_0.25_0.25_0.25_0.25_exp kMM diststream 32 8 1 1048576 9211021 41118335 98.828024 180.038842 48 16527651 1088286194502.00
rmat_s20_ef48_0.25_0.25_0.25_0.25_exp kMM diststream 32 8 2 1048576 9207662 41121694 109.301283 200.655001 49 16527247 1088274969374.00
rmat_s20_ef48_0.25_0.25_0.25_0.25_exp kMM diststream 4 16 0 1048576 5705397 44623959 43.674553 11.204791 27 2074940 252674665856.00
rmat_s20_ef48_0.25_0.25_0.25_0.25_exp kMM diststream 4 16 1 1048576 5705944 44623412 43.956176 11.413729 25 2074870 252669628595.00
rmat_s20_ef48_0.25_0.25_0.25_0.25_exp kMM diststream 4 16 2 1048576 5702817 44626539 44.480983 11.555137 26 2074909 252689235956.00
rmat_s20_ef48_0.25_0.25_0.25_0.25_exp kMM diststream 4 32 0 1048576 3731193 46598163 54.548203 16.606222 26 2074891 252684448359.00
rmat_s20_ef48_0.25_0.25_0.25_0.25_exp kMM diststream 4 32 1 1048576 3731652 46597704 72.627020 15.583938 26 2075023 252706672432.00
rmat_s20_ef48_0.25_0.25_0.25_0.25_exp kMM diststream 4 32 2 1048576 3730335 46599021 73.828165 15.017415 26 2075001 252712974917.00
rmat_s20_ef48_0.25_0.25_0.25_0.25_exp kMM diststream 4 4 0 1048576 15597133 34732223 68.820565 22.242662 26 2074969 252687553444.00
rmat_s20_ef48_0.25_0.25_0.25_0.25_exp kMM diststream 4 4 1 1048576 15597611 34731745 69.236844 18.950844 25 2075010 252689509701.00
rmat_s20_ef48_0.25_0.25_0.25_0.25_exp kMM diststream 4 4 2 1048576 15599300 34730056 73.836317 21.498248 25 2074961 252685768440.00
rmat_s20_ef48_0.25_0.25_0.25_0.25_exp kMM diststream 4 8 0 1048576 9212271 41117085 57.542879 21.811632 26 2075023 252699313163.00
rmat_s20_ef48_0.25_0.25_0.25_0.25_exp kMM diststream 4 8 1 1048576 9211021 41118335 64.502498 22.807056 27 2074791 252681942414.00
rmat_s20_ef48_0.25_0.25_0.25_0.25_exp kMM diststream 4 8 2 1048576 9207662 41121694 68.693587 27.622463 26 2074908 252686518181.00
rmat_s20_ef48_0.25_0.25_0.25_0.25_exp kMM diststream 8 16 0 1048576 5705397 44623959 84.660237 36.747048 33 4147822 435172523710.00
rmat_s20_ef48_0.25_0.25_0.25_0.25_exp kMM diststream 8 16 1 1048576 5705944 44623412 88.398641 39.840706 33 4147944 435200214011.00
rmat_s20_ef48_0.25_0.25_0.25_0.25_exp kMM diststream 8 16 2 1048576 5702817 44626539 87.358726 38.286258 32 4147970 435202873296.00
rmat_s20_ef48_0.25_0.25_0.25_0.25_exp kMM diststream 8 32 0 1048576 3731193 46598163 74.128851 32.098321 33 4147990 435171478824.00
rmat_s20_ef48_0.25_0.25_0.25_0.25_exp kMM diststream 8 32 1 1048576 3731652 46597704 74.081309 30.248394 33 4147893 435175443310.00
rmat_s20_ef48_0.25_0.25_0.25_0.25_exp kMM diststream 8 32 2 1048576 3730335 46599021 74.515726 30.703671 33 4148156 435186624559.00
rmat_s20_ef48_0.25_0.25_0.25_0.25_exp kMM diststream 8 4 0 1048576 15597133 34732223 136.581873 65.758094 32 4148170 435182777116.00
rmat_s20_ef48_0.25_0.25_0.25_0.25_exp kMM diststream 8 4 1 1048576 15597611 34731745 139.304458 76.220090 34 4147980 435181395133.00
rmat_s20_ef48_0.25_0.25_0.25_0.25_exp kMM diststream 8 4 2 1048576 15599300 34730056 125.149755 62.302130 33 4147898 435199362512.00
rmat_s20_ef48_0.25_0.25_0.25_0.25_exp kMM diststream 8 8 0 1048576 9212271 41117085 116.024294 53.434238 33 4147941 435194984832.00
rmat_s20_ef48_0.25_0.25_0.25_0.25_exp kMM diststream 8 8 1 1048576 9211021 41118335 109.669918 51.001062 33 4147905 435198810089.00
rmat_s20_ef48_0.25_0.25_0.25_0.25_exp kMM diststream 8 8 2 1048576 9207662 41121694 109.720243 57.401382 32 4148117 435179370131.00
rmat_s20_ef48_0.25_0.25_0.25_0.25_exp kMM random 16 1 0 1048576 50329356 0 5.947062 16.844217 40 8287329 712885453983.00
rmat_s20_ef48_0.25_0.25_0.25_0.25_exp kMM random 16 1 1 1048576 50329356 0 5.912505 16.790450 40 8287329 712885453983.00
rmat_s20_ef48_0.25_0.25_0.25_0.25_exp kMM random 16 1 2 1048576 50329356 0 5.826138 16.998367 40 8287329 712885453983.00
rmat_s20_ef48_0.25_0.25_0.25_0.25_exp kMM random 16 16 0 1048576 3143652 47185704 3.849426 41.753259 41 8287308 712862232403.00
rmat_s20_ef48_0.25_0.25_0.25_0.25_exp kMM random 16 16 1 1048576 3145279 47184077 4.055512 42.706437 40 8287094 712841990455.00
rmat_s20_ef48_0.25_0.25_0.25_0.25_exp kMM random 16 16 2 1048576 3145222 47184134 4.051186 42.602537 42 8287321 712862433697.00
rmat_s20_ef48_0.25_0.25_0.25_0.25_exp kMM random 16 32 0 1048576 1571499 48757857 3.551670 32.984132 42 8287093 712847239471.00
rmat_s20_ef48_0.25_0.25_0.25_0.25_exp kMM random 16 32 1 1048576 1573531 48755825 3.574309 32.969006 40 8287551 712848373183.00
rmat_s20_ef48_0.25_0.25_0.25_0.25_exp kMM random 16 32 2 1048576 1572405 48756951 3.514599 32.726035 42 8287288 712853668771.00
rmat_s20_ef48_0.25_0.25_0.25_0.25_exp kMM random 16 4 0 1048576 12581650 37747706 5.733454 84.411043 41 8287100 712859895212.00
rmat_s20_ef48_0.25_0.25_0.25_0.25_exp kMM random 16 4 1 1048576 12580783 37748573 5.911195 84.971097 40 8287128 712846107211.00
rmat_s20_ef48_0.25_0.25_0.25_0.25_exp kMM random 16 4 2 1048576 12578575 37750781 5.547232 83.472324 40 8286860 712843099842.00
rmat_s20_ef48_0.25_0.25_0.25_0.25_exp kMM random 16 8 0 1048576 6288723 44040633 4.553794 58.948289 42 8287134 712847872677.00
rmat_s20_ef48_0.25_0.25_0.25_0.25_exp kMM random 16 8 1 1048576 6290909 44038447 4.481830 59.486622 40 8287143 712839092951.00
rmat_s20_ef48_0.25_0.25_0.25_0.25_exp kMM random 16 8 2 1048576 6291387 44037969 4.752814 58.418214 40 8287237 712846834696.00
rmat_s20_ef48_0.25_0.25_0.25_0.25_exp kMM random 32 1 0 1048576 50329356 0 5.966393 24.064196 47 16527535 1088308177652.00
rmat_s20_ef48_0.25_0.25_0.25_0.25_exp kMM random 32 1 1 1048576 50329356 0 5.945784 23.961265 47 16527535 1088308177652.00
rmat_s20_ef48_0.25_0.25_0.25_0.25_exp kMM random 32 1 2 1048576 50329356 0 5.908516 23.723746 47 16527535 1088308177652.00
rmat_s20_ef48_0.25_0.25_0.25_0.25_exp kMM random 32 16 0 1048576 3143652 47185704 3.874325 106.867080 48 16527269 1088282489390.00
rmat_s20_ef48_0.25_0.25_0.25_0.25_exp kMM random 32 16 1 1048576 3145279 47184077 6.729476 122.742941 49 16527202 1088285218447.00
rmat_s20_ef48_0.25_0.25_0.25_0.25_exp kMM random 32 16 2 1048576 3145222 47184134 6.738447 125.246177 47 16527271 1088275552325.00
rmat_s20_ef48_0.25_0.25_0.25_0.25_exp kMM random 32 32 0 1048576 1571499 48757857 3.587406 64.186406 47 16527442 1088272224201.00
rmat_s20_ef48_0.25_0.25_0.25_0.25_exp kMM random 32 32 1 1048576 1573531 48755825 3.808487 64.788364 49 16526937 1088270223281.00
rmat_s20_ef48_0.25_0.25_0.25_0.25_exp kMM random 32 32 2 1048576 1572405 48756951 3.742197 64.265222 48 16527262 1088264415625.00
rmat_s20_ef48_0.25_0.25_0.25_0.25_exp kMM random 32 4 0 1048576 12581650 37747706 5.672603 172.141396 47 16526837 1088277334202.00
rmat_s20_ef48_0.25_0.25_0.25_0.25_exp kMM random 32 4 1 1048576 12580783 37748573 5.688352 173.279245 48 16527264 1088307678751.00
rmat_s20_ef48_0.25_0.25_0.25_0.25_exp kMM random 32 4 2 1048576 12578575 37750781 5.706731 170.153562 48 16526847 1088283517507.00
rmat_s20_ef48_0.25_0.25_0.25_0.25_exp kMM random 32 8 0 1048576 6288723 44040633 8.224643 158.483017 48 16527343 1088285176978.00
rmat_s20_ef48_0.25_0.25_0.25_0.25_exp kMM random 32 8 1 1048576 6290909 44038447 8.922672 142.305968 48 16527301 1088288008405.00
rmat_s20_ef48_0.25_0.25_0.25_0.25_exp kMM random 32 8 2 1048576 6291387 44037969 4.473420 117.611991 48 16527136 1088272321205.00
rmat_s20_ef48_0.25_0.25_0.25_0.25_exp kMM random 4 1 0 1048576 50329356 0 9.665869 6.543310 25 2074975 252702524100.00
rmat_s20_ef48_0.25_0.25_0.25_0.25_exp kMM random 4 1 1 1048576 50329356 0 5.834389 6.997669 25 2074975 252702524100.00
rmat_s20_ef48_0.25_0.25_0.25_0.25_exp kMM random 4 1 2 1048576 50329356 0 6.368286 7.014713 25 2074975 252702524100.00
rmat_s20_ef48_0.25_0.25_0.25_0.25_exp kMM random 4 16 0 1048576 3143652 47185704 4.452880 11.507347 26 2075044 252704788171.00
rmat_s20_ef48_0.25_0.25_0.25_0.25_exp kMM random 4 16 1 1048576 3145279 47184077 4.064737 11.655249 25 2074854 252701576646.00
rmat_s20_ef48_0.25_0.25_0.25_0.25_exp kMM random 4 16 2 1048576 3145222 47184134 4.079296 11.366575 25 2074974 252684599548.00
rmat_s20_ef48_0.25_0.25_0.25_0.25_exp kMM random 4 32 0 1048576 1571499 48757857 3.649580 8.843316 25 2075020 252710363975.00
rmat_s20_ef48_0.25_0.25_0.25_0.25_exp kMM random 4 32 1 1048576 1573531 48755825 4.005232 9.047910 25 2074936 252699834137.00
rmat_s20_ef48_0.25_0.25_0.25_0.25_exp kMM random 4 32 2 1048576 1572405 48756951 4.107665 8.917933 25 2074996 252701687997.00
rmat_s20_ef48_0.25_0.25_0.25_0.25_exp kMM random 4 4 0 1048576 12581650 37747706 9.710497 22.829569 25 2074911 252678049115.00
rmat_s20_ef48_0.25_0.25_0.25_0.25_exp kMM random 4 4 1 1048576 12580783 37748573 9.605898 22.637118 26 2074844 252677498589.00
rmat_s20_ef48_0.25_0.25_0.25_0.25_exp kMM random 4 4 2 1048576 12578575 37750781 9.600650 22.449229 26 2074999 252698638887.00
rmat_s20_ef48_0.25_0.25_0.25_0.25_exp kMM random 4 8 0 1048576 6288723 44040633 4.697743 15.922269 26 2075023 252693588997.00
rmat_s20_ef48_0.25_0.25_0.25_0.25_exp kMM random 4 8 1 1048576 6290909 44038447 4.704273 15.392811 25 2074921 252680487173.00
rmat_s20_ef48_0.25_0.25_0.25_0.25_exp kMM random 4 8 2 1048576 6291387 44037969 5.018052 15.672787 25 2074956 252719286369.00
rmat_s20_ef48_0.25_0.25_0.25_0.25_exp kMM random 8 1 0 1048576 50329356 0 5.954748 11.616454 33 4148059 435225388814.00
rmat_s20_ef48_0.25_0.25_0.25_0.25_exp kMM random 8 1 1 1048576 50329356 0 5.936261 14.234240 33 4148059 435225388814.00
rmat_s20_ef48_0.25_0.25_0.25_0.25_exp kMM random 8 1 2 1048576 50329356 0 9.742960 12.549019 33 4148059 435225388814.00
rmat_s20_ef48_0.25_0.25_0.25_0.25_exp kMM random 8 16 0 1048576 3143652 47185704 3.913306 22.373177 33 4148071 435204635658.00
rmat_s20_ef48_0.25_0.25_0.25_0.25_exp kMM random 8 16 1 1048576 3145279 47184077 4.007637 22.016639 33 4148089 435219679757.00
rmat_s20_ef48_0.25_0.25_0.25_0.25_exp kMM random 8 16 2 1048576 3145222 47184134 4.459718 22.263686 33 4147937 435192809268.00
rmat_s20_ef48_0.25_0.25_0.25_0.25_exp kMM random 8 32 0 1048576 1571499 48757857 3.615924 17.299598 34 4147922 435183844188.00
rmat_s20_ef48_0.25_0.25_0.25_0.25_exp kMM random 8 32 1 1048576 1573531 48755825 3.864658 17.120581 33 4147933 435202290283.00
rmat_s20_ef48_0.25_0.25_0.25_0.25_exp kMM random 8 32 2 1048576 1572405 48756951 3.605990 17.261207 33 4148089 435174134085.00
rmat_s20_ef48_0.25_0.25_0.25_0.25_exp kMM random 8 4 0 1048576 12581650 37747706 6.124169 41.634717 33 4148039 435199248387.00
rmat_s20_ef48_0.25_0.25_0.25_0.25_exp kMM random 8 4 1 1048576 12580783 37748573 5.533494 44.344980 33 4147740 435183227619.00
rmat_s20_ef48_0.25_0.25_0.25_0.25_exp kMM random 8 4 2 1048576 12578575 37750781 5.492619 44.790295 33 4148116 435211208550.00
rmat_s20_ef48_0.25_0.25_0.25_0.25_exp kMM random 8 8 0 1048576 6288723 44040633 4.639459 30.659137 34 4147726 435188262580.00
rmat_s20_ef48_0.25_0.25_0.25_0.25_exp kMM random 8 8 1 1048576 6290909 44038447 4.690962 31.304804 34 4148131 435203522804.00
rmat_s20_ef48_0.25_0.25_0.25_0.25_exp kMM random 8 8 2 1048576 6291387 44037969 4.753553 31.346760 33 4147890 435194772948.00
rmat_s20_ef48_0.25_0.25_0.25_0.25_exp MRepLM diststream 16 16 0 1048576 5705397 44623959 52.552305 20.804844 209 8289608 717951852562.00
rmat_s20_ef48_0.25_0.25_0.25_0.25_exp MRepLM diststream 16 16 1 1048576 5705944 44623412 70.598616 24.686096 207 8289637 717953451803.00
rmat_s20_ef48_0.25_0.25_0.25_0.25_exp MRepLM diststream 16 16 2 1048576 5702817 44626539 77.982503 23.993933 207 8289623 717952293196.00
rmat_s20_ef48_0.25_0.25_0.25_0.25_exp MRepLM diststream 16 32 0 1048576 3731193 46598163 63.475506 15.474739 207 8289588 717951967601.00
rmat_s20_ef48_0.25_0.25_0.25_0.25_exp MRepLM diststream 16 32 1 1048576 3731652 46597704 70.116617 16.029435 209 8289685 717952432286.00
rmat_s20_ef48_0.25_0.25_0.25_0.25_exp MRepLM diststream 16 32 2 1048576 3730335 46599021 69.940085 14.137619 208 8289607 717952589319.00
rmat_s20_ef48_0.25_0.25_0.25_0.25_exp MRepLM diststream 16 4 0 1048576 15597133 34732223 102.739386 60.403433 208 8289617 717953229396.00
rmat_s20_ef48_0.25_0.25_0.25_0.25_exp MRepLM diststream 16 4 1 1048576 15597611 34731745 93.117404 61.872252 208 8289570 717951721440.00
rmat_s20_ef48_0.25_0.25_0.25_0.25_exp MRepLM diststream 16 4 2 1048576 15599300 34730056 93.065143 64.551345 209 8289655 717952705431.00
rmat_s20_ef48_0.25_0.25_0.25_0.25_exp MRepLM diststream 16 8 0 1048576 9212271 41117085 96.859731 42.054239 208 8289626 717952027834.00
rmat_s20_ef48_0.25_0.25_0.25_0.25_exp MRepLM diststream 16 8 1 1048576 9211021 41118335 98.620392 42.901015 208 8289656 717953711719.00
rmat_s20_ef48_0.25_0.25_0.25_0.25_exp MRepLM diststream 16 8 2 1048576 9207662 41121694 97.639518 40.269553 208 8289666 717951841202.00
rmat_s20_ef48_0.25_0.25_0.25_0.25_exp MRepLM diststream 32 16 0 1048576 5705397 44623959 43.484940 24.812760 429 16545050 1095272891174.00
rmat_s20_ef48_0.25_0.25_0.25_0.25_exp MRepLM diststream 32 16 1 1048576 5705944 44623412 44.411557 25.857555 425 16544964 1095274816606.00
rmat_s20_ef48_0.25_0.25_0.25_0.25_exp MRepLM diststream 32 16 2 1048576 5702817 44626539 45.736095 48.230008 425 16544809 1095274505960.00
rmat_s20_ef48_0.25_0.25_0.25_0.25_exp MRepLM diststream 32 32 0 1048576 3731193 46598163 69.640580 32.265927 431 16544926 1095274372527.00
rmat_s20_ef48_0.25_0.25_0.25_0.25_exp MRepLM diststream 32 32 1 1048576 3731652 46597704 52.404000 19.071687 426 16545153 1095278320226.00
rmat_s20_ef48_0.25_0.25_0.25_0.25_exp MRepLM diststream 32 32 2 1048576 3730335 46599021 47.118018 18.656907 430 16544760 1095273573670.00
rmat_s20_ef48_0.25_0.25_0.25_0.25_exp MRepLM diststream 32 4 0 1048576 15597133 34732223 79.720751 65.464667 428 16544886 1095271273047.00
rmat_s20_ef48_0.25_0.25_0.25_0.25_exp MRepLM diststream 32 4 1 1048576 15597611 34731745 79.696625 60.342831 427 16544841 1095270147973.00
rmat_s20_ef48_0.25_0.25_0.25_0.25_exp MRepLM diststream 32 4 2 1048576 15599300 34730056 79.948226 64.886001 429 16544717 1095277758904.00
rmat_s20_ef48_0.25_0.25_0.25_0.25_exp MRepLM diststream 32 8 0 1048576 9212271 41117085 71.250109 94.817409 430 16545074 1095273490690.00
rmat_s20_ef48_0.25_0.25_0.25_0.25_exp MRepLM diststream 32 8 1 1048576 9211021 41118335 77.254765 90.245436 426 16544713 1095275623603.00
rmat_s20_ef48_0.25_0.25_0.25_0.25_exp MRepLM diststream 32 8 2 1048576 9207662 41121694 87.357036 91.568265 425 16544887 1095274184722.00
rmat_s20_ef48_0.25_0.25_0.25_0.25_exp MRepLM diststream 4 16 0 1048576 5705397 44623959 65.122218 3.711138 49 2074900 254876460080.00
rmat_s20_ef48_0.25_0.25_0.25_0.25_exp MRepLM diststream 4 16 1 1048576 5705944 44623412 79.250683 5.792692 49 2074899 254876790333.00
rmat_s20_ef48_0.25_0.25_0.25_0.25_exp MRepLM diststream 4 16 2 1048576 5702817 44626539 78.856760 5.680771 49 2074897 254876408685.00
rmat_s20_ef48_0.25_0.25_0.25_0.25_exp MRepLM diststream 4 32 0 1048576 3731193 46598163 70.475457 3.266760 49 2074895 254876621848.00
rmat_s20_ef48_0.25_0.25_0.25_0.25_exp MRepLM diststream 4 32 1 1048576 3731652 46597704 67.515871 3.861313 49 2074900 254876552800.00
rmat_s20_ef48_0.25_0.25_0.25_0.25_exp MRepLM diststream 4 32 2 1048576 3730335 46599021 66.562387 4.014709 49 2074899 254876581079.00
rmat_s20_ef48_0.25_0.25_0.25_0.25_exp MRepLM diststream 4 4 0 1048576 15597133 34732223 96.852107 13.901192 49 2074896 254876844535.00
rmat_s20_ef48_0.25_0.25_0.25_0.25_exp MRepLM diststream 4 4 1 1048576 15597611 34731745 90.717977 13.479619 49 2074899 254876337858.00
rmat_s20_ef48_0.25_0.25_0.25_0.25_exp MRepLM diststream 4 4 2 1048576 15599300 34730056 93.023343 14.666593 49 2074902 254876386038.00
rmat_s20_ef48_0.25_0.25_0.25_0.25_exp MRepLM diststream 4 8 0 1048576 9212271 41117085 99.653746 9.157748 49 2074901 254876544172.00
rmat_s20_ef48_0.25_0.25_0.25_0.25_exp MRepLM diststream 4 8 1 1048576 9211021 41118335 97.537070 8.807540 49 2074899 254876704545.00
rmat_s20_ef48_0.25_0.25_0.25_0.25_exp MRepLM diststream 4 8 2 1048576 9207662 41121694 100.112955 7.005252 49 2074899 254876419610.00
rmat_s20_ef48_0.25_0.25_0.25_0.25_exp MRepLM diststream 8 16 0 1048576 5705397 44623959 77.343081 5.756992 101 4148175 438656383109.00
rmat_s20_ef48_0.25_0.25_0.25_0.25_exp MRepLM diststream 8 16 1 1048576 5705944 44623412 43.856157 6.088864 101 4148174 438656421571.00
rmat_s20_ef48_0.25_0.25_0.25_0.25_exp MRepLM diststream 8 16 2 1048576 5702817 44626539 45.474043 5.915475 101 4148166 438656333731.00
rmat_s20_ef48_0.25_0.25_0.25_0.25_exp MRepLM diststream 8 32 0 1048576 3731193 46598163 36.678718 3.874376 101 4148162 438656172816.00
rmat_s20_ef48_0.25_0.25_0.25_0.25_exp MRepLM diststream 8 32 1 1048576 3731652 46597704 36.330460 4.148074 101 4148188 438656377974.00
rmat_s20_ef48_0.25_0.25_0.25_0.25_exp MRepLM diststream 8 32 2 1048576 3730335 46599021 36.542042 3.586423 101 4148171 438656101266.00
rmat_s20_ef48_0.25_0.25_0.25_0.25_exp MRepLM diststream 8 4 0 1048576 15597133 34732223 127.200884 28.587891 101 4148160 438656844581.00
rmat_s20_ef48_0.25_0.25_0.25_0.25_exp MRepLM diststream 8 4 1 1048576 15597611 34731745 118.949858 26.376816 101 4148175 438655981298.00
rmat_s20_ef48_0.25_0.25_0.25_0.25_exp MRepLM diststream 8 4 2 1048576 15599300 34730056 111.044208 13.416427 101 4148183 438656588128.00
rmat_s20_ef48_0.25_0.25_0.25_0.25_exp MRepLM diststream 8 8 0 1048576 9212271 41117085 56.739766 9.355053 101 4148166 438656119126.00
rmat_s20_ef48_0.25_0.25_0.25_0.25_exp MRepLM diststream 8 8 1 1048576 9211021 41118335 56.366265 10.490826 101 4148183 438656721371.00
rmat_s20_ef48_0.25_0.25_0.25_0.25_exp MRepLM diststream 8 8 2 1048576 9207662 41121694 57.254149 10.086202 101 4148183 438656782790.00
rmat_s20_ef48_0.25_0.25_0.25_0.25_exp MRepLM random 16 1 0 1048576 50329356 0 17.216515 167.799456 209 8289581 717952547138.00
rmat_s20_ef48_0.25_0.25_0.25_0.25_exp MRepLM random 16 1 1 1048576 50329356 0 17.089732 183.597465 208 8289657 717954120997.00
rmat_s20_ef48_0.25_0.25_0.25_0.25_exp MRepLM random 16 1 2 1048576 50329356 0 24.870554 176.187373 209 8289645 717951658629.00
rmat_s20_ef48_0.25_0.25_0.25_0.25_exp MRepLM random 16 16 0 1048576 3143652 47185704 13.833437 39.907799 209 8289581 717952547138.00
rmat_s20_ef48_0.25_0.25_0.25_0.25_exp MRepLM random 16 16 1 1048576 3145279 47184077 13.924394 42.776999 208 8289657 717954120997.00
rmat_s20_ef48_0.25_0.25_0.25_0.25_exp MRepLM random 16 16 2 1048576 3145222 47184134 14.217245 44.111335 209 8289645 717951658629.00
rmat_s20_ef48_0.25_0.25_0.25_0.25_exp MRepLM random 16 32 0 1048576 1571499 48757857 13.700411 27.925114 209 8289581 717952547138.00
rmat_s20_ef48_0.25_0.25_0.25_0.25_exp MRepLM random 16 32 1 1048576 1573531 48755825 15.095582 28.512591 208 8289657 717954120997.00
rmat_s20_ef48_0.25_0.25_0.25_0.25_exp MRepLM random 16 32 2 1048576 1572405 48756951 14.677899 27.610927 209 8289645 717951658629.00
rmat_s20_ef48_0.25_0.25_0.25_0.25_exp MRepLM random 16 4 0 1048576 12581650 37747706 18.662888 116.099871 209 8289581 717952547138.00
rmat_s20_ef48_0.25_0.25_0.25_0.25_exp MRepLM random 16 4 1 1048576 12580783 37748573 19.786642 112.666481 208 8289657 717954120997.00
rmat_s20_ef48_0.25_0.25_0.25_0.25_exp MRepLM random 16 4 2 1048576 12578575 37750781 15.225989 90.094116 209 8289645 717951658629.00
rmat_s20_ef48_0.25_0.25_0.25_0.25_exp MRepLM random 16 8 0 1048576 6288723 44040633 15.787226 74.341633 209 8289581 717952547138.00
rmat_s20_ef48_0.25_0.25_0.25_0.25_exp MRepLM random 16 8 1 1048576 6290909 44038447 14.709883 72.408618 208 8289657 717954120997.00
rmat_s20_ef48_0.25_0.25_0.25_0.25_exp MRepLM random 16 8 2 1048576 6291387 44037969 16.510139 78.934427 209 8289645 717951658629.00
rmat_s20_ef48_0.25_0.25_0.25_0.25_exp MRepLM random 32 1 0 1048576 50329356 0 6.175978 175.717001 423 16544850 1095270143931.00
rmat_s20_ef48_0.25_0.25_0.25_0.25_exp MRepLM random 32 1 1 1048576 50329356 0 14.486175 256.419484 426 16545016 1095273898362.00
rmat_s20_ef48_0.25_0.25_0.25_0.25_exp MRepLM random 32 1 2 1048576 50329356 0 20.162440 231.147913 426 16545040 1095270219211.00
rmat_s20_ef48_0.25_0.25_0.25_0.25_exp MRepLM random 32 16 0 1048576 3143652 47185704 8.977051 55.278383 423 16544850 1095270143931.00
rmat_s20_ef48_0.25_0.25_0.25_0.25_exp MRepLM random 32 16 1 1048576 3145279 47184077 8.350334 48.745908 426 16545016 1095273898362.00
rmat_s20_ef48_0.25_0.25_0.25_0.25_exp MRepLM random 32 16 2 1048576 3145222 47184134 12.364200 44.221136 426 16545040 1095270219211.00
rmat_s20_ef48_0.25_0.25_0.25_0.25_exp MRepLM random 32 32 0 1048576 1571499 48757857 4.064095 17.377480 423 16544850 1095270143931.00
rmat_s20_ef48_0.25_0.25_0.25_0.25_exp MRepLM random 32 32 1 1048576 1573531 48755825 4.293986 18.347246 426 16545016 1095273898362.00
rmat_s20_ef48_0.25_0.25_0.25_0.25_exp MRepLM random 32 32 2 1048576 1572405 48756951 3.569917 15.284954 426 16545040 1095270219211.00
rmat_s20_ef48_0.25_0.25_0.25_0.25_exp MRepLM random 32 4 0 1048576 12581650 37747706 8.351508 81.939103 423 16544850 1095270143931.00
rmat_s20_ef48_0.25_0.25_0.25_0.25_exp MRepLM random 32 4 1 1048576 12580783 37748573 8.294918 106.269402 426 16545016 1095273898362.00
rmat_s20_ef48_0.25_0.25_0.25_0.25_exp MRepLM random 32 4 2 1048576 12578575 37750781 6.321047 116.705168 426 16545040 1095270219211.00
rmat_s20_ef48_0.25_0.25_0.25_0.25_exp MRepLM random 32 8 0 1048576 6288723 44040633 5.608631 43.241881 423 16544850 1095270143931.00
rmat_s20_ef48_0.25_0.25_0.25_0.25_exp MRepLM random 32 8 1 1048576 6290909 44038447 4.742860 42.535286 426 16545016 1095273898362.00
rmat_s20_ef48_0.25_0.25_0.25_0.25_exp MRepLM random 32 8 2 1048576 6291387 44037969 4.675087 48.269988 426 16545040 1095270219211.00
rmat_s20_ef48_0.25_0.25_0.25_0.25_exp MRepLM random 4 1 0 1048576 50329356 0 16.515624 41.507483 49 2074897 254876530529.00
rmat_s20_ef48_0.25_0.25_0.25_0.25_exp MRepLM random 4 1 1 1048576 50329356 0 18.952435 39.845536 49 2074895 254876560642.00
rmat_s20_ef48_0.25_0.25_0.25_0.25_exp MRepLM random 4 1 2 1048576 50329356 0 22.712164 24.526762 49 2074903 254876614028.00
rmat_s20_ef48_0.25_0.25_0.25_0.25_exp MRepLM random 4 16 0 1048576 3143652 47185704 13.512037 9.134419 49 2074897 254876530529.00
rmat_s20_ef48_0.25_0.25_0.25_0.25_exp MRepLM random 4 16 1 1048576 3145279 47184077 12.572431 8.595401 49 2074895 254876560642.00
rmat_s20_ef48_0.25_0.25_0.25_0.25_exp MRepLM random 4 16 2 1048576 3145222 47184134 14.587979 9.396631 49 2074903 254876614028.00
rmat_s20_ef48_0.25_0.25_0.25_0.25_exp MRepLM random 4 32 0 1048576 1571499 48757857 12.571345 5.679048 49 2074897 254876530529.00
rmat_s20_ef48_0.25_0.25_0.25_0.25_exp MRepLM random 4 32 1 1048576 1573531 48755825 13.772544 5.281984 49 2074895 254876560642.00
rmat_s20_ef48_0.25_0.25_0.25_0.25_exp MRepLM random 4 32 2 1048576 1572405 48756951 13.203916 5.064269 49 2074903 254876614028.00
rmat_s20_ef48_0.25_0.25_0.25_0.25_exp MRepLM random 4 4 0 1048576 12581650 37747706 18.646895 33.048443 49 2074897 254876530529.00
rmat_s20_ef48_0.25_0.25_0.25_0.25_exp MRepLM random 4 4 1 1048576 12580783 37748573 21.285602 32.058490 49 2074895 254876560642.00
rmat_s20_ef48_0.25_0.25_0.25_0.25_exp MRepLM random 4 4 2 1048576 12578575 37750781 20.013518 30.027205 49 2074903 254876614028.00
rmat_s20_ef48_0.25_0.25_0.25_0.25_exp MRepLM random 4 8 0 1048576 6288723 44040633 15.510781 16.891386 49 2074897 254876530529.00
rmat_s20_ef48_0.25_0.25_0.25_0.25_exp MRepLM random 4 8 1 1048576 6290909 44038447 15.237748 17.362007 49 2074895 254876560642.00
rmat_s20_ef48_0.25_0.25_0.25_0.25_exp MRepLM random 4 8 2 1048576 6291387 44037969 16.208668 16.520302 49 2074903 254876614028.00
rmat_s20_ef48_0.25_0.25_0.25_0.25_exp MRepLM random 8 1 0 1048576 50329356 0 16.628856 84.206876 101 4148167 438656394434.00
rmat_s20_ef48_0.25_0.25_0.25_0.25_exp MRepLM random 8 1 1 1048576 50329356 0 18.370402 88.261187 101 4148170 438655797382.00
rmat_s20_ef48_0.25_0.25_0.25_0.25_exp MRepLM random 8 1 2 1048576 50329356 0 24.374164 77.042873 101 4148181 438656033207.00
rmat_s20_ef48_0.25_0.25_0.25_0.25_exp MRepLM random 8 16 0 1048576 3143652 47185704 12.994053 19.929578 101 4148167 438656394434.00
rmat_s20_ef48_0.25_0.25_0.25_0.25_exp MRepLM random 8 16 1 1048576 3145279 47184077 13.082164 20.890961 101 4148170 438655797382.00
rmat_s20_ef48_0.25_0.25_0.25_0.25_exp MRepLM random 8 16 2 1048576 3145222 47184134 13.152194 21.063554 101 4148181 438656033207.00
rmat_s20_ef48_0.25_0.25_0.25_0.25_exp MRepLM random 8 32 0 1048576 1571499 48757857 5.021665 4.524323 101 4148167 438656394434.00
rmat_s20_ef48_0.25_0.25_0.25_0.25_exp MRepLM random 8 32 1 1048576 1573531 48755825 4.141596 4.396177 101 4148170 438655797382.00
rmat_s20_ef48_0.25_0.25_0.25_0.25_exp MRepLM random 8 32 2 1048576 1572405 48756951 4.216384 4.367840 101 4148181 438656033207.00
rmat_s20_ef48_0.25_0.25_0.25_0.25_exp MRepLM random 8 4 0 1048576 12581650 37747706 20.829132 42.256121 101 4148167 438656394434.00
rmat_s20_ef48_0.25_0.25_0.25_0.25_exp MRepLM random 8 4 1 1048576 12580783 37748573 19.891335 57.398413 101 4148170 438655797382.00
rmat_s20_ef48_0.25_0.25_0.25_0.25_exp MRepLM random 8 4 2 1048576 12578575 37750781 15.492882 48.540941 101 4148181 438656033207.00
rmat_s20_ef48_0.25_0.25_0.25_0.25_exp MRepLM random 8 8 0 1048576 6288723 44040633 14.844097 18.468374 101 4148167 438656394434.00
rmat_s20_ef48_0.25_0.25_0.25_0.25_exp MRepLM random 8 8 1 1048576 6290909 44038447 14.630113 16.295465 101 4148170 438655797382.00
rmat_s20_ef48_0.25_0.25_0.25_0.25_exp MRepLM random 8 8 2 1048576 6291387 44037969 14.780837 12.561367 101 4148181 438656033207.00
rmat_s20_ef48_0.25_0.25_0.25_0.25_uni kMM diststream 16 16 0 1048576 6467916 43861330 43.867942 40.592647 26 8287333 3682163889118.00
rmat_s20_ef48_0.25_0.25_0.25_0.25_uni kMM diststream 16 16 1 1048576 6468710 43860536 44.292519 41.656539 26 8287511 3682218380310.00
rmat_s20_ef48_0.25_0.25_0.25_0.25_uni kMM diststream 16 16 2 1048576 6466440 43862806 44.557198 41.268839 27 8287122 3682152879822.00
rmat_s20_ef48_0.25_0.25_0.25_0.25_uni kMM diststream 16 32 0 1048576 4457613 45871633 36.141099 31.831462 25 8287249 3682205030128.00
rmat_s20_ef48_0.25_0.25_0.25_0.25_uni kMM diststream 16 32 1 1048576 4455893 45873353 36.843116 31.811340 26 8287436 3682262567632.00
rmat_s20_ef48_0.25_0.25_0.25_0.25_uni kMM diststream 16 32 2 1048576 4455883 45873363 36.944438 31.668904 27 8287158 3682137562863.00
rmat_s20_ef48_0.25_0.25_0.25_0.25_uni kMM diststream 16 4 0 1048576 15995141 34334105 78.005474 81.932137 26 8287278 3681906900956.00
rmat_s20_ef48_0.25_0.25_0.25_0.25_uni kMM diststream 16 4 1 1048576 15922226 34407020 78.838649 83.045990 26 8287305 3681940070288.00
rmat_s20_ef48_0.25_0.25_0.25_0.25_uni kMM diststream 16 4 2 1048576 16206865 34122381 78.152671 83.083629 26 8287349 3682075841254.00
rmat_s20_ef48_0.25_0.25_0.25_0.25_uni kMM diststream 16 8 0 1048576 9985268 40343978 57.184293 57.843156 26 8287554 3682014543011.00
rmat_s20_ef48_0.25_0.25_0.25_0.25_uni kMM diststream 16 8 1 1048576 9986372 40342874 56.682503 55.955321 26 8287538 3682088040426.00
rmat_s20_ef48_0.25_0.25_0.25_0.25_uni kMM diststream 16 8 2 1048576 9986854 40342392 56.444668 56.660727 26 8287482 3682084772592.00
rmat_s20_ef48_0.25_0.25_0.25_0.25_uni kMM diststream 32 16 0 1048576 6467916 43861330 44.066753 79.635724 32 16527685 6718127181532.00
rmat_s20_ef48_0.25_0.25_0.25_0.25_uni kMM diststream 32 16 1 1048576 6468710 43860536 43.338495 80.045241 31 16528019 6718085959425.00
rmat_s20_ef48_0.25_0.25_0.25_0.25_uni kMM diststream 32 16 2 1048576 6466440 43862806 43.557625 80.760116 31 16527230 6718060441518.00
rmat_s20_ef48_0.25_0.25_0.25_0.25_uni kMM diststream 32 32 0 1048576 4457613 45871633 36.059682 64.452755 33 16527349 6718004481846.00
rmat_s20_ef48_0.25_0.25_0.25_0.25_uni kMM diststream 32 32 1 1048576 4455893 45873353 38.173786 61.602577 34 16527841 6718127409194.00
rmat_s20_ef48_0.25_0.25_0.25_0.25_uni kMM diststream 32 32 2 1048576 4455883 45873363 37.941982 62.962436 32 16527124 6718008069938.00
rmat_s20_ef48_0.25_0.25_0.25_0.25_uni kMM diststream 32 4 0 1048576 15995141 34334105 77.086581 162.807661 32 16527171 6717831454386.00
rmat_s20_ef48_0.25_0.25_0.25_0.25_uni kMM diststream 32 4 1 1048576 15922226 34407020 79.002909 162.806122 33 16527352 6717738354579.00
rmat_s20_ef48_0.25_0.25_0.25_0.25_uni kMM diststream 32 4 2 1048576 16206865 34122381 78.201486 164.796221 32 16527520 6717848385453.00
rmat_s20_ef48_0.25_0.25_0.25_0.25_uni kMM diststream 32 8 0 1048576 9985268 40343978 56.044140 109.884150 32 16526992 6717877659065.00
rmat_s20_ef48_0.25_0.25_0.25_0.25_uni kMM diststream 32 8 1 1048576 9986372 40342874 56.438557 113.134214 33 16526989 6717827853239.00
rmat_s20_ef48_0.25_0.25_0.25_0.25_uni kMM diststream 32 8 2 1048576 9986854 40342392 56.846116 115.039219 33 16526975 6717777970248.00
rmat_s20_ef48_0.25_0.25_0.25_0.25_uni kMM diststream 4 16 0 1048576 6467916 43861330 45.217505 10.280178 16 2075169 963044711404.00
rmat_s20_ef48_0.25_0.25_0.25_0.25_uni kMM diststream 4 16 1 1048576 6468710 43860536 44.641051 10.352910 15 2075253 963094183425.00
rmat_s20_ef48_0.25_0.25_0.25_0.25_uni kMM diststream 4 16 2 1048576 6466440 43862806 44.039149 10.430664 15 2075287 963087032335.00
rmat_s20_ef48_0.25_0.25_0.25_0.25_uni kMM diststream 4 32 0 1048576 4457613 45871633 36.162348 8.116984 15 2075151 963130283313.00
rmat_s20_ef48_0.25_0.25_0.25_0.25_uni kMM diststream 4 32 1 1048576 4455893 45873353 37.039684 8.202540 15 2075236 963152543352.00
rmat_s20_ef48_0.25_0.25_0.25_0.25_uni kMM diststream 4 32 2 1048576 4455883 45873363 36.918592 8.173565 15 2075271 963122464219.00
rmat_s20_ef48_0.25_0.25_0.25_0.25_uni kMM diststream 4 4 0 1048576 15995141 34334105 78.939857 21.446863 15 2075312 963161067452.00
rmat_s20_ef48_0.25_0.25_0.25_0.25_uni kMM diststream 4 4 1 1048576 15922226 34407020 79.290093 21.498730 16 2075235 963065480049.00
rmat_s20_ef48_0.25_0.25_0.25_0.25_uni kMM diststream 4 4 2 1048576 16206865 34122381 78.319661 21.019778 15 2075182 963078025447.00
rmat_s20_ef48_0.25_0.25_0.25_0.25_uni kMM diststream 4 8 0 1048576 9985268 40343978 57.301144 14.464468 16 2075226 963014734105.00
rmat_s20_ef48_0.25_0.25_0.25_0.25_uni kMM diststream 4 8 1 1048576 9986372 40342874 58.283382 15.007788 15 2075309 963092534734.00
rmat_s20_ef48_0.25_0.25_0.25_0.25_uni kMM diststream 4 8 2 1048576 9986854 40342392 58.749576 16.115570 15 2075251 962982197190.00
rmat_s20_ef48_0.25_0.25_0.25_0.25_uni kMM diststream 8 16 0 1048576 6467916 43861330 43.998228 20.725372 21 4147831 1908097289175.00
rmat_s20_ef48_0.25_0.25_0.25_0.25_uni kMM diststream 8 16 1 1048576 6468710 43860536 44.560520 21.109484 20 4148372 1908325485052.00
rmat_s20_ef48_0.25_0.25_0.25_0.25_uni kMM diststream 8 16 2 1048576 6466440 43862806 43.484032 20.543542 20 4148006 1908152775465.00
rmat_s20_ef48_0.25_0.25_0.25_0.25_uni kMM diststream 8 32 0 1048576 4457613 45871633 36.477341 16.238242 20 4148018 1908268593051.00
rmat_s20_ef48_0.25_0.25_0.25_0.25_uni kMM diststream 8 32 1 1048576 4455893 45873353 37.343885 16.210746 20 4148039 1908276833402.00
rmat_s20_ef48_0.25_0.25_0.25_0.25_uni kMM diststream 8 32 2 1048576 4455883 45873363 36.334947 15.982430 21 4147992 1908362567004.00
rmat_s20_ef48_0.25_0.25_0.25_0.25_uni kMM diststream 8 4 0 1048576 15995141 34334105 78.417534 42.118489 20 4148160 1908051167119.00
rmat_s20_ef48_0.25_0.25_0.25_0.25_uni kMM diststream 8 4 1 1048576 15922226 34407020 78.648364 41.967511 20 4148110 1908116492478.00
rmat_s20_ef48_0.25_0.25_0.25_0.25_uni kMM diststream 8 4 2 1048576 16206865 34122381 76.745070 39.658274 20 4148169 1908145185981.00
rmat_s20_ef48_0.25_0.25_0.25_0.25_uni kMM diststream 8 8 0 1048576 9985268 40343978 56.302551 28.649979 21 4148194 1908150160209.00
rmat_s20_ef48_0.25_0.25_0.25_0.25_uni kMM diststream 8 8 1 1048576 9986372 40342874 55.976166 28.882546 20 4148305 1908260969397.00
rmat_s20_ef48_0.25_0.25_0.25_0.25_uni kMM diststream 8 8 2 1048576 9986854 40342392 56.797875 29.010082 20 4148400 1908242385049.00
rmat_s20_ef48_0.25_0.25_0.25_0.25_uni kMM random 16 1 0 1048576 50329246 0 6.054958 7.121673 26 8287431 3682773648927.00
rmat_s20_ef48_0.25_0.25_0.25_0.25_uni kMM random 16 1 1 1048576 50329246 0 5.945586 7.157672 26 8287431 3682773648927.00
rmat_s20_ef48_0.25_0.25_0.25_0.25_uni kMM random 16 1 2 1048576 50329246 0 5.967444 7.301138 26 8287431 3682773648927.00
rmat_s20_ef48_0.25_0.25_0.25_0.25_uni kMM random 16 16 0 1048576 3148428 47180818 3.889268 40.713116 26 8287247 3682368960346.00
rmat_s20_ef48_0.25_0.25_0.25_0.25_uni kMM random 16 16 1 1048576 3147824 47181422 3.932821 41.068366 25 8287670 3682524024940.00
rmat_s20_ef48_0.25_0.25_0.25_0.25_uni kMM random 16 16 2 1048576 3148008 47181238 4.079548 41.028042 28 8287360 3682382536547.00
rmat_s20_ef48_0.25_0.25_0.25_0.25_uni kMM random 16 32 0 1048576 1573659 48755587 3.681497 32.076379 27 8287685 3682458218048.00
rmat_s20_ef48_0.25_0.25_0.25_0.25_uni kMM random 16 32 1 1048576 1574004 48755242 3.602181 31.962731 27 8287382 3682435611793.00
rmat_s20_ef48_0.25_0.25_0.25_0.25_uni kMM random 16 32 2 1048576 1572904 48756342 3.788029 32.036704 26 8287586 3682417203486.00
rmat_s20_ef48_0.25_0.25_0.25_0.25_uni kMM random 16 4 0 1048576 12584425 37744821 5.648642 81.528882 27 8287577 3682467924840.00
rmat_s20_ef48_0.25_0.25_0.25_0.25_uni kMM random 16 4 1 1048576 12587691 37741555 6.039286 80.542460 28 8287434 3682513405833.00
rmat_s20_ef48_0.25_0.25_0.25_0.25_uni kMM random 16 4 2 1048576 12587006 37742240 5.574244 82.133824 27 8287258 3682481062792.00
rmat_s20_ef48_0.25_0.25_0.25_0.25_uni kMM random 16 8 0 1048576 6294547 44034699 4.546312 55.959577 27 8286935 3682366826933.00
rmat_s20_ef48_0.25_0.25_0.25_0.25_uni kMM random 16 8 1 1048576 6291636 44037610 4.346491 58.845148 26 8287536 3682544767050.00
rmat_s20_ef48_0.25_0.25_0.25_0.25_uni kMM random 16 8 2 1048576 6296385 44032861 4.754656 59.079929 26 8287331 3682476192792.00
rmat_s20_ef48_0.25_0.25_0.25_0.25_uni kMM random 32 1 0 1048576 50329246 0 6.061090 12.072366 32 16527877 6718080334207.00
rmat_s20_ef48_0.25_0.25_0.25_0.25_uni kMM random 32 1 1 1048576 50329246 0 6.103232 12.100942 32 16527877 6718080334207.00
rmat_s20_ef48_0.25_0.25_0.25_0.25_uni kMM random 32 1 2 1048576 50329246 0 6.041361 12.110153 32 16527877 6718080334207.00
rmat_s20_ef48_0.25_0.25_0.25_0.25_uni kMM random 32 16 0 1048576 3148428 47180818 3.886324 81.757519 33 16527202 6717923466804.00
rmat_s20_ef48_0.25_0.25_0.25_0.25_uni kMM random 32 16 1 1048576 3147824 47181422 4.050718 81.239050 34 16527409 6718032754617.00
rmat_s20_ef48_0.25_0.25_0.25_0.25_uni kMM random 32 16 2 1048576 3148008 47181238 4.175466 81.325235 32 16527469 6718006678105.00
rmat_s20_ef48_0.25_0.25_0.25_0.25_uni kMM random 32 32 0 1048576 1573659 48755587 3.687608 64.797218 33 16526834 6717830242562.00
rmat_s20_ef48_0.25_0.25_0.25_0.25_uni kMM random 32 32 1 1048576 1574004 48755242 3.894568 63.634777 32 16527409 6717886398085.00
rmat_s20_ef48_0.25_0.25_0.25_0.25_uni kMM random 32 32 2 1048576 1572904 48756342 3.844852 64.047825 32 16527710 6718084655159.00
rmat_s20_ef48_0.25_0.25_0.25_0.25_uni kMM random 32 4 0 1048576 12584425 37744821 5.742313 161.578749 32 16527314 6718097905335.00
rmat_s20_ef48_0.25_0.25_0.25_0.25_uni kMM random 32 4 1 1048576 12587691 37741555 5.847151 149.177898 32 16527004 6718144935152.00
rmat_s20_ef48_0.25_0.25_0.25_0.25_uni kMM random 32 4 2 1048576 12587006 37742240 5.472145 162.165141 33 16527144 6718087120683.00
rmat_s20_ef48_0.25_0.25_0.25_0.25_uni kMM random 32 8 0 1048576 6294547 44034699 4.544127 112.007334 32 16527336 6718061797900.00
rmat_s20_ef48_0.25_0.25_0.25_0.25_uni kMM random 32 8 1 1048576 6291636 44037610 4.439250 114.119024 33 16526689 6717964040578.00
rmat_s20_ef48_0.25_0.25_0.25_0.25_uni kMM random 32 8 2 1048576 6296385 44032861 4.462756 111.196410 32 16527155 6718010572015.00
rmat_s20_ef48_0.25_0.25_0.25_0.25_uni kMM random 4 1 0 1048576 50329246 0 10.186594 6.714582 15 2074727 961601322688.00
rmat_s20_ef48_0.25_0.25_0.25_0.25_uni kMM random 4 1 1 1048576 50329246 0 9.831307 4.021788 15 2074727 961601322688.00
rmat_s20_ef48_0.25_0.25_0.25_0.25_uni kMM random 4 1 2 1048576 50329246 0 9.201110 3.672067 15 2074727 961601322688.00
rmat_s20_ef48_0.25_0.25_0.25_0.25_uni kMM random 4 16 0 1048576 3148428 47180818 3.960567 10.516860 16 2075346 963276045056.00
rmat_s20_ef48_0.25_0.25_0.25_0.25_uni kMM random 4 16 1 1048576 3147824 47181422 4.126318 10.659320 15 2075222 963253405657.00
rmat_s20_ef48_0.25_0.25_0.25_0.25_uni kMM random 4 16 2 1048576 3148008 47181238 4.135811 10.569678 15 2075190 963184672396.00
rmat_s20_ef48_0.25_0.25_0.25_0.25_uni kMM random 4 32 0 1048576 1573659 48755587 3.663100 8.504203 16 2075219 963322442001.00
rmat_s20_ef48_0.25_0.25_0.25_0.25_uni kMM random 4 32 1 1048576 1574004 48755242 4.607530 8.256408 15 2075160 963274741116.00
rmat_s20_ef48_0.25_0.25_0.25_0.25_uni kMM random 4 32 2 1048576 1572904 48756342 4.219218 8.171713 15 2075219 963224675310.00
rmat_s20_ef48_0.25_0.25_0.25_0.25_uni kMM random 4 4 0 1048576 12584425 37744821 10.412143 21.636836 15 2075399 963124277040.00
rmat_s20_ef48_0.25_0.25_0.25_0.25_uni kMM random 4 4 1 1048576 12587691 37741555 6.278908 21.326424 16 2075235 963159693703.00
rmat_s20_ef48_0.25_0.25_0.25_0.25_uni kMM random 4 4 2 1048576 12587006 37742240 13.469814 21.386519 16 2075204 963150043471.00
rmat_s20_ef48_0.25_0.25_0.25_0.25_uni kMM random 4 8 0 1048576 6294547 44034699 4.425982 14.504075 15 2075343 963246796550.00
rmat_s20_ef48_0.25_0.25_0.25_0.25_uni kMM random 4 8 1 1048576 6291636 44037610 4.399061 14.362358 15 2075323 963230352640.00
rmat_s20_ef48_0.25_0.25_0.25_0.25_uni kMM random 4 8 2 1048576 6296385 44032861 4.605788 15.349203 15 2075233 963126695802.00
rmat_s20_ef48_0.25_0.25_0.25_0.25_uni kMM random 8 1 0 1048576 50329246 0 8.706708 4.839300 20 4147607 1907137538597.00
rmat_s20_ef48_0.25_0.25_0.25_0.25_uni kMM random 8 1 1 1048576 50329246 0 7.928328 5.952523 20 4147607 1907137538597.00
rmat_s20_ef48_0.25_0.25_0.25_0.25_uni kMM random 8 1 2 1048576 50329246 0 8.576646 5.740405 20 4147607 1907137538597.00
rmat_s20_ef48_0.25_0.25_0.25_0.25_uni kMM random 8 16 0 1048576 3148428 47180818 3.959835 20.363335 20 4148277 1908566417413.00
rmat_s20_ef48_0.25_0.25_0.25_0.25_uni kMM random 8 16 1 1048576 3147824 47181422 3.921163 20.290752 20 4148015 1908489096952.00
rmat_s20_ef48_0.25_0.25_0.25_0.25_uni kMM random 8 16 2 1048576 3148008 47181238 3.898963 21.041799 20 4147863 1908429614617.00
rmat_s20_ef48_0.25_0.25_0.25_0.25_uni kMM random 8 32 0 1048576 1573659 48755587 3.500036 16.030970 20 4148185 1908593095062.00
rmat_s20_ef48_0.25_0.25_0.25_0.25_uni kMM random 8 32 1 1048576 1574004 48755242 3.503187 16.025901 22 4148031 1908475167652.00
rmat_s20_ef48_0.25_0.25_0.25_0.25_uni kMM random 8 32 2 1048576 1572904 48756342 4.216484 15.952020 21 4148118 1908610632689.00
rmat_s20_ef48_0.25_0.25_0.25_0.25_uni kMM random 8 4 0 1048576 12584425 37744821 5.601050 36.636114 21 4147960 1908331106414.00
rmat_s20_ef48_0.25_0.25_0.25_0.25_uni kMM random 8 4 1 1048576 12587691 37741555 5.848567 40.875149 21 4148119 1908436826957.00
rmat_s20_ef48_0.25_0.25_0.25_0.25_uni kMM random 8 4 2 1048576 12587006 37742240 5.792373 39.129080 21 4148096 1908349392418.00
rmat_s20_ef48_0.25_0.25_0.25_0.25_uni kMM random 8 8 0 1048576 6294547 44034699 4.666174 27.984071 21 4148392 1908548085896.00
rmat_s20_ef48_0.25_0.25_0.25_0.25_uni kMM random 8 8 1 1048576 6291636 44037610 4.468666 28.329747 21 4147852 1908495842596.00
rmat_s20_ef48_0.25_0.25_0.25_0.25_uni kMM random 8 8 2 1048576 6296385 44032861 4.598176 29.408752 20 4148015 1908572239876.00
rmat_s20_ef48_0.25_0.25_0.25_0.25_uni MRepLM diststream 16 16 0 1048576 6467916 43861330 43.826076 12.057091 211 8289758 3708172040769.00
rmat_s20_ef48_0.25_0.25_0.25_0.25_uni MRepLM diststream 16 16 1 1048576 6468710 43860536 44.769807 11.390515 213 8289743 3708172888203.00
rmat_s20_ef48_0.25_0.25_0.25_0.25_uni MRepLM diststream 16 16 2 1048576 6466440 43862806 44.429350 11.701537 210 8289804 3708179298111.00
rmat_s20_ef48_0.25_0.25_0.25_0.25_uni MRepLM diststream 16 32 0 1048576 4457613 45871633 36.759683 8.823290 211 8289691 3708136048638.00
rmat_s20_ef48_0.25_0.25_0.25_0.25_uni MRepLM diststream 16 32 1 1048576 4455893 45873353 38.375347 7.953521 212 8289711 3708144804404.00
rmat_s20_ef48_0.25_0.25_0.25_0.25_uni MRepLM diststream 16 32 2 1048576 4455883 45873363 37.678447 7.241095 211 8289691 3708149436543.00
rmat_s20_ef48_0.25_0.25_0.25_0.25_uni MRepLM diststream 16 4 0 1048576 15995141 34334105 78.213449 30.465667 211 8289711 3708165220248.00
rmat_s20_ef48_0.25_0.25_0.25_0.25_uni MRepLM diststream 16 4 1 1048576 15922226 34407020 76.662188 29.187452 211 8289731 3708150884079.00
rmat_s20_ef48_0.25_0.25_0.25_0.25_uni MRepLM diststream 16 4 2 1048576 16206865 34122381 78.266168 27.917508 212 8289704 3708139608357.00
rmat_s20_ef48_0.25_0.25_0.25_0.25_uni MRepLM diststream 16 8 0 1048576 9985268 40343978 57.533560 19.749334 210 8289860 3708176298142.00
rmat_s20_ef48_0.25_0.25_0.25_0.25_uni MRepLM diststream 16 8 1 1048576 9986372 40342874 56.841241 19.637873 212 8289785 3708170170217.00
rmat_s20_ef48_0.25_0.25_0.25_0.25_uni MRepLM diststream 16 8 2 1048576 9986854 40342392 60.320965 17.383163 212 8289739 3708148696517.00
rmat_s20_ef48_0.25_0.25_0.25_0.25_uni MRepLM diststream 32 16 0 1048576 6467916 43861330 44.530409 24.385915 430 16544790 6765851879551.00
rmat_s20_ef48_0.25_0.25_0.25_0.25_uni MRepLM diststream 32 16 1 1048576 6468710 43860536 45.305380 24.334538 434 16545058 6765941593894.00
rmat_s20_ef48_0.25_0.25_0.25_0.25_uni MRepLM diststream 32 16 2 1048576 6466440 43862806 44.549220 23.108838 430 16545088 6765862218437.00
rmat_s20_ef48_0.25_0.25_0.25_0.25_uni MRepLM diststream 32 32 0 1048576 4457613 45871633 36.315709 18.286133 434 16545320 6765862150086.00
rmat_s20_ef48_0.25_0.25_0.25_0.25_uni MRepLM diststream 32 32 1 1048576 4455893 45873353 36.368572 19.789153 439 16544900 6765836187364.00
rmat_s20_ef48_0.25_0.25_0.25_0.25_uni MRepLM diststream 32 32 2 1048576 4455883 45873363 36.795500 19.321775 435 16544958 6765864449764.00
rmat_s20_ef48_0.25_0.25_0.25_0.25_uni MRepLM diststream 32 4 0 1048576 15995141 34334105 79.740844 60.736811 431 16544984 6765929349311.00
rmat_s20_ef48_0.25_0.25_0.25_0.25_uni MRepLM diststream 32 4 1 1048576 15922226 34407020 79.419628 58.991370 432 16544764 6765819576916.00
rmat_s20_ef48_0.25_0.25_0.25_0.25_uni MRepLM diststream 32 4 2 1048576 16206865 34122381 79.970896 59.312979 433 16544898 6765880480221.00
rmat_s20_ef48_0.25_0.25_0.25_0.25_uni MRepLM diststream 32 8 0 1048576 9985268 40343978 57.678459 49.236781 427 16545182 6765862726173.00
rmat_s20_ef48_0.25_0.25_0.25_0.25_uni MRepLM diststream 32 8 1 1048576 9986372 40342874 58.133784 51.346544 434 16545225 6765920836184.00
rmat_s20_ef48_0.25_0.25_0.25_0.25_uni MRepLM diststream 32 8 2 1048576 9986854 40342392 59.937789 48.611124 434 16545205 6765934726707.00
rmat_s20_ef48_0.25_0.25_0.25_0.25_uni MRepLM diststream 4 16 0 1048576 6467916 43861330 43.463989 2.580343 50 2074745 985248758265.00
rmat_s20_ef48_0.25_0.25_0.25_0.25_uni MRepLM diststream 4 16 1 1048576 6468710 43860536 44.012993 2.600221 50 2074750 985249706287.00
rmat_s20_ef48_0.25_0.25_0.25_0.25_uni MRepLM diststream 4 16 2 1048576 6466440 43862806 44.917953 2.630971 50 2074729 985245410171.00
rmat_s20_ef48_0.25_0.25_0.25_0.25_uni MRepLM diststream 4 32 0 1048576 4457613 45871633 36.591923 1.905769 50 2074743 985246570602.00
rmat_s20_ef48_0.25_0.25_0.25_0.25_uni MRepLM diststream 4 32 1 1048576 4455893 45873353 38.419346 1.788538 50 2074747 985249736403.00
rmat_s20_ef48_0.25_0.25_0.25_0.25_uni MRepLM diststream 4 32 2 1048576 4455883 45873363 36.056855 1.671018 50 2074755 985252750533.00
rmat_s20_ef48_0.25_0.25_0.25_0.25_uni MRepLM diststream 4 4 0 1048576 15995141 34334105 79.744464 6.606892 50 2074737 985250054904.00
rmat_s20_ef48_0.25_0.25_0.25_0.25_uni MRepLM diststream 4 4 1 1048576 15922226 34407020 77.990412 6.130988 50 2074746 985250182103.00
rmat_s20_ef48_0.25_0.25_0.25_0.25_uni MRepLM diststream 4 4 2 1048576 16206865 34122381 77.261026 6.151744 50 2074736 985245700275.00
rmat_s20_ef48_0.25_0.25_0.25_0.25_uni MRepLM diststream 4 8 0 1048576 9985268 40343978 56.283525 4.462719 50 2074743 985249181509.00
rmat_s20_ef48_0.25_0.25_0.25_0.25_uni MRepLM diststream 4 8 1 1048576 9986372 40342874 57.333420 5.267124 50 2074752 985252342394.00
rmat_s20_ef48_0.25_0.25_0.25_0.25_uni MRepLM diststream 4 8 2 1048576 9986854 40342392 58.108416 4.421423 50 2074735 985244754680.00
rmat_s20_ef48_0.25_0.25_0.25_0.25_uni MRepLM diststream 8 16 0 1048576 6467916 43861330 43.953269 5.685172 103 4148315 1932893504660.00
rmat_s20_ef48_0.25_0.25_0.25_0.25_uni MRepLM diststream 8 16 1 1048576 6468710 43860536 43.819657 5.727106 103 4148310 1932893760058.00
rmat_s20_ef48_0.25_0.25_0.25_0.25_uni MRepLM diststream 8 16 2 1048576 6466440 43862806 44.829399 5.557118 103 4148292 1932889196598.00
rmat_s20_ef48_0.25_0.25_0.25_0.25_uni MRepLM diststream 8 32 0 1048576 4457613 45871633 36.157252 3.995926 103 4148294 1932884038847.00
rmat_s20_ef48_0.25_0.25_0.25_0.25_uni MRepLM diststream 8 32 1 1048576 4455893 45873353 36.830517 3.790298 103 4148319 1932887606862.00
rmat_s20_ef48_0.25_0.25_0.25_0.25_uni MRepLM diststream 8 32 2 1048576 4455883 45873363 36.707529 3.516812 103 4148308 1932893004926.00
rmat_s20_ef48_0.25_0.25_0.25_0.25_uni MRepLM diststream 8 4 0 1048576 15995141 34334105 78.846922 14.444722 103 4148299 1932888933531.00
rmat_s20_ef48_0.25_0.25_0.25_0.25_uni MRepLM diststream 8 4 1 1048576 15922226 34407020 81.653021 13.239924 103 4148321 1932889458848.00
rmat_s20_ef48_0.25_0.25_0.25_0.25_uni MRepLM diststream 8 4 2 1048576 16206865 34122381 78.149663 13.255677 103 4148299 1932881983109.00
rmat_s20_ef48_0.25_0.25_0.25_0.25_uni MRepLM diststream 8 8 0 1048576 9985268 40343978 56.824820 8.370358 103 4148294 1932883387090.00
rmat_s20_ef48_0.25_0.25_0.25_0.25_uni MRepLM diststream 8 8 1 1048576 9986372 40342874 57.385720 10.801922 103 4148324 1932894151896.00
rmat_s20_ef48_0.25_0.25_0.25_0.25_uni MRepLM diststream 8 8 2 1048576 9986854 40342392 58.356015 9.645980 103 4148286 1932879487249.00
rmat_s20_ef48_0.25_0.25_0.25_0.25_uni MRepLM random 16 1 0 1048576 50329246 0 6.131419 63.474342 211 8289748 3708133222735.00
rmat_s20_ef48_0.25_0.25_0.25_0.25_uni MRepLM random 16 1 1 1048576 50329246 0 13.896910 103.242484 212 8289731 3708151965658.00
rmat_s20_ef48_0.25_0.25_0.25_0.25_uni MRepLM random 16 1 2 1048576 50329246 0 14.235083 102.029089 213 8289744 3708154228378.00
rmat_s20_ef48_0.25_0.25_0.25_0.25_uni MRepLM random 16 16 0 1048576 3148428 47180818 3.895141 11.727191 211 8289748 3708133222735.00
rmat_s20_ef48_0.25_0.25_0.25_0.25_uni MRepLM random 16 16 1 1048576 3147824 47181422 3.993249 12.732990 212 8289731 3708151965658.00
rmat_s20_ef48_0.25_0.25_0.25_0.25_uni MRepLM random 16 16 2 1048576 3148008 47181238 4.417538 13.358930 213 8289744 3708154228378.00
rmat_s20_ef48_0.25_0.25_0.25_0.25_uni MRepLM random 16 32 0 1048576 1573659 48755587 4.256419 9.083151 211 8289748 3708133222735.00
rmat_s20_ef48_0.25_0.25_0.25_0.25_uni MRepLM random 16 32 1 1048576 1574004 48755242 4.704803 8.854926 212 8289731 3708151965658.00
rmat_s20_ef48_0.25_0.25_0.25_0.25_uni MRepLM random 16 32 2 1048576 1572904 48756342 5.453012 8.075316 213 8289744 3708154228378.00
rmat_s20_ef48_0.25_0.25_0.25_0.25_uni MRepLM random 16 4 0 1048576 12584425 37744821 7.381753 32.061846 211 8289748 3708133222735.00
rmat_s20_ef48_0.25_0.25_0.25_0.25_uni MRepLM random 16 4 1 1048576 12587691 37741555 6.502025 31.638192 212 8289731 3708151965658.00
rmat_s20_ef48_0.25_0.25_0.25_0.25_uni MRepLM random 16 4 2 1048576 12587006 37742240 6.369649 31.485503 213 8289744 3708154228378.00
rmat_s20_ef48_0.25_0.25_0.25_0.25_uni MRepLM random 16 8 0 1048576 6294547 44034699 4.651899 21.587893 211 8289748 3708133222735.00
rmat_s20_ef48_0.25_0.25_0.25_0.25_uni MRepLM random 16 8 1 1048576 6291636 44037610 5.944992 22.336317 212 8289731 3708151965658.00
rmat_s20_ef48_0.25_0.25_0.25_0.25_uni MRepLM random 16 8 2 1048576 6296385 44032861 4.825135 21.303420 213 8289744 3708154228378.00
rmat_s20_ef48_0.25_0.25_0.25_0.25_uni MRepLM random 32 1 0 1048576 50329246 0 6.171519 118.917566 431 16544997 6765827758615.00
rmat_s20_ef48_0.25_0.25_0.25_0.25_uni MRepLM random 32 1 1 1048576 50329246 0 13.829656 206.628472 431 16545063 6765870553874.00
rmat_s20_ef48_0.25_0.25_0.25_0.25_uni MRepLM random 32 1 2 1048576 50329246 0 14.400584 206.121016 436 16545239 6765897608251.00
rmat_s20_ef48_0.25_0.25_0.25_0.25_uni MRepLM random 32 16 0 1048576 3148428 47180818 3.885925 23.331134 431 16544997 6765827758615.00
rmat_s20_ef48_0.25_0.25_0.25_0.25_uni MRepLM random 32 16 1 1048576 3147824 47181422 3.853869 23.438040 431 16545063 6765870553874.00
rmat_s20_ef48_0.25_0.25_0.25_0.25_uni MRepLM random 32 16 2 1048576 3148008 47181238 3.901452 24.608238 436 16545239 6765897608251.00
rmat_s20_ef48_0.25_0.25_0.25_0.25_uni MRepLM random 32 32 0 1048576 1573659 48755587 3.868444 16.497413 431 16544997 6765827758615.00
rmat_s20_ef48_0.25_0.25_0.25_0.25_uni MRepLM random 32 32 1 1048576 1574004 48755242 4.430308 25.205528 431 16545063 6765870553874.00
rmat_s20_ef48_0.25_0.25_0.25_0.25_uni MRepLM random 32 32 2 1048576 1572904 48756342 8.552048 20.856170 436 16545239 6765897608251.00
rmat_s20_ef48_0.25_0.25_0.25_0.25_uni MRepLM random 32 4 0 1048576 12584425 37744821 7.255883 62.012793 431 16544997 6765827758615.00
rmat_s20_ef48_0.25_0.25_0.25_0.25_uni MRepLM random 32 4 1 1048576 12587691 37741555 7.429326 61.477744 431 16545063 6765870553874.00
rmat_s20_ef48_0.25_0.25_0.25_0.25_uni MRepLM random 32 4 2 1048576 12587006 37742240 6.940519 61.723382 436 16545239 6765897608251.00
rmat_s20_ef48_0.25_0.25_0.25_0.25_uni MRepLM random 32 8 0 1048576 6294547 44034699 4.933623 43.190438 431 16544997 6765827758615.00
rmat_s20_ef48_0.25_0.25_0.25_0.25_uni MRepLM random 32 8 1 1048576 6291636 44037610 4.915181 38.971410 431 16545063 6765870553874.00
rmat_s20_ef48_0.25_0.25_0.25_0.25_uni MRepLM random 32 8 2 1048576 6296385 44032861 4.495044 45.439615 436 16545239 6765897608251.00
rmat_s20_ef48_0.25_0.25_0.25_0.25_uni MRepLM random 4 1 0 1048576 50329246 0 6.928047 25.876223 50 2074750 985248918177.00
rmat_s20_ef48_0.25_0.25_0.25_0.25_uni MRepLM random 4 1 1 1048576 50329246 0 13.809788 21.948726 50 2074736 985246478786.00
rmat_s20_ef48_0.25_0.25_0.25_0.25_uni MRepLM random 4 1 2 1048576 50329246 0 14.344382 19.993739 50 2074749 985245084802.00
rmat_s20_ef48_0.25_0.25_0.25_0.25_uni MRepLM random 4 16 0 1048576 3148428 47180818 3.922547 2.805075 50 2074750 985248918177.00
rmat_s20_ef48_0.25_0.25_0.25_0.25_uni MRepLM random 4 16 1 1048576 3147824 47181422 3.875277 2.836695 50 2074736 985246478786.00
rmat_s20_ef48_0.25_0.25_0.25_0.25_uni MRepLM random 4 16 2 1048576 3148008 47181238 3.888567 2.872959 50 2074749 985245084802.00
rmat_s20_ef48_0.25_0.25_0.25_0.25_uni MRepLM random 4 32 0 1048576 1573659 48755587 3.762030 2.224829 50 2074750 985248918177.00
rmat_s20_ef48_0.25_0.25_0.25_0.25_uni MRepLM random 4 32 1 1048576 1574004 48755242 4.150257 2.312893 50 2074736 985246478786.00
rmat_s20_ef48_0.25_0.25_0.25_0.25_uni MRepLM random 4 32 2 1048576 1572904 48756342 4.373769 1.869087 50 2074749 985245084802.00
rmat_s20_ef48_0.25_0.25_0.25_0.25_uni MRepLM random 4 4 0 1048576 12584425 37744821 6.169216 8.029229 50 2074750 985248918177.00
rmat_s20_ef48_0.25_0.25_0.25_0.25_uni MRepLM random 4 4 1 1048576 12587691 37741555 6.261646 8.041793 50 2074736 985246478786.00
rmat_s20_ef48_0.25_0.25_0.25_0.25_uni MRepLM random 4 4 2 1048576 12587006 37742240 6.008776 10.670868 50 2074749 985245084802.00
rmat_s20_ef48_0.25_0.25_0.25_0.25_uni MRepLM random 4 8 0 1048576 6294547 44034699 4.972302 4.530030 50 2074750 985248918177.00
rmat_s20_ef48_0.25_0.25_0.25_0.25_uni MRepLM random 4 8 1 1048576 6291636 44037610 5.025674 5.274397 50 2074736 985246478786.00
rmat_s20_ef48_0.25_0.25_0.25_0.25_uni MRepLM random 4 8 2 1048576 6296385 44032861 5.595826 6.032982 50 2074749 985245084802.00
rmat_s20_ef48_0.25_0.25_0.25_0.25_uni MRepLM random 8 1 0 1048576 50329246 0 6.197048 35.521008 103 4148307 1932885919581.00
rmat_s20_ef48_0.25_0.25_0.25_0.25_uni MRepLM random 8 1 1 1048576 50329246 0 11.630966 42.556953 103 4148276 1932883873148.00
rmat_s20_ef48_0.25_0.25_0.25_0.25_uni MRepLM random 8 1 2 1048576 50329246 0 14.127634 40.462234 103 4148284 1932882318310.00
rmat_s20_ef48_0.25_0.25_0.25_0.25_uni MRepLM random 8 16 0 1048576 3148428 47180818 3.894599 5.856678 103 4148307 1932885919581.00
rmat_s20_ef48_0.25_0.25_0.25_0.25_uni MRepLM random 8 16 1 1048576 3147824 47181422 3.907559 5.921496 103 4148276 1932883873148.00
rmat_s20_ef48_0.25_0.25_0.25_0.25_uni MRepLM random 8 16 2 1048576 3148008 47181238 4.544302 6.163909 103 4148284 1932882318310.00
rmat_s20_ef48_0.25_0.25_0.25_0.25_uni MRepLM random 8 32 0 1048576 1573659 48755587 4.029698 5.147465 103 4148307 1932885919581.00
rmat_s20_ef48_0.25_0.25_0.25_0.25_uni MRepLM random 8 32 1 1048576 1574004 48755242 4.172499 5.319304 103 4148276 1932883873148.00
rmat_s20_ef48_0.25_0.25_0.25_0.25_uni MRepLM random 8 32 2 1048576 1572904 48756342 4.931636 3.880233 103 4148284 1932882318310.00
rmat_s20_ef48_0.25_0.25_0.25_0.25_uni MRepLM random 8 4 0 1048576 12584425 37744821 7.898374 17.056048 103 4148307 1932885919581.00
rmat_s20_ef48_0.25_0.25_0.25_0.25_uni MRepLM random 8 4 1 1048576 12587691 37741555 6.433867 17.510297 103 4148276 1932883873148.00
rmat_s20_ef48_0.25_0.25_0.25_0.25_uni MRepLM random 8 4 2 1048576 12587006 37742240 6.898615 17.579318 103 4148284 1932882318310.00
rmat_s20_ef48_0.25_0.25_0.25_0.25_uni MRepLM random 8 8 0 1048576 6294547 44034699 5.581801 9.980037 103 4148307 1932885919581.00
rmat_s20_ef48_0.25_0.25_0.25_0.25_uni MRepLM random 8 8 1 1048576 6291636 44037610 4.821906 9.489360 103 4148276 1932883873148.00
rmat_s20_ef48_0.25_0.25_0.25_0.25_uni MRepLM random 8 8 2 1048576 6296385 44032861 5.799741 13.414043 103 4148284 1932882318310.00
rmat_s20_ef48_0.45_0.15_0.15_0.25_exp kMM diststream 16 16 0 1048576 5529270 44606018 43.988936 39.858992 38 7503020 571871599474.00
rmat_s20_ef48_0.45_0.15_0.15_0.25_exp kMM diststream 16 16 1 1048576 5530253 44605035 43.726353 39.729025 39 7503066 571879312456.00
rmat_s20_ef48_0.45_0.15_0.15_0.25_exp kMM diststream 16 16 2 1048576 5524662 44610626 44.260771 40.602881 38 7503187 571896821138.00
rmat_s20_ef48_0.45_0.15_0.15_0.25_exp kMM diststream 16 32 0 1048576 3561700 46573588 35.803748 31.039691 38 7503129 571877122910.00
rmat_s20_ef48_0.45_0.15_0.15_0.25_exp kMM diststream 16 32 1 1048576 3564595 46570693 36.604407 30.856373 39 7502739 571871916436.00
rmat_s20_ef48_0.45_0.15_0.15_0.25_exp kMM diststream 16 32 2 1048576 3565445 46569843 36.175841 30.425428 39 7502926 571884380773.00
rmat_s20_ef48_0.45_0.15_0.15_0.25_exp kMM diststream 16 4 0 1048576 18324740 31810548 75.088002 91.231396 40 7502801 571872129029.00
rmat_s20_ef48_0.45_0.15_0.15_0.25_exp kMM diststream 16 4 1 1048576 19094464 31040824 77.771786 91.490119 40 7502771 571880847744.00
rmat_s20_ef48_0.45_0.15_0.15_0.25_exp kMM diststream 16 4 2 1048576 18412715 31722573 78.548551 88.894566 39 7502922 571885722582.00
rmat_s20_ef48_0.45_0.15_0.15_0.25_exp kMM diststream 16 8 0 1048576 9201166 40934122 54.803469 53.867673 38 7503102 571877427049.00
rmat_s20_ef48_0.45_0.15_0.15_0.25_exp kMM diststream 16 8 1 1048576 9169431 40965857 56.002529 54.438244 38 7502177 571857619241.00
rmat_s20_ef48_0.45_0.15_0.15_0.25_exp kMM diststream 16 8 2 1048576 9171909 40963379 56.823478 55.105067 40 7503208 571877309248.00
rmat_s20_ef48_0.45_0.15_0.15_0.25_exp kMM diststream 32 16 0 1048576 5529270 44606018 43.287655 70.509310 45 13698571 840393916968.00
rmat_s20_ef48_0.45_0.15_0.15_0.25_exp kMM diststream 32 16 1 1048576 5530253 44605035 43.842551 71.853769 45 13698203 840386078825.00
rmat_s20_ef48_0.45_0.15_0.15_0.25_exp kMM diststream 32 16 2 1048576 5524662 44610626 43.761512 72.232462 46 13698337 840390107576.00
rmat_s20_ef48_0.45_0.15_0.15_0.25_exp kMM diststream 32 32 0 1048576 3561700 46573588 36.450014 57.373661 45 13698021 840394688098.00
rmat_s20_ef48_0.45_0.15_0.15_0.25_exp kMM diststream 32 32 1 1048576 3564595 46570693 38.704293 55.702249 46 13698388 840404212483.00
rmat_s20_ef48_0.45_0.15_0.15_0.25_exp kMM diststream 32 32 2 1048576 3565445 46569843 37.639872 54.701645 46 13698075 840404155192.00
rmat_s20_ef48_0.45_0.15_0.15_0.25_exp kMM diststream 32 4 0 1048576 18324740 31810548 77.366729 162.741005 46 13698729 840414022864.00
rmat_s20_ef48_0.45_0.15_0.15_0.25_exp kMM diststream 32 4 1 1048576 19094464 31040824 72.405348 160.898933 45 13698195 840387356000.00
rmat_s20_ef48_0.45_0.15_0.15_0.25_exp kMM diststream 32 4 2 1048576 18412715 31722573 73.144174 156.476062 45 13698375 840367199587.00
rmat_s20_ef48_0.45_0.15_0.15_0.25_exp kMM diststream 32 8 0 1048576 9201166 40934122 55.792973 96.731340 45 13698064 840381071386.00
rmat_s20_ef48_0.45_0.15_0.15_0.25_exp kMM diststream 32 8 1 1048576 9169431 40965857 56.543594 99.887125 45 13699152 840391208614.00
rmat_s20_ef48_0.45_0.15_0.15_0.25_exp kMM diststream 32 8 2 1048576 9171909 40963379 57.170526 104.074716 45 13698918 840392070818.00
rmat_s20_ef48_0.45_0.15_0.15_0.25_exp kMM diststream 4 16 0 1048576 5529270 44606018 43.415754 10.949318 24 1983436 214690325551.00
rmat_s20_ef48_0.45_0.15_0.15_0.25_exp kMM diststream 4 16 1 1048576 5530253 44605035 44.114792 11.219201 25 1983484 214677013120.00
rmat_s20_ef48_0.45_0.15_0.15_0.25_exp kMM diststream 4 16 2 1048576 5524662 44610626 43.645290 11.150379 25 1983502 214689528307.00
rmat_s20_ef48_0.45_0.15_0.15_0.25_exp kMM diststream 4 32 0 1048576 3561700 46573588 36.009429 8.702316 25 1983679 214708877032.00
rmat_s20_ef48_0.45_0.15_0.15_0.25_exp kMM diststream 4 32 1 1048576 3564595 46570693 36.922316 8.867521 25 1983460 214695226518.00
rmat_s20_ef48_0.45_0.15_0.15_0.25_exp kMM diststream 4 32 2 1048576 3565445 46569843 36.513074 8.683494 25 1983429 214715012457.00
rmat_s20_ef48_0.45_0.15_0.15_0.25_exp kMM diststream 4 4 0 1048576 18324740 31810548 76.011873 25.608283 27 1983497 214691846069.00
rmat_s20_ef48_0.45_0.15_0.15_0.25_exp kMM diststream 4 4 1 1048576 19094464 31040824 78.941032 25.244667 25 1983923 214685698871.00
rmat_s20_ef48_0.45_0.15_0.15_0.25_exp kMM diststream 4 4 2 1048576 18412715 31722573 75.094912 24.718070 25 1983708 214675358232.00
rmat_s20_ef48_0.45_0.15_0.15_0.25_exp kMM diststream 4 8 0 1048576 9201166 40934122 56.740166 15.177286 25 1983573 214683977679.00
rmat_s20_ef48_0.45_0.15_0.15_0.25_exp kMM diststream 4 8 1 1048576 9169431 40965857 56.794049 15.319009 25 1983547 214695511784.00
rmat_s20_ef48_0.45_0.15_0.15_0.25_exp kMM diststream 4 8 2 1048576 9171909 40963379 57.767670 16.462239 26 1983568 214688832852.00
rmat_s20_ef48_0.45_0.15_0.15_0.25_exp kMM diststream 8 16 0 1048576 5529270 44606018 43.826430 21.158138 31 3903223 361077758541.00
rmat_s20_ef48_0.45_0.15_0.15_0.25_exp kMM diststream 8 16 1 1048576 5530253 44605035 44.472237 21.699999 32 3902926 361093973746.00
rmat_s20_ef48_0.45_0.15_0.15_0.25_exp kMM diststream 8 16 2 1048576 5524662 44610626 46.022708 21.964852 33 3903151 361096744014.00
rmat_s20_ef48_0.45_0.15_0.15_0.25_exp kMM diststream 8 32 0 1048576 3561700 46573588 36.821248 16.604236 31 3902916 361091787176.00
rmat_s20_ef48_0.45_0.15_0.15_0.25_exp kMM diststream 8 32 1 1048576 3564595 46570693 36.194194 16.604162 32 3902967 361090635644.00
rmat_s20_ef48_0.45_0.15_0.15_0.25_exp kMM diststream 8 32 2 1048576 3565445 46569843 35.855222 16.379677 32 3903220 361098664426.00
rmat_s20_ef48_0.45_0.15_0.15_0.25_exp kMM diststream 8 4 0 1048576 18324740 31810548 76.101255 49.372255 32 3903518 361080863720.00
rmat_s20_ef48_0.45_0.15_0.15_0.25_exp kMM diststream 8 4 1 1048576 19094464 31040824 77.441071 48.719661 33 3902849 361095629665.00
rmat_s20_ef48_0.45_0.15_0.15_0.25_exp kMM diststream 8 4 2 1048576 18412715 31722573 77.432198 47.234867 32 3903277 361106330195.00
rmat_s20_ef48_0.45_0.15_0.15_0.25_exp kMM diststream 8 8 0 1048576 9201166 40934122 56.353210 29.169195 33 3903383 361110703130.00
rmat_s20_ef48_0.45_0.15_0.15_0.25_exp kMM diststream 8 8 1 1048576 9169431 40965857 56.429641 29.559308 32 3902891 361086942216.00
rmat_s20_ef48_0.45_0.15_0.15_0.25_exp kMM diststream 8 8 2 1048576 9171909 40963379 55.422004 29.426577 33 3903065 361096331988.00
rmat_s20_ef48_0.45_0.15_0.15_0.25_exp kMM random 16 1 0 1048576 50135288 0 5.955649 16.193420 39 7503573 572053786976.00
rmat_s20_ef48_0.45_0.15_0.15_0.25_exp kMM random 16 1 1 1048576 50135288 0 5.837733 15.309294 39 7503573 572053786976.00
rmat_s20_ef48_0.45_0.15_0.15_0.25_exp kMM random 16 1 2 1048576 50135288 0 5.890705 15.328244 39 7503573 572053786976.00
rmat_s20_ef48_0.45_0.15_0.15_0.25_exp kMM random 16 16 0 1048576 3135146 47000142 4.031261 38.073766 40 7502840 571916774544.00
rmat_s20_ef48_0.45_0.15_0.15_0.25_exp kMM random 16 16 1 1048576 3133799 47001489 3.791580 38.715085 40 7502781 571908875138.00
rmat_s20_ef48_0.45_0.15_0.15_0.25_exp kMM random 16 16 2 1048576 3132518 47002770 4.005500 38.405572 39 7503262 571942764317.00
rmat_s20_ef48_0.45_0.15_0.15_0.25_exp kMM random 16 32 0 1048576 1567697 48567591 3.429318 30.578664 38 7503017 571934826308.00
rmat_s20_ef48_0.45_0.15_0.15_0.25_exp kMM random 16 32 1 1048576 1567098 48568190 3.553731 30.322550 38 7502811 571909377976.00
rmat_s20_ef48_0.45_0.15_0.15_0.25_exp kMM random 16 32 2 1048576 1566451 48568837 3.491938 30.335291 41 7503265 571928177826.00
rmat_s20_ef48_0.45_0.15_0.15_0.25_exp kMM random 16 4 0 1048576 12534695 37600593 5.829359 76.922599 39 7502896 571938249659.00
rmat_s20_ef48_0.45_0.15_0.15_0.25_exp kMM random 16 4 1 1048576 12532591 37602697 5.794854 77.346195 40 7502881 571931698251.00
rmat_s20_ef48_0.45_0.15_0.15_0.25_exp kMM random 16 4 2 1048576 12538050 37597238 5.715408 77.846030 40 7502806 571935286718.00
rmat_s20_ef48_0.45_0.15_0.15_0.25_exp kMM random 16 8 0 1048576 6265335 43869953 4.418462 52.738367 38 7502613 571918719706.00
rmat_s20_ef48_0.45_0.15_0.15_0.25_exp kMM random 16 8 1 1048576 6267107 43868181 4.501528 53.919907 39 7503330 571937997916.00
rmat_s20_ef48_0.45_0.15_0.15_0.25_exp kMM random 16 8 2 1048576 6269292 43865996 4.569698 53.040629 38 7502873 571917216049.00
rmat_s20_ef48_0.45_0.15_0.15_0.25_exp kMM random 32 1 0 1048576 50135288 0 6.035579 21.574512 45 13699727 840627907352.00
rmat_s20_ef48_0.45_0.15_0.15_0.25_exp kMM random 32 1 1 1048576 50135288 0 5.862391 21.418460 45 13699727 840627907352.00
rmat_s20_ef48_0.45_0.15_0.15_0.25_exp kMM random 32 1 2 1048576 50135288 0 5.843819 21.159099 45 13699727 840627907352.00
rmat_s20_ef48_0.45_0.15_0.15_0.25_exp kMM random 32 16 0 1048576 3135146 47000142 3.781738 69.173785 45 13699121 840456704678.00
rmat_s20_ef48_0.45_0.15_0.15_0.25_exp kMM random 32 16 1 1048576 3133799 47001489 3.680601 69.825705 45 13698532 840450946044.00
rmat_s20_ef48_0.45_0.15_0.15_0.25_exp kMM random 32 16 2 1048576 3132518 47002770 3.881663 68.935532 45 13698717 840462544459.00
rmat_s20_ef48_0.45_0.15_0.15_0.25_exp kMM random 32 32 0 1048576 1567697 48567591 3.552319 54.106742 45 13698588 840458457186.00
rmat_s20_ef48_0.45_0.15_0.15_0.25_exp kMM random 32 32 1 1048576 1567098 48568190 3.574168 53.185150 45 13698808 840448975436.00
rmat_s20_ef48_0.45_0.15_0.15_0.25_exp kMM random 32 32 2 1048576 1566451 48568837 3.505725 53.562878 45 13698492 840447652168.00
rmat_s20_ef48_0.45_0.15_0.15_0.25_exp kMM random 32 4 0 1048576 12534695 37600593 6.325743 138.106449 45 13698884 840479342145.00
rmat_s20_ef48_0.45_0.15_0.15_0.25_exp kMM random 32 4 1 1048576 12532591 37602697 5.628021 138.729242 45 13699383 840488861917.00
rmat_s20_ef48_0.45_0.15_0.15_0.25_exp kMM random 32 4 2 1048576 12538050 37597238 6.197266 135.727358 45 13699277 840485386721.00
rmat_s20_ef48_0.45_0.15_0.15_0.25_exp kMM random 32 8 0 1048576 6265335 43869953 4.337744 95.170197 45 13698997 840463771982.00
rmat_s20_ef48_0.45_0.15_0.15_0.25_exp kMM random 32 8 1 1048576 6267107 43868181 4.389117 96.772940 46 13698758 840479003078.00
rmat_s20_ef48_0.45_0.15_0.15_0.25_exp kMM random 32 8 2 1048576 6269292 43865996 4.679198 93.706431 46 13698980 840476055773.00
rmat_s20_ef48_0.45_0.15_0.15_0.25_exp kMM random 4 1 0 1048576 50135288 0 11.893552 19.923031 25 1983549 214763944924.00
rmat_s20_ef48_0.45_0.15_0.15_0.25_exp kMM random 4 1 1 1048576 50135288 0 12.176049 19.971177 25 1983549 214763944924.00
rmat_s20_ef48_0.45_0.15_0.15_0.25_exp kMM random 4 1 2 1048576 50135288 0 13.618754 17.422293 25 1983549 214763944924.00
rmat_s20_ef48_0.45_0.15_0.15_0.25_exp kMM random 4 16 0 1048576 3135146 47000142 3.696021 10.818332 25 1983552 214710739825.00
rmat_s20_ef48_0.45_0.15_0.15_0.25_exp kMM random 4 16 1 1048576 3133799 47001489 4.119078 11.286960 24 1983708 214707420926.00
rmat_s20_ef48_0.45_0.15_0.15_0.25_exp kMM random 4 16 2 1048576 3132518 47002770 4.043531 10.912933 26 1983603 214710882577.00
rmat_s20_ef48_0.45_0.15_0.15_0.25_exp kMM random 4 32 0 1048576 1567697 48567591 3.444467 8.749367 25 1983555 214706083657.00
rmat_s20_ef48_0.45_0.15_0.15_0.25_exp kMM random 4 32 1 1048576 1567098 48568190 3.650520 8.752444 25 1983453 214688264935.00
rmat_s20_ef48_0.45_0.15_0.15_0.25_exp kMM random 4 32 2 1048576 1566451 48568837 3.622522 8.726675 25 1983965 214705204735.00
rmat_s20_ef48_0.45_0.15_0.15_0.25_exp kMM random 4 4 0 1048576 12534695 37600593 10.075197 30.939987 25 1983449 214727986793.00
rmat_s20_ef48_0.45_0.15_0.15_0.25_exp kMM random 4 4 1 1048576 12532591 37602697 8.801565 27.091212 25 1983294 214701138236.00
rmat_s20_ef48_0.45_0.15_0.15_0.25_exp kMM random 4 4 2 1048576 12538050 37597238 7.360688 22.044848 24 1983339 214711106068.00
rmat_s20_ef48_0.45_0.15_0.15_0.25_exp kMM random 4 8 0 1048576 6265335 43869953 4.519748 15.240524 25 1983626 214702625349.00
rmat_s20_ef48_0.45_0.15_0.15_0.25_exp kMM random 4 8 1 1048576 6267107 43868181 4.568753 15.551143 26 1983311 214699932074.00
rmat_s20_ef48_0.45_0.15_0.15_0.25_exp kMM random 4 8 2 1048576 6269292 43865996 4.835587 15.556263 26 1983419 214710122789.00
rmat_s20_ef48_0.45_0.15_0.15_0.25_exp kMM random 8 1 0 1048576 50135288 0 5.922422 10.919278 32 3903600 361207393232.00
rmat_s20_ef48_0.45_0.15_0.15_0.25_exp kMM random 8 1 1 1048576 50135288 0 5.868945 12.963777 32 3903600 361207393232.00
rmat_s20_ef48_0.45_0.15_0.15_0.25_exp kMM random 8 1 2 1048576 50135288 0 9.939139 11.487818 32 3903600 361207393232.00
rmat_s20_ef48_0.45_0.15_0.15_0.25_exp kMM random 8 16 0 1048576 3135146 47000142 3.837628 20.612460 32 3903048 361112736994.00
rmat_s20_ef48_0.45_0.15_0.15_0.25_exp kMM random 8 16 1 1048576 3133799 47001489 4.241827 20.698791 32 3902947 361122756859.00
rmat_s20_ef48_0.45_0.15_0.15_0.25_exp kMM random 8 16 2 1048576 3132518 47002770 4.119953 20.761261 32 3903129 361119005734.00
rmat_s20_ef48_0.45_0.15_0.15_0.25_exp kMM random 8 32 0 1048576 1567697 48567591 3.421670 16.238863 32 3902879 361092719120.00
rmat_s20_ef48_0.45_0.15_0.15_0.25_exp kMM random 8 32 1 1048576 1567098 48568190 4.657007 16.510534 32 3903237 361093775983.00
rmat_s20_ef48_0.45_0.15_0.15_0.25_exp kMM random 8 32 2 1048576 1566451 48568837 4.636595 16.494997 32 3903128 361093693067.00
rmat_s20_ef48_0.45_0.15_0.15_0.25_exp kMM random 8 4 0 1048576 12534695 37600593 5.843896 41.381486 35 3903236 361102509454.00
rmat_s20_ef48_0.45_0.15_0.15_0.25_exp kMM random 8 4 1 1048576 12532591 37602697 5.644138 41.479756 33 3903438 361156731989.00
rmat_s20_ef48_0.45_0.15_0.15_0.25_exp kMM random 8 4 2 1048576 12538050 37597238 5.565399 39.323338 33 3903135 361117861385.00
rmat_s20_ef48_0.45_0.15_0.15_0.25_exp kMM random 8 8 0 1048576 6265335 43869953 4.680837 28.896150 32 3903036 361124462945.00
rmat_s20_ef48_0.45_0.15_0.15_0.25_exp kMM random 8 8 1 1048576 6267107 43868181 4.529549 27.965984 32 3903370 361142024585.00
rmat_s20_ef48_0.45_0.15_0.15_0.25_exp kMM random 8 8 2 1048576 6269292 43865996 4.519305 29.765036 32 3902880 361125075667.00
rmat_s20_ef48_0.45_0.15_0.15_0.25_exp MRepLM diststream 16 16 0 1048576 5529270 44606018 43.726301 15.634110 261 7497823 572597267214.00
rmat_s20_ef48_0.45_0.15_0.15_0.25_exp MRepLM diststream 16 16 1 1048576 5530253 44605035 43.862699 14.883411 261 7497889 572598207675.00
rmat_s20_ef48_0.45_0.15_0.15_0.25_exp MRepLM diststream 16 16 2 1048576 5524662 44610626 43.594979 16.106121 261 7497876 572597153395.00
rmat_s20_ef48_0.45_0.15_0.15_0.25_exp MRepLM diststream 16 32 0 1048576 3561700 46573588 36.680973 11.433745 261 7497874 572597415573.00
rmat_s20_ef48_0.45_0.15_0.15_0.25_exp MRepLM diststream 16 32 1 1048576 3564595 46570693 37.772054 10.291504 261 7497876 572597439534.00
rmat_s20_ef48_0.45_0.15_0.15_0.25_exp MRepLM diststream 16 32 2 1048576 3565445 46569843 35.988236 9.181273 261 7497892 572598122635.00
rmat_s20_ef48_0.45_0.15_0.15_0.25_exp MRepLM diststream 16 4 0 1048576 18324740 31810548 76.613627 43.464839 261 7497887 572598429720.00
rmat_s20_ef48_0.45_0.15_0.15_0.25_exp MRepLM diststream 16 4 1 1048576 19094464 31040824 76.467509 40.072992 261 7497906 572597614487.00
rmat_s20_ef48_0.45_0.15_0.15_0.25_exp MRepLM diststream 16 4 2 1048576 18412715 31722573 73.949962 40.423945 261 7497893 572598066726.00
rmat_s20_ef48_0.45_0.15_0.15_0.25_exp MRepLM diststream 16 8 0 1048576 9201166 40934122 57.478672 23.030611 261 7497877 572597163515.00
rmat_s20_ef48_0.45_0.15_0.15_0.25_exp MRepLM diststream 16 8 1 1048576 9169431 40965857 57.005612 30.800787 261 7497907 572598307695.00
rmat_s20_ef48_0.45_0.15_0.15_0.25_exp MRepLM diststream 16 8 2 1048576 9171909 40963379 59.497613 31.847057 261 7497888 572598219566.00
rmat_s20_ef48_0.45_0.15_0.15_0.25_exp MRepLM diststream 32 16 0 1048576 5529270 44606018 43.583646 36.725138 593 13657163 839435563868.00
rmat_s20_ef48_0.45_0.15_0.15_0.25_exp MRepLM diststream 32 16 1 1048576 5530253 44605035 45.005819 38.023313 593 13657245 839436774728.00
rmat_s20_ef48_0.45_0.15_0.15_0.25_exp MRepLM diststream 32 16 2 1048576 5524662 44610626 43.548902 40.193656 592 13657233 839436822825.00
rmat_s20_ef48_0.45_0.15_0.15_0.25_exp MRepLM diststream 32 32 0 1048576 3561700 46573588 38.767389 26.978618 592 13657287 839436864959.00
rmat_s20_ef48_0.45_0.15_0.15_0.25_exp MRepLM diststream 32 32 1 1048576 3564595 46570693 36.099745 28.409223 593 13657175 839436083952.00
rmat_s20_ef48_0.45_0.15_0.15_0.25_exp MRepLM diststream 32 32 2 1048576 3565445 46569843 36.568061 28.515673 589 13657344 839437433839.00
rmat_s20_ef48_0.45_0.15_0.15_0.25_exp MRepLM diststream 32 4 0 1048576 18324740 31810548 76.640637 101.816901 590 13657260 839437124693.00
rmat_s20_ef48_0.45_0.15_0.15_0.25_exp MRepLM diststream 32 4 1 1048576 19094464 31040824 68.575481 101.789499 591 13657222 839436853405.00
rmat_s20_ef48_0.45_0.15_0.15_0.25_exp MRepLM diststream 32 4 2 1048576 18412715 31722573 77.784701 99.393188 591 13657230 839435900046.00
rmat_s20_ef48_0.45_0.15_0.15_0.25_exp MRepLM diststream 32 8 0 1048576 9201166 40934122 57.322241 76.612858 591 13657138 839435312100.00
rmat_s20_ef48_0.45_0.15_0.15_0.25_exp MRepLM diststream 32 8 1 1048576 9169431 40965857 58.424865 76.866443 590 13657195 839436766967.00
rmat_s20_ef48_0.45_0.15_0.15_0.25_exp MRepLM diststream 32 8 2 1048576 9171909 40963379 59.241694 79.259780 594 13657141 839435497390.00
rmat_s20_ef48_0.45_0.15_0.15_0.25_exp MRepLM diststream 4 16 0 1048576 5529270 44606018 43.505776 2.967639 54 1983090 215865316222.00
rmat_s20_ef48_0.45_0.15_0.15_0.25_exp MRepLM diststream 4 16 1 1048576 5530253 44605035 44.064592 3.057240 54 1983091 215865351510.00
rmat_s20_ef48_0.45_0.15_0.15_0.25_exp MRepLM diststream 4 16 2 1048576 5524662 44610626 43.206679 3.120003 54 1983094 215865145615.00
rmat_s20_ef48_0.45_0.15_0.15_0.25_exp MRepLM diststream 4 32 0 1048576 3561700 46573588 36.320051 1.861928 54 1983088 215865186260.00
rmat_s20_ef48_0.45_0.15_0.15_0.25_exp MRepLM diststream 4 32 1 1048576 3564595 46570693 36.282316 1.945050 54 1983089 215865248936.00
rmat_s20_ef48_0.45_0.15_0.15_0.25_exp MRepLM diststream 4 32 2 1048576 3565445 46569843 36.285022 1.809189 54 1983088 215865240705.00
rmat_s20_ef48_0.45_0.15_0.15_0.25_exp MRepLM diststream 4 4 0 1048576 18324740 31810548 76.792043 6.270450 54 1983093 215865304132.00
rmat_s20_ef48_0.45_0.15_0.15_0.25_exp MRepLM diststream 4 4 1 1048576 19094464 31040824 74.197972 6.357905 54 1983087 215865086701.00
rmat_s20_ef48_0.45_0.15_0.15_0.25_exp MRepLM diststream 4 4 2 1048576 18412715 31722573 76.288761 6.275151 54 1983085 215865091058.00
rmat_s20_ef48_0.45_0.15_0.15_0.25_exp MRepLM diststream 4 8 0 1048576 9201166 40934122 58.952858 4.897971 54 1983087 215865312993.00
rmat_s20_ef48_0.45_0.15_0.15_0.25_exp MRepLM diststream 4 8 1 1048576 9169431 40965857 57.834958 5.159711 54 1983084 215865196634.00
rmat_s20_ef48_0.45_0.15_0.15_0.25_exp MRepLM diststream 4 8 2 1048576 9171909 40963379 57.144853 5.210012 54 1983098 215865311815.00
rmat_s20_ef48_0.45_0.15_0.15_0.25_exp MRepLM diststream 8 16 0 1048576 5529270 44606018 43.725194 6.445313 117 3903491 362538127473.00
rmat_s20_ef48_0.45_0.15_0.15_0.25_exp MRepLM diststream 8 16 1 1048576 5530253 44605035 44.146998 6.684780 117 3903495 362538172422.00
rmat_s20_ef48_0.45_0.15_0.15_0.25_exp MRepLM diststream 8 16 2 1048576 5524662 44610626 44.776627 6.711713 117 3903494 362538162024.00
rmat_s20_ef48_0.45_0.15_0.15_0.25_exp MRepLM diststream 8 32 0 1048576 3561700 46573588 37.157113 4.568818 117 3903485 362538038707.00
rmat_s20_ef48_0.45_0.15_0.15_0.25_exp MRepLM diststream 8 32 1 1048576 3564595 46570693 37.305402 4.533122 117 3903495 362538626474.00
rmat_s20_ef48_0.45_0.15_0.15_0.25_exp MRepLM diststream 8 32 2 1048576 3565445 46569843 37.415546 3.908223 117 3903483 362538108501.00
rmat_s20_ef48_0.45_0.15_0.15_0.25_exp MRepLM diststream 8 4 0 1048576 18324740 31810548 76.703717 16.610353 117 3903506 362538621320.00
rmat_s20_ef48_0.45_0.15_0.15_0.25_exp MRepLM diststream 8 4 1 1048576 19094464 31040824 70.222567 17.956541 117 3903489 362538160223.00
rmat_s20_ef48_0.45_0.15_0.15_0.25_exp MRepLM diststream 8 4 2 1048576 18412715 31722573 78.124747 15.116667 117 3903486 362538153282.00
rmat_s20_ef48_0.45_0.15_0.15_0.25_exp MRepLM diststream 8 8 0 1048576 9201166 40934122 56.084157 10.658250 117 3903491 362538282459.00
rmat_s20_ef48_0.45_0.15_0.15_0.25_exp MRepLM diststream 8 8 1 1048576 9169431 40965857 56.134576 11.461321 117 3903486 362538429758.00
rmat_s20_ef48_0.45_0.15_0.15_0.25_exp MRepLM diststream 8 8 2 1048576 9171909 40963379 61.664522 12.113459 117 3903477 362537980112.00
rmat_s20_ef48_0.45_0.15_0.15_0.25_exp MRepLM random 16 1 0 1048576 50135288 0 6.221200 98.105996 261 7497885 572596935248.00
rmat_s20_ef48_0.45_0.15_0.15_0.25_exp MRepLM random 16 1 1 1048576 50135288 0 16.024205 156.426574 261 7497897 572597509104.00
rmat_s20_ef48_0.45_0.15_0.15_0.25_exp MRepLM random 16 1 2 1048576 50135288 0 12.670600 154.781409 261 7497882 572598146477.00
rmat_s20_ef48_0.45_0.15_0.15_0.25_exp MRepLM random 16 16 0 1048576 3135146 47000142 3.733007 15.177996 261 7497885 572596935248.00
rmat_s20_ef48_0.45_0.15_0.15_0.25_exp MRepLM random 16 16 1 1048576 3133799 47001489 3.792820 15.023318 261 7497897 572597509104.00
rmat_s20_ef48_0.45_0.15_0.15_0.25_exp MRepLM random 16 16 2 1048576 3132518 47002770 3.794110 15.269700 261 7497882 572598146477.00
rmat_s20_ef48_0.45_0.15_0.15_0.25_exp MRepLM random 16 32 0 1048576 1567697 48567591 5.679580 18.962431 261 7497885 572596935248.00
rmat_s20_ef48_0.45_0.15_0.15_0.25_exp MRepLM random 16 32 1 1048576 1567098 48568190 4.639353 12.838451 261 7497897 572597509104.00
rmat_s20_ef48_0.45_0.15_0.15_0.25_exp MRepLM random 16 32 2 1048576 1566451 48568837 4.920147 12.824782 261 7497882 572598146477.00
rmat_s20_ef48_0.45_0.15_0.15_0.25_exp MRepLM random 16 4 0 1048576 12534695 37600593 7.201565 43.248676 261 7497885 572596935248.00
rmat_s20_ef48_0.45_0.15_0.15_0.25_exp MRepLM random 16 4 1 1048576 12532591 37602697 6.360055 41.975822 261 7497897 572597509104.00
rmat_s20_ef48_0.45_0.15_0.15_0.25_exp MRepLM random 16 4 2 1048576 12538050 37597238 6.161905 43.698584 261 7497882 572598146477.00
rmat_s20_ef48_0.45_0.15_0.15_0.25_exp MRepLM random 16 8 0 1048576 6265335 43869953 4.893233 24.493787 261 7497885 572596935248.00
rmat_s20_ef48_0.45_0.15_0.15_0.25_exp MRepLM random 16 8 1 1048576 6267107 43868181 5.478381 27.818768 261 7497897 572597509104.00
rmat_s20_ef48_0.45_0.15_0.15_0.25_exp MRepLM random 16 8 2 1048576 6269292 43865996 4.477581 29.066703 261 7497882 572598146477.00
rmat_s20_ef48_0.45_0.15_0.15_0.25_exp MRepLM random 32 1 0 1048576 50135288 0 6.056820 257.349752 594 13657301 839436410219.00
rmat_s20_ef48_0.45_0.15_0.15_0.25_exp MRepLM random 32 1 1 1048576 50135288 0 10.221922 395.547665 593 13657175 839436688702.00
rmat_s20_ef48_0.45_0.15_0.15_0.25_exp MRepLM random 32 1 2 1048576 50135288 0 14.098133 393.508035 590 13657172 839436041944.00
rmat_s20_ef48_0.45_0.15_0.15_0.25_exp MRepLM random 32 16 0 1048576 3135146 47000142 3.816807 36.010961 594 13657301 839436410219.00
rmat_s20_ef48_0.45_0.15_0.15_0.25_exp MRepLM random 32 16 1 1048576 3133799 47001489 3.663347 35.481027 593 13657175 839436688702.00
rmat_s20_ef48_0.45_0.15_0.15_0.25_exp MRepLM random 32 16 2 1048576 3132518 47002770 3.710612 35.423964 590 13657172 839436041944.00
rmat_s20_ef48_0.45_0.15_0.15_0.25_exp MRepLM random 32 32 0 1048576 1567697 48567591 4.044033 27.139582 594 13657301 839436410219.00
rmat_s20_ef48_0.45_0.15_0.15_0.25_exp MRepLM random 32 32 1 1048576 1567098 48568190 6.353822 43.075766 593 13657175 839436688702.00
rmat_s20_ef48_0.45_0.15_0.15_0.25_exp MRepLM random 32 32 2 1048576 1566451 48568837 6.212980 43.216070 590 13657172 839436041944.00
rmat_s20_ef48_0.45_0.15_0.15_0.25_exp MRepLM random 32 4 0 1048576 12534695 37600593 8.332456 98.902294 594 13657301 839436410219.00
rmat_s20_ef48_0.45_0.15_0.15_0.25_exp MRepLM random 32 4 1 1048576 12532591 37602697 5.920019 99.390213 593 13657175 839436688702.00
rmat_s20_ef48_0.45_0.15_0.15_0.25_exp MRepLM random 32 4 2 1048576 12538050 37597238 5.848706 99.190712 590 13657172 839436041944.00
rmat_s20_ef48_0.45_0.15_0.15_0.25_exp MRepLM random 32 8 0 1048576 6265335 43869953 4.420307 57.076317 594 13657301 839436410219.00
rmat_s20_ef48_0.45_0.15_0.15_0.25_exp MRepLM random 32 8 1 1048576 6267107 43868181 5.422837 67.541712 593 13657175 839436688702.00
rmat_s20_ef48_0.45_0.15_0.15_0.25_exp MRepLM random 32 8 2 1048576 6269292 43865996 5.558972 73.856208 590 13657172 839436041944.00
rmat_s20_ef48_0.45_0.15_0.15_0.25_exp MRepLM random 4 1 0 1048576 50135288 0 7.658262 24.337295 54 1983092 215865217323.00
rmat_s20_ef48_0.45_0.15_0.15_0.25_exp MRepLM random 4 1 1 1048576 50135288 0 13.877462 23.702659 54 1983090 215865320242.00
rmat_s20_ef48_0.45_0.15_0.15_0.25_exp MRepLM random 4 1 2 1048576 50135288 0 14.325935 22.585559 54 1983087 215865200523.00
rmat_s20_ef48_0.45_0.15_0.15_0.25_exp MRepLM random 4 16 0 1048576 3135146 47000142 3.691501 2.853325 54 1983092 215865217323.00
rmat_s20_ef48_0.45_0.15_0.15_0.25_exp MRepLM random 4 16 1 1048576 3133799 47001489 3.698034 2.815155 54 1983090 215865320242.00
rmat_s20_ef48_0.45_0.15_0.15_0.25_exp MRepLM random 4 16 2 1048576 3132518 47002770 3.761287 2.864214 54 1983087 215865200523.00
rmat_s20_ef48_0.45_0.15_0.15_0.25_exp MRepLM random 4 32 0 1048576 1567697 48567591 5.164980 2.201167 54 1983092 215865217323.00
rmat_s20_ef48_0.45_0.15_0.15_0.25_exp MRepLM random 4 32 1 1048576 1567098 48568190 5.440235 2.137818 54 1983090 215865320242.00
rmat_s20_ef48_0.45_0.15_0.15_0.25_exp MRepLM random 4 32 2 1048576 1566451 48568837 5.542630 1.916727 54 1983087 215865200523.00
rmat_s20_ef48_0.45_0.15_0.15_0.25_exp MRepLM random 4 4 0 1048576 12534695 37600593 6.199272 8.874698 54 1983092 215865217323.00
rmat_s20_ef48_0.45_0.15_0.15_0.25_exp MRepLM random 4 4 1 1048576 12532591 37602697 5.808079 9.712693 54 1983090 215865320242.00
rmat_s20_ef48_0.45_0.15_0.15_0.25_exp MRepLM random 4 4 2 1048576 12538050 37597238 7.004370 13.474601 54 1983087 215865200523.00
rmat_s20_ef48_0.45_0.15_0.15_0.25_exp MRepLM random 4 8 0 1048576 6265335 43869953 5.274923 4.904926 54 1983092 215865217323.00
rmat_s20_ef48_0.45_0.15_0.15_0.25_exp MRepLM random 4 8 1 1048576 6267107 43868181 5.061315 4.841956 54 1983090 215865320242.00
rmat_s20_ef48_0.45_0.15_0.15_0.25_exp MRepLM random 4 8 2 1048576 6269292 43865996 4.485799 5.345167 54 1983087 215865200523.00
rmat_s20_ef48_0.45_0.15_0.15_0.25_exp MRepLM random 8 1 0 1048576 50135288 0 11.687676 68.648908 117 3903477 362537978756.00
rmat_s20_ef48_0.45_0.15_0.15_0.25_exp MRepLM random 8 1 1 1048576 50135288 0 14.672989 75.574748 117 3903481 362538224402.00
rmat_s20_ef48_0.45_0.15_0.15_0.25_exp MRepLM random 8 1 2 1048576 50135288 0 11.998125 69.299681 117 3903479 362538061718.00
rmat_s20_ef48_0.45_0.15_0.15_0.25_exp MRepLM random 8 16 0 1048576 3135146 47000142 3.714408 6.359796 117 3903477 362537978756.00
rmat_s20_ef48_0.45_0.15_0.15_0.25_exp MRepLM random 8 16 1 1048576 3133799 47001489 3.671202 6.375367 117 3903481 362538224402.00
rmat_s20_ef48_0.45_0.15_0.15_0.25_exp MRepLM random 8 16 2 1048576 3132518 47002770 3.753991 6.317253 117 3903479 362538061718.00
rmat_s20_ef48_0.45_0.15_0.15_0.25_exp MRepLM random 8 32 0 1048576 1567697 48567591 3.762381 4.805406 117 3903477 362537978756.00
rmat_s20_ef48_0.45_0.15_0.15_0.25_exp MRepLM random 8 32 1 1048576 1567098 48568190 4.788082 5.657085 117 3903481 362538224402.00
rmat_s20_ef48_0.45_0.15_0.15_0.25_exp MRepLM random 8 32 2 1048576 1566451 48568837 4.935870 5.469937 117 3903479 362538061718.00
rmat_s20_ef48_0.45_0.15_0.15_0.25_exp MRepLM random 8 4 0 1048576 12534695 37600593 5.705913 17.786149 117 3903477 362537978756.00
rmat_s20_ef48_0.45_0.15_0.15_0.25_exp MRepLM random 8 4 1 1048576 12532591 37602697 5.758618 18.084033 117 3903481 362538224402.00
rmat_s20_ef48_0.45_0.15_0.15_0.25_exp MRepLM random 8 4 2 1048576 12538050 37597238 5.725477 17.899384 117 3903479 362538061718.00
rmat_s20_ef48_0.45_0.15_0.15_0.25_exp MRepLM random 8 8 0 1048576 6265335 43869953 4.381580 10.033470 117 3903477 362537978756.00
rmat_s20_ef48_0.45_0.15_0.15_0.25_exp MRepLM random 8 8 1 1048576 6267107 43868181 4.346906 11.271113 117 3903481 362538224402.00
rmat_s20_ef48_0.45_0.15_0.15_0.25_exp MRepLM random 8 8 2 1048576 6269292 43865996 5.035707 15.231406 117 3903479 362538061718.00
rmat_s20_ef48_0.45_0.15_0.15_0.25_uni kMM diststream 16 16 0 1048576 8762635 41373004 43.620472 46.683585 22 7497992 3019117205466.00
rmat_s20_ef48_0.45_0.15_0.15_0.25_uni kMM diststream 16 16 1 1048576 8695989 41439650 43.838470 47.736977 22 7498788 3019784473582.00
rmat_s20_ef48_0.45_0.15_0.15_0.25_uni kMM diststream 16 16 2 1048576 8182260 41953379 44.037432 44.422991 23 7498698 3019308721124.00
rmat_s20_ef48_0.45_0.15_0.15_0.25_uni kMM diststream 16 32 0 1048576 4465755 45669884 36.094349 31.144911 23 7499200 3019837791090.00
rmat_s20_ef48_0.45_0.15_0.15_0.25_uni kMM diststream 16 32 1 1048576 4362957 45772682 36.882016 31.503402 22 7498563 3019952917291.00
rmat_s20_ef48_0.45_0.15_0.15_0.25_uni kMM diststream 16 32 2 1048576 4434257 45701382 37.355961 31.672144 22 7498923 3019712316109.00
rmat_s20_ef48_0.45_0.15_0.15_0.25_uni kMM diststream 16 4 0 1048576 22513491 27622148 70.281088 74.899435 22 7499452 3021345301109.00
rmat_s20_ef48_0.45_0.15_0.15_0.25_uni kMM diststream 16 4 1 1048576 22506124 27629515 77.546795 87.818684 22 7500001 3020688641177.00
rmat_s20_ef48_0.45_0.15_0.15_0.25_uni kMM diststream 16 4 2 1048576 22504127 27631512 77.207533 87.965827 23 7500456 3020774065704.00
rmat_s20_ef48_0.45_0.15_0.15_0.25_uni kMM diststream 16 8 0 1048576 14710780 35424859 57.810954 68.963003 23 7499004 3019847563025.00
rmat_s20_ef48_0.45_0.15_0.15_0.25_uni kMM diststream 16 8 1 1048576 14869089 35266550 55.676618 66.550062 23 7499336 3019906755344.00
rmat_s20_ef48_0.45_0.15_0.15_0.25_uni kMM diststream 16 8 2 1048576 15235333 34900306 55.825574 66.845564 23 7498968 3019973047653.00
rmat_s20_ef48_0.45_0.15_0.15_0.25_uni kMM diststream 32 16 0 1048576 8762635 41373004 43.755931 83.752854 28 13694647 5042887746217.00
rmat_s20_ef48_0.45_0.15_0.15_0.25_uni kMM diststream 32 16 1 1048576 8695989 41439650 44.357619 87.384850 27 13694786 5043759692531.00
rmat_s20_ef48_0.45_0.15_0.15_0.25_uni kMM diststream 32 16 2 1048576 8182260 41953379 44.385805 78.917661 27 13695257 5043414088100.00
rmat_s20_ef48_0.45_0.15_0.15_0.25_uni kMM diststream 32 32 0 1048576 4465755 45669884 36.305122 57.399529 27 13696020 5043528320203.00
rmat_s20_ef48_0.45_0.15_0.15_0.25_uni kMM diststream 32 32 1 1048576 4362957 45772682 37.382145 57.062153 26 13695838 5043645545156.00
rmat_s20_ef48_0.45_0.15_0.15_0.25_uni kMM diststream 32 32 2 1048576 4434257 45701382 37.436028 57.412065 28 13696031 5043404181807.00
rmat_s20_ef48_0.45_0.15_0.15_0.25_uni kMM diststream 32 4 0 1048576 22513491 27622148 75.323134 158.528975 27 13696210 5044640671508.00
rmat_s20_ef48_0.45_0.15_0.15_0.25_uni kMM diststream 32 4 1 1048576 22506124 27629515 76.684047 154.723989 27 13696222 5043869565104.00
rmat_s20_ef48_0.45_0.15_0.15_0.25_uni kMM diststream 32 4 2 1048576 22504127 27631512 77.139965 159.250422 27 13695750 5043855917887.00
rmat_s20_ef48_0.45_0.15_0.15_0.25_uni kMM diststream 32 8 0 1048576 14710780 35424859 57.181517 122.870562 27 13695689 5043494561618.00
rmat_s20_ef48_0.45_0.15_0.15_0.25_uni kMM diststream 32 8 1 1048576 14869089 35266550 55.722383 117.796966 27 13696120 5043272190122.00
rmat_s20_ef48_0.45_0.15_0.15_0.25_uni kMM diststream 32 8 2 1048576 15235333 34900306 56.798324 121.534074 27 13694938 5043258931184.00
rmat_s20_ef48_0.45_0.15_0.15_0.25_uni kMM diststream 4 16 0 1048576 8762635 41373004 44.436166 12.285674 15 1982164 875699686402.00
rmat_s20_ef48_0.45_0.15_0.15_0.25_uni kMM diststream 4 16 1 1048576 8695989 41439650 44.572568 12.451634 15 1982332 876037274323.00
rmat_s20_ef48_0.45_0.15_0.15_0.25_uni kMM diststream 4 16 2 1048576 8182260 41953379 43.803672 11.537842 14 1982039 875682143500.00
rmat_s20_ef48_0.45_0.15_0.15_0.25_uni kMM diststream 4 32 0 1048576 4465755 45669884 36.406622 8.379972 15 1982237 876408691775.00
rmat_s20_ef48_0.45_0.15_0.15_0.25_uni kMM diststream 4 32 1 1048576 4362957 45772682 37.124469 8.484960 14 1982706 876647061902.00
rmat_s20_ef48_0.45_0.15_0.15_0.25_uni kMM diststream 4 32 2 1048576 4434257 45701382 36.729817 8.504836 16 1982408 876489435064.00
rmat_s20_ef48_0.45_0.15_0.15_0.25_uni kMM diststream 4 4 0 1048576 22513491 27622148 75.726902 22.592858 14 1982429 876353070558.00
rmat_s20_ef48_0.45_0.15_0.15_0.25_uni kMM diststream 4 4 1 1048576 22506124 27629515 75.726287 22.589186 14 1982552 876232838198.00
rmat_s20_ef48_0.45_0.15_0.15_0.25_uni kMM diststream 4 4 2 1048576 22504127 27631512 76.492527 23.124650 15 1982535 876269390478.00
rmat_s20_ef48_0.45_0.15_0.15_0.25_uni kMM diststream 4 8 0 1048576 14710780 35424859 56.113002 17.254261 15 1982336 875898052620.00
rmat_s20_ef48_0.45_0.15_0.15_0.25_uni kMM diststream 4 8 1 1048576 14869089 35266550 55.103945 17.728664 14 1982398 876187237473.00
rmat_s20_ef48_0.45_0.15_0.15_0.25_uni kMM diststream 4 8 2 1048576 15235333 34900306 57.628427 18.377589 15 1982347 876264020300.00
rmat_s20_ef48_0.45_0.15_0.15_0.25_uni kMM diststream 8 16 0 1048576 8762635 41373004 43.744919 24.317623 18 3899654 1666653912086.00
rmat_s20_ef48_0.45_0.15_0.15_0.25_uni kMM diststream 8 16 1 1048576 8695989 41439650 43.968867 24.477342 20 3898887 1666916268670.00
rmat_s20_ef48_0.45_0.15_0.15_0.25_uni kMM diststream 8 16 2 1048576 8182260 41953379 43.526405 22.870900 19 3899384 1666608088718.00
rmat_s20_ef48_0.45_0.15_0.15_0.25_uni kMM diststream 8 32 0 1048576 4465755 45669884 36.848458 16.675530 19 3899360 1667311929073.00
rmat_s20_ef48_0.45_0.15_0.15_0.25_uni kMM diststream 8 32 1 1048576 4362957 45772682 36.657842 16.744301 18 3899339 1667442633920.00
rmat_s20_ef48_0.45_0.15_0.15_0.25_uni kMM diststream 8 32 2 1048576 4434257 45701382 36.120839 16.805937 19 3899644 1667341143391.00
rmat_s20_ef48_0.45_0.15_0.15_0.25_uni kMM diststream 8 4 0 1048576 22513491 27622148 75.270398 44.612734 19 3900386 1668076276257.00
rmat_s20_ef48_0.45_0.15_0.15_0.25_uni kMM diststream 8 4 1 1048576 22506124 27629515 76.629759 45.205057 18 3900737 1667957579919.00
rmat_s20_ef48_0.45_0.15_0.15_0.25_uni kMM diststream 8 4 2 1048576 22504127 27631512 68.405930 43.561490 19 3900583 1667800086207.00
rmat_s20_ef48_0.45_0.15_0.15_0.25_uni kMM diststream 8 8 0 1048576 14710780 35424859 55.793582 34.437640 21 3899755 1667123890973.00
rmat_s20_ef48_0.45_0.15_0.15_0.25_uni kMM diststream 8 8 1 1048576 14869089 35266550 56.231910 35.837403 19 3899178 1667277287457.00
rmat_s20_ef48_0.45_0.15_0.15_0.25_uni kMM diststream 8 8 2 1048576 15235333 34900306 57.512466 35.206744 19 3900212 1667542508294.00
rmat_s20_ef48_0.45_0.15_0.15_0.25_uni kMM random 16 1 0 1048576 50135639 0 5.933310 5.797201 24 7499238 3030596943800.00
rmat_s20_ef48_0.45_0.15_0.15_0.25_uni kMM random 16 1 1 1048576 50135639 0 5.833052 5.798354 24 7499238 3030596943800.00
rmat_s20_ef48_0.45_0.15_0.15_0.25_uni kMM random 16 1 2 1048576 50135639 0 5.862059 5.960321 24 7499238 3030596943800.00
rmat_s20_ef48_0.45_0.15_0.15_0.25_uni kMM random 16 16 0 1048576 3136056 46999583 3.741392 36.876400 24 7499825 3023131198778.00
rmat_s20_ef48_0.45_0.15_0.15_0.25_uni kMM random 16 16 1 1048576 3134095 47001544 3.840919 37.259508 23 7500057 3023230241253.00
rmat_s20_ef48_0.45_0.15_0.15_0.25_uni kMM random 16 16 2 1048576 3133167 47002472 4.133822 37.986626 22 7499997 3023172680184.00
rmat_s20_ef48_0.45_0.15_0.15_0.25_uni kMM random 16 32 0 1048576 1568076 48567563 6.712831 41.253547 23 7500074 3023026461360.00
rmat_s20_ef48_0.45_0.15_0.15_0.25_uni kMM random 16 32 1 1048576 1566686 48568953 4.551486 41.063072 24 7499620 3023045935353.00
rmat_s20_ef48_0.45_0.15_0.15_0.25_uni kMM random 16 32 2 1048576 1566532 48569107 5.462888 42.295782 23 7499605 3023014235555.00
rmat_s20_ef48_0.45_0.15_0.15_0.25_uni kMM random 16 4 0 1048576 12534444 37601195 5.586784 73.638540 24 7499805 3023921220347.00
rmat_s20_ef48_0.45_0.15_0.15_0.25_uni kMM random 16 4 1 1048576 12537200 37598439 5.729454 68.858778 22 7499512 3024078288987.00
rmat_s20_ef48_0.45_0.15_0.15_0.25_uni kMM random 16 4 2 1048576 12531868 37603771 5.729860 68.208549 23 7500123 3024107951090.00
rmat_s20_ef48_0.45_0.15_0.15_0.25_uni kMM random 16 8 0 1048576 6269204 43866435 4.781238 58.722170 23 7500082 3023484382275.00
rmat_s20_ef48_0.45_0.15_0.15_0.25_uni kMM random 16 8 1 1048576 6269423 43866216 4.296255 60.971221 22 7499734 3023392890297.00
rmat_s20_ef48_0.45_0.15_0.15_0.25_uni kMM random 16 8 2 1048576 6267020 43868619 4.683294 70.080484 23 7499209 3023293279142.00
rmat_s20_ef48_0.45_0.15_0.15_0.25_uni kMM random 32 1 0 1048576 50135639 0 5.906215 8.575558 27 13699152 5051151079223.00
rmat_s20_ef48_0.45_0.15_0.15_0.25_uni kMM random 32 1 1 1048576 50135639 0 5.892516 8.635186 27 13699152 5051151079223.00
rmat_s20_ef48_0.45_0.15_0.15_0.25_uni kMM random 32 1 2 1048576 50135639 0 5.921531 8.580775 27 13699152 5051151079223.00
rmat_s20_ef48_0.45_0.15_0.15_0.25_uni kMM random 32 16 0 1048576 3136056 46999583 3.773417 67.906372 27 13697764 5046760967708.00
rmat_s20_ef48_0.45_0.15_0.15_0.25_uni kMM random 32 16 1 1048576 3134095 47001544 3.865973 67.265203 27 13698354 5046803976816.00
rmat_s20_ef48_0.45_0.15_0.15_0.25_uni kMM random 32 16 2 1048576 3133167 47002472 3.980392 65.461891 27 13698102 5046756883705.00
rmat_s20_ef48_0.45_0.15_0.15_0.25_uni kMM random 32 32 0 1048576 1568076 48567563 3.563241 52.702077 28 13698242 5046733313145.00
rmat_s20_ef48_0.45_0.15_0.15_0.25_uni kMM random 32 32 1 1048576 1566686 48568953 3.576705 52.641072 27 13698377 5046740378857.00
rmat_s20_ef48_0.45_0.15_0.15_0.25_uni kMM random 32 32 2 1048576 1566532 48569107 3.615985 52.863410 28 13698340 5046789114965.00
rmat_s20_ef48_0.45_0.15_0.15_0.25_uni kMM random 32 4 0 1048576 12534444 37601195 11.994525 138.633218 27 13698586 5047568413743.00
rmat_s20_ef48_0.45_0.15_0.15_0.25_uni kMM random 32 4 1 1048576 12537200 37598439 10.205377 133.046311 27 13699101 5047787707605.00
rmat_s20_ef48_0.45_0.15_0.15_0.25_uni kMM random 32 4 2 1048576 12531868 37603771 11.166754 132.976040 28 13698846 5047730045531.00
rmat_s20_ef48_0.45_0.15_0.15_0.25_uni kMM random 32 8 0 1048576 6269204 43866435 4.565315 93.961845 28 13697700 5046963097796.00
rmat_s20_ef48_0.45_0.15_0.15_0.25_uni kMM random 32 8 1 1048576 6269423 43866216 4.328855 96.367515 28 13698125 5047116227161.00
rmat_s20_ef48_0.45_0.15_0.15_0.25_uni kMM random 32 8 2 1048576 6267020 43868619 4.472288 90.518509 29 13698020 5047035302814.00
rmat_s20_ef48_0.45_0.15_0.15_0.25_uni kMM random 4 1 0 1048576 50135639 0 8.157744 5.276520 14 1984879 889179171811.00
rmat_s20_ef48_0.45_0.15_0.15_0.25_uni kMM random 4 1 1 1048576 50135639 0 8.867490 4.754633 14 1984879 889179171811.00
rmat_s20_ef48_0.45_0.15_0.15_0.25_uni kMM random 4 1 2 1048576 50135639 0 9.268262 4.619835 14 1984879 889179171811.00
rmat_s20_ef48_0.45_0.15_0.15_0.25_uni kMM random 4 16 0 1048576 3136056 46999583 3.716733 10.255500 14 1982105 877608309571.00
rmat_s20_ef48_0.45_0.15_0.15_0.25_uni kMM random 4 16 1 1048576 3134095 47001544 3.782401 10.253586 14 1981898 877596871451.00
rmat_s20_ef48_0.45_0.15_0.15_0.25_uni kMM random 4 16 2 1048576 3133167 47002472 3.946998 10.374203 15 1981693 877658295910.00
rmat_s20_ef48_0.45_0.15_0.15_0.25_uni kMM random 4 32 0 1048576 1568076 48567563 3.519743 8.145442 15 1981738 877527339882.00
rmat_s20_ef48_0.45_0.15_0.15_0.25_uni kMM random 4 32 1 1048576 1566686 48568953 3.524369 8.223258 15 1982045 877519548990.00
rmat_s20_ef48_0.45_0.15_0.15_0.25_uni kMM random 4 32 2 1048576 1566532 48569107 3.876907 8.016833 15 1981922 877570294496.00
rmat_s20_ef48_0.45_0.15_0.15_0.25_uni kMM random 4 4 0 1048576 12534444 37601195 11.955241 21.174484 15 1981599 878270539359.00
rmat_s20_ef48_0.45_0.15_0.15_0.25_uni kMM random 4 4 1 1048576 12537200 37598439 6.388750 18.190637 16 1982019 878378705786.00
rmat_s20_ef48_0.45_0.15_0.15_0.25_uni kMM random 4 4 2 1048576 12531868 37603771 9.326422 20.726534 15 1981865 878367687363.00
rmat_s20_ef48_0.45_0.15_0.15_0.25_uni kMM random 4 8 0 1048576 6269204 43866435 4.439470 14.284349 15 1981841 877800050518.00
rmat_s20_ef48_0.45_0.15_0.15_0.25_uni kMM random 4 8 1 1048576 6269423 43866216 4.511563 14.180302 15 1981891 877880016141.00
rmat_s20_ef48_0.45_0.15_0.15_0.25_uni kMM random 4 8 2 1048576 6267020 43868619 4.477101 14.477495 14 1982001 877916379490.00
rmat_s20_ef48_0.45_0.15_0.15_0.25_uni kMM random 8 1 0 1048576 50135639 0 8.733049 4.930454 19 3900061 1680252759592.00
rmat_s20_ef48_0.45_0.15_0.15_0.25_uni kMM random 8 1 1 1048576 50135639 0 7.548369 6.825437 19 3900061 1680252759592.00
rmat_s20_ef48_0.45_0.15_0.15_0.25_uni kMM random 8 1 2 1048576 50135639 0 9.721546 4.687068 19 3900061 1680252759592.00
rmat_s20_ef48_0.45_0.15_0.15_0.25_uni kMM random 8 16 0 1048576 3136056 46999583 4.365393 27.393542 20 3899325 1669593313345.00
rmat_s20_ef48_0.45_0.15_0.15_0.25_uni kMM random 8 16 1 1048576 3134095 47001544 7.980579 30.149865 21 3899757 1669576637315.00
rmat_s20_ef48_0.45_0.15_0.15_0.25_uni kMM random 8 16 2 1048576 3133167 47002472 8.226429 29.737655 19 3899176 1669480392040.00
rmat_s20_ef48_0.45_0.15_0.15_0.25_uni kMM random 8 32 0 1048576 1568076 48567563 7.120788 23.620269 19 3899837 1669472229963.00
rmat_s20_ef48_0.45_0.15_0.15_0.25_uni kMM random 8 32 1 1048576 1566686 48568953 7.456796 23.913042 19 3899518 1669452698324.00
rmat_s20_ef48_0.45_0.15_0.15_0.25_uni kMM random 8 32 2 1048576 1566532 48569107 7.281379 22.628951 20 3899147 1669409439246.00
rmat_s20_ef48_0.45_0.15_0.15_0.25_uni kMM random 8 4 0 1048576 12534444 37601195 10.930731 45.005567 19 3899236 1670464565029.00
rmat_s20_ef48_0.45_0.15_0.15_0.25_uni kMM random 8 4 1 1048576 12537200 37598439 10.874866 42.637291 18 3898953 1670539579908.00
rmat_s20_ef48_0.45_0.15_0.15_0.25_uni kMM random 8 4 2 1048576 12531868 37603771 9.640391 41.133778 19 3899516 1670557569916.00
rmat_s20_ef48_0.45_0.15_0.15_0.25_uni kMM random 8 8 0 1048576 6269204 43866435 9.555038 40.176835 19 3899209 1669754018116.00
rmat_s20_ef48_0.45_0.15_0.15_0.25_uni kMM random 8 8 1 1048576 6269423 43866216 9.033877 41.502812 18 3899653 1670030756586.00
rmat_s20_ef48_0.45_0.15_0.15_0.25_uni kMM random 8 8 2 1048576 6267020 43868619 9.642246 41.112101 19 3899353 1669751241551.00
rmat_s20_ef48_0.45_0.15_0.15_0.25_uni MRepLM diststream 16 16 0 1048576 8762635 41373004 43.719207 15.197596 257 7500170 3039059258311.00
rmat_s20_ef48_0.45_0.15_0.15_0.25_uni MRepLM diststream 16 16 1 1048576 8695989 41439650 44.370283 15.268701 257 7500080 3039050426649.00
rmat_s20_ef48_0.45_0.15_0.15_0.25_uni MRepLM diststream 16 16 2 1048576 8182260 41953379 44.145499 14.934823 257 7500094 3039055039960.00
rmat_s20_ef48_0.45_0.15_0.15_0.25_uni MRepLM diststream 16 32 0 1048576 4465755 45669884 37.260613 11.117846 257 7500182 3039057508497.00
rmat_s20_ef48_0.45_0.15_0.15_0.25_uni MRepLM diststream 16 32 1 1048576 4362957 45772682 38.200736 9.814621 258 7500146 3039060040265.00
rmat_s20_ef48_0.45_0.15_0.15_0.25_uni MRepLM diststream 16 32 2 1048576 4434257 45701382 37.674649 9.316574 257 7500132 3039057429984.00
rmat_s20_ef48_0.45_0.15_0.15_0.25_uni MRepLM diststream 16 4 0 1048576 22513491 27622148 73.623668 37.702020 258 7500085 3039048566540.00
rmat_s20_ef48_0.45_0.15_0.15_0.25_uni MRepLM diststream 16 4 1 1048576 22506124 27629515 75.799113 39.885036 258 7500133 3039050117579.00
rmat_s20_ef48_0.45_0.15_0.15_0.25_uni MRepLM diststream 16 4 2 1048576 22504127 27631512 67.439833 38.755666 257 7500061 3039055852030.00
rmat_s20_ef48_0.45_0.15_0.15_0.25_uni MRepLM diststream 16 8 0 1048576 14710780 35424859 56.822408 22.761746 257 7500057 3039057663536.00
rmat_s20_ef48_0.45_0.15_0.15_0.25_uni MRepLM diststream 16 8 1 1048576 14869089 35266550 56.882170 25.081565 257 7500106 3039066274637.00
rmat_s20_ef48_0.45_0.15_0.15_0.25_uni MRepLM diststream 16 8 2 1048576 15235333 34900306 57.491311 29.465968 257 7500270 3039073128514.00
rmat_s20_ef48_0.45_0.15_0.15_0.25_uni MRepLM diststream 32 16 0 1048576 8762635 41373004 43.883689 36.833251 595 13661210 5046508910838.00
rmat_s20_ef48_0.45_0.15_0.15_0.25_uni MRepLM diststream 32 16 1 1048576 8695989 41439650 44.054705 36.184819 591 13661009 5046484526212.00
rmat_s20_ef48_0.45_0.15_0.15_0.25_uni MRepLM diststream 32 16 2 1048576 8182260 41953379 44.790667 35.138368 592 13661213 5046503557966.00
rmat_s20_ef48_0.45_0.15_0.15_0.25_uni MRepLM diststream 32 32 0 1048576 4465755 45669884 36.254243 27.267171 594 13661136 5046496560796.00
rmat_s20_ef48_0.45_0.15_0.15_0.25_uni MRepLM diststream 32 32 1 1048576 4362957 45772682 36.787970 32.492849 594 13661225 5046501733647.00
rmat_s20_ef48_0.45_0.15_0.15_0.25_uni MRepLM diststream 32 32 2 1048576 4434257 45701382 36.594515 32.777133 588 13661048 5046496094792.00
rmat_s20_ef48_0.45_0.15_0.15_0.25_uni MRepLM diststream 32 4 0 1048576 22513491 27622148 76.064578 93.768872 590 13661221 5046502288274.00
rmat_s20_ef48_0.45_0.15_0.15_0.25_uni MRepLM diststream 32 4 1 1048576 22506124 27629515 76.675524 94.333798 596 13661193 5046505089141.00
rmat_s20_ef48_0.45_0.15_0.15_0.25_uni MRepLM diststream 32 4 2 1048576 22504127 27631512 76.422056 92.842165 593 13661197 5046506691403.00
rmat_s20_ef48_0.45_0.15_0.15_0.25_uni MRepLM diststream 32 8 0 1048576 14710780 35424859 57.501902 70.639463 590 13661290 5046508404646.00
rmat_s20_ef48_0.45_0.15_0.15_0.25_uni MRepLM diststream 32 8 1 1048576 14869089 35266550 56.841697 69.341814 595 13661128 5046494261760.00
rmat_s20_ef48_0.45_0.15_0.15_0.25_uni MRepLM diststream 32 8 2 1048576 15235333 34900306 56.228256 69.411825 595 13661272 5046501416203.00
rmat_s20_ef48_0.45_0.15_0.15_0.25_uni MRepLM diststream 4 16 0 1048576 8762635 41373004 44.246996 2.609119 53 1983311 891725344140.00
rmat_s20_ef48_0.45_0.15_0.15_0.25_uni MRepLM diststream 4 16 1 1048576 8695989 41439650 44.139792 2.967867 53 1983314 891727829869.00
rmat_s20_ef48_0.45_0.15_0.15_0.25_uni MRepLM diststream 4 16 2 1048576 8182260 41953379 43.819928 3.005057 53 1983330 891725945247.00
rmat_s20_ef48_0.45_0.15_0.15_0.25_uni MRepLM diststream 4 32 0 1048576 4465755 45669884 36.384045 1.804449 53 1983330 891730007945.00
rmat_s20_ef48_0.45_0.15_0.15_0.25_uni MRepLM diststream 4 32 1 1048576 4362957 45772682 36.489849 1.720105 53 1983313 891723012349.00
rmat_s20_ef48_0.45_0.15_0.15_0.25_uni MRepLM diststream 4 32 2 1048576 4434257 45701382 36.460716 1.643966 53 1983317 891724274760.00
rmat_s20_ef48_0.45_0.15_0.15_0.25_uni MRepLM diststream 4 4 0 1048576 22513491 27622148 77.083207 5.880237 53 1983328 891729751429.00
rmat_s20_ef48_0.45_0.15_0.15_0.25_uni MRepLM diststream 4 4 1 1048576 22506124 27629515 76.401181 5.994619 53 1983314 891727200235.00
rmat_s20_ef48_0.45_0.15_0.15_0.25_uni MRepLM diststream 4 4 2 1048576 22504127 27631512 73.758102 5.923957 53 1983325 891728657921.00
rmat_s20_ef48_0.45_0.15_0.15_0.25_uni MRepLM diststream 4 8 0 1048576 14710780 35424859 56.166875 4.128712 53 1983317 891729245927.00
rmat_s20_ef48_0.45_0.15_0.15_0.25_uni MRepLM diststream 4 8 1 1048576 14869089 35266550 58.330763 4.618771 53 1983317 891725712707.00
rmat_s20_ef48_0.45_0.15_0.15_0.25_uni MRepLM diststream 4 8 2 1048576 15235333 34900306 58.101362 4.579974 53 1983326 891729800801.00
rmat_s20_ef48_0.45_0.15_0.15_0.25_uni MRepLM diststream 8 16 0 1048576 8762635 41373004 45.712339 6.147389 114 3904162 1689083545417.00
rmat_s20_ef48_0.45_0.15_0.15_0.25_uni MRepLM diststream 8 16 1 1048576 8695989 41439650 43.448414 6.195188 114 3904165 1689097201107.00
rmat_s20_ef48_0.45_0.15_0.15_0.25_uni MRepLM diststream 8 16 2 1048576 8182260 41953379 44.275674 6.038201 114 3904202 1689084170402.00
rmat_s20_ef48_0.45_0.15_0.15_0.25_uni MRepLM diststream 8 32 0 1048576 4465755 45669884 37.310539 4.288123 114 3904222 1689098117583.00
rmat_s20_ef48_0.45_0.15_0.15_0.25_uni MRepLM diststream 8 32 1 1048576 4362957 45772682 37.328135 4.118110 114 3904190 1689087905548.00
rmat_s20_ef48_0.45_0.15_0.15_0.25_uni MRepLM diststream 8 32 2 1048576 4434257 45701382 36.680962 3.822021 114 3904175 1689090022037.00
rmat_s20_ef48_0.45_0.15_0.15_0.25_uni MRepLM diststream 8 4 0 1048576 22513491 27622148 75.210552 14.370965 114 3904148 1689080560837.00
rmat_s20_ef48_0.45_0.15_0.15_0.25_uni MRepLM diststream 8 4 1 1048576 22506124 27629515 74.615282 15.181244 114 3904214 1689090228319.00
rmat_s20_ef48_0.45_0.15_0.15_0.25_uni MRepLM diststream 8 4 2 1048576 22504127 27631512 76.426875 14.556908 114 3904216 1689089683638.00
rmat_s20_ef48_0.45_0.15_0.15_0.25_uni MRepLM diststream 8 8 0 1048576 14710780 35424859 56.799828 8.916165 114 3904183 1689086982323.00
rmat_s20_ef48_0.45_0.15_0.15_0.25_uni MRepLM diststream 8 8 1 1048576 14869089 35266550 57.949612 10.065744 114 3904208 1689088419610.00
rmat_s20_ef48_0.45_0.15_0.15_0.25_uni MRepLM diststream 8 8 2 1048576 15235333 34900306 58.245921 9.428336 114 3904170 1689089800372.00
rmat_s20_ef48_0.45_0.15_0.15_0.25_uni MRepLM random 16 1 0 1048576 50135639 0 6.083184 129.831872 258 7499992 3039039830489.00
rmat_s20_ef48_0.45_0.15_0.15_0.25_uni MRepLM random 16 1 1 1048576 50135639 0 12.881240 164.530550 258 7500146 3039056451853.00
rmat_s20_ef48_0.45_0.15_0.15_0.25_uni MRepLM random 16 1 2 1048576 50135639 0 14.116540 164.610424 257 7500147 3039056045365.00
rmat_s20_ef48_0.45_0.15_0.15_0.25_uni MRepLM random 16 16 0 1048576 3136056 46999583 3.757346 15.280066 258 7499992 3039039830489.00
rmat_s20_ef48_0.45_0.15_0.15_0.25_uni MRepLM random 16 16 1 1048576 3134095 47001544 3.778354 15.260666 258 7500146 3039056451853.00
rmat_s20_ef48_0.45_0.15_0.15_0.25_uni MRepLM random 16 16 2 1048576 3133167 47002472 3.699857 15.315495 257 7500147 3039056045365.00
rmat_s20_ef48_0.45_0.15_0.15_0.25_uni MRepLM random 16 32 0 1048576 1568076 48567563 4.281720 11.537411 258 7499992 3039039830489.00
rmat_s20_ef48_0.45_0.15_0.15_0.25_uni MRepLM random 16 32 1 1048576 1566686 48568953 4.819949 11.739585 258 7500146 3039056451853.00
rmat_s20_ef48_0.45_0.15_0.15_0.25_uni MRepLM random 16 32 2 1048576 1566532 48569107 5.026051 11.364587 257 7500147 3039056045365.00
rmat_s20_ef48_0.45_0.15_0.15_0.25_uni MRepLM random 16 4 0 1048576 12534444 37601195 6.889701 41.946911 258 7499992 3039039830489.00
rmat_s20_ef48_0.45_0.15_0.15_0.25_uni MRepLM random 16 4 1 1048576 12537200 37598439 6.117500 47.711999 258 7500146 3039056451853.00
rmat_s20_ef48_0.45_0.15_0.15_0.25_uni MRepLM random 16 4 2 1048576 12531868 37603771 5.725107 42.161153 257 7500147 3039056045365.00
rmat_s20_ef48_0.45_0.15_0.15_0.25_uni MRepLM random 16 8 0 1048576 6269204 43866435 4.410407 24.235935 258 7499992 3039039830489.00
rmat_s20_ef48_0.45_0.15_0.15_0.25_uni MRepLM random 16 8 1 1048576 6269423 43866216 5.756143 24.475050 258 7500146 3039056451853.00
rmat_s20_ef48_0.45_0.15_0.15_0.25_uni MRepLM random 16 8 2 1048576 6267020 43868619 4.398154 28.280791 257 7500147 3039056045365.00
rmat_s20_ef48_0.45_0.15_0.15_0.25_uni MRepLM random 32 1 0 1048576 50135639 0 5.996602 247.597579 594 13661183 5046504919493.00
rmat_s20_ef48_0.45_0.15_0.15_0.25_uni MRepLM random 32 1 1 1048576 50135639 0 13.074049 365.212168 592 13661209 5046499832379.00
rmat_s20_ef48_0.45_0.15_0.15_0.25_uni MRepLM random 32 1 2 1048576 50135639 0 13.930274 377.149646 592 13661145 5046498442235.00
rmat_s20_ef48_0.45_0.15_0.15_0.25_uni MRepLM random 32 16 0 1048576 3136056 46999583 3.727887 35.926729 594 13661183 5046504919493.00
rmat_s20_ef48_0.45_0.15_0.15_0.25_uni MRepLM random 32 16 1 1048576 3134095 47001544 3.741714 36.204072 592 13661209 5046499832379.00
rmat_s20_ef48_0.45_0.15_0.15_0.25_uni MRepLM random 32 16 2 1048576 3133167 47002472 3.721211 35.759681 592 13661145 5046498442235.00
rmat_s20_ef48_0.45_0.15_0.15_0.25_uni MRepLM random 32 32 0 1048576 1568076 48567563 4.146303 25.889448 594 13661183 5046504919493.00
rmat_s20_ef48_0.45_0.15_0.15_0.25_uni MRepLM random 32 32 1 1048576 1566686 48568953 4.225101 26.250222 592 13661209 5046499832379.00
rmat_s20_ef48_0.45_0.15_0.15_0.25_uni MRepLM random 32 32 2 1048576 1566532 48569107 5.197226 24.652761 592 13661145 5046498442235.00
rmat_s20_ef48_0.45_0.15_0.15_0.25_uni MRepLM random 32 4 0 1048576 12534444 37601195 7.806335 100.204679 594 13661183 5046504919493.00
rmat_s20_ef48_0.45_0.15_0.15_0.25_uni MRepLM random 32 4 1 1048576 12537200 37598439 7.065344 98.777829 592 13661209 5046499832379.00
rmat_s20_ef48_0.45_0.15_0.15_0.25_uni MRepLM random 32 4 2 1048576 12531868 37603771 5.678472 99.161893 592 13661145 5046498442235.00
rmat_s20_ef48_0.45_0.15_0.15_0.25_uni MRepLM random 32 8 0 1048576 6269204 43866435 4.521674 62.498114 594 13661183 5046504919493.00
rmat_s20_ef48_0.45_0.15_0.15_0.25_uni MRepLM random 32 8 1 1048576 6269423 43866216 5.243342 61.679403 592 13661209 5046499832379.00
rmat_s20_ef48_0.45_0.15_0.15_0.25_uni MRepLM random 32 8 2 1048576 6267020 43868619 4.449463 71.773956 592 13661145 5046498442235.00
rmat_s20_ef48_0.45_0.15_0.15_0.25_uni MRepLM random 4 1 0 1048576 50135639 0 6.763392 25.644119 53 1983302 891721252789.00
rmat_s20_ef48_0.45_0.15_0.15_0.25_uni MRepLM random 4 1 1 1048576 50135639 0 12.248771 25.232172 53 1983324 891727253300.00
rmat_s20_ef48_0.45_0.15_0.15_0.25_uni MRepLM random 4 1 2 1048576 50135639 0 13.246626 22.818745 53 1983334 891726347515.00
rmat_s20_ef48_0.45_0.15_0.15_0.25_uni MRepLM random 4 16 0 1048576 3136056 46999583 3.834715 2.806765 53 1983302 891721252789.00
rmat_s20_ef48_0.45_0.15_0.15_0.25_uni MRepLM random 4 16 1 1048576 3134095 47001544 3.681715 2.802115 53 1983324 891727253300.00
rmat_s20_ef48_0.45_0.15_0.15_0.25_uni MRepLM random 4 16 2 1048576 3133167 47002472 3.861757 2.851104 53 1983334 891726347515.00
rmat_s20_ef48_0.45_0.15_0.15_0.25_uni MRepLM random 4 32 0 1048576 1568076 48567563 3.979274 2.296435 53 1983302 891721252789.00
rmat_s20_ef48_0.45_0.15_0.15_0.25_uni MRepLM random 4 32 1 1048576 1566686 48568953 4.993046 2.120407 53 1983324 891727253300.00
rmat_s20_ef48_0.45_0.15_0.15_0.25_uni MRepLM random 4 32 2 1048576 1566532 48569107 4.597178 2.135332 53 1983334 891726347515.00
rmat_s20_ef48_0.45_0.15_0.15_0.25_uni MRepLM random 4 4 0 1048576 12534444 37601195 6.027988 8.849881 53 1983302 891721252789.00
rmat_s20_ef48_0.45_0.15_0.15_0.25_uni MRepLM random 4 4 1 1048576 12537200 37598439 6.252289 8.987685 53 1983324 891727253300.00
rmat_s20_ef48_0.45_0.15_0.15_0.25_uni MRepLM random 4 4 2 1048576 12531868 37603771 7.223974 10.008226 53 1983334 891726347515.00
rmat_s20_ef48_0.45_0.15_0.15_0.25_uni MRepLM random 4 8 0 1048576 6269204 43866435 5.506846 5.092776 53 1983302 891721252789.00
rmat_s20_ef48_0.45_0.15_0.15_0.25_uni MRepLM random 4 8 1 1048576 6269423 43866216 5.305975 5.264141 53 1983324 891727253300.00
rmat_s20_ef48_0.45_0.15_0.15_0.25_uni MRepLM random 4 8 2 1048576 6267020 43868619 4.770304 6.430024 53 1983334 891726347515.00
rmat_s20_ef48_0.45_0.15_0.15_0.25_uni MRepLM random 8 1 0 1048576 50135639 0 6.729161 68.621400 114 3904146 1689080712987.00
rmat_s20_ef48_0.45_0.15_0.15_0.25_uni MRepLM random 8 1 1 1048576 50135639 0 10.578743 69.852713 114 3904173 1689083114502.00
rmat_s20_ef48_0.45_0.15_0.15_0.25_uni MRepLM random 8 1 2 1048576 50135639 0 13.967992 65.401770 114 3904208 1689089361428.00
rmat_s20_ef48_0.45_0.15_0.15_0.25_uni MRepLM random 8 16 0 1048576 3136056 46999583 3.696250 6.354161 114 3904146 1689080712987.00
rmat_s20_ef48_0.45_0.15_0.15_0.25_uni MRepLM random 8 16 1 1048576 3134095 47001544 3.696764 6.352713 114 3904173 1689083114502.00
rmat_s20_ef48_0.45_0.15_0.15_0.25_uni MRepLM random 8 16 2 1048576 3133167 47002472 3.808427 6.275664 114 3904208 1689089361428.00
rmat_s20_ef48_0.45_0.15_0.15_0.25_uni MRepLM random 8 32 0 1048576 1568076 48567563 3.901919 5.242970 114 3904146 1689080712987.00
rmat_s20_ef48_0.45_0.15_0.15_0.25_uni MRepLM random 8 32 1 1048576 1566686 48568953 5.292710 5.544863 114 3904173 1689083114502.00
rmat_s20_ef48_0.45_0.15_0.15_0.25_uni MRepLM random 8 32 2 1048576 1566532 48569107 4.989426 5.245640 114 3904208 1689089361428.00
rmat_s20_ef48_0.45_0.15_0.15_0.25_uni MRepLM random 8 4 0 1048576 12534444 37601195 7.929021 21.078165 114 3904146 1689080712987.00
rmat_s20_ef48_0.45_0.15_0.15_0.25_uni MRepLM random 8 4 1 1048576 12537200 37598439 7.978563 19.970125 114 3904173 1689083114502.00
rmat_s20_ef48_0.45_0.15_0.15_0.25_uni MRepLM random 8 4 2 1048576 12531868 37603771 5.640692 18.206642 114 3904208 1689089361428.00
rmat_s20_ef48_0.45_0.15_0.15_0.25_uni MRepLM random 8 8 0 1048576 6269204 43866435 4.503450 10.122498 114 3904146 1689080712987.00
rmat_s20_ef48_0.45_0.15_0.15_0.25_uni MRepLM random 8 8 1 1048576 6269423 43866216 4.441217 10.743183 114 3904173 1689083114502.00
rmat_s20_ef48_0.45_0.15_0.15_0.25_uni MRepLM random 8 8 2 1048576 6267020 43868619 4.528264 13.619189 114 3904208 1689089361428.00
rmat_s20_ef48_0.55_0.15_0.15_0.15_exp kMM diststream 16 16 0 1048576 5161810 42959681 43.280718 22.622447 36 4109344 295549106700.00
rmat_s20_ef48_0.55_0.15_0.15_0.15_exp kMM diststream 16 16 1 1048576 5054616 43066875 43.331605 22.582865 36 4109790 295550474588.00
rmat_s20_ef48_0.55_0.15_0.15_0.15_exp kMM diststream 16 16 2 1048576 4985182 43136309 43.200621 22.179608 38 4109730 295565505135.00
rmat_s20_ef48_0.55_0.15_0.15_0.15_exp kMM diststream 16 32 0 1048576 3121485 45000006 36.614067 19.113573 36 4109569 295549494647.00
rmat_s20_ef48_0.55_0.15_0.15_0.15_exp kMM diststream 16 32 1 1048576 3135625 44985866 37.222301 17.675430 37 4109902 295572305295.00
rmat_s20_ef48_0.55_0.15_0.15_0.15_exp kMM diststream 16 32 2 1048576 3120070 45001421 37.277012 17.568740 36 4109847 295571529327.00
rmat_s20_ef48_0.55_0.15_0.15_0.15_exp kMM diststream 16 4 0 1048576 17910623 30210868 75.564781 45.926425 36 4109617 295567041245.00
rmat_s20_ef48_0.55_0.15_0.15_0.15_exp kMM diststream 16 4 1 1048576 18915667 29205824 78.116539 50.157481 36 4109075 295508120246.00
rmat_s20_ef48_0.55_0.15_0.15_0.15_exp kMM diststream 16 4 2 1048576 17793392 30328099 75.692285 45.340976 37 4109689 295558140908.00
rmat_s20_ef48_0.55_0.15_0.15_0.15_exp kMM diststream 16 8 0 1048576 11383583 36737908 56.514539 35.273899 36 4109731 295554927607.00
rmat_s20_ef48_0.55_0.15_0.15_0.15_exp kMM diststream 16 8 1 1048576 11190592 36930899 56.419238 33.222871 36 4109107 295533792978.00
rmat_s20_ef48_0.55_0.15_0.15_0.15_exp kMM diststream 16 8 2 1048576 10567668 37553823 55.447432 32.015052 38 4109403 295546361621.00
rmat_s20_ef48_0.55_0.15_0.15_0.15_exp kMM diststream 32 16 0 1048576 5161810 42959681 43.863439 36.348507 44 6777069 429555260737.00
rmat_s20_ef48_0.55_0.15_0.15_0.15_exp kMM diststream 32 16 1 1048576 5054616 43066875 43.986821 36.168330 44 6776849 429558791130.00
rmat_s20_ef48_0.55_0.15_0.15_0.15_exp kMM diststream 32 16 2 1048576 4985182 43136309 44.211808 37.238042 44 6777248 429584380692.00
rmat_s20_ef48_0.55_0.15_0.15_0.15_exp kMM diststream 32 32 0 1048576 3121485 45000006 35.817894 29.899689 45 6777091 429586852121.00
rmat_s20_ef48_0.55_0.15_0.15_0.15_exp kMM diststream 32 32 1 1048576 3135625 44985866 37.892768 27.985050 45 6776814 429575073390.00
rmat_s20_ef48_0.55_0.15_0.15_0.15_exp kMM diststream 32 32 2 1048576 3120070 45001421 37.861756 28.224654 44 6776729 429562609101.00
rmat_s20_ef48_0.55_0.15_0.15_0.15_exp kMM diststream 32 4 0 1048576 17910623 30210868 71.552281 74.154686 45 6776953 429581923126.00
rmat_s20_ef48_0.55_0.15_0.15_0.15_exp kMM diststream 32 4 1 1048576 18915667 29205824 76.312960 80.379016 45 6776737 429548267365.00
rmat_s20_ef48_0.55_0.15_0.15_0.15_exp kMM diststream 32 4 2 1048576 17793392 30328099 75.735831 73.132117 44 6777367 429582273230.00
rmat_s20_ef48_0.55_0.15_0.15_0.15_exp kMM diststream 32 8 0 1048576 11383583 36737908 56.526682 55.992053 44 6776351 429555833384.00
rmat_s20_ef48_0.55_0.15_0.15_0.15_exp kMM diststream 32 8 1 1048576 11190592 36930899 56.126096 53.076902 45 6776639 429555937352.00
rmat_s20_ef48_0.55_0.15_0.15_0.15_exp kMM diststream 32 8 2 1048576 10567668 37553823 57.049612 54.236212 44 6777081 429554507673.00
rmat_s20_ef48_0.55_0.15_0.15_0.15_exp kMM diststream 4 16 0 1048576 5161810 42959681 44.153992 7.718371 23 1327251 120523377443.00
rmat_s20_ef48_0.55_0.15_0.15_0.15_exp kMM diststream 4 16 1 1048576 5054616 43066875 44.004584 7.803549 24 1327171 120532635479.00
rmat_s20_ef48_0.55_0.15_0.15_0.15_exp kMM diststream 4 16 2 1048576 4985182 43136309 43.206931 7.502268 24 1327197 120534531998.00
rmat_s20_ef48_0.55_0.15_0.15_0.15_exp kMM diststream 4 32 0 1048576 3121485 45000006 37.629181 6.223598 25 1327079 120517662021.00
rmat_s20_ef48_0.55_0.15_0.15_0.15_exp kMM diststream 4 32 1 1048576 3135625 44985866 37.542864 5.951189 24 1327153 120530585891.00
rmat_s20_ef48_0.55_0.15_0.15_0.15_exp kMM diststream 4 32 2 1048576 3120070 45001421 38.779713 5.998038 25 1327202 120551789672.00
rmat_s20_ef48_0.55_0.15_0.15_0.15_exp kMM diststream 4 4 0 1048576 17910623 30210868 75.536578 15.524240 24 1327331 120538107742.00
rmat_s20_ef48_0.55_0.15_0.15_0.15_exp kMM diststream 4 4 1 1048576 18915667 29205824 76.447569 16.442021 23 1327163 120526110557.00
rmat_s20_ef48_0.55_0.15_0.15_0.15_exp kMM diststream 4 4 2 1048576 17793392 30328099 75.766865 15.238455 23 1327303 120533826016.00
rmat_s20_ef48_0.55_0.15_0.15_0.15_exp kMM diststream 4 8 0 1048576 11383583 36737908 57.439753 11.924484 23 1327293 120528839882.00
rmat_s20_ef48_0.55_0.15_0.15_0.15_exp kMM diststream 4 8 1 1048576 11190592 36930899 55.004003 11.074404 24 1327174 120510099955.00
rmat_s20_ef48_0.55_0.15_0.15_0.15_exp kMM diststream 4 8 2 1048576 10567668 37553823 57.925446 11.236498 24 1327228 120525185589.00
rmat_s20_ef48_0.55_0.15_0.15_0.15_exp kMM diststream 8 16 0 1048576 5161810 42959681 43.620581 13.556474 30 2391703 193678045268.00
rmat_s20_ef48_0.55_0.15_0.15_0.15_exp kMM diststream 8 16 1 1048576 5054616 43066875 43.655097 13.490389 29 2391391 193685690880.00
rmat_s20_ef48_0.55_0.15_0.15_0.15_exp kMM diststream 8 16 2 1048576 4985182 43136309 43.834103 13.543530 29 2391321 193675657355.00
rmat_s20_ef48_0.55_0.15_0.15_0.15_exp kMM diststream 8 32 0 1048576 3121485 45000006 36.067951 10.737833 31 2390989 193689683213.00
rmat_s20_ef48_0.55_0.15_0.15_0.15_exp kMM diststream 8 32 1 1048576 3135625 44985866 37.200014 10.608785 31 2391452 193669909129.00
rmat_s20_ef48_0.55_0.15_0.15_0.15_exp kMM diststream 8 32 2 1048576 3120070 45001421 36.269098 10.343864 30 2391280 193664548726.00
rmat_s20_ef48_0.55_0.15_0.15_0.15_exp kMM diststream 8 4 0 1048576 17910623 30210868 75.023274 27.225106 29 2391591 193692753429.00
rmat_s20_ef48_0.55_0.15_0.15_0.15_exp kMM diststream 8 4 1 1048576 18915667 29205824 74.072794 29.377684 30 2391279 193652551838.00
rmat_s20_ef48_0.55_0.15_0.15_0.15_exp kMM diststream 8 4 2 1048576 17793392 30328099 75.913409 27.213742 30 2391502 193701914830.00
rmat_s20_ef48_0.55_0.15_0.15_0.15_exp kMM diststream 8 8 0 1048576 11383583 36737908 55.790872 20.648462 30 2391225 193676770512.00
rmat_s20_ef48_0.55_0.15_0.15_0.15_exp kMM diststream 8 8 1 1048576 11190592 36930899 56.998764 20.357913 31 2391370 193665580690.00
rmat_s20_ef48_0.55_0.15_0.15_0.15_exp kMM diststream 8 8 2 1048576 10567668 37553823 55.975301 18.984000 29 2391711 193694681219.00
rmat_s20_ef48_0.55_0.15_0.15_0.15_exp kMM random 16 1 0 1048576 48121491 0 5.919715 11.866114 36 4109687 295642505100.00
rmat_s20_ef48_0.55_0.15_0.15_0.15_exp kMM random 16 1 1 1048576 48121491 0 5.734328 12.015397 36 4109687 295642505100.00
rmat_s20_ef48_0.55_0.15_0.15_0.15_exp kMM random 16 1 2 1048576 48121491 0 6.169551 12.497206 36 4109687 295642505100.00
rmat_s20_ef48_0.55_0.15_0.15_0.15_exp kMM random 16 16 0 1048576 3006573 45114918 3.860400 22.145094 39 4110094 295556588809.00
rmat_s20_ef48_0.55_0.15_0.15_0.15_exp kMM random 16 16 1 1048576 3006509 45114982 3.598133 22.311262 36 4109631 295560046678.00
rmat_s20_ef48_0.55_0.15_0.15_0.15_exp kMM random 16 16 2 1048576 3011174 45110317 4.026378 22.436614 36 4109333 295546875113.00
rmat_s20_ef48_0.55_0.15_0.15_0.15_exp kMM random 16 32 0 1048576 1502893 46618598 3.204085 17.531541 36 4109653 295546367042.00
rmat_s20_ef48_0.55_0.15_0.15_0.15_exp kMM random 16 32 1 1048576 1503099 46618392 3.388154 17.467604 39 4109619 295551830750.00
rmat_s20_ef48_0.55_0.15_0.15_0.15_exp kMM random 16 32 2 1048576 1504839 46616652 3.378750 17.550936 38 4109705 295554500267.00
rmat_s20_ef48_0.55_0.15_0.15_0.15_exp kMM random 16 4 0 1048576 12030506 36090985 6.104455 45.193187 36 4109716 295579966374.00
rmat_s20_ef48_0.55_0.15_0.15_0.15_exp kMM random 16 4 1 1048576 12031109 36090382 5.563983 41.369320 37 4109834 295584063769.00
rmat_s20_ef48_0.55_0.15_0.15_0.15_exp kMM random 16 4 2 1048576 12032859 36088632 5.294129 44.027948 36 4109627 295576996706.00
rmat_s20_ef48_0.55_0.15_0.15_0.15_exp kMM random 16 8 0 1048576 6015398 42106093 4.350882 29.651022 36 4110118 295566980264.00
rmat_s20_ef48_0.55_0.15_0.15_0.15_exp kMM random 16 8 1 1048576 6013437 42108054 4.415920 29.876390 36 4109662 295563282587.00
rmat_s20_ef48_0.55_0.15_0.15_0.15_exp kMM random 16 8 2 1048576 6018977 42102514 4.429087 29.830672 36 4109622 295561682077.00
rmat_s20_ef48_0.55_0.15_0.15_0.15_exp kMM random 32 1 0 1048576 48121491 0 5.837233 15.799247 44 6777205 429707636263.00
rmat_s20_ef48_0.55_0.15_0.15_0.15_exp kMM random 32 1 1 1048576 48121491 0 5.687930 15.322924 44 6777205 429707636263.00
rmat_s20_ef48_0.55_0.15_0.15_0.15_exp kMM random 32 1 2 1048576 48121491 0 5.729068 15.763164 44 6777205 429707636263.00
rmat_s20_ef48_0.55_0.15_0.15_0.15_exp kMM random 32 16 0 1048576 3006573 45114918 3.531239 35.470207 44 6777247 429593964670.00
rmat_s20_ef48_0.55_0.15_0.15_0.15_exp kMM random 32 16 1 1048576 3006509 45114982 3.750986 35.514920 45 6777037 429579273378.00
rmat_s20_ef48_0.55_0.15_0.15_0.15_exp kMM random 32 16 2 1048576 3011174 45110317 3.609353 35.284985 43 6777108 429600294594.00
rmat_s20_ef48_0.55_0.15_0.15_0.15_exp kMM random 32 32 0 1048576 1502893 46618598 3.373769 27.890397 44 6776887 429587344949.00
rmat_s20_ef48_0.55_0.15_0.15_0.15_exp kMM random 32 32 1 1048576 1503099 46618392 3.428714 28.088558 45 6777194 429597282791.00
rmat_s20_ef48_0.55_0.15_0.15_0.15_exp kMM random 32 32 2 1048576 1504839 46616652 3.292036 28.232257 45 6777358 429594065874.00
rmat_s20_ef48_0.55_0.15_0.15_0.15_exp kMM random 32 4 0 1048576 12030506 36090985 5.621794 70.427740 45 6777037 429627219062.00
rmat_s20_ef48_0.55_0.15_0.15_0.15_exp kMM random 32 4 1 1048576 12031109 36090382 5.558883 68.584087 44 6777227 429634771994.00
rmat_s20_ef48_0.55_0.15_0.15_0.15_exp kMM random 32 4 2 1048576 12032859 36088632 5.323988 69.412082 45 6776987 429618284100.00
rmat_s20_ef48_0.55_0.15_0.15_0.15_exp kMM random 32 8 0 1048576 6015398 42106093 4.308657 48.226973 44 6777172 429596102854.00
rmat_s20_ef48_0.55_0.15_0.15_0.15_exp kMM random 32 8 1 1048576 6013437 42108054 4.195659 50.249500 45 6777041 429597537452.00
rmat_s20_ef48_0.55_0.15_0.15_0.15_exp kMM random 32 8 2 1048576 6018977 42102514 4.247379 49.198549 44 6777182 429617724130.00
rmat_s20_ef48_0.55_0.15_0.15_0.15_exp kMM random 4 1 0 1048576 48121491 0 7.970058 10.875287 23 1327491 120562128172.00
rmat_s20_ef48_0.55_0.15_0.15_0.15_exp kMM random 4 1 1 1048576 48121491 0 10.258109 9.916332 23 1327491 120562128172.00
rmat_s20_ef48_0.55_0.15_0.15_0.15_exp kMM random 4 1 2 1048576 48121491 0 10.917936 9.761625 23 1327491 120562128172.00
rmat_s20_ef48_0.55_0.15_0.15_0.15_exp kMM random 4 16 0 1048576 3006573 45114918 3.544220 7.595072 25 1327022 120527516296.00
rmat_s20_ef48_0.55_0.15_0.15_0.15_exp kMM random 4 16 1 1048576 3006509 45114982 3.893739 7.726694 23 1327238 120520304912.00
rmat_s20_ef48_0.55_0.15_0.15_0.15_exp kMM random 4 16 2 1048576 3011174 45110317 3.582507 7.702796 25 1327279 120527970151.00
rmat_s20_ef48_0.55_0.15_0.15_0.15_exp kMM random 4 32 0 1048576 1502893 46618598 3.327498 6.247511 24 1327239 120524286929.00
rmat_s20_ef48_0.55_0.15_0.15_0.15_exp kMM random 4 32 1 1048576 1503099 46618392 3.828887 6.134067 24 1327227 120527019157.00
rmat_s20_ef48_0.55_0.15_0.15_0.15_exp kMM random 4 32 2 1048576 1504839 46616652 3.650771 6.056296 23 1327289 120534265769.00
rmat_s20_ef48_0.55_0.15_0.15_0.15_exp kMM random 4 4 0 1048576 12030506 36090985 9.371973 15.440648 24 1327414 120538045682.00
rmat_s20_ef48_0.55_0.15_0.15_0.15_exp kMM random 4 4 1 1048576 12031109 36090382 5.217422 15.617877 24 1327121 120544030225.00
rmat_s20_ef48_0.55_0.15_0.15_0.15_exp kMM random 4 4 2 1048576 12032859 36088632 9.300243 16.282077 23 1327377 120532627297.00
rmat_s20_ef48_0.55_0.15_0.15_0.15_exp kMM random 4 8 0 1048576 6015398 42106093 4.422257 10.357092 23 1327170 120521538887.00
rmat_s20_ef48_0.55_0.15_0.15_0.15_exp kMM random 4 8 1 1048576 6013437 42108054 4.345207 10.995743 24 1327252 120528871948.00
rmat_s20_ef48_0.55_0.15_0.15_0.15_exp kMM random 4 8 2 1048576 6018977 42102514 4.412445 10.296927 24 1327217 120517940986.00
rmat_s20_ef48_0.55_0.15_0.15_0.15_exp kMM random 8 1 0 1048576 48121491 0 5.835054 8.460760 29 2391410 193723361533.00
rmat_s20_ef48_0.55_0.15_0.15_0.15_exp kMM random 8 1 1 1048576 48121491 0 8.676467 16.708033 29 2391410 193723361533.00
rmat_s20_ef48_0.55_0.15_0.15_0.15_exp kMM random 8 1 2 1048576 48121491 0 8.650840 16.500506 29 2391410 193723361533.00
rmat_s20_ef48_0.55_0.15_0.15_0.15_exp kMM random 8 16 0 1048576 3006573 45114918 3.805879 13.407034 29 2391153 193675808144.00
rmat_s20_ef48_0.55_0.15_0.15_0.15_exp kMM random 8 16 1 1048576 3006509 45114982 4.254168 13.167976 30 2391274 193679850621.00
rmat_s20_ef48_0.55_0.15_0.15_0.15_exp kMM random 8 16 2 1048576 3011174 45110317 4.218459 13.513576 29 2391345 193678945318.00
rmat_s20_ef48_0.55_0.15_0.15_0.15_exp kMM random 8 32 0 1048576 1502893 46618598 3.254150 10.682884 31 2391268 193675368146.00
rmat_s20_ef48_0.55_0.15_0.15_0.15_exp kMM random 8 32 1 1048576 1503099 46618392 3.518481 10.593146 29 2391381 193681530273.00
rmat_s20_ef48_0.55_0.15_0.15_0.15_exp kMM random 8 32 2 1048576 1504839 46616652 3.595706 10.630718 30 2391210 193671679886.00
rmat_s20_ef48_0.55_0.15_0.15_0.15_exp kMM random 8 4 0 1048576 12030506 36090985 5.674845 26.470220 30 2391441 193684938251.00
rmat_s20_ef48_0.55_0.15_0.15_0.15_exp kMM random 8 4 1 1048576 12031109 36090382 5.694061 26.927149 31 2390911 193685165675.00
rmat_s20_ef48_0.55_0.15_0.15_0.15_exp kMM random 8 4 2 1048576 12032859 36088632 5.491663 26.301554 31 2391254 193681230250.00
rmat_s20_ef48_0.55_0.15_0.15_0.15_exp kMM random 8 8 0 1048576 6015398 42106093 4.228483 18.642914 30 2391461 193683358755.00
rmat_s20_ef48_0.55_0.15_0.15_0.15_exp kMM random 8 8 1 1048576 6013437 42108054 4.334963 17.877190 30 2391292 193683775794.00
rmat_s20_ef48_0.55_0.15_0.15_0.15_exp kMM random 8 8 2 1048576 6018977 42102514 4.211300 19.138460 30 2391584 193686652294.00
rmat_s20_ef48_0.55_0.15_0.15_0.15_exp MRepLM diststream 16 16 0 1048576 5161810 42959681 43.599513 13.480944 279 4086023 294533388262.00
rmat_s20_ef48_0.55_0.15_0.15_0.15_exp MRepLM diststream 16 16 1 1048576 5054616 43066875 43.853714 13.519162 279 4086012 294533104473.00
rmat_s20_ef48_0.55_0.15_0.15_0.15_exp MRepLM diststream 16 16 2 1048576 4985182 43136309 44.415487 13.382355 279 4086017 294533053844.00
rmat_s20_ef48_0.55_0.15_0.15_0.15_exp MRepLM diststream 16 32 0 1048576 3121485 45000006 36.687031 10.027231 279 4086022 294533232442.00
rmat_s20_ef48_0.55_0.15_0.15_0.15_exp MRepLM diststream 16 32 1 1048576 3135625 44985866 37.433583 8.948789 279 4086009 294532918995.00
rmat_s20_ef48_0.55_0.15_0.15_0.15_exp MRepLM diststream 16 32 2 1048576 3120070 45001421 36.858129 8.353252 279 4086019 294533251927.00
rmat_s20_ef48_0.55_0.15_0.15_0.15_exp MRepLM diststream 16 4 0 1048576 17910623 30210868 75.965223 37.277251 279 4086018 294533042751.00
rmat_s20_ef48_0.55_0.15_0.15_0.15_exp MRepLM diststream 16 4 1 1048576 18915667 29205824 77.116319 39.066378 279 4086017 294533198745.00
rmat_s20_ef48_0.55_0.15_0.15_0.15_exp MRepLM diststream 16 4 2 1048576 17793392 30328099 75.395631 39.145325 279 4086004 294532926991.00
rmat_s20_ef48_0.55_0.15_0.15_0.15_exp MRepLM diststream 16 8 0 1048576 11383583 36737908 57.582630 23.914790 279 4086024 294533096242.00
rmat_s20_ef48_0.55_0.15_0.15_0.15_exp MRepLM diststream 16 8 1 1048576 11190592 36930899 56.911083 25.997808 279 4086016 294533141537.00
rmat_s20_ef48_0.55_0.15_0.15_0.15_exp MRepLM diststream 16 8 2 1048576 10567668 37553823 58.066673 28.226092 279 4086006 294533141793.00
rmat_s20_ef48_0.55_0.15_0.15_0.15_exp MRepLM diststream 32 16 0 1048576 5161810 42959681 43.352495 34.724208 652 6744764 428174982421.00
rmat_s20_ef48_0.55_0.15_0.15_0.15_exp MRepLM diststream 32 16 1 1048576 5054616 43066875 43.826162 34.709050 652 6744788 428175082213.00
rmat_s20_ef48_0.55_0.15_0.15_0.15_exp MRepLM diststream 32 16 2 1048576 4985182 43136309 44.085441 32.365200 652 6744784 428175376743.00
rmat_s20_ef48_0.55_0.15_0.15_0.15_exp MRepLM diststream 32 32 0 1048576 3121485 45000006 36.069082 26.489691 652 6744776 428175055050.00
rmat_s20_ef48_0.55_0.15_0.15_0.15_exp MRepLM diststream 32 32 1 1048576 3135625 44985866 37.203765 26.291496 652 6744770 428175033440.00
rmat_s20_ef48_0.55_0.15_0.15_0.15_exp MRepLM diststream 32 32 2 1048576 3120070 45001421 36.706467 27.250356 652 6744771 428174993542.00
rmat_s20_ef48_0.55_0.15_0.15_0.15_exp MRepLM diststream 32 4 0 1048576 17910623 30210868 75.598782 89.767250 652 6744780 428174798592.00
rmat_s20_ef48_0.55_0.15_0.15_0.15_exp MRepLM diststream 32 4 1 1048576 18915667 29205824 70.821867 95.175885 652 6744780 428175021024.00
rmat_s20_ef48_0.55_0.15_0.15_0.15_exp MRepLM diststream 32 4 2 1048576 17793392 30328099 77.329369 90.924745 652 6744780 428175083314.00
rmat_s20_ef48_0.55_0.15_0.15_0.15_exp MRepLM diststream 32 8 0 1048576 11383583 36737908 58.198286 70.484563 652 6744761 428175061495.00
rmat_s20_ef48_0.55_0.15_0.15_0.15_exp MRepLM diststream 32 8 1 1048576 11190592 36930899 58.179383 70.494066 652 6744790 428175109527.00
rmat_s20_ef48_0.55_0.15_0.15_0.15_exp MRepLM diststream 32 8 2 1048576 10567668 37553823 57.329205 70.443857 652 6744787 428174991543.00
rmat_s20_ef48_0.55_0.15_0.15_0.15_exp MRepLM diststream 4 16 0 1048576 5161810 42959681 44.243844 2.439675 54 1324969 120664656820.00
rmat_s20_ef48_0.55_0.15_0.15_0.15_exp MRepLM diststream 4 16 1 1048576 5054616 43066875 42.931816 2.512231 54 1324965 120664562161.00
rmat_s20_ef48_0.55_0.15_0.15_0.15_exp MRepLM diststream 4 16 2 1048576 4985182 43136309 44.035937 2.435174 54 1324976 120664767724.00
rmat_s20_ef48_0.55_0.15_0.15_0.15_exp MRepLM diststream 4 32 0 1048576 3121485 45000006 36.015651 1.546664 54 1324975 120664861819.00
rmat_s20_ef48_0.55_0.15_0.15_0.15_exp MRepLM diststream 4 32 1 1048576 3135625 44985866 36.460853 1.490228 54 1324966 120664585334.00
rmat_s20_ef48_0.55_0.15_0.15_0.15_exp MRepLM diststream 4 32 2 1048576 3120070 45001421 36.392492 1.417332 54 1324967 120664492084.00
rmat_s20_ef48_0.55_0.15_0.15_0.15_exp MRepLM diststream 4 4 0 1048576 17910623 30210868 77.854064 5.662976 54 1324971 120664660794.00
rmat_s20_ef48_0.55_0.15_0.15_0.15_exp MRepLM diststream 4 4 1 1048576 18915667 29205824 75.952531 5.588945 54 1324967 120664644502.00
rmat_s20_ef48_0.55_0.15_0.15_0.15_exp MRepLM diststream 4 4 2 1048576 17793392 30328099 75.420946 5.655846 54 1324970 120664713279.00
rmat_s20_ef48_0.55_0.15_0.15_0.15_exp MRepLM diststream 4 8 0 1048576 11383583 36737908 55.942520 3.707373 54 1324973 120664751139.00
rmat_s20_ef48_0.55_0.15_0.15_0.15_exp MRepLM diststream 4 8 1 1048576 11190592 36930899 58.546082 4.074972 54 1324968 120664619036.00
rmat_s20_ef48_0.55_0.15_0.15_0.15_exp MRepLM diststream 4 8 2 1048576 10567668 37553823 59.406082 3.837134 54 1324966 120664559618.00
rmat_s20_ef48_0.55_0.15_0.15_0.15_exp MRepLM diststream 8 16 0 1048576 5161810 42959681 43.413980 5.545026 121 2384064 193423300235.00
rmat_s20_ef48_0.55_0.15_0.15_0.15_exp MRepLM diststream 8 16 1 1048576 5054616 43066875 43.962743 6.285882 121 2384056 193423186448.00
rmat_s20_ef48_0.55_0.15_0.15_0.15_exp MRepLM diststream 8 16 2 1048576 4985182 43136309 45.349825 5.913981 121 2384061 193423434939.00
rmat_s20_ef48_0.55_0.15_0.15_0.15_exp MRepLM diststream 8 32 0 1048576 3121485 45000006 35.915456 3.890157 121 2384061 193423354580.00
rmat_s20_ef48_0.55_0.15_0.15_0.15_exp MRepLM diststream 8 32 1 1048576 3135625 44985866 36.490459 3.988451 121 2384059 193423387979.00
rmat_s20_ef48_0.55_0.15_0.15_0.15_exp MRepLM diststream 8 32 2 1048576 3120070 45001421 35.816921 3.400389 121 2384059 193423339997.00
rmat_s20_ef48_0.55_0.15_0.15_0.15_exp MRepLM diststream 8 4 0 1048576 17910623 30210868 75.687735 15.217328 121 2384051 193423195807.00
rmat_s20_ef48_0.55_0.15_0.15_0.15_exp MRepLM diststream 8 4 1 1048576 18915667 29205824 78.995133 14.927602 121 2384058 193423393667.00
rmat_s20_ef48_0.55_0.15_0.15_0.15_exp MRepLM diststream 8 4 2 1048576 17793392 30328099 74.177996 13.655085 121 2384067 193423452087.00
rmat_s20_ef48_0.55_0.15_0.15_0.15_exp MRepLM diststream 8 8 0 1048576 11383583 36737908 56.160294 9.134086 121 2384061 193423398434.00
rmat_s20_ef48_0.55_0.15_0.15_0.15_exp MRepLM diststream 8 8 1 1048576 11190592 36930899 56.696455 10.000754 121 2384055 193423269427.00
rmat_s20_ef48_0.55_0.15_0.15_0.15_exp MRepLM diststream 8 8 2 1048576 10567668 37553823 56.283897 10.791780 121 2384063 193423504268.00
rmat_s20_ef48_0.55_0.15_0.15_0.15_exp MRepLM random 16 1 0 1048576 48121491 0 5.835608 117.408824 279 4086011 294533022121.00
rmat_s20_ef48_0.55_0.15_0.15_0.15_exp MRepLM random 16 1 1 1048576 48121491 0 12.970239 161.695184 279 4086022 294533171922.00
rmat_s20_ef48_0.55_0.15_0.15_0.15_exp MRepLM random 16 1 2 1048576 48121491 0 13.786823 166.131625 279 4086002 294532960411.00
rmat_s20_ef48_0.55_0.15_0.15_0.15_exp MRepLM random 16 16 0 1048576 3006573 45114918 3.526245 13.740666 279 4086011 294533022121.00
rmat_s20_ef48_0.55_0.15_0.15_0.15_exp MRepLM random 16 16 1 1048576 3006509 45114982 3.574555 13.970562 279 4086022 294533171922.00
rmat_s20_ef48_0.55_0.15_0.15_0.15_exp MRepLM random 16 16 2 1048576 3011174 45110317 3.413476 13.442111 279 4086002 294532960411.00
rmat_s20_ef48_0.55_0.15_0.15_0.15_exp MRepLM random 16 32 0 1048576 1502893 46618598 3.731823 10.274284 279 4086011 294533022121.00
rmat_s20_ef48_0.55_0.15_0.15_0.15_exp MRepLM random 16 32 1 1048576 1503099 46618392 4.164555 10.403888 279 4086022 294533171922.00
rmat_s20_ef48_0.55_0.15_0.15_0.15_exp MRepLM random 16 32 2 1048576 1504839 46616652 4.056197 10.173648 279 4086002 294532960411.00
rmat_s20_ef48_0.55_0.15_0.15_0.15_exp MRepLM random 16 4 0 1048576 12030506 36090985 6.626384 41.071256 279 4086011 294533022121.00
rmat_s20_ef48_0.55_0.15_0.15_0.15_exp MRepLM random 16 4 1 1048576 12031109 36090382 6.165585 40.599109 279 4086022 294533171922.00
rmat_s20_ef48_0.55_0.15_0.15_0.15_exp MRepLM random 16 4 2 1048576 12032859 36088632 5.424788 40.798296 279 4086002 294532960411.00
rmat_s20_ef48_0.55_0.15_0.15_0.15_exp MRepLM random 16 8 0 1048576 6015398 42106093 4.154847 22.963173 279 4086011 294533022121.00
rmat_s20_ef48_0.55_0.15_0.15_0.15_exp MRepLM random 16 8 1 1048576 6013437 42108054 4.119467 23.993742 279 4086022 294533171922.00
rmat_s20_ef48_0.55_0.15_0.15_0.15_exp MRepLM random 16 8 2 1048576 6018977 42102514 4.674062 26.308308 279 4086002 294532960411.00
rmat_s20_ef48_0.55_0.15_0.15_0.15_exp MRepLM random 32 1 0 1048576 48121491 0 5.730681 320.272694 652 6744776 428175152616.00
rmat_s20_ef48_0.55_0.15_0.15_0.15_exp MRepLM random 32 1 1 1048576 48121491 0 13.256344 422.773240 652 6744779 428174981681.00
rmat_s20_ef48_0.55_0.15_0.15_0.15_exp MRepLM random 32 1 2 1048576 48121491 0 12.958306 421.843705 652 6744769 428174978257.00
rmat_s20_ef48_0.55_0.15_0.15_0.15_exp MRepLM random 32 16 0 1048576 3006573 45114918 3.480236 32.171133 652 6744776 428175152616.00
rmat_s20_ef48_0.55_0.15_0.15_0.15_exp MRepLM random 32 16 1 1048576 3006509 45114982 3.458540 31.826004 652 6744779 428174981681.00
rmat_s20_ef48_0.55_0.15_0.15_0.15_exp MRepLM random 32 16 2 1048576 3011174 45110317 3.512312 32.832846 652 6744769 428174978257.00
rmat_s20_ef48_0.55_0.15_0.15_0.15_exp MRepLM random 32 32 0 1048576 1502893 46618598 3.754275 25.171422 652 6744776 428175152616.00
rmat_s20_ef48_0.55_0.15_0.15_0.15_exp MRepLM random 32 32 1 1048576 1503099 46618392 3.686322 27.438156 652 6744779 428174981681.00
rmat_s20_ef48_0.55_0.15_0.15_0.15_exp MRepLM random 32 32 2 1048576 1504839 46616652 3.510981 21.109063 652 6744769 428174978257.00
rmat_s20_ef48_0.55_0.15_0.15_0.15_exp MRepLM random 32 4 0 1048576 12030506 36090985 7.341323 97.717645 652 6744776 428175152616.00
rmat_s20_ef48_0.55_0.15_0.15_0.15_exp MRepLM random 32 4 1 1048576 12031109 36090382 7.402083 97.024071 652 6744779 428174981681.00
rmat_s20_ef48_0.55_0.15_0.15_0.15_exp MRepLM random 32 4 2 1048576 12032859 36088632 5.684859 96.883355 652 6744769 428174978257.00
rmat_s20_ef48_0.55_0.15_0.15_0.15_exp MRepLM random 32 8 0 1048576 6015398 42106093 4.087038 54.381181 652 6744776 428175152616.00
rmat_s20_ef48_0.55_0.15_0.15_0.15_exp MRepLM random 32 8 1 1048576 6013437 42108054 4.103496 54.137494 652 6744779 428174981681.00
rmat_s20_ef48_0.55_0.15_0.15_0.15_exp MRepLM random 32 8 2 1048576 6018977 42102514 4.324067 73.924142 652 6744769 428174978257.00
rmat_s20_ef48_0.55_0.15_0.15_0.15_exp MRepLM random 4 1 0 1048576 48121491 0 9.442263 29.582303 54 1324974 120664660066.00
rmat_s20_ef48_0.55_0.15_0.15_0.15_exp MRepLM random 4 1 1 1048576 48121491 0 10.362589 29.148206 54 1324972 120664710751.00
rmat_s20_ef48_0.55_0.15_0.15_0.15_exp MRepLM random 4 1 2 1048576 48121491 0 13.705048 21.102526 54 1324971 120664667499.00
rmat_s20_ef48_0.55_0.15_0.15_0.15_exp MRepLM random 4 16 0 1048576 3006573 45114918 3.442876 2.462420 54 1324974 120664660066.00
rmat_s20_ef48_0.55_0.15_0.15_0.15_exp MRepLM random 4 16 1 1048576 3006509 45114982 3.506440 2.493401 54 1324972 120664710751.00
rmat_s20_ef48_0.55_0.15_0.15_0.15_exp MRepLM random 4 16 2 1048576 3011174 45110317 3.495276 2.409791 54 1324971 120664667499.00
rmat_s20_ef48_0.55_0.15_0.15_0.15_exp MRepLM random 4 32 0 1048576 1502893 46618598 3.597706 1.971998 54 1324974 120664660066.00
rmat_s20_ef48_0.55_0.15_0.15_0.15_exp MRepLM random 4 32 1 1048576 1503099 46618392 4.041979 1.885143 54 1324972 120664710751.00
rmat_s20_ef48_0.55_0.15_0.15_0.15_exp MRepLM random 4 32 2 1048576 1504839 46616652 4.033350 1.712250 54 1324971 120664667499.00
rmat_s20_ef48_0.55_0.15_0.15_0.15_exp MRepLM random 4 4 0 1048576 12030506 36090985 6.216535 8.017645 54 1324974 120664660066.00
rmat_s20_ef48_0.55_0.15_0.15_0.15_exp MRepLM random 4 4 1 1048576 12031109 36090382 5.637826 8.946873 54 1324972 120664710751.00
rmat_s20_ef48_0.55_0.15_0.15_0.15_exp MRepLM random 4 4 2 1048576 12032859 36088632 5.985704 8.561279 54 1324971 120664667499.00
rmat_s20_ef48_0.55_0.15_0.15_0.15_exp MRepLM random 4 8 0 1048576 6015398 42106093 4.216514 4.414707 54 1324974 120664660066.00
rmat_s20_ef48_0.55_0.15_0.15_0.15_exp MRepLM random 4 8 1 1048576 6013437 42108054 4.670864 4.881636 54 1324972 120664710751.00
rmat_s20_ef48_0.55_0.15_0.15_0.15_exp MRepLM random 4 8 2 1048576 6018977 42102514 4.749772 4.710661 54 1324971 120664667499.00
rmat_s20_ef48_0.55_0.15_0.15_0.15_exp MRepLM random 8 1 0 1048576 48121491 0 12.735220 75.617264 121 2384064 193423280598.00
rmat_s20_ef48_0.55_0.15_0.15_0.15_exp MRepLM random 8 1 1 1048576 48121491 0 12.604000 76.646359 121 2384063 193423300800.00
rmat_s20_ef48_0.55_0.15_0.15_0.15_exp MRepLM random 8 1 2 1048576 48121491 0 13.016873 72.701394 121 2384066 193423377848.00
rmat_s20_ef48_0.55_0.15_0.15_0.15_exp MRepLM random 8 16 0 1048576 3006573 45114918 3.448835 5.600481 121 2384064 193423280598.00
rmat_s20_ef48_0.55_0.15_0.15_0.15_exp MRepLM random 8 16 1 1048576 3006509 45114982 3.464192 5.739143 121 2384063 193423300800.00
rmat_s20_ef48_0.55_0.15_0.15_0.15_exp MRepLM random 8 16 2 1048576 3011174 45110317 3.503136 5.689171 121 2384066 193423377848.00
rmat_s20_ef48_0.55_0.15_0.15_0.15_exp MRepLM random 8 32 0 1048576 1502893 46618598 3.765681 4.457262 121 2384064 193423280598.00
rmat_s20_ef48_0.55_0.15_0.15_0.15_exp MRepLM random 8 32 1 1048576 1503099 46618392 3.563040 4.402527 121 2384063 193423300800.00
rmat_s20_ef48_0.55_0.15_0.15_0.15_exp MRepLM random 8 32 2 1048576 1504839 46616652 3.875736 4.337172 121 2384066 193423377848.00
rmat_s20_ef48_0.55_0.15_0.15_0.15_exp MRepLM random 8 4 0 1048576 12030506 36090985 6.850810 17.768268 121 2384064 193423280598.00
rmat_s20_ef48_0.55_0.15_0.15_0.15_exp MRepLM random 8 4 1 1048576 12031109 36090382 5.370988 17.369948 121 2384063 193423300800.00
rmat_s20_ef48_0.55_0.15_0.15_0.15_exp MRepLM random 8 4 2 1048576 12032859 36088632 5.384249 17.103665 121 2384066 193423377848.00
rmat_s20_ef48_0.55_0.15_0.15_0.15_exp MRepLM random 8 8 0 1048576 6015398 42106093 4.141079 9.464633 121 2384064 193423280598.00
rmat_s20_ef48_0.55_0.15_0.15_0.15_exp MRepLM random 8 8 1 1048576 6013437 42108054 4.110842 9.473391 121 2384063 193423300800.00
rmat_s20_ef48_0.55_0.15_0.15_0.15_exp MRepLM random 8 8 2 1048576 6018977 42102514 4.170492 10.111617 121 2384066 193423377848.00
rmat_s20_ef48_0.55_0.15_0.15_0.15_uni kMM diststream 16 16 0 1048576 7965783 40160019 43.233136 34.111211 20 4104160 1526750165033.00
rmat_s20_ef48_0.55_0.15_0.15_0.15_uni kMM diststream 16 16 1 1048576 7968967 40156835 43.824599 29.917772 20 4103805 1526326350826.00
rmat_s20_ef48_0.55_0.15_0.15_0.15_uni kMM diststream 16 16 2 1048576 7907085 40218717 43.641519 37.786545 21 4105234 1527527893801.00
rmat_s20_ef48_0.55_0.15_0.15_0.15_uni kMM diststream 16 32 0 1048576 4465061 43660741 42.925235 27.440474 20 4104020 1526893799467.00
rmat_s20_ef48_0.55_0.15_0.15_0.15_uni kMM diststream 16 32 1 1048576 4588059 43537743 65.593225 24.759209 20 4103793 1526588773603.00
rmat_s20_ef48_0.55_0.15_0.15_0.15_uni kMM diststream 16 32 2 1048576 4466913 43658889 64.562315 23.587154 21 4103911 1526621194469.00
rmat_s20_ef48_0.55_0.15_0.15_0.15_uni kMM diststream 16 4 0 1048576 19422909 28702893 74.357544 51.128520 21 4107056 1528827389728.00
rmat_s20_ef48_0.55_0.15_0.15_0.15_uni kMM diststream 16 4 1 1048576 19631007 28494795 74.233283 47.465654 20 4106359 1528645237575.00
rmat_s20_ef48_0.55_0.15_0.15_0.15_uni kMM diststream 16 4 2 1048576 19603278 28522524 68.106752 45.569690 20 4106104 1528548774827.00
rmat_s20_ef48_0.55_0.15_0.15_0.15_uni kMM diststream 16 8 0 1048576 12415241 35710561 57.396347 32.833299 20 4106319 1528673213050.00
rmat_s20_ef48_0.55_0.15_0.15_0.15_uni kMM diststream 16 8 1 1048576 12258256 35867546 59.070662 37.999861 21 4104733 1527872259902.00
rmat_s20_ef48_0.55_0.15_0.15_0.15_uni kMM diststream 16 8 2 1048576 12229418 35896384 58.297460 60.068568 21 4105580 1527846195256.00
rmat_s20_ef48_0.55_0.15_0.15_0.15_uni kMM diststream 32 16 0 1048576 7965783 40160019 60.257332 57.435357 26 6772298 2398133540670.00
rmat_s20_ef48_0.55_0.15_0.15_0.15_uni kMM diststream 32 16 1 1048576 7968967 40156835 44.165405 47.411890 25 6771286 2397648552822.00
rmat_s20_ef48_0.55_0.15_0.15_0.15_uni kMM diststream 32 16 2 1048576 7907085 40218717 43.767803 58.850694 24 6772253 2398436857375.00
rmat_s20_ef48_0.55_0.15_0.15_0.15_uni kMM diststream 32 32 0 1048576 4465061 43660741 43.313072 44.153265 26 6772085 2398453838897.00
rmat_s20_ef48_0.55_0.15_0.15_0.15_uni kMM diststream 32 32 1 1048576 4588059 43537743 62.094261 46.546457 26 6771090 2397857748885.00
rmat_s20_ef48_0.55_0.15_0.15_0.15_uni kMM diststream 32 32 2 1048576 4466913 43658889 63.365872 44.192543 25 6771486 2397798522514.00
rmat_s20_ef48_0.55_0.15_0.15_0.15_uni kMM diststream 32 4 0 1048576 19422909 28702893 84.421266 82.953419 25 6775470 2400289986221.00
rmat_s20_ef48_0.55_0.15_0.15_0.15_uni kMM diststream 32 4 1 1048576 19631007 28494795 85.377282 83.220434 25 6773864 2399886393447.00
rmat_s20_ef48_0.55_0.15_0.15_0.15_uni kMM diststream 32 4 2 1048576 19603278 28522524 90.796384 78.118907 25 6774498 2400210884722.00
rmat_s20_ef48_0.55_0.15_0.15_0.15_uni kMM diststream 32 8 0 1048576 12415241 35710561 55.197131 53.308705 26 6774724 2400132183843.00
rmat_s20_ef48_0.55_0.15_0.15_0.15_uni kMM diststream 32 8 1 1048576 12258256 35867546 55.704513 60.101606 25 6772495 2399523895776.00
rmat_s20_ef48_0.55_0.15_0.15_0.15_uni kMM diststream 32 8 2 1048576 12229418 35896384 55.403919 83.229744 25 6772839 2398913041438.00
rmat_s20_ef48_0.55_0.15_0.15_0.15_uni kMM diststream 4 16 0 1048576 7965783 40160019 43.504429 11.380254 13 1324756 529769220840.00
rmat_s20_ef48_0.55_0.15_0.15_0.15_uni kMM diststream 4 16 1 1048576 7968967 40156835 42.944472 9.227148 14 1324672 529667012493.00
rmat_s20_ef48_0.55_0.15_0.15_0.15_uni kMM diststream 4 16 2 1048576 7907085 40218717 44.196812 12.245961 13 1324907 530268686169.00
rmat_s20_ef48_0.55_0.15_0.15_0.15_uni kMM diststream 4 32 0 1048576 4465061 43660741 37.524205 6.521357 14 1324827 530006851570.00
rmat_s20_ef48_0.55_0.15_0.15_0.15_uni kMM diststream 4 32 1 1048576 4588059 43537743 37.744952 6.143681 13 1324563 529719574428.00
rmat_s20_ef48_0.55_0.15_0.15_0.15_uni kMM diststream 4 32 2 1048576 4466913 43658889 37.304468 5.710648 14 1324994 529934825090.00
rmat_s20_ef48_0.55_0.15_0.15_0.15_uni kMM diststream 4 4 0 1048576 19422909 28702893 74.935352 16.009280 13 1325482 530581051048.00
rmat_s20_ef48_0.55_0.15_0.15_0.15_uni kMM diststream 4 4 1 1048576 19631007 28494795 75.099737 16.035928 13 1325129 530300190598.00
rmat_s20_ef48_0.55_0.15_0.15_0.15_uni kMM diststream 4 4 2 1048576 19603278 28522524 75.548749 15.975969 14 1324670 530262416868.00
rmat_s20_ef48_0.55_0.15_0.15_0.15_uni kMM diststream 4 8 0 1048576 12415241 35710561 56.952496 10.987027 13 1325149 530650892721.00
rmat_s20_ef48_0.55_0.15_0.15_0.15_uni kMM diststream 4 8 1 1048576 12258256 35867546 56.113700 12.217628 14 1324734 530091194458.00
rmat_s20_ef48_0.55_0.15_0.15_0.15_uni kMM diststream 4 8 2 1048576 12229418 35896384 58.134337 13.155839 13 1325028 530375115766.00
rmat_s20_ef48_0.55_0.15_0.15_0.15_uni kMM diststream 8 16 0 1048576 7965783 40160019 78.891897 32.031661 17 2386914 922925692587.00
rmat_s20_ef48_0.55_0.15_0.15_0.15_uni kMM diststream 8 16 1 1048576 7968967 40156835 58.707748 16.822247 17 2386431 922533628693.00
rmat_s20_ef48_0.55_0.15_0.15_0.15_uni kMM diststream 8 16 2 1048576 7907085 40218717 50.633121 22.077801 16 2387431 923653157508.00
rmat_s20_ef48_0.55_0.15_0.15_0.15_uni kMM diststream 8 32 0 1048576 4465061 43660741 37.512330 10.993940 16 2386510 922996823363.00
rmat_s20_ef48_0.55_0.15_0.15_0.15_uni kMM diststream 8 32 1 1048576 4588059 43537743 37.653719 11.022878 16 2386578 922759608508.00
rmat_s20_ef48_0.55_0.15_0.15_0.15_uni kMM diststream 8 32 2 1048576 4466913 43658889 38.229513 10.323433 17 2386967 923021352513.00
rmat_s20_ef48_0.55_0.15_0.15_0.15_uni kMM diststream 8 4 0 1048576 19422909 28702893 106.042313 36.361357 17 2388483 924359363601.00
rmat_s20_ef48_0.55_0.15_0.15_0.15_uni kMM diststream 8 4 1 1048576 19631007 28494795 106.329740 38.299999 16 2387751 924022855867.00
rmat_s20_ef48_0.55_0.15_0.15_0.15_uni kMM diststream 8 4 2 1048576 19603278 28522524 97.371530 36.318427 16 2388061 924009396314.00
rmat_s20_ef48_0.55_0.15_0.15_0.15_uni kMM diststream 8 8 0 1048576 12415241 35710561 58.419647 19.500630 16 2387577 924220128777.00
rmat_s20_ef48_0.55_0.15_0.15_0.15_uni kMM diststream 8 8 1 1048576 12258256 35867546 55.915862 21.525959 16 2386815 923493969904.00
rmat_s20_ef48_0.55_0.15_0.15_0.15_uni kMM diststream 8 8 2 1048576 12229418 35896384 58.795850 22.277673 16 2387434 923694507287.00
rmat_s20_ef48_0.55_0.15_0.15_0.15_uni kMM random 16 1 0 1048576 48125802 0 5.727639 3.944580 20 4122989 1548896527192.00
rmat_s20_ef48_0.55_0.15_0.15_0.15_uni kMM random 16 1 1 1048576 48125802 0 5.692922 4.004860 20 4122989 1548896527192.00
rmat_s20_ef48_0.55_0.15_0.15_0.15_uni kMM random 16 1 2 1048576 48125802 0 5.725756 3.967591 20 4122989 1548896527192.00
rmat_s20_ef48_0.55_0.15_0.15_0.15_uni kMM random 16 16 0 1048576 3007028 45118774 3.448933 20.952019 21 4105040 1529417111637.00
rmat_s20_ef48_0.55_0.15_0.15_0.15_uni kMM random 16 16 1 1048576 3009199 45116603 3.728491 20.674034 20 4104762 1529387068260.00
rmat_s20_ef48_0.55_0.15_0.15_0.15_uni kMM random 16 16 2 1048576 3008634 45117168 3.665886 20.551481 20 4104474 1529264419898.00
rmat_s20_ef48_0.55_0.15_0.15_0.15_uni kMM random 16 32 0 1048576 1503024 46622778 3.218203 16.448321 21 4104657 1529231444218.00
rmat_s20_ef48_0.55_0.15_0.15_0.15_uni kMM random 16 32 1 1048576 1505506 46620296 3.370193 16.152169 20 4104539 1529148088707.00
rmat_s20_ef48_0.55_0.15_0.15_0.15_uni kMM random 16 32 2 1048576 1503146 46622656 3.369655 16.277421 20 4104621 1529150323738.00
rmat_s20_ef48_0.55_0.15_0.15_0.15_uni kMM random 16 4 0 1048576 12024242 36101560 5.570597 41.540746 22 4105728 1530790313539.00
rmat_s20_ef48_0.55_0.15_0.15_0.15_uni kMM random 16 4 1 1048576 12030291 36095511 5.375071 40.353794 20 4105907 1530905634808.00
rmat_s20_ef48_0.55_0.15_0.15_0.15_uni kMM random 16 4 2 1048576 12032890 36092912 5.561671 41.803356 22 4105744 1530894798507.00
rmat_s20_ef48_0.55_0.15_0.15_0.15_uni kMM random 16 8 0 1048576 6013220 42112582 4.304218 28.242380 21 4105008 1529841875374.00
rmat_s20_ef48_0.55_0.15_0.15_0.15_uni kMM random 16 8 1 1048576 6015477 42110325 4.053288 29.040403 20 4104455 1529697082140.00
rmat_s20_ef48_0.55_0.15_0.15_0.15_uni kMM random 16 8 2 1048576 6018915 42106887 4.423464 28.110390 21 4104380 1529635922960.00
rmat_s20_ef48_0.55_0.15_0.15_0.15_uni kMM random 32 1 0 1048576 48125802 0 8.318570 6.026344 25 6795224 2422507118424.00
rmat_s20_ef48_0.55_0.15_0.15_0.15_uni kMM random 32 1 1 1048576 48125802 0 8.229521 6.018277 25 6795224 2422507118424.00
rmat_s20_ef48_0.55_0.15_0.15_0.15_uni kMM random 32 1 2 1048576 48125802 0 5.667777 5.164250 25 6795224 2422507118424.00
rmat_s20_ef48_0.55_0.15_0.15_0.15_uni kMM random 32 16 0 1048576 3007028 45118774 3.404333 34.302596 25 6775437 2402747642028.00
rmat_s20_ef48_0.55_0.15_0.15_0.15_uni kMM random 32 16 1 1048576 3009199 45116603 3.735867 33.885333 25 6774901 2402581914952.00
rmat_s20_ef48_0.55_0.15_0.15_0.15_uni kMM random 32 16 2 1048576 3008634 45117168 3.558393 34.507569 24 6775501 2402722865058.00
rmat_s20_ef48_0.55_0.15_0.15_0.15_uni kMM random 32 32 0 1048576 1503024 46622778 3.285760 26.328839 25 6775478 2402549984654.00
rmat_s20_ef48_0.55_0.15_0.15_0.15_uni kMM random 32 32 1 1048576 1505506 46620296 3.241378 26.232315 25 6775144 2402515541769.00
rmat_s20_ef48_0.55_0.15_0.15_0.15_uni kMM random 32 32 2 1048576 1503146 46622656 3.338381 26.508140 26 6775306 2402523631684.00
rmat_s20_ef48_0.55_0.15_0.15_0.15_uni kMM random 32 4 0 1048576 12024242 36101560 5.521507 66.920769 25 6777024 2404629805140.00
rmat_s20_ef48_0.55_0.15_0.15_0.15_uni kMM random 32 4 1 1048576 12030291 36095511 5.338361 64.013547 26 6777208 2404659580134.00
rmat_s20_ef48_0.55_0.15_0.15_0.15_uni kMM random 32 4 2 1048576 12032890 36092912 5.287413 64.980833 25 6777283 2404702048865.00
rmat_s20_ef48_0.55_0.15_0.15_0.15_uni kMM random 32 8 0 1048576 6013220 42112582 4.172578 45.639690 25 6775599 2403282450526.00
rmat_s20_ef48_0.55_0.15_0.15_0.15_uni kMM random 32 8 1 1048576 6015477 42110325 4.184850 47.017266 25 6775299 2403157144944.00
rmat_s20_ef48_0.55_0.15_0.15_0.15_uni kMM random 32 8 2 1048576 6018915 42106887 4.268739 46.832278 26 6775716 2403225654035.00
rmat_s20_ef48_0.55_0.15_0.15_0.15_uni kMM random 4 1 0 1048576 48125802 0 6.697707 5.272010 13 1333841 543448874565.00
rmat_s20_ef48_0.55_0.15_0.15_0.15_uni kMM random 4 1 1 1048576 48125802 0 7.059896 5.846762 13 1333841 543448874565.00
rmat_s20_ef48_0.55_0.15_0.15_0.15_uni kMM random 4 1 2 1048576 48125802 0 7.876454 2.845422 13 1333841 543448874565.00
rmat_s20_ef48_0.55_0.15_0.15_0.15_uni kMM random 4 16 0 1048576 3007028 45118774 4.462677 7.122845 13 1323099 530305971304.00
rmat_s20_ef48_0.55_0.15_0.15_0.15_uni kMM random 4 16 1 1048576 3009199 45116603 4.560400 7.073997 12 1323340 530269943951.00
rmat_s20_ef48_0.55_0.15_0.15_0.15_uni kMM random 4 16 2 1048576 3008634 45117168 3.632971 7.144614 14 1323210 530338968794.00
rmat_s20_ef48_0.55_0.15_0.15_0.15_uni kMM random 4 32 0 1048576 1503024 46622778 4.651268 5.561265 13 1323094 530135687824.00
rmat_s20_ef48_0.55_0.15_0.15_0.15_uni kMM random 4 32 1 1048576 1505506 46620296 3.445921 5.643439 12 1323286 530268268564.00
rmat_s20_ef48_0.55_0.15_0.15_0.15_uni kMM random 4 32 2 1048576 1503146 46622656 3.345106 5.580405 13 1323574 530232260964.00
rmat_s20_ef48_0.55_0.15_0.15_0.15_uni kMM random 4 4 0 1048576 12024242 36101560 9.542732 13.901587 13 1323704 530908121463.00
rmat_s20_ef48_0.55_0.15_0.15_0.15_uni kMM random 4 4 1 1048576 12030291 36095511 5.397869 13.804937 12 1323587 530917219926.00
rmat_s20_ef48_0.55_0.15_0.15_0.15_uni kMM random 4 4 2 1048576 12032890 36092912 7.474881 13.424717 14 1323800 530961298706.00
rmat_s20_ef48_0.55_0.15_0.15_0.15_uni kMM random 4 8 0 1048576 6013220 42112582 4.325926 9.778300 12 1323377 530466449885.00
rmat_s20_ef48_0.55_0.15_0.15_0.15_uni kMM random 4 8 1 1048576 6015477 42110325 4.222796 9.660224 13 1323449 530596549842.00
rmat_s20_ef48_0.55_0.15_0.15_0.15_uni kMM random 4 8 2 1048576 6018915 42106887 4.267500 10.016259 13 1323271 530555305787.00
rmat_s20_ef48_0.55_0.15_0.15_0.15_uni kMM random 8 1 0 1048576 48125802 0 5.726072 3.148160 17 2400471 941359915563.00
rmat_s20_ef48_0.55_0.15_0.15_0.15_uni kMM random 8 1 1 1048576 48125802 0 5.710707 4.137637 17 2400471 941359915563.00
rmat_s20_ef48_0.55_0.15_0.15_0.15_uni kMM random 8 1 2 1048576 48125802 0 7.398508 3.441913 17 2400471 941359915563.00
rmat_s20_ef48_0.55_0.15_0.15_0.15_uni kMM random 8 16 0 1048576 3007028 45118774 4.142875 12.244134 16 2385852 924373278409.00
rmat_s20_ef48_0.55_0.15_0.15_0.15_uni kMM random 8 16 1 1048576 3009199 45116603 3.641803 12.450350 16 2385790 924288542820.00
rmat_s20_ef48_0.55_0.15_0.15_0.15_uni kMM random 8 16 2 1048576 3008634 45117168 3.580373 12.496602 17 2385975 924459617912.00
rmat_s20_ef48_0.55_0.15_0.15_0.15_uni kMM random 8 32 0 1048576 1503024 46622778 3.291007 9.823915 17 2385812 924199952027.00
rmat_s20_ef48_0.55_0.15_0.15_0.15_uni kMM random 8 32 1 1048576 1505506 46620296 3.344941 9.520809 16 2386176 924205071485.00
rmat_s20_ef48_0.55_0.15_0.15_0.15_uni kMM random 8 32 2 1048576 1503146 46622656 3.255355 9.720967 16 2386014 924319097279.00
rmat_s20_ef48_0.55_0.15_0.15_0.15_uni kMM random 8 4 0 1048576 12024242 36101560 5.575265 23.950691 17 2386947 925459355406.00
rmat_s20_ef48_0.55_0.15_0.15_0.15_uni kMM random 8 4 1 1048576 12030291 36095511 5.404668 24.098434 17 2386897 925448485599.00
rmat_s20_ef48_0.55_0.15_0.15_0.15_uni kMM random 8 4 2 1048576 12032890 36092912 5.226184 23.943580 17 2386409 925399834946.00
rmat_s20_ef48_0.55_0.15_0.15_0.15_uni kMM random 8 8 0 1048576 6013220 42112582 4.200261 17.325384 16 2385986 924677719181.00
rmat_s20_ef48_0.55_0.15_0.15_0.15_uni kMM random 8 8 1 1048576 6015477 42110325 4.304458 16.927124 17 2386102 924630853417.00
rmat_s20_ef48_0.55_0.15_0.15_0.15_uni kMM random 8 8 2 1048576 6018915 42106887 4.559334 16.870574 17 2385824 924617160193.00
rmat_s20_ef48_0.55_0.15_0.15_0.15_uni MRepLM diststream 16 16 0 1048576 7965783 40160019 43.908227 14.447752 279 4088367 1533129426766.00
rmat_s20_ef48_0.55_0.15_0.15_0.15_uni MRepLM diststream 16 16 1 1048576 7968967 40156835 44.009926 13.511220 279 4088396 1533137443399.00
rmat_s20_ef48_0.55_0.15_0.15_0.15_uni MRepLM diststream 16 16 2 1048576 7907085 40218717 43.836624 14.266627 279 4088385 1533140016907.00
rmat_s20_ef48_0.55_0.15_0.15_0.15_uni MRepLM diststream 16 32 0 1048576 4465061 43660741 36.083559 10.461299 279 4088392 1533132153110.00
rmat_s20_ef48_0.55_0.15_0.15_0.15_uni MRepLM diststream 16 32 1 1048576 4588059 43537743 37.335499 8.706701 280 4088432 1533138309609.00
rmat_s20_ef48_0.55_0.15_0.15_0.15_uni MRepLM diststream 16 32 2 1048576 4466913 43658889 36.554738 8.009862 280 4088392 1533140482250.00
rmat_s20_ef48_0.55_0.15_0.15_0.15_uni MRepLM diststream 16 4 0 1048576 19422909 28702893 72.423084 37.352469 279 4088397 1533139026127.00
rmat_s20_ef48_0.55_0.15_0.15_0.15_uni MRepLM diststream 16 4 1 1048576 19631007 28494795 73.136151 35.822560 281 4088394 1533138303899.00
rmat_s20_ef48_0.55_0.15_0.15_0.15_uni MRepLM diststream 16 4 2 1048576 19603278 28522524 76.128369 35.659745 280 4088347 1533132199193.00
rmat_s20_ef48_0.55_0.15_0.15_0.15_uni MRepLM diststream 16 8 0 1048576 12415241 35710561 56.562966 22.814677 279 4088371 1533130086089.00
rmat_s20_ef48_0.55_0.15_0.15_0.15_uni MRepLM diststream 16 8 1 1048576 12258256 35867546 57.927409 27.310435 279 4088354 1533130029413.00
rmat_s20_ef48_0.55_0.15_0.15_0.15_uni MRepLM diststream 16 8 2 1048576 12229418 35896384 57.518329 28.362141 280 4088387 1533131602140.00
rmat_s20_ef48_0.55_0.15_0.15_0.15_uni MRepLM diststream 32 16 0 1048576 7965783 40160019 43.892838 34.881203 648 6747113 2402173787090.00
rmat_s20_ef48_0.55_0.15_0.15_0.15_uni MRepLM diststream 32 16 1 1048576 7968967 40156835 43.793037 35.467409 647 6747106 2402175812605.00
rmat_s20_ef48_0.55_0.15_0.15_0.15_uni MRepLM diststream 32 16 2 1048576 7907085 40218717 44.616457 33.131256 649 6747129 2402177842824.00
rmat_s20_ef48_0.55_0.15_0.15_0.15_uni MRepLM diststream 32 32 0 1048576 4465061 43660741 36.574194 24.445004 650 6747116 2402177402067.00
rmat_s20_ef48_0.55_0.15_0.15_0.15_uni MRepLM diststream 32 32 1 1048576 4588059 43537743 36.305346 27.000303 647 6747119 2402180916071.00
rmat_s20_ef48_0.55_0.15_0.15_0.15_uni MRepLM diststream 32 32 2 1048576 4466913 43658889 36.674172 28.546309 649 6747137 2402178322178.00
rmat_s20_ef48_0.55_0.15_0.15_0.15_uni MRepLM diststream 32 4 0 1048576 19422909 28702893 73.652257 93.128096 647 6747087 2402175433890.00
rmat_s20_ef48_0.55_0.15_0.15_0.15_uni MRepLM diststream 32 4 1 1048576 19631007 28494795 75.819396 95.849641 651 6747128 2402177329744.00
rmat_s20_ef48_0.55_0.15_0.15_0.15_uni MRepLM diststream 32 4 2 1048576 19603278 28522524 74.854918 95.663385 649 6747110 2402181083432.00
rmat_s20_ef48_0.55_0.15_0.15_0.15_uni MRepLM diststream 32 8 0 1048576 12415241 35710561 56.854595 66.190979 647 6747088 2402175957237.00
rmat_s20_ef48_0.55_0.15_0.15_0.15_uni MRepLM diststream 32 8 1 1048576 12258256 35867546 57.529328 66.803147 646 6747073 2402171601350.00
rmat_s20_ef48_0.55_0.15_0.15_0.15_uni MRepLM diststream 32 8 2 1048576 12229418 35896384 57.977975 65.880855 648 6747096 2402181223072.00
rmat_s20_ef48_0.55_0.15_0.15_0.15_uni MRepLM diststream 4 16 0 1048576 7965783 40160019 44.453527 2.373595 55 1325453 536860186076.00
rmat_s20_ef48_0.55_0.15_0.15_0.15_uni MRepLM diststream 4 16 1 1048576 7968967 40156835 43.489013 2.406964 55 1325457 536860263746.00
rmat_s20_ef48_0.55_0.15_0.15_0.15_uni MRepLM diststream 4 16 2 1048576 7907085 40218717 43.992956 2.421961 55 1325461 536858158686.00
rmat_s20_ef48_0.55_0.15_0.15_0.15_uni MRepLM diststream 4 32 0 1048576 4465061 43660741 36.676473 1.548869 55 1325435 536855897426.00
rmat_s20_ef48_0.55_0.15_0.15_0.15_uni MRepLM diststream 4 32 1 1048576 4588059 43537743 36.432895 1.409647 55 1325440 536857858044.00
rmat_s20_ef48_0.55_0.15_0.15_0.15_uni MRepLM diststream 4 32 2 1048576 4466913 43658889 38.015553 1.357844 55 1325449 536855816072.00
rmat_s20_ef48_0.55_0.15_0.15_0.15_uni MRepLM diststream 4 4 0 1048576 19422909 28702893 74.825686 5.629018 55 1325444 536856640896.00
rmat_s20_ef48_0.55_0.15_0.15_0.15_uni MRepLM diststream 4 4 1 1048576 19631007 28494795 74.747016 5.635581 55 1325453 536858543193.00
rmat_s20_ef48_0.55_0.15_0.15_0.15_uni MRepLM diststream 4 4 2 1048576 19603278 28522524 74.724447 5.819792 55 1325454 536859638256.00
rmat_s20_ef48_0.55_0.15_0.15_0.15_uni MRepLM diststream 4 8 0 1048576 12415241 35710561 55.794002 3.742533 55 1325447 536859266055.00
rmat_s20_ef48_0.55_0.15_0.15_0.15_uni MRepLM diststream 4 8 1 1048576 12258256 35867546 55.936568 3.541130 55 1325442 536856287351.00
rmat_s20_ef48_0.55_0.15_0.15_0.15_uni MRepLM diststream 4 8 2 1048576 12229418 35896384 57.266284 3.960942 55 1325452 536859386251.00
rmat_s20_ef48_0.55_0.15_0.15_0.15_uni MRepLM diststream 8 16 0 1048576 7965783 40160019 43.989584 5.886496 124 2384732 931769836381.00
rmat_s20_ef48_0.55_0.15_0.15_0.15_uni MRepLM diststream 8 16 1 1048576 7968967 40156835 43.735579 5.937601 124 2384755 931774941491.00
rmat_s20_ef48_0.55_0.15_0.15_0.15_uni MRepLM diststream 8 16 2 1048576 7907085 40218717 44.045258 6.101990 124 2384763 931771113328.00
rmat_s20_ef48_0.55_0.15_0.15_0.15_uni MRepLM diststream 8 32 0 1048576 4465061 43660741 36.126607 3.711496 124 2384761 931774290889.00
rmat_s20_ef48_0.55_0.15_0.15_0.15_uni MRepLM diststream 8 32 1 1048576 4588059 43537743 36.792647 3.492337 124 2384752 931770194294.00
rmat_s20_ef48_0.55_0.15_0.15_0.15_uni MRepLM diststream 8 32 2 1048576 4466913 43658889 35.998449 3.270167 124 2384769 931774516704.00
rmat_s20_ef48_0.55_0.15_0.15_0.15_uni MRepLM diststream 8 4 0 1048576 19422909 28702893 75.731604 14.704082 124 2384762 931770586428.00
rmat_s20_ef48_0.55_0.15_0.15_0.15_uni MRepLM diststream 8 4 1 1048576 19631007 28494795 77.022294 13.782544 124 2384759 931772527997.00
rmat_s20_ef48_0.55_0.15_0.15_0.15_uni MRepLM diststream 8 4 2 1048576 19603278 28522524 75.462793 13.722280 124 2384760 931769189605.00
rmat_s20_ef48_0.55_0.15_0.15_0.15_uni MRepLM diststream 8 8 0 1048576 12415241 35710561 57.456705 9.413644 124 2384749 931769805775.00
rmat_s20_ef48_0.55_0.15_0.15_0.15_uni MRepLM diststream 8 8 1 1048576 12258256 35867546 56.292765 9.068294 124 2384784 931772263654.00
rmat_s20_ef48_0.55_0.15_0.15_0.15_uni MRepLM diststream 8 8 2 1048576 12229418 35896384 56.746690 8.259717 124 2384763 931772735371.00
rmat_s20_ef48_0.55_0.15_0.15_0.15_uni MRepLM random 16 1 0 1048576 48125802 0 5.917639 127.758394 279 4088393 1533134944541.00
rmat_s20_ef48_0.55_0.15_0.15_0.15_uni MRepLM random 16 1 1 1048576 48125802 0 12.123462 164.508074 280 4088398 1533137453373.00
rmat_s20_ef48_0.55_0.15_0.15_0.15_uni MRepLM random 16 1 2 1048576 48125802 0 13.278109 163.160783 281 4088408 1533141083820.00
rmat_s20_ef48_0.55_0.15_0.15_0.15_uni MRepLM random 16 16 0 1048576 3007028 45118774 3.467844 13.513105 279 4088393 1533134944541.00
rmat_s20_ef48_0.55_0.15_0.15_0.15_uni MRepLM random 16 16 1 1048576 3009199 45116603 3.509140 13.569211 280 4088398 1533137453373.00
rmat_s20_ef48_0.55_0.15_0.15_0.15_uni MRepLM random 16 16 2 1048576 3008634 45117168 3.791669 13.834759 281 4088408 1533141083820.00
rmat_s20_ef48_0.55_0.15_0.15_0.15_uni MRepLM random 16 32 0 1048576 1503024 46622778 3.533659 10.841958 279 4088393 1533134944541.00
rmat_s20_ef48_0.55_0.15_0.15_0.15_uni MRepLM random 16 32 1 1048576 1505506 46620296 3.941434 11.630368 280 4088398 1533137453373.00
rmat_s20_ef48_0.55_0.15_0.15_0.15_uni MRepLM random 16 32 2 1048576 1503146 46622656 4.563241 9.050275 281 4088408 1533141083820.00
rmat_s20_ef48_0.55_0.15_0.15_0.15_uni MRepLM random 16 4 0 1048576 12024242 36101560 6.017905 40.048069 279 4088393 1533134944541.00
rmat_s20_ef48_0.55_0.15_0.15_0.15_uni MRepLM random 16 4 1 1048576 12030291 36095511 5.559426 40.376065 280 4088398 1533137453373.00
rmat_s20_ef48_0.55_0.15_0.15_0.15_uni MRepLM random 16 4 2 1048576 12032890 36092912 5.788283 41.838494 281 4088408 1533141083820.00
rmat_s20_ef48_0.55_0.15_0.15_0.15_uni MRepLM random 16 8 0 1048576 6013220 42112582 4.077697 22.862544 279 4088393 1533134944541.00
rmat_s20_ef48_0.55_0.15_0.15_0.15_uni MRepLM random 16 8 1 1048576 6015477 42110325 4.161870 25.615079 280 4088398 1533137453373.00
rmat_s20_ef48_0.55_0.15_0.15_0.15_uni MRepLM random 16 8 2 1048576 6018915 42106887 4.403548 24.721725 281 4088408 1533141083820.00
rmat_s20_ef48_0.55_0.15_0.15_0.15_uni MRepLM random 32 1 0 1048576 48125802 0 8.867668 425.591047 647 6747094 2402174580870.00
rmat_s20_ef48_0.55_0.15_0.15_0.15_uni MRepLM random 32 1 1 1048576 48125802 0 9.057675 475.794350 650 6747086 2402178908332.00
rmat_s20_ef48_0.55_0.15_0.15_0.15_uni MRepLM random 32 1 2 1048576 48125802 0 12.158490 438.156754 650 6747109 2402176017098.00
rmat_s20_ef48_0.55_0.15_0.15_0.15_uni MRepLM random 32 16 0 1048576 3007028 45118774 3.559850 33.501993 647 6747094 2402174580870.00
rmat_s20_ef48_0.55_0.15_0.15_0.15_uni MRepLM random 32 16 1 1048576 3009199 45116603 3.436614 33.199211 650 6747086 2402178908332.00
rmat_s20_ef48_0.55_0.15_0.15_0.15_uni MRepLM random 32 16 2 1048576 3008634 45117168 3.410618 33.412107 650 6747109 2402176017098.00
rmat_s20_ef48_0.55_0.15_0.15_0.15_uni MRepLM random 32 32 0 1048576 1503024 46622778 3.753279 29.440703 647 6747094 2402174580870.00
rmat_s20_ef48_0.55_0.15_0.15_0.15_uni MRepLM random 32 32 1 1048576 1505506 46620296 4.588007 30.836723 650 6747086 2402178908332.00
rmat_s20_ef48_0.55_0.15_0.15_0.15_uni MRepLM random 32 32 2 1048576 1503146 46622656 5.582165 24.751104 650 6747109 2402176017098.00
rmat_s20_ef48_0.55_0.15_0.15_0.15_uni MRepLM random 32 4 0 1048576 12024242 36101560 8.295860 109.755415 647 6747094 2402174580870.00
rmat_s20_ef48_0.55_0.15_0.15_0.15_uni MRepLM random 32 4 1 1048576 12030291 36095511 6.477951 146.605957 650 6747086 2402178908332.00
rmat_s20_ef48_0.55_0.15_0.15_0.15_uni MRepLM random 32 4 2 1048576 12032890 36092912 6.243914 114.555189 650 6747109 2402176017098.00
rmat_s20_ef48_0.55_0.15_0.15_0.15_uni MRepLM random 32 8 0 1048576 6013220 42112582 4.080804 54.160882 647 6747094 2402174580870.00
rmat_s20_ef48_0.55_0.15_0.15_0.15_uni MRepLM random 32 8 1 1048576 6015477 42110325 4.153406 53.794435 650 6747086 2402178908332.00
rmat_s20_ef48_0.55_0.15_0.15_0.15_uni MRepLM random 32 8 2 1048576 6018915 42106887 4.086451 55.589542 650 6747109 2402176017098.00
rmat_s20_ef48_0.55_0.15_0.15_0.15_uni MRepLM random 4 1 0 1048576 48125802 0 7.808762 29.613535 55 1325450 536860829420.00
rmat_s20_ef48_0.55_0.15_0.15_0.15_uni MRepLM random 4 1 1 1048576 48125802 0 12.081635 27.709428 55 1325441 536858612103.00
rmat_s20_ef48_0.55_0.15_0.15_0.15_uni MRepLM random 4 1 2 1048576 48125802 0 13.204360 25.677745 55 1325449 536857435151.00
rmat_s20_ef48_0.55_0.15_0.15_0.15_uni MRepLM random 4 16 0 1048576 3007028 45118774 3.440767 2.514332 55 1325450 536860829420.00
rmat_s20_ef48_0.55_0.15_0.15_0.15_uni MRepLM random 4 16 1 1048576 3009199 45116603 3.467234 2.415325 55 1325441 536858612103.00
rmat_s20_ef48_0.55_0.15_0.15_0.15_uni MRepLM random 4 16 2 1048576 3008634 45117168 3.561619 2.470315 55 1325449 536857435151.00
rmat_s20_ef48_0.55_0.15_0.15_0.15_uni MRepLM random 4 32 0 1048576 1503024 46622778 3.569084 2.029977 55 1325450 536860829420.00
rmat_s20_ef48_0.55_0.15_0.15_0.15_uni MRepLM random 4 32 1 1048576 1505506 46620296 4.232565 1.937226 55 1325441 536858612103.00
rmat_s20_ef48_0.55_0.15_0.15_0.15_uni MRepLM random 4 32 2 1048576 1503146 46622656 4.008526 1.651530 55 1325449 536857435151.00
rmat_s20_ef48_0.55_0.15_0.15_0.15_uni MRepLM random 4 4 0 1048576 12024242 36101560 5.592334 7.750117 55 1325450 536860829420.00
rmat_s20_ef48_0.55_0.15_0.15_0.15_uni MRepLM random 4 4 1 1048576 12030291 36095511 5.473012 7.733469 55 1325441 536858612103.00
rmat_s20_ef48_0.55_0.15_0.15_0.15_uni MRepLM random 4 4 2 1048576 12032890 36092912 5.391329 8.599370 55 1325449 536857435151.00
rmat_s20_ef48_0.55_0.15_0.15_0.15_uni MRepLM random 4 8 0 1048576 6013220 42112582 4.118639 4.240500 55 1325450 536860829420.00
rmat_s20_ef48_0.55_0.15_0.15_0.15_uni MRepLM random 4 8 1 1048576 6015477 42110325 4.282125 4.514347 55 1325441 536858612103.00
rmat_s20_ef48_0.55_0.15_0.15_0.15_uni MRepLM random 4 8 2 1048576 6018915 42106887 4.465073 5.948236 55 1325449 536857435151.00
rmat_s20_ef48_0.55_0.15_0.15_0.15_uni MRepLM random 8 1 0 1048576 48125802 0 10.615789 77.350601 124 2384795 931777130568.00
rmat_s20_ef48_0.55_0.15_0.15_0.15_uni MRepLM random 8 1 1 1048576 48125802 0 12.678685 77.383464 124 2384733 931769922735.00
rmat_s20_ef48_0.55_0.15_0.15_0.15_uni MRepLM random 8 1 2 1048576 48125802 0 12.997392 77.573286 124 2384753 931766839917.00
rmat_s20_ef48_0.55_0.15_0.15_0.15_uni MRepLM random 8 16 0 1048576 3007028 45118774 3.413505 5.652370 124 2384795 931777130568.00
rmat_s20_ef48_0.55_0.15_0.15_0.15_uni MRepLM random 8 16 1 1048576 3009199 45116603 3.661917 5.845157 124 2384733 931769922735.00
rmat_s20_ef48_0.55_0.15_0.15_0.15_uni MRepLM random 8 16 2 1048576 3008634 45117168 3.406504 5.615510 124 2384753 931766839917.00
rmat_s20_ef48_0.55_0.15_0.15_0.15_uni MRepLM random 8 32 0 1048576 1503024 46622778 3.403448 5.050368 124 2384795 931777130568.00
rmat_s20_ef48_0.55_0.15_0.15_0.15_uni MRepLM random 8 32 1 1048576 1505506 46620296 3.850258 5.007152 124 2384733 931769922735.00
rmat_s20_ef48_0.55_0.15_0.15_0.15_uni MRepLM random 8 32 2 1048576 1503146 46622656 5.100224 3.972791 124 2384753 931766839917.00
rmat_s20_ef48_0.55_0.15_0.15_0.15_uni MRepLM random 8 4 0 1048576 12024242 36101560 6.846740 18.377049 124 2384795 931777130568.00
rmat_s20_ef48_0.55_0.15_0.15_0.15_uni MRepLM random 8 4 1 1048576 12030291 36095511 6.838815 20.201113 124 2384733 931769922735.00
rmat_s20_ef48_0.55_0.15_0.15_0.15_uni MRepLM random 8 4 2 1048576 12032890 36092912 5.397875 17.229143 124 2384753 931766839917.00
rmat_s20_ef48_0.55_0.15_0.15_0.15_uni MRepLM random 8 8 0 1048576 6013220 42112582 4.093522 9.422211 124 2384795 931777130568.00
rmat_s20_ef48_0.55_0.15_0.15_0.15_uni MRepLM random 8 8 1 1048576 6015477 42110325 4.143120 9.416785 124 2384733 931769922735.00
rmat_s20_ef48_0.55_0.15_0.15_0.15_uni MRepLM random 8 8 2 1048576 6018915 42106887 4.136390 9.501567 124 2384753 931766839917.00
fbA kCS diststream 16 16 0 357059 2309760 40747751 22.775315 0.905083 608 62619 47847426957.00
fbA kCS diststream 16 16 1 357059 2371189 40686322 22.353037 0.904123 609 62620 47847443187.00
fbA kCS diststream 16 16 2 357059 2375942 40681569 22.495404 0.887603 611 62624 47847413600.00
fbA kCS diststream 16 32 0 357059 1372559 41684952 19.973625 0.611528 598 62626 47847434249.00
fbA kCS diststream 16 32 1 357059 1384089 41673422 19.832438 0.625018 627 62604 47847411095.00
fbA kCS diststream 16 32 2 357059 1385798 41671713 19.722402 0.620826 601 62633 47847414028.00
fbA kCS diststream 16 4 0 357059 5087435 37970076 34.778969 3.011903 620 62598 47847441196.00
fbA kCS diststream 16 4 1 357059 4149347 38908164 34.597286 3.121561 624 62603 47847436890.00
fbA kCS diststream 16 4 2 357059 6373282 36684229 34.602364 2.926802 620 62612 47847433684.00
fbA kCS diststream 16 64 0 357059 702038 42355473 18.052831 0.788846 603 62629 47847440550.00
fbA kCS diststream 16 64 1 357059 703590 42353921 18.959588 0.768346 614 62622 47847440759.00
fbA kCS diststream 16 64 2 357059 698235 42359276 17.969352 0.703824 610 62621 47847438786.00
fbA kCS diststream 16 8 0 357059 3198771 39858740 27.886152 1.727322 605 62624 47847449723.00
fbA kCS diststream 16 8 1 357059 2985131 40072380 27.717916 1.627173 632 62608 47847450158.00
fbA kCS diststream 16 8 2 357059 3286563 39770948 27.721241 1.528252 627 62617 47847429054.00
fbA kCS diststream 32 16 0 357059 2309760 40747751 22.802411 2.128951 1038 120232 79337743049.00
fbA kCS diststream 32 16 1 357059 2371189 40686322 22.307547 2.108236 1033 120239 79337710672.00
fbA kCS diststream 32 16 2 357059 2375942 40681569 23.587654 2.167956 1055 120231 79337693829.00
fbA kCS diststream 32 32 0 357059 1372559 41684952 19.825525 1.264603 1034 120254 79337778304.00
fbA kCS diststream 32 32 1 357059 1384089 41673422 19.900709 1.248401 1048 120220 79337709013.00
fbA kCS diststream 32 32 2 357059 1385798 41671713 19.721643 1.483656 1006 120254 79337764394.00
fbA kCS diststream 32 4 0 357059 5087435 37970076 34.714939 5.016592 1043 120225 79337757939.00
fbA kCS diststream 32 4 1 357059 4149347 38908164 35.103964 5.184120 1043 120219 79337761153.00
fbA kCS diststream 32 4 2 357059 6373282 36684229 34.464007 5.171871 1058 120215 79337751116.00
fbA kCS diststream 32 64 0 357059 702038 42355473 18.502566 1.448872 1064 120241 79337813574.00
fbA kCS diststream 32 64 1 357059 703590 42353921 18.186873 1.411550 1039 120207 79337736450.00
fbA kCS diststream 32 64 2 357059 698235 42359276 18.746629 1.438621 1060 120236 79337767248.00
fbA kCS diststream 32 8 0 357059 3198771 39858740 28.300839 3.198300 1079 120268 79337753475.00
fbA kCS diststream 32 8 1 357059 2985131 40072380 28.077742 3.383332 1066 120226 79337773577.00
fbA kCS diststream 32 8 2 357059 3286563 39770948 27.910773 3.376754 1073 120226 79337750410.00
fbA kCS diststream 4 16 0 357059 2309760 40747751 22.446711 0.575685 180 16322 17915570999.00
fbA kCS diststream 4 16 1 357059 2371189 40686322 22.593443 0.582014 173 16322 17915557091.00
fbA kCS diststream 4 16 2 357059 2375942 40681569 23.145052 0.573553 180 16320 17915565011.00
fbA kCS diststream 4 32 0 357059 1372559 41684952 19.688159 0.331574 177 16323 17915574673.00
fbA kCS diststream 4 32 1 357059 1384089 41673422 19.934255 0.330593 175 16330 17915573020.00
fbA kCS diststream 4 32 2 357059 1385798 41671713 19.736467 0.328339 179 16323 17915576381.00
fbA kCS diststream 4 4 0 357059 5087435 37970076 34.273134 2.282947 165 16323 17915571896.00
fbA kCS diststream 4 4 1 357059 4149347 38908164 34.376546 2.326577 159 16325 17915568569.00
fbA kCS diststream 4 4 2 357059 6373282 36684229 34.870303 2.283571 164 16324 17915574786.00
fbA kCS diststream 4 64 0 357059 702038 42355473 18.511401 0.270672 171 16323 17915574989.00
fbA kCS diststream 4 64 1 357059 703590 42353921 19.264265 0.282888 182 16322 17915565324.00
fbA kCS diststream 4 64 2 357059 698235 42359276 18.541067 0.278997 179 16322 17915568319.00
fbA kCS diststream 4 8 0 357059 3198771 39858740 27.804200 1.194975 175 16323 17915577036.00
fbA kCS diststream 4 8 1 357059 2985131 40072380 27.811232 1.127082 173 16326 17915578570.00
fbA kCS diststream 4 8 2 357059 3286563 39770948 28.072598 1.106579 171 16323 17915570127.00
fbA kCS diststream 8 16 0 357059 2309760 40747751 22.990784 0.661623 344 32306 29135361769.00
fbA kCS diststream 8 16 1 357059 2371189 40686322 22.686331 0.655200 337 32306 29135376401.00
fbA kCS diststream 8 16 2 357059 2375942 40681569 22.797757 0.647809 344 32321 29135373647.00
fbA kCS diststream 8 32 0 357059 1372559 41684952 20.004285 0.426375 336 32312 29135375715.00
fbA kCS diststream 8 32 1 357059 1384089 41673422 20.435230 0.422710 347 32319 29135370611.00
fbA kCS diststream 8 32 2 357059 1385798 41671713 19.798754 0.427131 343 32317 29135371557.00
fbA kCS diststream 8 4 0 357059 5087435 37970076 39.280481 2.512876 319 32305 29135374539.00
fbA kCS diststream 8 4 1 357059 4149347 38908164 34.762556 2.499547 316 32301 29135373602.00
fbA kCS diststream 8 4 2 357059 6373282 36684229 34.432822 2.511804 322 32313 29135377247.00
fbA kCS diststream 8 64 0 357059 702038 42355473 18.647282 0.426811 337 32323 29135373784.00
fbA kCS diststream 8 64 1 357059 703590 42353921 18.411939 0.432123 352 32319 29135382556.00
fbA kCS diststream 8 64 2 357059 698235 42359276 19.247860 0.429170 349 32316 29135378489.00
fbA kCS diststream 8 8 0 357059 3198771 39858740 27.570893 1.296457 326 32310 29135375176.00
fbA kCS diststream 8 8 1 357059 2985131 40072380 28.181170 1.232386 327 32297 29135378430.00
fbA kCS diststream 8 8 2 357059 3286563 39770948 28.586294 1.222580 336 32298 29135376778.00
fbA kCS random 16 1 0 357059 43057511 0 5.921538 8.328252 583 62620 47847437371.00
fbA kCS random 16 1 1 357059 43057511 0 5.986450 8.115464 571 62618 47847433474.00
fbA kCS random 16 1 2 357059 43057511 0 5.985777 8.316222 620 62632 47847417165.00
fbA kCS random 16 16 0 357059 2693549 40363962 2.194128 0.885347 603 62620 47847437371.00
fbA kCS random 16 16 1 357059 2693409 40364102 2.184707 0.819726 594 62618 47847433474.00
fbA kCS random 16 16 2 357059 2693762 40363749 2.215568 0.892598 647 62632 47847417165.00
fbA kCS random 16 32 0 357059 1347533 41709978 2.183789 0.679497 604 62620 47847437371.00
fbA kCS random 16 32 1 357059 1346507 41711004 2.220430 0.619100 595 62618 47847433474.00
fbA kCS random 16 32 2 357059 1346563 41710948 2.221191 0.715059 647 62632 47847417165.00
fbA kCS random 16 4 0 357059 10763443 32294068 3.052570 2.904772 600 62620 47847437371.00
fbA kCS random 16 4 1 357059 10771595 32285916 3.122228 2.816649 590 62618 47847433474.00
fbA kCS random 16 4 2 357059 10764721 32292790 3.053637 2.981984 642 62632 47847417165.00
fbA kCS random 16 64 0 357059 674509 42383002 4.013656 0.781631 605 62620 47847437371.00
fbA kCS random 16 64 1 357059 672958 42384553 4.056021 0.718938 596 62618 47847433474.00
fbA kCS random 16 64 2 357059 673754 42383757 4.022485 0.815883 647 62632 47847417165.00
fbA kCS random 16 8 0 357059 5384110 37673401 2.500431 1.689823 602 62620 47847437371.00
fbA kCS random 16 8 1 357059 5383848 37673663 2.532008 1.413136 592 62618 47847433474.00
fbA kCS random 16 8 2 357059 5383808 37673703 2.479575 1.668543 645 62632 47847417165.00
fbA kCS random 32 1 0 357059 43057511 0 5.963669 11.425585 1035 120231 79337801580.00
fbA kCS random 32 1 1 357059 43057511 0 5.878357 11.510272 1012 120256 79337730806.00
fbA kCS random 32 1 2 357059 43057511 0 6.074776 11.552482 1049 120228 79337709453.00
fbA kCS random 32 16 0 357059 2693549 40363962 2.198532 2.494558 1057 120231 79337801580.00
fbA kCS random 32 16 1 357059 2693409 40364102 2.240421 2.158893 1035 120256 79337730806.00
fbA kCS random 32 16 2 357059 2693762 40363749 2.196781 1.480844 1071 120228 79337709453.00
fbA kCS random 32 32 0 357059 1347533 41709978 2.165951 1.226040 1058 120231 79337801580.00
fbA kCS random 32 32 1 357059 1346507 41711004 2.211987 1.265752 1037 120256 79337730806.00
fbA kCS random 32 32 2 357059 1346563 41710948 2.136668 1.256981 1071 120228 79337709453.00
fbA kCS random 32 4 0 357059 10763443 32294068 3.057724 4.988973 1052 120231 79337801580.00
fbA kCS random 32 4 1 357059 10771595 32285916 3.119453 5.036611 1030 120256 79337730806.00
fbA kCS random 32 4 2 357059 10764721 32292790 3.079261 4.797530 1067 120228 79337709453.00
fbA kCS random 32 64 0 357059 674509 42383002 4.034187 1.447075 1058 120231 79337801580.00
fbA kCS random 32 64 1 357059 672958 42384553 4.002603 1.488159 1037 120256 79337730806.00
fbA kCS random 32 64 2 357059 673754 42383757 4.014124 1.482854 1072 120228 79337709453.00
fbA kCS random 32 8 0 357059 5384110 37673401 2.492728 3.104821 1055 120231 79337801580.00
fbA kCS random 32 8 1 357059 5383848 37673663 2.462841 2.945058 1034 120256 79337730806.00
fbA kCS random 32 8 2 357059 5383808 37673703 2.466433 2.899289 1071 120228 79337709453.00
fbA kCS random 4 1 0 357059 43057511 0 5.909681 6.674511 155 16322 17915565847.00
fbA kCS random 4 1 1 357059 43057511 0 5.863179 6.677055 153 16322 17915562482.00
fbA kCS random 4 1 2 357059 43057511 0 5.972413 6.699842 154 16323 17915579933.00
fbA kCS random 4 16 0 357059 2693549 40363962 2.182839 0.559501 180 16322 17915565847.00
fbA kCS random 4 16 1 357059 2693409 40364102 2.225800 0.566799 176 16322 17915562482.00
fbA kCS random 4 16 2 357059 2693762 40363749 2.193503 0.561332 178 16323 17915579933.00
fbA kCS random 4 32 0 357059 1347533 41709978 2.277099 0.341498 182 16322 17915565847.00
fbA kCS random 4 32 1 357059 1346507 41711004 2.224540 0.342609 178 16322 17915562482.00
fbA kCS random 4 32 2 357059 1346563 41710948 2.203168 0.354034 178 16323 17915579933.00
fbA kCS random 4 4 0 357059 10763443 32294068 3.081113 2.194090 175 16322 17915565847.00
fbA kCS random 4 4 1 357059 10771595 32285916 3.117861 2.196993 170 16322 17915562482.00
fbA kCS random 4 4 2 357059 10764721 32292790 3.057128 2.161905 175 16323 17915579933.00
fbA kCS random 4 64 0 357059 674509 42383002 4.017271 0.294124 182 16322 17915565847.00
fbA kCS random 4 64 1 357059 672958 42384553 4.047567 0.289091 178 16322 17915562482.00
fbA kCS random 4 64 2 357059 673754 42383757 4.002007 0.294457 179 16323 17915579933.00
fbA kCS random 4 8 0 357059 5384110 37673401 2.488162 1.013954 178 16322 17915565847.00
fbA kCS random 4 8 1 357059 5383848 37673663 2.470570 1.041733 175 16322 17915562482.00
fbA kCS random 4 8 2 357059 5383808 37673703 2.488675 1.043034 177 16323 17915579933.00
fbA kCS random 8 1 0 357059 43057511 0 5.823704 7.127866 319 32321 29135375886.00
fbA kCS random 8 1 1 357059 43057511 0 5.987508 7.202663 314 32297 29135367762.00
fbA kCS random 8 1 2 357059 43057511 0 6.053293 7.191713 327 32308 29135368007.00
fbA kCS random 8 16 0 357059 2693549 40363962 2.186286 0.634908 344 32321 29135375886.00
fbA kCS random 8 16 1 357059 2693409 40364102 2.219053 0.636716 336 32297 29135367762.00
fbA kCS random 8 16 2 357059 2693762 40363749 2.176109 0.633583 346 32308 29135368007.00
fbA kCS random 8 32 0 357059 1347533 41709978 2.218442 0.426916 346 32321 29135375886.00
fbA kCS random 8 32 1 357059 1346507 41711004 2.188287 0.429039 338 32297 29135367762.00
fbA kCS random 8 32 2 357059 1346563 41710948 2.182392 0.447373 346 32308 29135368007.00
fbA kCS random 8 4 0 357059 10763443 32294068 3.084519 2.373909 337 32321 29135375886.00
fbA kCS random 8 4 1 357059 10771595 32285916 3.105607 2.408211 329 32297 29135367762.00
fbA kCS random 8 4 2 357059 10764721 32292790 3.095629 2.411352 344 32308 29135368007.00
fbA kCS random 8 64 0 357059 674509 42383002 4.052449 0.440495 346 32321 29135375886.00
fbA kCS random 8 64 1 357059 672958 42384553 4.039456 0.430001 338 32297 29135367762.00
fbA kCS random 8 64 2 357059 673754 42383757 4.049929 0.445462 346 32308 29135368007.00
fbA kCS random 8 8 0 357059 5384110 37673401 2.486399 1.104646 342 32321 29135375886.00
fbA kCS random 8 8 1 357059 5383848 37673663 2.464658 1.123560 333 32297 29135367762.00
fbA kCS random 8 8 2 357059 5383808 37673703 2.493873 1.136655 345 32308 29135368007.00
fbC kCS diststream 16 16 0 990023 3359180 37295531 38.405152 7.509279 630 59379 369196060049.00
fbC kCS diststream 16 16 1 990023 3253231 37401480 38.530861 7.064257 631 59378 369196060601.00
fbC kCS diststream 16 16 2 990023 3319959 37334752 38.946099 6.582841 630 59379 369196060193.00
fbC kCS diststream 16 32 0 990023 1893660 38761051 31.214413 3.514891 633 59381 369196062927.00
fbC kCS diststream 16 32 1 990023 1962488 38692223 31.762595 3.654355 635 59380 369196063527.00
fbC kCS diststream 16 32 2 990023 1875888 38778823 31.237892 3.111267 633 59378 369196059378.00
fbC kCS diststream 16 4 0 990023 10528764 30125947 64.559974 13.504614 627 59379 369196060036.00
fbC kCS diststream 16 4 1 990023 10743929 29910782 66.198899 12.561870 616 59380 369195344597.00
fbC kCS diststream 16 4 2 990023 10718353 29936358 64.275415 12.696115 626 59379 369196060036.00
fbC kCS diststream 16 64 0 990023 1063770 39590941 27.162000 2.762208 634 59380 369196062502.00
fbC kCS diststream 16 64 1 990023 997510 39657201 27.308175 2.509675 634 59379 369196060054.00
fbC kCS diststream 16 64 2 990023 892156 39762555 29.071492 2.187085 632 59380 369195349112.00
fbC kCS diststream 16 8 0 990023 5482146 35172565 49.665426 13.303640 626 59379 369196060148.00
fbC kCS diststream 16 8 1 990023 5942714 34711997 48.972059 11.481452 628 59380 369196062725.00
fbC kCS diststream 16 8 2 990023 5630596 35024115 48.488546 11.732956 637 59379 369196060036.00
fbC kCS diststream 32 16 0 990023 3359180 37295531 38.733364 12.540500 1070 116161 414694880353.00
fbC kCS diststream 32 16 1 990023 3253231 37401480 38.411939 11.417995 1062 116162 414694819739.00
fbC kCS diststream 32 16 2 990023 3319959 37334752 39.016990 11.603508 1062 116165 414694867806.00
fbC kCS diststream 32 32 0 990023 1893660 38761051 31.625565 6.687878 1072 116163 414695389431.00
fbC kCS diststream 32 32 1 990023 1962488 38692223 30.985485 6.332087 1079 116164 414694702286.00
fbC kCS diststream 32 32 2 990023 1875888 38778823 30.949454 5.330694 1075 116163 414694906162.00
fbC kCS diststream 32 4 0 990023 10528764 30125947 65.296302 22.515342 1067 116162 414694903473.00
fbC kCS diststream 32 4 1 990023 10743929 29910782 64.641265 21.428957 1089 116163 414694641742.00
fbC kCS diststream 32 4 2 990023 10718353 29936358 65.053702 21.462493 1071 116162 414694903473.00
fbC kCS diststream 32 64 0 990023 1063770 39590941 27.057131 4.457792 1078 116164 414695389751.00
fbC kCS diststream 32 64 1 990023 997510 39657201 27.845813 4.279988 1070 116164 414694867263.00
fbC kCS diststream 32 64 2 990023 892156 39762555 27.085064 4.134716 1085 116163 414694642214.00
fbC kCS diststream 32 8 0 990023 5482146 35172565 49.554645 22.884954 1074 116164 414695390168.00
fbC kCS diststream 32 8 1 990023 5942714 34711997 48.515057 19.747325 1071 116163 414694867646.00
fbC kCS diststream 32 8 2 990023 5630596 35024115 49.585306 19.981904 1079 116163 414694883785.00
fbC kCS diststream 4 16 0 990023 3359180 37295531 38.560221 1.452722 141 16762 138331291117.00
fbC kCS diststream 4 16 1 990023 3253231 37401480 38.538589 1.389843 140 16759 138331290965.00
fbC kCS diststream 4 16 2 990023 3319959 37334752 38.610648 1.357637 141 16761 138331291185.00
fbC kCS diststream 4 32 0 990023 1893660 38761051 30.929453 0.891775 150 16761 138331291397.00
fbC kCS diststream 4 32 1 990023 1962488 38692223 31.259829 0.772616 148 16761 138331291076.00
fbC kCS diststream 4 32 2 990023 1875888 38778823 31.347935 0.785135 150 16760 138331290899.00
fbC kCS diststream 4 4 0 990023 10528764 30125947 65.135008 3.620652 140 16761 138331291072.00
fbC kCS diststream 4 4 1 990023 10743929 29910782 64.689368 3.544073 145 16762 138331248874.00
fbC kCS diststream 4 4 2 990023 10718353 29936358 64.029451 3.539192 147 16761 138331291042.00
fbC kCS diststream 4 64 0 990023 1063770 39590941 27.669719 0.542032 151 16762 138331291231.00
fbC kCS diststream 4 64 1 990023 997510 39657201 27.274848 0.590170 150 16763 138331290963.00
fbC kCS diststream 4 64 2 990023 892156 39762555 27.107074 0.548809 158 16761 138331248642.00
fbC kCS diststream 4 8 0 990023 5482146 35172565 48.765073 2.369669 139 16761 138331290857.00
fbC kCS diststream 4 8 1 990023 5942714 34711997 48.853604 2.424383 138 16762 138331290728.00
fbC kCS diststream 4 8 2 990023 5630596 35024115 48.693089 2.557052 139 16760 138331290992.00
fbC kCS diststream 8 16 0 990023 3359180 37295531 38.648091 3.428150 320 31001 239913212795.00
fbC kCS diststream 8 16 1 990023 3253231 37401480 38.471682 3.419959 314 31000 239913213062.00
fbC kCS diststream 8 16 2 990023 3319959 37334752 39.172853 3.085384 316 31000 239913212849.00
fbC kCS diststream 8 32 0 990023 1893660 38761051 31.292209 1.974328 331 31001 239913212022.00
fbC kCS diststream 8 32 1 990023 1962488 38692223 31.082946 1.510057 318 31000 239913211657.00
fbC kCS diststream 8 32 2 990023 1875888 38778823 30.961273 1.642407 321 31000 239913210236.00
fbC kCS diststream 8 4 0 990023 10528764 30125947 65.474793 7.353383 316 31000 239913212849.00
fbC kCS diststream 8 4 1 990023 10743929 29910782 64.710992 7.041854 306 31002 239913207586.00
fbC kCS diststream 8 4 2 990023 10718353 29936358 64.724475 6.997349 318 31001 239913212949.00
fbC kCS diststream 8 64 0 990023 1063770 39590941 27.628645 1.070026 326 31001 239913213539.00
fbC kCS diststream 8 64 1 990023 997510 39657201 27.164178 1.264227 329 31000 239913210809.00
fbC kCS diststream 8 64 2 990023 892156 39762555 29.688942 1.000844 311 31001 239913205343.00
fbC kCS diststream 8 8 0 990023 5482146 35172565 49.490415 6.289714 316 31000 239913212769.00
fbC kCS diststream 8 8 1 990023 5942714 34711997 50.497739 6.050438 318 31001 239913214271.00
fbC kCS diststream 8 8 2 990023 5630596 35024115 49.974964 6.051546 317 31000 239913212857.00
fbC kCS random 16 1 0 990023 40654711 0 6.422225 18.685659 611 59380 369195345324.00
fbC kCS random 16 1 1 990023 40654711 0 6.449505 18.244476 613 59379 369195344359.00
fbC kCS random 16 1 2 990023 40654711 0 6.467247 18.217516 616 59379 369196110076.00
fbC kCS random 16 16 0 990023 2536958 38117753 2.281095 2.840162 630 59380 369195345324.00
fbC kCS random 16 16 1 990023 2538977 38115734 2.240273 2.812524 634 59379 369195344359.00
fbC kCS random 16 16 2 990023 2540435 38114276 2.259908 2.914549 639 59379 369196110076.00
fbC kCS random 16 32 0 990023 1269367 39385344 2.285951 1.378153 630 59380 369195345324.00
fbC kCS random 16 32 1 990023 1271924 39382787 2.170928 1.399630 634 59379 369195344359.00
fbC kCS random 16 32 2 990023 1270715 39383996 2.217789 1.668154 639 59379 369196110076.00
fbC kCS random 16 4 0 990023 10159692 30495019 3.410522 9.076022 624 59380 369195345324.00
fbC kCS random 16 4 1 990023 10161134 30493577 3.319313 8.225474 628 59379 369195344359.00
fbC kCS random 16 4 2 990023 10164936 30489775 3.325674 9.118981 633 59379 369196110076.00
fbC kCS random 16 64 0 990023 634986 40019725 3.235612 1.287751 630 59380 369195345324.00
fbC kCS random 16 64 1 990023 636691 40018020 3.238632 1.328066 635 59379 369195344359.00
fbC kCS random 16 64 2 990023 635401 40019310 3.211992 1.500892 639 59379 369196110076.00
fbC kCS random 16 8 0 990023 5077237 35577474 2.557592 4.177005 627 59380 369195345324.00
fbC kCS random 16 8 1 990023 5079579 35575132 2.596303 4.001701 632 59379 369195344359.00
fbC kCS random 16 8 2 990023 5081596 35573115 2.587423 4.973655 638 59379 369196110076.00
fbC kCS random 32 1 0 990023 40654711 0 6.525893 28.443970 1081 116164 414694644703.00
fbC kCS random 32 1 1 990023 40654711 0 6.512537 28.632151 1077 116162 414694447330.00
fbC kCS random 32 1 2 990023 40654711 0 6.461289 27.918681 1053 116160 414694747060.00
fbC kCS random 32 16 0 990023 2536958 38117753 2.233972 4.714435 1105 116164 414694644703.00
fbC kCS random 32 16 1 990023 2538977 38115734 2.244367 4.796300 1100 116162 414694447330.00
fbC kCS random 32 16 2 990023 2540435 38114276 2.231857 5.522183 1079 116160 414694747060.00
fbC kCS random 32 32 0 990023 1269367 39385344 2.168968 2.351342 1106 116164 414694644703.00
fbC kCS random 32 32 1 990023 1271924 39382787 2.128780 2.394887 1100 116162 414694447330.00
fbC kCS random 32 32 2 990023 1270715 39383996 2.167625 3.544956 1080 116160 414694747060.00
fbC kCS random 32 4 0 990023 10159692 30495019 3.348232 15.552925 1100 116164 414694644703.00
fbC kCS random 32 4 1 990023 10161134 30493577 3.400255 13.792663 1098 116162 414694447330.00
fbC kCS random 32 4 2 990023 10164936 30489775 3.405631 16.756860 1072 116160 414694747060.00
fbC kCS random 32 64 0 990023 634986 40019725 3.275735 2.338141 1106 116164 414694644703.00
fbC kCS random 32 64 1 990023 636691 40018020 3.233139 2.373580 1100 116162 414694447330.00
fbC kCS random 32 64 2 990023 635401 40019310 3.321156 2.261053 1080 116160 414694747060.00
fbC kCS random 32 8 0 990023 5077237 35577474 2.602714 7.107033 1104 116164 414694644703.00
fbC kCS random 32 8 1 990023 5079579 35575132 2.555992 6.867210 1098 116162 414694447330.00
fbC kCS random 32 8 2 990023 5081596 35573115 2.567412 9.956675 1078 116160 414694747060.00
fbC kCS random 4 1 2 990023 40654711 0 6.458477 7.581234 130 16762 138331290946.00
fbC kCS random 4 16 0 990023 2536958 38117753 2.250786 0.955229 157 16762 138331248338.00
fbC kCS random 4 16 1 990023 2538977 38115734 2.278182 0.922308 158 16762 138331248109.00
fbC kCS random 4 16 2 990023 2540435 38114276 2.221142 0.945515 159 16762 138331290946.00
fbC kCS random 4 32 0 990023 1269367 39385344 2.202361 0.489745 160 16762 138331248338.00
fbC kCS random 4 32 1 990023 1271924 39382787 2.180617 0.486063 158 16762 138331248109.00
fbC kCS random 4 32 2 990023 1270715 39383996 2.227519 0.493482 161 16762 138331290946.00
fbC kCS random 4 4 0 990023 10159692 30495019 3.320743 2.884145 154 16762 138331248338.00
fbC kCS random 4 4 1 990023 10161134 30493577 3.317234 2.874784 154 16762 138331248109.00
fbC kCS random 4 4 2 990023 10164936 30489775 3.364087 2.983636 156 16762 138331290946.00
fbC kCS random 4 64 0 990023 634986 40019725 6.340217 0.428007 160 16762 138331248338.00
fbC kCS random 4 64 1 990023 636691 40018020 3.247191 0.425840 159 16762 138331248109.00
fbC kCS random 4 64 2 990023 635401 40019310 3.275669 0.414824 161 16762 138331290946.00
fbC kCS random 4 8 0 990023 5077237 35577474 2.590066 1.511802 157 16762 138331248338.00
fbC kCS random 4 8 1 990023 5079579 35575132 2.743180 1.481300 155 16762 138331248109.00
fbC kCS random 4 8 2 990023 5081596 35573115 2.595965 1.597523 158 16762 138331290946.00
fbC kCS random 8 1 0 990023 40654711 0 6.437924 11.526097 295 31001 239913206984.00
fbC kCS random 8 1 1 990023 40654711 0 6.422651 11.526154 291 31003 239913208363.00
fbC kCS random 8 1 2 990023 40654711 0 6.453259 11.476762 301 31002 239913214057.00
fbC kCS random 8 16 0 990023 2536958 38117753 2.281496 1.591258 318 31001 239913206984.00
fbC kCS random 8 16 1 990023 2538977 38115734 2.234106 1.471789 315 31003 239913208363.00
fbC kCS random 8 16 2 990023 2540435 38114276 2.290418 1.596308 333 31002 239913214057.00
fbC kCS random 8 32 0 990023 1269367 39385344 2.164318 0.809747 318 31001 239913206984.00
fbC kCS random 8 32 1 990023 1271924 39382787 2.214619 0.744634 315 31003 239913208363.00
fbC kCS random 8 32 2 990023 1270715 39383996 2.229749 0.806814 333 31002 239913214057.00
fbC kCS random 8 4 0 990023 10159692 30495019 3.321707 4.843477 315 31001 239913206984.00
fbC kCS random 8 4 1 990023 10161134 30493577 3.289419 4.556415 309 31003 239913208363.00
fbC kCS random 8 4 2 990023 10164936 30489775 3.373686 4.922030 326 31002 239913214057.00
fbC kCS random 8 64 0 990023 634986 40019725 3.248248 0.680427 318 31001 239913206984.00
fbC kCS random 8 64 1 990023 636691 40018020 3.273069 0.710596 315 31003 239913208363.00
fbC kCS random 8 64 2 990023 635401 40019310 3.246965 0.722940 333 31002 239913214057.00
fbC kCS random 8 8 0 990023 5077237 35577474 2.612693 2.377837 316 31001 239913206984.00
fbC kCS random 8 8 1 990023 5079579 35575132 2.638358 2.216432 313 31003 239913208363.00
fbC kCS random 8 8 2 990023 5081596 35573115 2.571507 2.606133 332 31002 239913214057.00
rmat_s20_ef48_0.25_0.25_0.25_0.25_exp kCS diststream 16 16 0 1048576 5705397 44623959 42.613198 0.956448 172 8289659 717951931715.00
rmat_s20_ef48_0.25_0.25_0.25_0.25_exp kCS diststream 16 16 1 1048576 5705944 44623412 43.051043 0.955737 173 8289672 717952636433.00
rmat_s20_ef48_0.25_0.25_0.25_0.25_exp kCS diststream 16 16 2 1048576 5702817 44626539 42.567119 0.964802 172 8289668 717952276542.00
rmat_s20_ef48_0.25_0.25_0.25_0.25_exp kCS diststream 16 32 0 1048576 3731193 46598163 35.191215 0.658942 173 8289587 717952127122.00
rmat_s20_ef48_0.25_0.25_0.25_0.25_exp kCS diststream 16 32 1 1048576 3731652 46597704 34.932178 0.663215 173 8289603 717953981185.00
rmat_s20_ef48_0.25_0.25_0.25_0.25_exp kCS diststream 16 32 2 1048576 3730335 46599021 35.429983 0.669065 173 8289619 717952158332.00
rmat_s20_ef48_0.25_0.25_0.25_0.25_exp kCS diststream 16 4 0 1048576 15597133 34732223 77.511338 5.603905 172 8289665 717952582655.00
rmat_s20_ef48_0.25_0.25_0.25_0.25_exp kCS diststream 16 4 1 1048576 15597611 34731745 77.031081 5.600399 172 8289625 717951506463.00
rmat_s20_ef48_0.25_0.25_0.25_0.25_exp kCS diststream 16 4 2 1048576 15599300 34730056 76.130045 5.575923 172 8289670 717953051229.00
rmat_s20_ef48_0.25_0.25_0.25_0.25_exp kCS diststream 16 64 0 1048576 2581917 47747439 31.148484 0.532872 172 8289667 717951744428.00
rmat_s20_ef48_0.25_0.25_0.25_0.25_exp kCS diststream 16 64 1 1048576 2581697 47747659 31.339238 0.526263 173 8289620 717952883007.00
rmat_s20_ef48_0.25_0.25_0.25_0.25_exp kCS diststream 16 64 2 1048576 2583130 47746226 31.137571 0.520394 173 8289623 717952495692.00
rmat_s20_ef48_0.25_0.25_0.25_0.25_exp kCS diststream 16 8 0 1048576 9212271 41117085 55.705877 2.510515 173 8289651 717953745607.00
rmat_s20_ef48_0.25_0.25_0.25_0.25_exp kCS diststream 16 8 1 1048576 9211021 41118335 54.855748 2.451050 173 8289637 717951333733.00
rmat_s20_ef48_0.25_0.25_0.25_0.25_exp kCS diststream 16 8 2 1048576 9207662 41121694 54.996067 2.505890 172 8289633 717953077171.00
rmat_s20_ef48_0.25_0.25_0.25_0.25_exp kCS diststream 32 16 0 1048576 5705397 44623959 42.688209 1.408421 250 16544711 1095271482552.00
rmat_s20_ef48_0.25_0.25_0.25_0.25_exp kCS diststream 32 16 1 1048576 5705944 44623412 43.314739 1.398433 254 16544845 1095270022698.00
rmat_s20_ef48_0.25_0.25_0.25_0.25_exp kCS diststream 32 16 2 1048576 5702817 44626539 43.337209 1.409753 252 16544978 1095275034468.00
rmat_s20_ef48_0.25_0.25_0.25_0.25_exp kCS diststream 32 32 0 1048576 3731193 46598163 35.195283 0.963591 251 16544857 1095273332849.00
rmat_s20_ef48_0.25_0.25_0.25_0.25_exp kCS diststream 32 32 1 1048576 3731652 46597704 35.510271 0.959367 253 16544731 1095272413620.00
rmat_s20_ef48_0.25_0.25_0.25_0.25_exp kCS diststream 32 32 2 1048576 3730335 46599021 35.764596 0.954300 252 16545137 1095271304907.00
rmat_s20_ef48_0.25_0.25_0.25_0.25_exp kCS diststream 32 4 0 1048576 15597133 34732223 78.052259 8.826876 252 16544924 1095271024175.00
rmat_s20_ef48_0.25_0.25_0.25_0.25_exp kCS diststream 32 4 1 1048576 15597611 34731745 76.164031 8.862963 252 16544968 1095275321415.00
rmat_s20_ef48_0.25_0.25_0.25_0.25_exp kCS diststream 32 4 2 1048576 15599300 34730056 77.048859 8.733506 253 16544908 1095271590115.00
rmat_s20_ef48_0.25_0.25_0.25_0.25_exp kCS diststream 32 64 0 1048576 2581917 47747439 31.166640 0.757692 254 16544727 1095273901187.00
rmat_s20_ef48_0.25_0.25_0.25_0.25_exp kCS diststream 32 64 1 1048576 2581697 47747659 31.622115 0.730878 257 16544756 1095273660911.00
rmat_s20_ef48_0.25_0.25_0.25_0.25_exp kCS diststream 32 64 2 1048576 2583130 47746226 31.608270 0.746196 254 16544842 1095273972490.00
rmat_s20_ef48_0.25_0.25_0.25_0.25_exp kCS diststream 32 8 0 1048576 9212271 41117085 56.191389 3.985541 251 16544963 1095273922372.00
rmat_s20_ef48_0.25_0.25_0.25_0.25_exp kCS diststream 32 8 1 1048576 9211021 41118335 54.953819 3.846961 253 16544938 1095274603367.00
rmat_s20_ef48_0.25_0.25_0.25_0.25_exp kCS diststream 32 8 2 1048576 9207662 41121694 54.768611 3.960208 254 16544930 1095268719333.00
rmat_s20_ef48_0.25_0.25_0.25_0.25_exp kCS diststream 4 16 0 1048576 5705397 44623959 42.431218 0.623184 65 2074902 254876609950.00
rmat_s20_ef48_0.25_0.25_0.25_0.25_exp kCS diststream 4 16 1 1048576 5705944 44623412 43.254058 0.617744 66 2074897 254876652016.00
rmat_s20_ef48_0.25_0.25_0.25_0.25_exp kCS diststream 4 16 2 1048576 5702817 44626539 43.627425 0.628923 66 2074898 254876557419.00
rmat_s20_ef48_0.25_0.25_0.25_0.25_exp kCS diststream 4 32 0 1048576 3731193 46598163 35.122861 0.380737 67 2074896 254876403099.00
rmat_s20_ef48_0.25_0.25_0.25_0.25_exp kCS diststream 4 32 1 1048576 3731652 46597704 35.323036 0.377139 66 2074896 254876595551.00
rmat_s20_ef48_0.25_0.25_0.25_0.25_exp kCS diststream 4 32 2 1048576 3730335 46599021 35.187301 0.382879 66 2074896 254876424811.00
rmat_s20_ef48_0.25_0.25_0.25_0.25_exp kCS diststream 4 4 0 1048576 15597133 34732223 77.732103 2.458816 65 2074900 254876577521.00
rmat_s20_ef48_0.25_0.25_0.25_0.25_exp kCS diststream 4 4 1 1048576 15597611 34731745 77.383036 2.464170 65 2074905 254876717826.00
rmat_s20_ef48_0.25_0.25_0.25_0.25_exp kCS diststream 4 4 2 1048576 15599300 34730056 76.674856 2.444350 66 2074899 254876691004.00
rmat_s20_ef48_0.25_0.25_0.25_0.25_exp kCS diststream 4 64 0 1048576 2581917 47747439 32.167173 0.292375 66 2074900 254876683519.00
rmat_s20_ef48_0.25_0.25_0.25_0.25_exp kCS diststream 4 64 1 1048576 2581697 47747659 31.446877 0.288823 67 2074896 254876589261.00
rmat_s20_ef48_0.25_0.25_0.25_0.25_exp kCS diststream 4 64 2 1048576 2583130 47746226 31.423234 0.290355 67 2074896 254876602719.00
rmat_s20_ef48_0.25_0.25_0.25_0.25_exp kCS diststream 4 8 0 1048576 9212271 41117085 55.158909 1.198289 66 2074901 254876632728.00
rmat_s20_ef48_0.25_0.25_0.25_0.25_exp kCS diststream 4 8 1 1048576 9211021 41118335 56.216350 1.240319 66 2074900 254876767237.00
rmat_s20_ef48_0.25_0.25_0.25_0.25_exp kCS diststream 4 8 2 1048576 9207662 41121694 55.988488 1.236916 65 2074897 254876704432.00
rmat_s20_ef48_0.25_0.25_0.25_0.25_exp kCS diststream 8 16 0 1048576 5705397 44623959 42.640224 0.737187 112 4148172 438656864441.00
rmat_s20_ef48_0.25_0.25_0.25_0.25_exp kCS diststream 8 16 1 1048576 5705944 44623412 43.209940 0.721605 109 4148175 438656670273.00
rmat_s20_ef48_0.25_0.25_0.25_0.25_exp kCS diststream 8 16 2 1048576 5702817 44626539 42.727947 0.742998 112 4148169 438655915661.00
rmat_s20_ef48_0.25_0.25_0.25_0.25_exp kCS diststream 8 32 0 1048576 3731193 46598163 35.410727 0.480945 113 4148170 438656226447.00
rmat_s20_ef48_0.25_0.25_0.25_0.25_exp kCS diststream 8 32 1 1048576 3731652 46597704 35.340041 0.524000 112 4148173 438656601750.00
rmat_s20_ef48_0.25_0.25_0.25_0.25_exp kCS diststream 8 32 2 1048576 3730335 46599021 35.227376 0.481562 113 4148162 438656051982.00
rmat_s20_ef48_0.25_0.25_0.25_0.25_exp kCS diststream 8 4 0 1048576 15597133 34732223 76.938498 3.570938 110 4148175 438656552243.00
rmat_s20_ef48_0.25_0.25_0.25_0.25_exp kCS diststream 8 4 1 1048576 15597611 34731745 77.561047 3.528296 110 4148175 438656278854.00
rmat_s20_ef48_0.25_0.25_0.25_0.25_exp kCS diststream 8 4 2 1048576 15599300 34730056 75.647860 3.559644 109 4148191 438657081879.00
rmat_s20_ef48_0.25_0.25_0.25_0.25_exp kCS diststream 8 64 0 1048576 2581917 47747439 35.438915 0.375225 112 4148178 438656591460.00
rmat_s20_ef48_0.25_0.25_0.25_0.25_exp kCS diststream 8 64 1 1048576 2581697 47747659 31.684326 0.375080 113 4148175 438656601069.00
rmat_s20_ef48_0.25_0.25_0.25_0.25_exp kCS diststream 8 64 2 1048576 2583130 47746226 31.049261 0.378254 112 4148149 438656237948.00
rmat_s20_ef48_0.25_0.25_0.25_0.25_exp kCS diststream 8 8 0 1048576 9212271 41117085 55.145679 1.672131 110 4148181 438656651617.00
rmat_s20_ef48_0.25_0.25_0.25_0.25_exp kCS diststream 8 8 1 1048576 9211021 41118335 55.987821 1.616509 108 4148170 438656509671.00
rmat_s20_ef48_0.25_0.25_0.25_0.25_exp kCS diststream 8 8 2 1048576 9207662 41121694 57.742771 1.675256 110 4148178 438656824730.00
rmat_s20_ef48_0.25_0.25_0.25_0.25_exp kCS random 16 1 0 1048576 50329356 0 17.486892 12.708717 169 8289638 717953956705.00
rmat_s20_ef48_0.25_0.25_0.25_0.25_exp kCS random 16 1 1 1048576 50329356 0 17.546070 12.747054 169 8289637 717952248695.00
rmat_s20_ef48_0.25_0.25_0.25_0.25_exp kCS random 16 1 2 1048576 50329356 0 17.326432 12.786823 169 8289582 717953088456.00
rmat_s20_ef48_0.25_0.25_0.25_0.25_exp kCS random 16 16 0 1048576 3143652 47185704 3.807703 1.165479 172 8289638 717953956705.00
rmat_s20_ef48_0.25_0.25_0.25_0.25_exp kCS random 16 16 1 1048576 3145279 47184077 3.849210 1.175602 173 8289637 717952248695.00
rmat_s20_ef48_0.25_0.25_0.25_0.25_exp kCS random 16 16 2 1048576 3145222 47184134 3.811144 1.171995 173 8289582 717953088456.00
rmat_s20_ef48_0.25_0.25_0.25_0.25_exp kCS random 16 32 0 1048576 1571499 48757857 3.483320 0.703946 173 8289638 717953956705.00
rmat_s20_ef48_0.25_0.25_0.25_0.25_exp kCS random 16 32 1 1048576 1573531 48755825 3.540283 0.699224 173 8289637 717952248695.00
rmat_s20_ef48_0.25_0.25_0.25_0.25_exp kCS random 16 32 2 1048576 1572405 48756951 3.506718 0.700235 173 8289582 717953088456.00
rmat_s20_ef48_0.25_0.25_0.25_0.25_exp kCS random 16 4 0 1048576 12581650 37747706 6.825711 5.697744 171 8289638 717953956705.00
rmat_s20_ef48_0.25_0.25_0.25_0.25_exp kCS random 16 4 1 1048576 12580783 37748573 6.685097 5.694214 172 8289637 717952248695.00
rmat_s20_ef48_0.25_0.25_0.25_0.25_exp kCS random 16 4 2 1048576 12578575 37750781 6.764927 5.709107 173 8289582 717953088456.00
rmat_s20_ef48_0.25_0.25_0.25_0.25_exp kCS random 16 64 0 1048576 785972 49543384 4.169787 0.576431 173 8289638 717953956705.00
rmat_s20_ef48_0.25_0.25_0.25_0.25_exp kCS random 16 64 1 1048576 787006 49542350 4.163807 0.584308 173 8289637 717952248695.00
rmat_s20_ef48_0.25_0.25_0.25_0.25_exp kCS random 16 64 2 1048576 786038 49543318 4.045149 0.568016 173 8289582 717953088456.00
rmat_s20_ef48_0.25_0.25_0.25_0.25_exp kCS random 16 8 0 1048576 6288723 44040633 4.659935 2.536816 172 8289638 717953956705.00
rmat_s20_ef48_0.25_0.25_0.25_0.25_exp kCS random 16 8 1 1048576 6290909 44038447 4.645566 2.571015 172 8289637 717952248695.00
rmat_s20_ef48_0.25_0.25_0.25_0.25_exp kCS random 16 8 2 1048576 6291387 44037969 4.652668 2.577702 173 8289582 717953088456.00
rmat_s20_ef48_0.25_0.25_0.25_0.25_exp kCS random 32 1 0 1048576 50329356 0 17.662773 19.476411 253 16544868 1095273894156.00
rmat_s20_ef48_0.25_0.25_0.25_0.25_exp kCS random 32 1 1 1048576 50329356 0 17.514799 19.579681 252 16544897 1095275815516.00
rmat_s20_ef48_0.25_0.25_0.25_0.25_exp kCS random 32 1 2 1048576 50329356 0 17.592384 19.539568 253 16544721 1095270564204.00
rmat_s20_ef48_0.25_0.25_0.25_0.25_exp kCS random 32 16 0 1048576 3143652 47185704 3.789643 1.838612 255 16544868 1095273894156.00
rmat_s20_ef48_0.25_0.25_0.25_0.25_exp kCS random 32 16 1 1048576 3145279 47184077 3.880155 1.824137 252 16544897 1095275815516.00
rmat_s20_ef48_0.25_0.25_0.25_0.25_exp kCS random 32 16 2 1048576 3145222 47184134 3.791746 1.866720 253 16544721 1095270564204.00
rmat_s20_ef48_0.25_0.25_0.25_0.25_exp kCS random 32 32 0 1048576 1571499 48757857 3.309604 1.034677 255 16544868 1095273894156.00
rmat_s20_ef48_0.25_0.25_0.25_0.25_exp kCS random 32 32 1 1048576 1573531 48755825 3.367406 1.028560 252 16544897 1095275815516.00
rmat_s20_ef48_0.25_0.25_0.25_0.25_exp kCS random 32 32 2 1048576 1572405 48756951 3.474706 1.036409 253 16544721 1095270564204.00
rmat_s20_ef48_0.25_0.25_0.25_0.25_exp kCS random 32 4 0 1048576 12581650 37747706 6.719019 9.116429 255 16544868 1095273894156.00
rmat_s20_ef48_0.25_0.25_0.25_0.25_exp kCS random 32 4 1 1048576 12580783 37748573 6.820386 9.013897 252 16544897 1095275815516.00
rmat_s20_ef48_0.25_0.25_0.25_0.25_exp kCS random 32 4 2 1048576 12578575 37750781 6.761668 9.074326 253 16544721 1095270564204.00
rmat_s20_ef48_0.25_0.25_0.25_0.25_exp kCS random 32 64 0 1048576 785972 49543384 4.132543 0.816105 255 16544868 1095273894156.00
rmat_s20_ef48_0.25_0.25_0.25_0.25_exp kCS random 32 64 1 1048576 787006 49542350 4.100300 0.817892 252 16544897 1095275815516.00
rmat_s20_ef48_0.25_0.25_0.25_0.25_exp kCS random 32 64 2 1048576 786038 49543318 4.125486 0.805720 253 16544721 1095270564204.00
rmat_s20_ef48_0.25_0.25_0.25_0.25_exp kCS random 32 8 0 1048576 6288723 44040633 4.702716 4.056677 255 16544868 1095273894156.00
rmat_s20_ef48_0.25_0.25_0.25_0.25_exp kCS random 32 8 1 1048576 6290909 44038447 4.638932 4.006315 252 16544897 1095275815516.00
rmat_s20_ef48_0.25_0.25_0.25_0.25_exp kCS random 32 8 2 1048576 6291387 44037969 4.712810 4.080191 253 16544721 1095270564204.00
rmat_s20_ef48_0.25_0.25_0.25_0.25_exp kCS random 4 1 0 1048576 50329356 0 17.698102 5.962750 60 2074897 254876628043.00
rmat_s20_ef48_0.25_0.25_0.25_0.25_exp kCS random 4 1 1 1048576 50329356 0 17.667272 5.978499 60 2074898 254876597899.00
rmat_s20_ef48_0.25_0.25_0.25_0.25_exp kCS random 4 1 2 1048576 50329356 0 17.568396 5.976320 60 2074896 254876369616.00
rmat_s20_ef48_0.25_0.25_0.25_0.25_exp kCS random 4 16 0 1048576 3143652 47185704 3.895607 0.672376 66 2074897 254876628043.00
rmat_s20_ef48_0.25_0.25_0.25_0.25_exp kCS random 4 16 1 1048576 3145279 47184077 3.765154 0.671638 67 2074898 254876597899.00
rmat_s20_ef48_0.25_0.25_0.25_0.25_exp kCS random 4 16 2 1048576 3145222 47184134 3.798743 0.673503 66 2074896 254876369616.00
rmat_s20_ef48_0.25_0.25_0.25_0.25_exp kCS random 4 32 0 1048576 1571499 48757857 3.487485 0.388708 67 2074897 254876628043.00
rmat_s20_ef48_0.25_0.25_0.25_0.25_exp kCS random 4 32 1 1048576 1573531 48755825 3.571396 0.394569 67 2074898 254876597899.00
rmat_s20_ef48_0.25_0.25_0.25_0.25_exp kCS random 4 32 2 1048576 1572405 48756951 3.497657 0.391094 67 2074896 254876369616.00
rmat_s20_ef48_0.25_0.25_0.25_0.25_exp kCS random 4 4 0 1048576 12581650 37747706 6.732897 2.515821 66 2074897 254876628043.00
rmat_s20_ef48_0.25_0.25_0.25_0.25_exp kCS random 4 4 1 1048576 12580783 37748573 6.744712 2.521431 65 2074898 254876597899.00
rmat_s20_ef48_0.25_0.25_0.25_0.25_exp kCS random 4 4 2 1048576 12578575 37750781 6.753824 2.492771 65 2074896 254876369616.00
rmat_s20_ef48_0.25_0.25_0.25_0.25_exp kCS random 4 64 0 1048576 785972 49543384 4.020321 0.303763 67 2074897 254876628043.00
rmat_s20_ef48_0.25_0.25_0.25_0.25_exp kCS random 4 64 1 1048576 787006 49542350 4.060496 0.309628 67 2074898 254876597899.00
rmat_s20_ef48_0.25_0.25_0.25_0.25_exp kCS random 4 64 2 1048576 786038 49543318 4.088215 0.305316 67 2074896 254876369616.00
rmat_s20_ef48_0.25_0.25_0.25_0.25_exp kCS random 4 8 0 1048576 6288723 44040633 4.686484 1.234279 66 2074897 254876628043.00
rmat_s20_ef48_0.25_0.25_0.25_0.25_exp kCS random 4 8 1 1048576 6290909 44038447 4.649618 1.252272 67 2074898 254876597899.00
rmat_s20_ef48_0.25_0.25_0.25_0.25_exp kCS random 4 8 2 1048576 6291387 44037969 4.759889 1.245918 65 2074896 254876369616.00
rmat_s20_ef48_0.25_0.25_0.25_0.25_exp kCS random 8 1 0 1048576 50329356 0 17.681297 8.427422 103 4148164 438656464944.00
rmat_s20_ef48_0.25_0.25_0.25_0.25_exp kCS random 8 1 1 1048576 50329356 0 17.462044 8.404598 104 4148167 438656656663.00
rmat_s20_ef48_0.25_0.25_0.25_0.25_exp kCS random 8 1 2 1048576 50329356 0 17.498829 8.432092 104 4148164 438656135860.00
rmat_s20_ef48_0.25_0.25_0.25_0.25_exp kCS random 8 16 0 1048576 3143652 47185704 3.849920 0.825485 111 4148164 438656464944.00
rmat_s20_ef48_0.25_0.25_0.25_0.25_exp kCS random 8 16 1 1048576 3145279 47184077 3.844157 0.835029 113 4148167 438656656663.00
rmat_s20_ef48_0.25_0.25_0.25_0.25_exp kCS random 8 16 2 1048576 3145222 47184134 3.805635 0.834689 113 4148164 438656135860.00
rmat_s20_ef48_0.25_0.25_0.25_0.25_exp kCS random 8 32 0 1048576 1571499 48757857 3.310630 0.506367 111 4148164 438656464944.00
rmat_s20_ef48_0.25_0.25_0.25_0.25_exp kCS random 8 32 1 1048576 1573531 48755825 3.367091 0.507736 113 4148167 438656656663.00
rmat_s20_ef48_0.25_0.25_0.25_0.25_exp kCS random 8 32 2 1048576 1572405 48756951 3.488625 0.508829 113 4148164 438656135860.00
rmat_s20_ef48_0.25_0.25_0.25_0.25_exp kCS random 8 4 0 1048576 12581650 37747706 6.771533 3.646011 110 4148164 438656464944.00
rmat_s20_ef48_0.25_0.25_0.25_0.25_exp kCS random 8 4 1 1048576 12580783 37748573 6.766851 3.653540 112 4148167 438656656663.00
rmat_s20_ef48_0.25_0.25_0.25_0.25_exp kCS random 8 4 2 1048576 12578575 37750781 6.741449 3.674693 110 4148164 438656135860.00
rmat_s20_ef48_0.25_0.25_0.25_0.25_exp kCS random 8 64 0 1048576 785972 49543384 4.159576 0.408069 111 4148164 438656464944.00
rmat_s20_ef48_0.25_0.25_0.25_0.25_exp kCS random 8 64 1 1048576 787006 49542350 4.067253 0.421239 113 4148167 438656656663.00
rmat_s20_ef48_0.25_0.25_0.25_0.25_exp kCS random 8 64 2 1048576 786038 49543318 4.209052 0.403727 113 4148164 438656135860.00
rmat_s20_ef48_0.25_0.25_0.25_0.25_exp kCS random 8 8 0 1048576 6288723 44040633 4.656635 1.678981 111 4148164 438656464944.00
rmat_s20_ef48_0.25_0.25_0.25_0.25_exp kCS random 8 8 1 1048576 6290909 44038447 4.677680 1.714593 113 4148167 438656656663.00
rmat_s20_ef48_0.25_0.25_0.25_0.25_exp kCS random 8 8 2 1048576 6291387 44037969 4.681553 1.717464 113 4148164 438656135860.00
rmat_s20_ef48_0.25_0.25_0.25_0.25_uni kCS diststream 16 16 0 1048576 6467916 43861330 42.857211 0.939507 170 8289762 3708158171073.00
rmat_s20_ef48_0.25_0.25_0.25_0.25_uni kCS diststream 16 16 1 1048576 6468710 43860536 42.838648 0.935630 171 8289827 3708155933639.00
rmat_s20_ef48_0.25_0.25_0.25_0.25_uni kCS diststream 16 16 2 1048576 6466440 43862806 43.046299 0.941037 170 8289733 3708151963183.00
rmat_s20_ef48_0.25_0.25_0.25_0.25_uni kCS diststream 16 32 0 1048576 4457613 45871633 37.885073 0.664886 170 8289744 3708158374032.00
rmat_s20_ef48_0.25_0.25_0.25_0.25_uni kCS diststream 16 32 1 1048576 4455893 45873353 35.320736 0.660784 168 8289678 3708153262616.00
rmat_s20_ef48_0.25_0.25_0.25_0.25_uni kCS diststream 16 32 2 1048576 4455883 45873363 36.423336 0.662641 169 8289851 3708168201131.00
rmat_s20_ef48_0.25_0.25_0.25_0.25_uni kCS diststream 16 4 0 1048576 15995141 34334105 76.899794 5.582344 169 8289738 3708152587141.00
rmat_s20_ef48_0.25_0.25_0.25_0.25_uni kCS diststream 16 4 1 1048576 15922226 34407020 77.590506 5.537173 168 8289714 3708161890969.00
rmat_s20_ef48_0.25_0.25_0.25_0.25_uni kCS diststream 16 4 2 1048576 16206865 34122381 74.830001 5.630913 168 8289669 3708133395764.00
rmat_s20_ef48_0.25_0.25_0.25_0.25_uni kCS diststream 16 64 0 1048576 3267388 47061858 31.478704 0.536995 169 8289728 3708153585795.00
rmat_s20_ef48_0.25_0.25_0.25_0.25_uni kCS diststream 16 64 1 1048576 3266376 47062870 31.239115 0.527421 168 8289843 3708165995686.00
rmat_s20_ef48_0.25_0.25_0.25_0.25_uni kCS diststream 16 64 2 1048576 3268068 47061178 31.617139 0.520987 170 8289801 3708181540526.00
rmat_s20_ef48_0.25_0.25_0.25_0.25_uni kCS diststream 16 8 0 1048576 9985268 40343978 55.948650 2.523016 168 8289738 3708166183993.00
rmat_s20_ef48_0.25_0.25_0.25_0.25_uni kCS diststream 16 8 1 1048576 9986372 40342874 56.254346 2.457600 168 8289769 3708172501465.00
rmat_s20_ef48_0.25_0.25_0.25_0.25_uni kCS diststream 16 8 2 1048576 9986854 40342392 56.020492 2.431628 168 8289756 3708153807454.00
rmat_s20_ef48_0.25_0.25_0.25_0.25_uni kCS diststream 32 16 0 1048576 6467916 43861330 48.439068 1.377244 253 16544913 6765827283478.00
rmat_s20_ef48_0.25_0.25_0.25_0.25_uni kCS diststream 32 16 1 1048576 6468710 43860536 42.859347 1.386320 250 16545285 6765916113519.00
rmat_s20_ef48_0.25_0.25_0.25_0.25_uni kCS diststream 32 16 2 1048576 6466440 43862806 43.543430 1.380923 251 16545002 6765835340585.00
rmat_s20_ef48_0.25_0.25_0.25_0.25_uni kCS diststream 32 32 0 1048576 4457613 45871633 35.802158 0.948462 251 16545107 6765829794068.00
rmat_s20_ef48_0.25_0.25_0.25_0.25_uni kCS diststream 32 32 1 1048576 4455893 45873353 35.345001 0.959431 254 16545072 6765929430327.00
rmat_s20_ef48_0.25_0.25_0.25_0.25_uni kCS diststream 32 32 2 1048576 4455883 45873363 35.798895 0.955417 253 16545079 6765891354009.00
rmat_s20_ef48_0.25_0.25_0.25_0.25_uni kCS diststream 32 4 0 1048576 15995141 34334105 78.179500 8.868652 250 16545108 6765925112017.00
rmat_s20_ef48_0.25_0.25_0.25_0.25_uni kCS diststream 32 4 1 1048576 15922226 34407020 77.311547 8.781194 250 16544755 6765879902047.00
rmat_s20_ef48_0.25_0.25_0.25_0.25_uni kCS diststream 32 4 2 1048576 16206865 34122381 77.629871 8.841072 251 16544858 6765831876833.00
rmat_s20_ef48_0.25_0.25_0.25_0.25_uni kCS diststream 32 64 0 1048576 3267388 47061858 32.886252 0.745004 253 16544885 6765840311107.00
rmat_s20_ef48_0.25_0.25_0.25_0.25_uni kCS diststream 32 64 1 1048576 3266376 47062870 31.898842 0.735813 251 16544845 6765905900643.00
rmat_s20_ef48_0.25_0.25_0.25_0.25_uni kCS diststream 32 64 2 1048576 3268068 47061178 31.431234 0.746470 251 16545126 6765890551347.00
rmat_s20_ef48_0.25_0.25_0.25_0.25_uni kCS diststream 32 8 0 1048576 9985268 40343978 55.988016 3.972860 251 16545220 6765919542865.00
rmat_s20_ef48_0.25_0.25_0.25_0.25_uni kCS diststream 32 8 1 1048576 9986372 40342874 56.886582 3.944364 256 16544693 6765819545975.00
rmat_s20_ef48_0.25_0.25_0.25_0.25_uni kCS diststream 32 8 2 1048576 9986854 40342392 56.074817 4.000645 250 16544994 6765911667993.00
rmat_s20_ef48_0.25_0.25_0.25_0.25_uni kCS diststream 4 16 0 1048576 6467916 43861330 44.068347 0.627857 68 2074742 985247916579.00
rmat_s20_ef48_0.25_0.25_0.25_0.25_uni kCS diststream 4 16 1 1048576 6468710 43860536 43.103555 0.629760 68 2074739 985246010301.00
rmat_s20_ef48_0.25_0.25_0.25_0.25_uni kCS diststream 4 16 2 1048576 6466440 43862806 43.171322 0.631209 68 2074736 985249302460.00
rmat_s20_ef48_0.25_0.25_0.25_0.25_uni kCS diststream 4 32 0 1048576 4457613 45871633 36.461306 0.384467 67 2074741 985249388869.00
rmat_s20_ef48_0.25_0.25_0.25_0.25_uni kCS diststream 4 32 1 1048576 4455893 45873353 35.469017 0.382884 67 2074743 985250258168.00
rmat_s20_ef48_0.25_0.25_0.25_0.25_uni kCS diststream 4 32 2 1048576 4455883 45873363 35.525165 0.384986 69 2074751 985249862622.00
rmat_s20_ef48_0.25_0.25_0.25_0.25_uni kCS diststream 4 4 0 1048576 15995141 34334105 76.447451 2.490389 65 2074731 985246540206.00
rmat_s20_ef48_0.25_0.25_0.25_0.25_uni kCS diststream 4 4 1 1048576 15922226 34407020 77.339725 2.468211 66 2074730 985245330245.00
rmat_s20_ef48_0.25_0.25_0.25_0.25_uni kCS diststream 4 4 2 1048576 16206865 34122381 77.326282 2.494566 68 2074743 985246394159.00
rmat_s20_ef48_0.25_0.25_0.25_0.25_uni kCS diststream 4 64 0 1048576 3267388 47061858 31.927109 0.291326 68 2074741 985248568967.00
rmat_s20_ef48_0.25_0.25_0.25_0.25_uni kCS diststream 4 64 1 1048576 3266376 47062870 31.544991 0.301638 69 2074749 985247721124.00
rmat_s20_ef48_0.25_0.25_0.25_0.25_uni kCS diststream 4 64 2 1048576 3268068 47061178 31.458131 0.291928 69 2074747 985250000216.00
rmat_s20_ef48_0.25_0.25_0.25_0.25_uni kCS diststream 4 8 0 1048576 9985268 40343978 56.745224 1.238274 68 2074739 985249801447.00
rmat_s20_ef48_0.25_0.25_0.25_0.25_uni kCS diststream 4 8 1 1048576 9986372 40342874 55.518179 1.203861 68 2074752 985251531559.00
rmat_s20_ef48_0.25_0.25_0.25_0.25_uni kCS diststream 4 8 2 1048576 9986854 40342392 56.425147 1.270377 68 2074733 985247449315.00
rmat_s20_ef48_0.25_0.25_0.25_0.25_uni kCS diststream 8 16 0 1048576 6467916 43861330 42.988296 0.740638 107 4148273 1932880879384.00
rmat_s20_ef48_0.25_0.25_0.25_0.25_uni kCS diststream 8 16 1 1048576 6468710 43860536 43.106826 0.753124 107 4148270 1932877521106.00
rmat_s20_ef48_0.25_0.25_0.25_0.25_uni kCS diststream 8 16 2 1048576 6466440 43862806 42.970307 0.741160 108 4148286 1932885760973.00
rmat_s20_ef48_0.25_0.25_0.25_0.25_uni kCS diststream 8 32 0 1048576 4457613 45871633 35.913322 0.482600 107 4148315 1932885760327.00
rmat_s20_ef48_0.25_0.25_0.25_0.25_uni kCS diststream 8 32 1 1048576 4455893 45873353 35.976423 0.483589 108 4148285 1932889026240.00
rmat_s20_ef48_0.25_0.25_0.25_0.25_uni kCS diststream 8 32 2 1048576 4455883 45873363 35.357566 0.485692 107 4148319 1932889939117.00
rmat_s20_ef48_0.25_0.25_0.25_0.25_uni kCS diststream 8 4 0 1048576 15995141 34334105 77.409845 3.585475 106 4148271 1932881568194.00
rmat_s20_ef48_0.25_0.25_0.25_0.25_uni kCS diststream 8 4 1 1048576 15922226 34407020 77.347430 3.567667 107 4148263 1932880530580.00
rmat_s20_ef48_0.25_0.25_0.25_0.25_uni kCS diststream 8 4 2 1048576 16206865 34122381 77.414287 3.622669 107 4148319 1932889764237.00
rmat_s20_ef48_0.25_0.25_0.25_0.25_uni kCS diststream 8 64 0 1048576 3267388 47061858 31.292750 0.380099 107 4148290 1932886556596.00
rmat_s20_ef48_0.25_0.25_0.25_0.25_uni kCS diststream 8 64 1 1048576 3266376 47062870 31.461059 0.393158 108 4148317 1932885802474.00
rmat_s20_ef48_0.25_0.25_0.25_0.25_uni kCS diststream 8 64 2 1048576 3268068 47061178 31.964737 0.375202 107 4148301 1932894389429.00
rmat_s20_ef48_0.25_0.25_0.25_0.25_uni kCS diststream 8 8 0 1048576 9985268 40343978 55.579139 1.678205 107 4148300 1932888633188.00
rmat_s20_ef48_0.25_0.25_0.25_0.25_uni kCS diststream 8 8 1 1048576 9986372 40342874 55.270897 1.665410 107 4148305 1932893138976.00
rmat_s20_ef48_0.25_0.25_0.25_0.25_uni kCS diststream 8 8 2 1048576 9986854 40342392 55.747338 1.652860 107 4148268 1932881893488.00
rmat_s20_ef48_0.25_0.25_0.25_0.25_uni kCS random 16 1 0 1048576 50329246 0 17.824704 12.757263 166 8289669 3708156339710.00
rmat_s20_ef48_0.25_0.25_0.25_0.25_uni kCS random 16 1 1 1048576 50329246 0 17.545349 12.727154 165 8289683 3708139600706.00
rmat_s20_ef48_0.25_0.25_0.25_0.25_uni kCS random 16 1 2 1048576 50329246 0 17.468737 12.697412 165 8289801 3708156796349.00
rmat_s20_ef48_0.25_0.25_0.25_0.25_uni kCS random 16 16 0 1048576 3148428 47180818 3.814009 1.160767 170 8289669 3708156339710.00
rmat_s20_ef48_0.25_0.25_0.25_0.25_uni kCS random 16 16 1 1048576 3147824 47181422 3.831235 1.170966 172 8289683 3708139600706.00
rmat_s20_ef48_0.25_0.25_0.25_0.25_uni kCS random 16 16 2 1048576 3148008 47181238 3.747922 1.157442 169 8289801 3708156796349.00
rmat_s20_ef48_0.25_0.25_0.25_0.25_uni kCS random 16 32 0 1048576 1573659 48755587 3.392594 0.699259 170 8289669 3708156339710.00
rmat_s20_ef48_0.25_0.25_0.25_0.25_uni kCS random 16 32 1 1048576 1574004 48755242 3.660515 0.706387 172 8289683 3708139600706.00
rmat_s20_ef48_0.25_0.25_0.25_0.25_uni kCS random 16 32 2 1048576 1572904 48756342 3.518722 0.694090 169 8289801 3708156796349.00
rmat_s20_ef48_0.25_0.25_0.25_0.25_uni kCS random 16 4 0 1048576 12584425 37744821 6.779526 5.666201 168 8289669 3708156339710.00
rmat_s20_ef48_0.25_0.25_0.25_0.25_uni kCS random 16 4 1 1048576 12587691 37741555 6.735230 5.636961 169 8289683 3708139600706.00
rmat_s20_ef48_0.25_0.25_0.25_0.25_uni kCS random 16 4 2 1048576 12587006 37742240 6.711176 5.641609 168 8289801 3708156796349.00
rmat_s20_ef48_0.25_0.25_0.25_0.25_uni kCS random 16 64 0 1048576 786329 49542917 4.787497 0.541353 170 8289669 3708156339710.00
rmat_s20_ef48_0.25_0.25_0.25_0.25_uni kCS random 16 64 1 1048576 787902 49541344 4.745671 0.569818 172 8289683 3708139600706.00
rmat_s20_ef48_0.25_0.25_0.25_0.25_uni kCS random 16 64 2 1048576 785855 49543391 4.815854 0.549607 169 8289801 3708156796349.00
rmat_s20_ef48_0.25_0.25_0.25_0.25_uni kCS random 16 8 0 1048576 6294547 44034699 4.668760 2.530839 169 8289669 3708156339710.00
rmat_s20_ef48_0.25_0.25_0.25_0.25_uni kCS random 16 8 1 1048576 6291636 44037610 4.686380 2.524206 170 8289683 3708139600706.00
rmat_s20_ef48_0.25_0.25_0.25_0.25_uni kCS random 16 8 2 1048576 6296385 44032861 4.667446 2.540649 169 8289801 3708156796349.00
rmat_s20_ef48_0.25_0.25_0.25_0.25_uni kCS random 32 1 0 1048576 50329246 0 17.678790 19.701622 249 16544797 6765872456194.00
rmat_s20_ef48_0.25_0.25_0.25_0.25_uni kCS random 32 1 1 1048576 50329246 0 17.690066 19.591748 252 16545075 6765845893153.00
rmat_s20_ef48_0.25_0.25_0.25_0.25_uni kCS random 32 1 2 1048576 50329246 0 17.542067 19.539344 250 16545031 6765913330733.00
rmat_s20_ef48_0.25_0.25_0.25_0.25_uni kCS random 32 16 0 1048576 3148428 47180818 3.927523 1.824052 250 16544797 6765872456194.00
rmat_s20_ef48_0.25_0.25_0.25_0.25_uni kCS random 32 16 1 1048576 3147824 47181422 3.919700 1.828374 254 16545075 6765845893153.00
rmat_s20_ef48_0.25_0.25_0.25_0.25_uni kCS random 32 16 2 1048576 3148008 47181238 3.875929 1.829726 253 16545031 6765913330733.00
rmat_s20_ef48_0.25_0.25_0.25_0.25_uni kCS random 32 32 0 1048576 1573659 48755587 3.539822 1.026413 250 16544797 6765872456194.00
rmat_s20_ef48_0.25_0.25_0.25_0.25_uni kCS random 32 32 1 1048576 1574004 48755242 3.575093 1.047151 254 16545075 6765845893153.00
rmat_s20_ef48_0.25_0.25_0.25_0.25_uni kCS random 32 32 2 1048576 1572904 48756342 3.631509 1.026412 253 16545031 6765913330733.00
rmat_s20_ef48_0.25_0.25_0.25_0.25_uni kCS random 32 4 0 1048576 12584425 37744821 6.897900 9.149317 250 16544797 6765872456194.00
rmat_s20_ef48_0.25_0.25_0.25_0.25_uni kCS random 32 4 1 1048576 12587691 37741555 6.740262 9.223346 253 16545075 6765845893153.00
rmat_s20_ef48_0.25_0.25_0.25_0.25_uni kCS random 32 4 2 1048576 12587006 37742240 6.822889 9.014288 253 16545031 6765913330733.00
rmat_s20_ef48_0.25_0.25_0.25_0.25_uni kCS random 32 64 0 1048576 786329 49542917 4.788497 0.800019 250 16544797 6765872456194.00
rmat_s20_ef48_0.25_0.25_0.25_0.25_uni kCS random 32 64 1 1048576 787902 49541344 4.798351 0.815005 254 16545075 6765845893153.00
rmat_s20_ef48_0.25_0.25_0.25_0.25_uni kCS random 32 64 2 1048576 785855 49543391 4.846688 0.794332 253 16545031 6765913330733.00
rmat_s20_ef48_0.25_0.25_0.25_0.25_uni kCS random 32 8 0 1048576 6294547 44034699 4.606563 4.039193 250 16544797 6765872456194.00
rmat_s20_ef48_0.25_0.25_0.25_0.25_uni kCS random 32 8 1 1048576 6291636 44037610 4.683460 4.142793 254 16545075 6765845893153.00
rmat_s20_ef48_0.25_0.25_0.25_0.25_uni kCS random 32 8 2 1048576 6296385 44032861 4.672990 4.106244 253 16545031 6765913330733.00
rmat_s20_ef48_0.25_0.25_0.25_0.25_uni kCS random 4 1 0 1048576 50329246 0 17.691418 5.995264 61 2074739 985249378456.00
rmat_s20_ef48_0.25_0.25_0.25_0.25_uni kCS random 4 1 1 1048576 50329246 0 17.659923 5.992931 61 2074728 985245949325.00
rmat_s20_ef48_0.25_0.25_0.25_0.25_uni kCS random 4 1 2 1048576 50329246 0 17.262243 5.929293 61 2074745 985249194759.00
rmat_s20_ef48_0.25_0.25_0.25_0.25_uni kCS random 4 16 0 1048576 3148428 47180818 3.819486 0.683460 69 2074739 985249378456.00
rmat_s20_ef48_0.25_0.25_0.25_0.25_uni kCS random 4 16 1 1048576 3147824 47181422 3.900251 0.680574 69 2074728 985245949325.00
rmat_s20_ef48_0.25_0.25_0.25_0.25_uni kCS random 4 16 2 1048576 3148008 47181238 3.748553 0.674844 69 2074745 985249194759.00
rmat_s20_ef48_0.25_0.25_0.25_0.25_uni kCS random 4 32 0 1048576 1573659 48755587 3.349314 0.391519 69 2074739 985249378456.00
rmat_s20_ef48_0.25_0.25_0.25_0.25_uni kCS random 4 32 1 1048576 1574004 48755242 3.521135 0.393334 69 2074728 985245949325.00
rmat_s20_ef48_0.25_0.25_0.25_0.25_uni kCS random 4 32 2 1048576 1572904 48756342 3.595401 0.394303 69 2074745 985249194759.00
rmat_s20_ef48_0.25_0.25_0.25_0.25_uni kCS random 4 4 0 1048576 12584425 37744821 6.741402 2.495233 69 2074739 985249378456.00
rmat_s20_ef48_0.25_0.25_0.25_0.25_uni kCS random 4 4 1 1048576 12587691 37741555 6.779673 2.511563 68 2074728 985245949325.00
rmat_s20_ef48_0.25_0.25_0.25_0.25_uni kCS random 4 4 2 1048576 12587006 37742240 6.687089 2.493643 69 2074745 985249194759.00
rmat_s20_ef48_0.25_0.25_0.25_0.25_uni kCS random 4 64 0 1048576 786329 49542917 4.858776 0.308999 69 2074739 985249378456.00
rmat_s20_ef48_0.25_0.25_0.25_0.25_uni kCS random 4 64 1 1048576 787902 49541344 4.882495 0.312582 69 2074728 985245949325.00
rmat_s20_ef48_0.25_0.25_0.25_0.25_uni kCS random 4 64 2 1048576 785855 49543391 4.801121 0.313249 69 2074745 985249194759.00
rmat_s20_ef48_0.25_0.25_0.25_0.25_uni kCS random 4 8 0 1048576 6294547 44034699 4.695444 1.246395 69 2074739 985249378456.00
rmat_s20_ef48_0.25_0.25_0.25_0.25_uni kCS random 4 8 1 1048576 6291636 44037610 4.704917 1.232606 68 2074728 985245949325.00
rmat_s20_ef48_0.25_0.25_0.25_0.25_uni kCS random 4 8 2 1048576 6296385 44032861 4.762440 1.255452 69 2074745 985249194759.00
rmat_s20_ef48_0.25_0.25_0.25_0.25_uni kCS random 8 1 0 1048576 50329246 0 17.541822 8.330597 105 4148297 1932891477962.00
rmat_s20_ef48_0.25_0.25_0.25_0.25_uni kCS random 8 1 1 1048576 50329246 0 17.608072 8.385341 105 4148286 1932885719329.00
rmat_s20_ef48_0.25_0.25_0.25_0.25_uni kCS random 8 1 2 1048576 50329246 0 17.454472 8.415461 105 4148280 1932878196315.00
rmat_s20_ef48_0.25_0.25_0.25_0.25_uni kCS random 8 16 0 1048576 3148428 47180818 3.814866 0.829621 108 4148297 1932891477962.00
rmat_s20_ef48_0.25_0.25_0.25_0.25_uni kCS random 8 16 1 1048576 3147824 47181422 3.825964 0.828595 107 4148286 1932885719329.00
rmat_s20_ef48_0.25_0.25_0.25_0.25_uni kCS random 8 16 2 1048576 3148008 47181238 3.848727 0.834759 107 4148280 1932878196315.00
rmat_s20_ef48_0.25_0.25_0.25_0.25_uni kCS random 8 32 0 1048576 1573659 48755587 3.489433 0.507428 108 4148297 1932891477962.00
rmat_s20_ef48_0.25_0.25_0.25_0.25_uni kCS random 8 32 1 1048576 1574004 48755242 3.411251 0.504086 107 4148286 1932885719329.00
rmat_s20_ef48_0.25_0.25_0.25_0.25_uni kCS random 8 32 2 1048576 1572904 48756342 3.557840 0.555134 107 4148280 1932878196315.00
rmat_s20_ef48_0.25_0.25_0.25_0.25_uni kCS random 8 4 0 1048576 12584425 37744821 6.789096 3.649249 107 4148297 1932891477962.00
rmat_s20_ef48_0.25_0.25_0.25_0.25_uni kCS random 8 4 1 1048576 12587691 37741555 6.831161 3.628228 107 4148286 1932885719329.00
rmat_s20_ef48_0.25_0.25_0.25_0.25_uni kCS random 8 4 2 1048576 12587006 37742240 6.828544 3.650399 107 4148280 1932878196315.00
rmat_s20_ef48_0.25_0.25_0.25_0.25_uni kCS random 8 64 0 1048576 786329 49542917 4.818793 0.396933 108 4148297 1932891477962.00
rmat_s20_ef48_0.25_0.25_0.25_0.25_uni kCS random 8 64 1 1048576 787902 49541344 4.772156 0.406733 107 4148286 1932885719329.00
rmat_s20_ef48_0.25_0.25_0.25_0.25_uni kCS random 8 64 2 1048576 785855 49543391 5.131047 0.398472 107 4148280 1932878196315.00
rmat_s20_ef48_0.25_0.25_0.25_0.25_uni kCS random 8 8 0 1048576 6294547 44034699 4.635317 1.699525 108 4148297 1932891477962.00
rmat_s20_ef48_0.25_0.25_0.25_0.25_uni kCS random 8 8 1 1048576 6291636 44037610 4.651267 1.688997 107 4148286 1932885719329.00
rmat_s20_ef48_0.25_0.25_0.25_0.25_uni kCS random 8 8 2 1048576 6296385 44032861 4.662157 1.701725 107 4148280 1932878196315.00
rmat_s20_ef48_0.45_0.15_0.15_0.25_exp kCS diststream 16 16 0 1048576 5529270 44606018 42.937265 0.957829 161 7497822 572597647677.00
rmat_s20_ef48_0.45_0.15_0.15_0.25_exp kCS diststream 16 16 1 1048576 5530253 44605035 42.522957 0.968297 164 7497906 572597654846.00
rmat_s20_ef48_0.45_0.15_0.15_0.25_exp kCS diststream 16 16 2 1048576 5524662 44610626 42.737321 0.957939 162 7497879 572598130242.00
rmat_s20_ef48_0.45_0.15_0.15_0.25_exp kCS diststream 16 32 0 1048576 3561700 46573588 36.095576 0.637219 163 7497926 572598565952.00
rmat_s20_ef48_0.45_0.15_0.15_0.25_exp kCS diststream 16 32 1 1048576 3564595 46570693 35.294332 0.641197 164 7497885 572597624979.00
rmat_s20_ef48_0.45_0.15_0.15_0.25_exp kCS diststream 16 32 2 1048576 3565445 46569843 36.291832 0.646518 162 7497838 572597653820.00
rmat_s20_ef48_0.45_0.15_0.15_0.25_exp kCS diststream 16 4 0 1048576 18324740 31810548 74.941051 6.210769 160 7497855 572597418786.00
rmat_s20_ef48_0.45_0.15_0.15_0.25_exp kCS diststream 16 4 1 1048576 19094464 31040824 75.500561 7.133355 160 7497804 572596825944.00
rmat_s20_ef48_0.45_0.15_0.15_0.25_exp kCS diststream 16 4 2 1048576 18412715 31722573 74.217423 5.710146 161 7497900 572596602882.00
rmat_s20_ef48_0.45_0.15_0.15_0.25_exp kCS diststream 16 64 0 1048576 2445856 47689432 31.279124 0.541800 163 7497821 572597265688.00
rmat_s20_ef48_0.45_0.15_0.15_0.25_exp kCS diststream 16 64 1 1048576 2445549 47689739 31.624844 0.516444 163 7497863 572597062113.00
rmat_s20_ef48_0.45_0.15_0.15_0.25_exp kCS diststream 16 64 2 1048576 2443201 47692087 31.355480 0.539237 164 7497855 572597538505.00
rmat_s20_ef48_0.45_0.15_0.15_0.25_exp kCS diststream 16 8 0 1048576 9201166 40934122 55.456589 2.689535 161 7497848 572597194489.00
rmat_s20_ef48_0.45_0.15_0.15_0.25_exp kCS diststream 16 8 1 1048576 9169431 40965857 55.592936 2.707817 161 7497894 572597374810.00
rmat_s20_ef48_0.45_0.15_0.15_0.25_exp kCS diststream 16 8 2 1048576 9171909 40963379 55.135002 2.725645 162 7497851 572596181531.00
rmat_s20_ef48_0.45_0.15_0.15_0.25_exp kCS diststream 32 16 0 1048576 5529270 44606018 42.969162 1.426810 264 13657250 839436678988.00
rmat_s20_ef48_0.45_0.15_0.15_0.25_exp kCS diststream 32 16 1 1048576 5530253 44605035 43.113533 1.411424 265 13657293 839437051195.00
rmat_s20_ef48_0.45_0.15_0.15_0.25_exp kCS diststream 32 16 2 1048576 5524662 44610626 43.176320 1.482225 263 13657240 839436420548.00
rmat_s20_ef48_0.45_0.15_0.15_0.25_exp kCS diststream 32 32 0 1048576 3561700 46573588 35.118856 0.962374 264 13657198 839436395797.00
rmat_s20_ef48_0.45_0.15_0.15_0.25_exp kCS diststream 32 32 1 1048576 3564595 46570693 35.242033 0.947801 264 13657230 839436990616.00
rmat_s20_ef48_0.45_0.15_0.15_0.25_exp kCS diststream 32 32 2 1048576 3565445 46569843 35.362940 0.963589 264 13657265 839436702133.00
rmat_s20_ef48_0.45_0.15_0.15_0.25_exp kCS diststream 32 4 0 1048576 18324740 31810548 75.213876 9.893283 264 13657115 839435819492.00
rmat_s20_ef48_0.45_0.15_0.15_0.25_exp kCS diststream 32 4 1 1048576 19094464 31040824 76.366743 11.432063 263 13657217 839436242461.00
rmat_s20_ef48_0.45_0.15_0.15_0.25_exp kCS diststream 32 4 2 1048576 18412715 31722573 75.882090 9.223622 264 13657129 839435170501.00
rmat_s20_ef48_0.45_0.15_0.15_0.25_exp kCS diststream 32 64 0 1048576 2445856 47689432 31.596690 0.784839 265 13657208 839436144493.00
rmat_s20_ef48_0.45_0.15_0.15_0.25_exp kCS diststream 32 64 1 1048576 2445549 47689739 30.942972 0.813929 263 13657267 839436410795.00
rmat_s20_ef48_0.45_0.15_0.15_0.25_exp kCS diststream 32 64 2 1048576 2443201 47692087 31.441971 0.811195 264 13657223 839436408942.00
rmat_s20_ef48_0.45_0.15_0.15_0.25_exp kCS diststream 32 8 0 1048576 9201166 40934122 54.872211 4.187961 263 13657220 839435385086.00
rmat_s20_ef48_0.45_0.15_0.15_0.25_exp kCS diststream 32 8 1 1048576 9169431 40965857 57.558817 4.144238 263 13657208 839435802567.00
rmat_s20_ef48_0.45_0.15_0.15_0.25_exp kCS diststream 32 8 2 1048576 9171909 40963379 55.501769 4.256924 264 13657206 839436014845.00
rmat_s20_ef48_0.45_0.15_0.15_0.25_exp kCS diststream 4 16 0 1048576 5529270 44606018 42.604556 0.605344 63 1983088 215865168532.00
rmat_s20_ef48_0.45_0.15_0.15_0.25_exp kCS diststream 4 16 1 1048576 5530253 44605035 43.008759 0.611037 64 1983093 215865193445.00
rmat_s20_ef48_0.45_0.15_0.15_0.25_exp kCS diststream 4 16 2 1048576 5524662 44610626 43.767540 0.632419 63 1983088 215865149102.00
rmat_s20_ef48_0.45_0.15_0.15_0.25_exp kCS diststream 4 32 0 1048576 3561700 46573588 35.079406 0.362591 63 1983091 215865304923.00
rmat_s20_ef48_0.45_0.15_0.15_0.25_exp kCS diststream 4 32 1 1048576 3564595 46570693 35.710369 0.368811 64 1983094 215865348605.00
rmat_s20_ef48_0.45_0.15_0.15_0.25_exp kCS diststream 4 32 2 1048576 3565445 46569843 35.171389 0.370451 65 1983090 215865175635.00
rmat_s20_ef48_0.45_0.15_0.15_0.25_exp kCS diststream 4 4 0 1048576 18324740 31810548 76.416001 2.843659 60 1983086 215865276530.00
rmat_s20_ef48_0.45_0.15_0.15_0.25_exp kCS diststream 4 4 1 1048576 19094464 31040824 75.601843 2.612235 62 1983092 215865352967.00
rmat_s20_ef48_0.45_0.15_0.15_0.25_exp kCS diststream 4 4 2 1048576 18412715 31722573 74.786531 2.735377 61 1983096 215865366763.00
rmat_s20_ef48_0.45_0.15_0.15_0.25_exp kCS diststream 4 64 0 1048576 2445856 47689432 31.470549 0.293931 64 1983090 215865257817.00
rmat_s20_ef48_0.45_0.15_0.15_0.25_exp kCS diststream 4 64 1 1048576 2445549 47689739 32.205693 0.278038 63 1983083 215865373741.00
rmat_s20_ef48_0.45_0.15_0.15_0.25_exp kCS diststream 4 64 2 1048576 2443201 47692087 31.556189 0.284695 64 1983090 215865196919.00
rmat_s20_ef48_0.45_0.15_0.15_0.25_exp kCS diststream 4 8 0 1048576 9201166 40934122 54.915563 1.402701 64 1983084 215865166848.00
rmat_s20_ef48_0.45_0.15_0.15_0.25_exp kCS diststream 4 8 1 1048576 9169431 40965857 55.991054 1.372476 63 1983092 215865342298.00
rmat_s20_ef48_0.45_0.15_0.15_0.25_exp kCS diststream 4 8 2 1048576 9171909 40963379 57.419476 1.379595 63 1983096 215865403319.00
rmat_s20_ef48_0.45_0.15_0.15_0.25_exp kCS diststream 8 16 0 1048576 5529270 44606018 42.919784 0.698237 104 3903499 362538361316.00
rmat_s20_ef48_0.45_0.15_0.15_0.25_exp kCS diststream 8 16 1 1048576 5530253 44605035 42.707714 0.702405 105 3903490 362537937493.00
rmat_s20_ef48_0.45_0.15_0.15_0.25_exp kCS diststream 8 16 2 1048576 5524662 44610626 42.935019 0.711095 104 3903497 362538353875.00
rmat_s20_ef48_0.45_0.15_0.15_0.25_exp kCS diststream 8 32 0 1048576 3561700 46573588 35.519747 0.469422 105 3903490 362538653427.00
rmat_s20_ef48_0.45_0.15_0.15_0.25_exp kCS diststream 8 32 1 1048576 3564595 46570693 35.269954 0.471402 104 3903499 362538614922.00
rmat_s20_ef48_0.45_0.15_0.15_0.25_exp kCS diststream 8 32 2 1048576 3565445 46569843 36.271192 0.466955 105 3903487 362538000398.00
rmat_s20_ef48_0.45_0.15_0.15_0.25_exp kCS diststream 8 4 0 1048576 18324740 31810548 75.586404 4.117579 105 3903479 362538058233.00
rmat_s20_ef48_0.45_0.15_0.15_0.25_exp kCS diststream 8 4 1 1048576 19094464 31040824 73.754763 4.156004 105 3903499 362538521883.00
rmat_s20_ef48_0.45_0.15_0.15_0.25_exp kCS diststream 8 4 2 1048576 18412715 31722573 76.469085 3.857068 104 3903499 362538558177.00
rmat_s20_ef48_0.45_0.15_0.15_0.25_exp kCS diststream 8 64 0 1048576 2445856 47689432 30.984625 0.383305 105 3903494 362538379077.00
rmat_s20_ef48_0.45_0.15_0.15_0.25_exp kCS diststream 8 64 1 1048576 2445549 47689739 31.630654 0.369884 105 3903492 362538168742.00
rmat_s20_ef48_0.45_0.15_0.15_0.25_exp kCS diststream 8 64 2 1048576 2443201 47692087 31.021775 0.379248 105 3903479 362537833598.00
rmat_s20_ef48_0.45_0.15_0.15_0.25_exp kCS diststream 8 8 0 1048576 9201166 40934122 55.037649 1.869439 105 3903488 362538086590.00
rmat_s20_ef48_0.45_0.15_0.15_0.25_exp kCS diststream 8 8 1 1048576 9169431 40965857 56.337380 1.859986 105 3903492 362538377107.00
rmat_s20_ef48_0.45_0.15_0.15_0.25_exp kCS diststream 8 8 2 1048576 9171909 40963379 55.213218 1.900271 105 3903494 362538450898.00
rmat_s20_ef48_0.45_0.15_0.15_0.25_exp kCS random 16 1 0 1048576 50135288 0 15.015512 13.712195 157 7497913 572597638493.00
rmat_s20_ef48_0.45_0.15_0.15_0.25_exp kCS random 16 1 1 1048576 50135288 0 15.005572 13.804356 156 7497857 572596608522.00
rmat_s20_ef48_0.45_0.15_0.15_0.25_exp kCS random 16 1 2 1048576 50135288 0 15.075560 13.832593 156 7497860 572598104181.00
rmat_s20_ef48_0.45_0.15_0.15_0.25_exp kCS random 16 16 0 1048576 3135146 47000142 3.592267 1.209787 163 7497913 572597638493.00
rmat_s20_ef48_0.45_0.15_0.15_0.25_exp kCS random 16 16 1 1048576 3133799 47001489 3.512476 1.226630 162 7497857 572596608522.00
rmat_s20_ef48_0.45_0.15_0.15_0.25_exp kCS random 16 16 2 1048576 3132518 47002770 3.514805 1.211717 163 7497860 572598104181.00
rmat_s20_ef48_0.45_0.15_0.15_0.25_exp kCS random 16 32 0 1048576 1567697 48567591 3.233243 0.680764 163 7497913 572597638493.00
rmat_s20_ef48_0.45_0.15_0.15_0.25_exp kCS random 16 32 1 1048576 1567098 48568190 3.408270 0.684911 163 7497857 572596608522.00
rmat_s20_ef48_0.45_0.15_0.15_0.25_exp kCS random 16 32 2 1048576 1566451 48568837 3.192886 0.698714 163 7497860 572598104181.00
rmat_s20_ef48_0.45_0.15_0.15_0.25_exp kCS random 16 4 0 1048576 12534695 37600593 6.248317 6.565575 162 7497913 572597638493.00
rmat_s20_ef48_0.45_0.15_0.15_0.25_exp kCS random 16 4 1 1048576 12532591 37602697 6.344371 6.554654 162 7497857 572596608522.00
rmat_s20_ef48_0.45_0.15_0.15_0.25_exp kCS random 16 4 2 1048576 12538050 37597238 6.162364 6.479343 162 7497860 572598104181.00
rmat_s20_ef48_0.45_0.15_0.15_0.25_exp kCS random 16 64 0 1048576 785104 49350184 3.918235 0.547066 164 7497913 572597638493.00
rmat_s20_ef48_0.45_0.15_0.15_0.25_exp kCS random 16 64 1 1048576 784029 49351259 3.771206 0.549995 163 7497857 572596608522.00
rmat_s20_ef48_0.45_0.15_0.15_0.25_exp kCS random 16 64 2 1048576 782200 49353088 3.763592 0.546929 163 7497860 572598104181.00
rmat_s20_ef48_0.45_0.15_0.15_0.25_exp kCS random 16 8 0 1048576 6265335 43869953 4.371438 2.893855 162 7497913 572597638493.00
rmat_s20_ef48_0.45_0.15_0.15_0.25_exp kCS random 16 8 1 1048576 6267107 43868181 4.384440 2.941699 162 7497857 572596608522.00
rmat_s20_ef48_0.45_0.15_0.15_0.25_exp kCS random 16 8 2 1048576 6269292 43865996 4.340454 2.969892 163 7497860 572598104181.00
rmat_s20_ef48_0.45_0.15_0.15_0.25_exp kCS random 32 1 0 1048576 50135288 0 15.101045 21.474744 259 13657282 839437077762.00
rmat_s20_ef48_0.45_0.15_0.15_0.25_exp kCS random 32 1 1 1048576 50135288 0 15.285818 21.720854 259 13657252 839436735955.00
rmat_s20_ef48_0.45_0.15_0.15_0.25_exp kCS random 32 1 2 1048576 50135288 0 15.057226 21.908806 260 13657059 839436324035.00
rmat_s20_ef48_0.45_0.15_0.15_0.25_exp kCS random 32 16 0 1048576 3135146 47000142 3.523785 1.842037 264 13657282 839437077762.00
rmat_s20_ef48_0.45_0.15_0.15_0.25_exp kCS random 32 16 1 1048576 3133799 47001489 3.502867 1.844077 264 13657252 839436735955.00
rmat_s20_ef48_0.45_0.15_0.15_0.25_exp kCS random 32 16 2 1048576 3132518 47002770 5.205377 1.852589 264 13657059 839436324035.00
rmat_s20_ef48_0.45_0.15_0.15_0.25_exp kCS random 32 32 0 1048576 1567697 48567591 3.283882 1.033858 264 13657282 839437077762.00
rmat_s20_ef48_0.45_0.15_0.15_0.25_exp kCS random 32 32 1 1048576 1567098 48568190 3.279122 1.039492 264 13657252 839436735955.00
rmat_s20_ef48_0.45_0.15_0.15_0.25_exp kCS random 32 32 2 1048576 1566451 48568837 3.306101 1.025766 264 13657059 839436324035.00
rmat_s20_ef48_0.45_0.15_0.15_0.25_exp kCS random 32 4 0 1048576 12534695 37600593 6.177490 10.240259 262 13657282 839437077762.00
rmat_s20_ef48_0.45_0.15_0.15_0.25_exp kCS random 32 4 1 1048576 12532591 37602697 6.248817 10.442130 263 13657252 839436735955.00
rmat_s20_ef48_0.45_0.15_0.15_0.25_exp kCS random 32 4 2 1048576 12538050 37597238 6.324406 10.494328 262 13657059 839436324035.00
rmat_s20_ef48_0.45_0.15_0.15_0.25_exp kCS random 32 64 0 1048576 785104 49350184 3.867073 0.843998 264 13657282 839437077762.00
rmat_s20_ef48_0.45_0.15_0.15_0.25_exp kCS random 32 64 1 1048576 784029 49351259 3.967745 0.857192 264 13657252 839436735955.00
rmat_s20_ef48_0.45_0.15_0.15_0.25_exp kCS random 32 64 2 1048576 782200 49353088 3.794858 0.861195 264 13657059 839436324035.00
rmat_s20_ef48_0.45_0.15_0.15_0.25_exp kCS random 32 8 0 1048576 6265335 43869953 4.406915 4.636412 263 13657282 839437077762.00
rmat_s20_ef48_0.45_0.15_0.15_0.25_exp kCS random 32 8 1 1048576 6267107 43868181 4.350960 4.683272 264 13657252 839436735955.00
rmat_s20_ef48_0.45_0.15_0.15_0.25_exp kCS random 32 8 2 1048576 6269292 43865996 4.355857 4.686639 264 13657059 839436324035.00
rmat_s20_ef48_0.45_0.15_0.15_0.25_exp kCS random 4 1 0 1048576 50135288 0 15.110779 6.685969 56 1983093 215865236132.00
rmat_s20_ef48_0.45_0.15_0.15_0.25_exp kCS random 4 1 1 1048576 50135288 0 15.284789 6.717931 56 1983091 215865299193.00
rmat_s20_ef48_0.45_0.15_0.15_0.25_exp kCS random 4 1 2 1048576 50135288 0 15.073846 6.639670 56 1983091 215865164257.00
rmat_s20_ef48_0.45_0.15_0.15_0.25_exp kCS random 4 16 0 1048576 3135146 47000142 3.653646 0.706953 65 1983093 215865236132.00
rmat_s20_ef48_0.45_0.15_0.15_0.25_exp kCS random 4 16 1 1048576 3133799 47001489 3.591198 0.707537 64 1983091 215865299193.00
rmat_s20_ef48_0.45_0.15_0.15_0.25_exp kCS random 4 16 2 1048576 3132518 47002770 3.598271 0.705586 65 1983091 215865164257.00
rmat_s20_ef48_0.45_0.15_0.15_0.25_exp kCS random 4 32 0 1048576 1567697 48567591 3.454041 0.385329 65 1983093 215865236132.00
rmat_s20_ef48_0.45_0.15_0.15_0.25_exp kCS random 4 32 1 1048576 1567098 48568190 3.193069 0.384691 65 1983091 215865299193.00
rmat_s20_ef48_0.45_0.15_0.15_0.25_exp kCS random 4 32 2 1048576 1566451 48568837 3.323759 0.384825 65 1983091 215865164257.00
rmat_s20_ef48_0.45_0.15_0.15_0.25_exp kCS random 4 4 0 1048576 12534695 37600593 6.248626 2.918045 63 1983093 215865236132.00
rmat_s20_ef48_0.45_0.15_0.15_0.25_exp kCS random 4 4 1 1048576 12532591 37602697 6.257564 2.910660 62 1983091 215865299193.00
rmat_s20_ef48_0.45_0.15_0.15_0.25_exp kCS random 4 4 2 1048576 12538050 37597238 6.217464 2.886030 64 1983091 215865164257.00
rmat_s20_ef48_0.45_0.15_0.15_0.25_exp kCS random 4 64 0 1048576 785104 49350184 7.797373 0.310958 65 1983093 215865236132.00
rmat_s20_ef48_0.45_0.15_0.15_0.25_exp kCS random 4 64 1 1048576 784029 49351259 3.828156 0.297540 65 1983091 215865299193.00
rmat_s20_ef48_0.45_0.15_0.15_0.25_exp kCS random 4 64 2 1048576 782200 49353088 3.764821 0.298393 65 1983091 215865164257.00
rmat_s20_ef48_0.45_0.15_0.15_0.25_exp kCS random 4 8 0 1048576 6265335 43869953 4.335115 1.442116 63 1983093 215865236132.00
rmat_s20_ef48_0.45_0.15_0.15_0.25_exp kCS random 4 8 1 1048576 6267107 43868181 4.414904 1.468937 64 1983091 215865299193.00
rmat_s20_ef48_0.45_0.15_0.15_0.25_exp kCS random 4 8 2 1048576 6269292 43865996 4.332575 1.465326 65 1983091 215865164257.00
rmat_s20_ef48_0.45_0.15_0.15_0.25_exp kCS random 8 1 0 1048576 50135288 0 15.251772 9.347109 102 3903497 362538050980.00
rmat_s20_ef48_0.45_0.15_0.15_0.25_exp kCS random 8 1 1 1048576 50135288 0 14.986074 9.394648 102 3903493 362537987416.00
rmat_s20_ef48_0.45_0.15_0.15_0.25_exp kCS random 8 1 2 1048576 50135288 0 15.066357 9.273090 102 3903478 362538124030.00
rmat_s20_ef48_0.45_0.15_0.15_0.25_exp kCS random 8 16 0 1048576 3135146 47000142 3.605049 0.884085 105 3903497 362538050980.00
rmat_s20_ef48_0.45_0.15_0.15_0.25_exp kCS random 8 16 1 1048576 3133799 47001489 3.570739 0.887716 105 3903493 362537987416.00
rmat_s20_ef48_0.45_0.15_0.15_0.25_exp kCS random 8 16 2 1048576 3132518 47002770 3.631198 0.873752 105 3903478 362538124030.00
rmat_s20_ef48_0.45_0.15_0.15_0.25_exp kCS random 8 32 0 1048576 1567697 48567591 3.421246 0.499314 105 3903497 362538050980.00
rmat_s20_ef48_0.45_0.15_0.15_0.25_exp kCS random 8 32 1 1048576 1567098 48568190 3.282469 0.499171 105 3903493 362537987416.00
rmat_s20_ef48_0.45_0.15_0.15_0.25_exp kCS random 8 32 2 1048576 1566451 48568837 3.321759 0.502128 105 3903478 362538124030.00
rmat_s20_ef48_0.45_0.15_0.15_0.25_exp kCS random 8 4 0 1048576 12534695 37600593 6.279225 4.290029 105 3903497 362538050980.00
rmat_s20_ef48_0.45_0.15_0.15_0.25_exp kCS random 8 4 1 1048576 12532591 37602697 6.234410 4.308715 104 3903493 362537987416.00
rmat_s20_ef48_0.45_0.15_0.15_0.25_exp kCS random 8 4 2 1048576 12538050 37597238 6.219844 4.270247 104 3903478 362538124030.00
rmat_s20_ef48_0.45_0.15_0.15_0.25_exp kCS random 8 64 0 1048576 785104 49350184 3.822996 0.395813 105 3903497 362538050980.00
rmat_s20_ef48_0.45_0.15_0.15_0.25_exp kCS random 8 64 1 1048576 784029 49351259 3.832752 0.394668 105 3903493 362537987416.00
rmat_s20_ef48_0.45_0.15_0.15_0.25_exp kCS random 8 64 2 1048576 782200 49353088 3.809872 0.392757 105 3903478 362538124030.00
rmat_s20_ef48_0.45_0.15_0.15_0.25_exp kCS random 8 8 0 1048576 6265335 43869953 4.446359 2.002470 105 3903497 362538050980.00
rmat_s20_ef48_0.45_0.15_0.15_0.25_exp kCS random 8 8 1 1048576 6267107 43868181 4.325566 2.022167 105 3903493 362537987416.00
rmat_s20_ef48_0.45_0.15_0.15_0.25_exp kCS random 8 8 2 1048576 6269292 43865996 4.386910 2.001739 105 3903478 362538124030.00
rmat_s20_ef48_0.45_0.15_0.15_0.25_uni kCS diststream 16 16 0 1048576 8762635 41373004 42.751013 1.427686 167 7500069 3039056926645.00
rmat_s20_ef48_0.45_0.15_0.15_0.25_uni kCS diststream 16 16 1 1048576 8695989 41439650 43.530970 1.523308 166 7500070 3039046876969.00
rmat_s20_ef48_0.45_0.15_0.15_0.25_uni kCS diststream 16 16 2 1048576 8182260 41953379 43.021408 1.392068 165 7500149 3039060114564.00
rmat_s20_ef48_0.45_0.15_0.15_0.25_uni kCS diststream 16 32 0 1048576 4465755 45669884 35.619828 0.716816 166 7500143 3039052598856.00
rmat_s20_ef48_0.45_0.15_0.15_0.25_uni kCS diststream 16 32 1 1048576 4362957 45772682 35.434527 0.691772 165 7500057 3039063203227.00
rmat_s20_ef48_0.45_0.15_0.15_0.25_uni kCS diststream 16 32 2 1048576 4434257 45701382 37.984190 0.748617 167 7500217 3039065585119.00
rmat_s20_ef48_0.45_0.15_0.15_0.25_uni kCS diststream 16 4 0 1048576 22513491 27622148 74.675688 5.711283 163 7500043 3039063260793.00
rmat_s20_ef48_0.45_0.15_0.15_0.25_uni kCS diststream 16 4 1 1048576 22506124 27629515 74.911080 6.054247 163 7500071 3039054504909.00
rmat_s20_ef48_0.45_0.15_0.15_0.25_uni kCS diststream 16 4 2 1048576 22504127 27631512 74.630734 6.183159 162 7500052 3039056107327.00
rmat_s20_ef48_0.45_0.15_0.15_0.25_uni kCS diststream 16 64 0 1048576 3106645 47028994 31.204159 0.566407 166 7500066 3039049592669.00
rmat_s20_ef48_0.45_0.15_0.15_0.25_uni kCS diststream 16 64 1 1048576 3111115 47024524 31.383842 0.535321 167 7500136 3039057240110.00
rmat_s20_ef48_0.45_0.15_0.15_0.25_uni kCS diststream 16 64 2 1048576 3109271 47026368 31.336393 0.560844 166 7500108 3039058285687.00
rmat_s20_ef48_0.45_0.15_0.15_0.25_uni kCS diststream 16 8 0 1048576 14710780 35424859 55.531468 3.552218 164 7500073 3039061114109.00
rmat_s20_ef48_0.45_0.15_0.15_0.25_uni kCS diststream 16 8 1 1048576 14869089 35266550 55.537613 3.241283 165 7500107 3039075335448.00
rmat_s20_ef48_0.45_0.15_0.15_0.25_uni kCS diststream 16 8 2 1048576 15235333 34900306 55.840046 2.984511 164 7500114 3039070316270.00
rmat_s20_ef48_0.45_0.15_0.15_0.25_uni kCS diststream 32 16 0 1048576 8762635 41373004 43.207941 2.252000 274 13661279 5046499694440.00
rmat_s20_ef48_0.45_0.15_0.15_0.25_uni kCS diststream 32 16 1 1048576 8695989 41439650 43.251795 2.374966 272 13661176 5046492795488.00
rmat_s20_ef48_0.45_0.15_0.15_0.25_uni kCS diststream 32 16 2 1048576 8182260 41953379 43.610780 2.193621 273 13661115 5046488802046.00
rmat_s20_ef48_0.45_0.15_0.15_0.25_uni kCS diststream 32 32 0 1048576 4465755 45669884 35.407712 1.041812 273 13661163 5046498473702.00
rmat_s20_ef48_0.45_0.15_0.15_0.25_uni kCS diststream 32 32 1 1048576 4362957 45772682 35.939536 1.048771 274 13661221 5046501851862.00
rmat_s20_ef48_0.45_0.15_0.15_0.25_uni kCS diststream 32 32 2 1048576 4434257 45701382 35.428825 1.043299 274 13661168 5046509222265.00
rmat_s20_ef48_0.45_0.15_0.15_0.25_uni kCS diststream 32 4 0 1048576 22513491 27622148 74.247658 9.304752 269 13661214 5046498267001.00
rmat_s20_ef48_0.45_0.15_0.15_0.25_uni kCS diststream 32 4 1 1048576 22506124 27629515 75.854519 10.198882 270 13661091 5046497276049.00
rmat_s20_ef48_0.45_0.15_0.15_0.25_uni kCS diststream 32 4 2 1048576 22504127 27631512 75.224660 9.489266 270 13661097 5046494313701.00
rmat_s20_ef48_0.45_0.15_0.15_0.25_uni kCS diststream 32 64 0 1048576 3106645 47028994 34.707356 0.790661 275 13661214 5046513108317.00
rmat_s20_ef48_0.45_0.15_0.15_0.25_uni kCS diststream 32 64 1 1048576 3111115 47024524 31.467594 0.821601 275 13661155 5046508497280.00
rmat_s20_ef48_0.45_0.15_0.15_0.25_uni kCS diststream 32 64 2 1048576 3109271 47026368 31.891369 0.812094 272 13661116 5046501224310.00
rmat_s20_ef48_0.45_0.15_0.15_0.25_uni kCS diststream 32 8 0 1048576 14710780 35424859 54.891545 4.761766 270 13661194 5046501697547.00
rmat_s20_ef48_0.45_0.15_0.15_0.25_uni kCS diststream 32 8 1 1048576 14869089 35266550 55.902160 5.421739 269 13661167 5046500941812.00
rmat_s20_ef48_0.45_0.15_0.15_0.25_uni kCS diststream 32 8 2 1048576 15235333 34900306 57.380289 4.694554 272 13661193 5046497529287.00
rmat_s20_ef48_0.45_0.15_0.15_0.25_uni kCS diststream 4 16 0 1048576 8762635 41373004 43.133693 0.745042 63 1983313 891724001654.00
rmat_s20_ef48_0.45_0.15_0.15_0.25_uni kCS diststream 4 16 1 1048576 8695989 41439650 43.098562 0.824154 63 1983315 891721054984.00
rmat_s20_ef48_0.45_0.15_0.15_0.25_uni kCS diststream 4 16 2 1048576 8182260 41953379 43.536813 0.745638 63 1983322 891729158700.00
rmat_s20_ef48_0.45_0.15_0.15_0.25_uni kCS diststream 4 32 0 1048576 4465755 45669884 35.546030 0.400751 63 1983318 891724239375.00
rmat_s20_ef48_0.45_0.15_0.15_0.25_uni kCS diststream 4 32 1 1048576 4362957 45772682 35.526915 0.379397 64 1983315 891726034004.00
rmat_s20_ef48_0.45_0.15_0.15_0.25_uni kCS diststream 4 32 2 1048576 4434257 45701382 35.614077 0.398911 63 1983329 891730290918.00
rmat_s20_ef48_0.45_0.15_0.15_0.25_uni kCS diststream 4 4 0 1048576 22513491 27622148 74.105783 2.765121 62 1983315 891724499004.00
rmat_s20_ef48_0.45_0.15_0.15_0.25_uni kCS diststream 4 4 1 1048576 22506124 27629515 75.526907 2.750668 62 1983319 891727242658.00
rmat_s20_ef48_0.45_0.15_0.15_0.25_uni kCS diststream 4 4 2 1048576 22504127 27631512 75.174231 2.748657 61 1983316 891726183164.00
rmat_s20_ef48_0.45_0.15_0.15_0.25_uni kCS diststream 4 64 0 1048576 3106645 47028994 31.458745 0.284091 64 1983301 891725574993.00
rmat_s20_ef48_0.45_0.15_0.15_0.25_uni kCS diststream 4 64 1 1048576 3111115 47024524 31.765865 0.282721 64 1983332 891728227103.00
rmat_s20_ef48_0.45_0.15_0.15_0.25_uni kCS diststream 4 64 2 1048576 3109271 47026368 31.337769 0.298646 63 1983317 891724960701.00
rmat_s20_ef48_0.45_0.15_0.15_0.25_uni kCS diststream 4 8 0 1048576 14710780 35424859 55.080740 1.473732 62 1983308 891722483628.00
rmat_s20_ef48_0.45_0.15_0.15_0.25_uni kCS diststream 4 8 1 1048576 14869089 35266550 56.089868 1.590536 63 1983333 891727669056.00
rmat_s20_ef48_0.45_0.15_0.15_0.25_uni kCS diststream 4 8 2 1048576 15235333 34900306 54.916920 1.431715 63 1983317 891724929624.00
rmat_s20_ef48_0.45_0.15_0.15_0.25_uni kCS diststream 8 16 0 1048576 8762635 41373004 42.733005 0.952424 103 3904197 1689088364129.00
rmat_s20_ef48_0.45_0.15_0.15_0.25_uni kCS diststream 8 16 1 1048576 8695989 41439650 43.622068 1.133555 102 3904167 1689080469963.00
rmat_s20_ef48_0.45_0.15_0.15_0.25_uni kCS diststream 8 16 2 1048576 8182260 41953379 42.732963 0.981257 103 3904166 1689079399025.00
rmat_s20_ef48_0.45_0.15_0.15_0.25_uni kCS diststream 8 32 0 1048576 4465755 45669884 35.793826 0.498547 103 3904187 1689086241060.00
rmat_s20_ef48_0.45_0.15_0.15_0.25_uni kCS diststream 8 32 1 1048576 4362957 45772682 35.498660 0.493285 101 3904178 1689080094817.00
rmat_s20_ef48_0.45_0.15_0.15_0.25_uni kCS diststream 8 32 2 1048576 4434257 45701382 36.895764 0.512000 103 3904168 1689090535122.00
rmat_s20_ef48_0.45_0.15_0.15_0.25_uni kCS diststream 8 4 0 1048576 22513491 27622148 75.099035 3.933983 100 3904172 1689088006934.00
rmat_s20_ef48_0.45_0.15_0.15_0.25_uni kCS diststream 8 4 1 1048576 22506124 27629515 75.280038 3.829504 100 3904187 1689084017622.00
rmat_s20_ef48_0.45_0.15_0.15_0.25_uni kCS diststream 8 4 2 1048576 22504127 27631512 75.681879 3.811566 100 3904189 1689084906248.00
rmat_s20_ef48_0.45_0.15_0.15_0.25_uni kCS diststream 8 64 0 1048576 3106645 47028994 31.621294 0.379630 103 3904157 1689089717171.00
rmat_s20_ef48_0.45_0.15_0.15_0.25_uni kCS diststream 8 64 1 1048576 3111115 47024524 31.418139 0.409179 104 3904180 1689088389110.00
rmat_s20_ef48_0.45_0.15_0.15_0.25_uni kCS diststream 8 64 2 1048576 3109271 47026368 31.671037 0.376745 104 3904163 1689092629469.00
rmat_s20_ef48_0.45_0.15_0.15_0.25_uni kCS diststream 8 8 0 1048576 14710780 35424859 55.700774 1.987573 100 3904169 1689088879780.00
rmat_s20_ef48_0.45_0.15_0.15_0.25_uni kCS diststream 8 8 1 1048576 14869089 35266550 54.971982 2.195216 102 3904172 1689083082455.00
rmat_s20_ef48_0.45_0.15_0.15_0.25_uni kCS diststream 8 8 2 1048576 15235333 34900306 55.599092 2.387753 102 3904155 1689084776647.00
rmat_s20_ef48_0.45_0.15_0.15_0.25_uni kCS random 16 1 0 1048576 50135639 0 14.983855 14.183691 161 7500258 3039072604327.00
rmat_s20_ef48_0.45_0.15_0.15_0.25_uni kCS random 16 1 1 1048576 50135639 0 14.845529 14.052737 160 7500097 3039062077518.00
rmat_s20_ef48_0.45_0.15_0.15_0.25_uni kCS random 16 1 2 1048576 50135639 0 14.805463 14.094611 160 7500078 3039050856729.00
rmat_s20_ef48_0.45_0.15_0.15_0.25_uni kCS random 16 16 0 1048576 3136056 46999583 3.704121 1.243139 166 7500258 3039072604327.00
rmat_s20_ef48_0.45_0.15_0.15_0.25_uni kCS random 16 16 1 1048576 3134095 47001544 3.586852 1.232127 167 7500097 3039062077518.00
rmat_s20_ef48_0.45_0.15_0.15_0.25_uni kCS random 16 16 2 1048576 3133167 47002472 3.629809 1.235225 167 7500078 3039050856729.00
rmat_s20_ef48_0.45_0.15_0.15_0.25_uni kCS random 16 32 0 1048576 1568076 48567563 3.234301 0.710426 166 7500258 3039072604327.00
rmat_s20_ef48_0.45_0.15_0.15_0.25_uni kCS random 16 32 1 1048576 1566686 48568953 3.313120 0.709223 167 7500097 3039062077518.00
rmat_s20_ef48_0.45_0.15_0.15_0.25_uni kCS random 16 32 2 1048576 1566532 48569107 3.320754 0.704378 167 7500078 3039050856729.00
rmat_s20_ef48_0.45_0.15_0.15_0.25_uni kCS random 16 4 0 1048576 12534444 37601195 6.227015 6.619008 164 7500258 3039072604327.00
rmat_s20_ef48_0.45_0.15_0.15_0.25_uni kCS random 16 4 1 1048576 12537200 37598439 6.280401 6.631210 165 7500097 3039062077518.00
rmat_s20_ef48_0.45_0.15_0.15_0.25_uni kCS random 16 4 2 1048576 12531868 37603771 6.154364 6.638645 165 7500078 3039050856729.00
rmat_s20_ef48_0.45_0.15_0.15_0.25_uni kCS random 16 64 0 1048576 784128 49351511 4.839758 0.568266 166 7500258 3039072604327.00
rmat_s20_ef48_0.45_0.15_0.15_0.25_uni kCS random 16 64 1 1048576 783380 49352259 4.893466 0.561679 167 7500097 3039062077518.00
rmat_s20_ef48_0.45_0.15_0.15_0.25_uni kCS random 16 64 2 1048576 782185 49353454 4.806176 0.571186 167 7500078 3039050856729.00
rmat_s20_ef48_0.45_0.15_0.15_0.25_uni kCS random 16 8 0 1048576 6269204 43866435 4.498724 2.994565 164 7500258 3039072604327.00
rmat_s20_ef48_0.45_0.15_0.15_0.25_uni kCS random 16 8 1 1048576 6269423 43866216 4.453809 3.015375 166 7500097 3039062077518.00
rmat_s20_ef48_0.45_0.15_0.15_0.25_uni kCS random 16 8 2 1048576 6267020 43868619 4.348685 2.989141 166 7500078 3039050856729.00
rmat_s20_ef48_0.45_0.15_0.15_0.25_uni kCS random 32 1 0 1048576 50135639 0 15.184772 22.284646 268 13661318 5046504749362.00
rmat_s20_ef48_0.45_0.15_0.15_0.25_uni kCS random 32 1 1 1048576 50135639 0 14.952077 21.878787 268 13661307 5046519794752.00
rmat_s20_ef48_0.45_0.15_0.15_0.25_uni kCS random 32 1 2 1048576 50135639 0 14.936317 22.011560 268 13661165 5046508648271.00
rmat_s20_ef48_0.45_0.15_0.15_0.25_uni kCS random 32 16 0 1048576 3136056 46999583 3.585434 1.871838 273 13661318 5046504749362.00
rmat_s20_ef48_0.45_0.15_0.15_0.25_uni kCS random 32 16 1 1048576 3134095 47001544 3.686199 1.877347 274 13661307 5046519794752.00
rmat_s20_ef48_0.45_0.15_0.15_0.25_uni kCS random 32 16 2 1048576 3133167 47002472 3.608434 1.872092 275 13661165 5046508648271.00
rmat_s20_ef48_0.45_0.15_0.15_0.25_uni kCS random 32 32 0 1048576 1568076 48567563 3.286889 1.064160 274 13661318 5046504749362.00
rmat_s20_ef48_0.45_0.15_0.15_0.25_uni kCS random 32 32 1 1048576 1566686 48568953 3.196544 1.047737 274 13661307 5046519794752.00
rmat_s20_ef48_0.45_0.15_0.15_0.25_uni kCS random 32 32 2 1048576 1566532 48569107 3.203250 1.092862 275 13661165 5046508648271.00
rmat_s20_ef48_0.45_0.15_0.15_0.25_uni kCS random 32 4 0 1048576 12534444 37601195 6.109704 10.685587 271 13661318 5046504749362.00
rmat_s20_ef48_0.45_0.15_0.15_0.25_uni kCS random 32 4 1 1048576 12537200 37598439 6.202898 10.738143 272 13661307 5046519794752.00
rmat_s20_ef48_0.45_0.15_0.15_0.25_uni kCS random 32 4 2 1048576 12531868 37603771 6.279563 10.626260 275 13661165 5046508648271.00
rmat_s20_ef48_0.45_0.15_0.15_0.25_uni kCS random 32 64 0 1048576 784128 49351511 4.865199 0.857468 274 13661318 5046504749362.00
rmat_s20_ef48_0.45_0.15_0.15_0.25_uni kCS random 32 64 1 1048576 783380 49352259 4.831058 0.866600 275 13661307 5046519794752.00
rmat_s20_ef48_0.45_0.15_0.15_0.25_uni kCS random 32 64 2 1048576 782185 49353454 4.797350 0.851249 275 13661165 5046508648271.00
rmat_s20_ef48_0.45_0.15_0.15_0.25_uni kCS random 32 8 0 1048576 6269204 43866435 4.391856 4.699515 271 13661318 5046504749362.00
rmat_s20_ef48_0.45_0.15_0.15_0.25_uni kCS random 32 8 1 1048576 6269423 43866216 4.369839 4.767539 273 13661307 5046519794752.00
rmat_s20_ef48_0.45_0.15_0.15_0.25_uni kCS random 32 8 2 1048576 6267020 43868619 4.386187 4.631912 275 13661165 5046508648271.00
rmat_s20_ef48_0.45_0.15_0.15_0.25_uni kCS random 4 1 0 1048576 50135639 0 14.922105 6.734058 58 1983322 891723909175.00
rmat_s20_ef48_0.45_0.15_0.15_0.25_uni kCS random 4 1 1 1048576 50135639 0 14.886684 6.677833 58 1983313 891721561263.00
rmat_s20_ef48_0.45_0.15_0.15_0.25_uni kCS random 4 1 2 1048576 50135639 0 14.723376 6.662381 58 1983306 891722916911.00
rmat_s20_ef48_0.45_0.15_0.15_0.25_uni kCS random 4 16 0 1048576 3136056 46999583 3.652512 0.696102 64 1983322 891723909175.00
rmat_s20_ef48_0.45_0.15_0.15_0.25_uni kCS random 4 16 1 1048576 3134095 47001544 3.547591 0.699596 64 1983313 891721561263.00
rmat_s20_ef48_0.45_0.15_0.15_0.25_uni kCS random 4 16 2 1048576 3133167 47002472 3.637649 0.707026 64 1983306 891722916911.00
rmat_s20_ef48_0.45_0.15_0.15_0.25_uni kCS random 4 32 0 1048576 1568076 48567563 3.178581 0.383797 64 1983322 891723909175.00
rmat_s20_ef48_0.45_0.15_0.15_0.25_uni kCS random 4 32 1 1048576 1566686 48568953 3.259462 0.386823 64 1983313 891721561263.00
rmat_s20_ef48_0.45_0.15_0.15_0.25_uni kCS random 4 32 2 1048576 1566532 48569107 3.256345 0.386236 64 1983306 891722916911.00
rmat_s20_ef48_0.45_0.15_0.15_0.25_uni kCS random 4 4 0 1048576 12534444 37601195 6.172843 2.924918 62 1983322 891723909175.00
rmat_s20_ef48_0.45_0.15_0.15_0.25_uni kCS random 4 4 1 1048576 12537200 37598439 6.197289 2.887457 62 1983313 891721561263.00
rmat_s20_ef48_0.45_0.15_0.15_0.25_uni kCS random 4 4 2 1048576 12531868 37603771 6.201068 2.909288 63 1983306 891722916911.00
rmat_s20_ef48_0.45_0.15_0.15_0.25_uni kCS random 4 64 0 1048576 784128 49351511 8.234535 0.309294 64 1983322 891723909175.00
rmat_s20_ef48_0.45_0.15_0.15_0.25_uni kCS random 4 64 1 1048576 783380 49352259 4.817755 0.301576 64 1983313 891721561263.00
rmat_s20_ef48_0.45_0.15_0.15_0.25_uni kCS random 4 64 2 1048576 782185 49353454 4.828377 0.302445 64 1983306 891722916911.00
rmat_s20_ef48_0.45_0.15_0.15_0.25_uni kCS random 4 8 0 1048576 6269204 43866435 4.485848 1.456742 63 1983322 891723909175.00
rmat_s20_ef48_0.45_0.15_0.15_0.25_uni kCS random 4 8 1 1048576 6269423 43866216 4.354699 1.463754 64 1983313 891721561263.00
rmat_s20_ef48_0.45_0.15_0.15_0.25_uni kCS random 4 8 2 1048576 6267020 43868619 4.320834 1.467537 64 1983306 891722916911.00
rmat_s20_ef48_0.45_0.15_0.15_0.25_uni kCS random 8 1 0 1048576 50135639 0 14.939931 9.428205 98 3904207 1689092342530.00
rmat_s20_ef48_0.45_0.15_0.15_0.25_uni kCS random 8 1 1 1048576 50135639 0 14.976796 9.304836 98 3904192 1689088470424.00
rmat_s20_ef48_0.45_0.15_0.15_0.25_uni kCS random 8 1 2 1048576 50135639 0 15.111887 9.356802 98 3904179 1689083622851.00
rmat_s20_ef48_0.45_0.15_0.15_0.25_uni kCS random 8 16 0 1048576 3136056 46999583 3.558473 0.875158 104 3904207 1689092342530.00
rmat_s20_ef48_0.45_0.15_0.15_0.25_uni kCS random 8 16 1 1048576 3134095 47001544 3.660958 0.876477 103 3904192 1689088470424.00
rmat_s20_ef48_0.45_0.15_0.15_0.25_uni kCS random 8 16 2 1048576 3133167 47002472 3.653143 0.878401 104 3904179 1689083622851.00
rmat_s20_ef48_0.45_0.15_0.15_0.25_uni kCS random 8 32 0 1048576 1568076 48567563 3.157074 0.506749 104 3904207 1689092342530.00
rmat_s20_ef48_0.45_0.15_0.15_0.25_uni kCS random 8 32 1 1048576 1566686 48568953 3.202100 0.501452 104 3904192 1689088470424.00
rmat_s20_ef48_0.45_0.15_0.15_0.25_uni kCS random 8 32 2 1048576 1566532 48569107 3.484305 0.505287 104 3904179 1689083622851.00
rmat_s20_ef48_0.45_0.15_0.15_0.25_uni kCS random 8 4 0 1048576 12534444 37601195 6.225146 4.277612 101 3904207 1689092342530.00
rmat_s20_ef48_0.45_0.15_0.15_0.25_uni kCS random 8 4 1 1048576 12537200 37598439 6.223155 4.275840 101 3904192 1689088470424.00
rmat_s20_ef48_0.45_0.15_0.15_0.25_uni kCS random 8 4 2 1048576 12531868 37603771 6.209104 4.277003 100 3904179 1689083622851.00
rmat_s20_ef48_0.45_0.15_0.15_0.25_uni kCS random 8 64 0 1048576 784128 49351511 4.862594 0.398679 104 3904207 1689092342530.00
rmat_s20_ef48_0.45_0.15_0.15_0.25_uni kCS random 8 64 1 1048576 783380 49352259 4.914366 0.401405 104 3904192 1689088470424.00
rmat_s20_ef48_0.45_0.15_0.15_0.25_uni kCS random 8 64 2 1048576 782185 49353454 4.849586 0.398530 104 3904179 1689083622851.00
rmat_s20_ef48_0.45_0.15_0.15_0.25_uni kCS random 8 8 0 1048576 6269204 43866435 4.348540 2.024189 104 3904207 1689092342530.00
rmat_s20_ef48_0.45_0.15_0.15_0.25_uni kCS random 8 8 1 1048576 6269423 43866216 4.341858 2.013857 103 3904192 1689088470424.00
rmat_s20_ef48_0.45_0.15_0.15_0.25_uni kCS random 8 8 2 1048576 6267020 43868619 4.356974 2.007386 104 3904179 1689083622851.00
rmat_s20_ef48_0.55_0.15_0.15_0.15_exp kCS diststream 16 16 0 1048576 5161810 42959681 46.007824 0.835910 173 4086021 294533060306.00
rmat_s20_ef48_0.55_0.15_0.15_0.15_exp kCS diststream 16 16 1 1048576 5054616 43066875 42.517379 0.851409 175 4086015 294533186699.00
rmat_s20_ef48_0.55_0.15_0.15_0.15_exp kCS diststream 16 16 2 1048576 4985182 43136309 43.265781 0.840266 172 4086013 294533216302.00
rmat_s20_ef48_0.55_0.15_0.15_0.15_exp kCS diststream 16 32 0 1048576 3121485 45000006 35.691784 0.556535 175 4086012 294533160853.00
rmat_s20_ef48_0.55_0.15_0.15_0.15_exp kCS diststream 16 32 1 1048576 3135625 44985866 35.310335 0.525010 173 4086022 294533266441.00
rmat_s20_ef48_0.55_0.15_0.15_0.15_exp kCS diststream 16 32 2 1048576 3120070 45001421 35.377422 0.539490 173 4086002 294533027063.00
rmat_s20_ef48_0.55_0.15_0.15_0.15_exp kCS diststream 16 4 0 1048576 17910623 30210868 73.781354 5.653172 172 4086024 294533225476.00
rmat_s20_ef48_0.55_0.15_0.15_0.15_exp kCS diststream 16 4 1 1048576 18915667 29205824 76.159434 5.463589 172 4086020 294533304990.00
rmat_s20_ef48_0.55_0.15_0.15_0.15_exp kCS diststream 16 4 2 1048576 17793392 30328099 73.586243 5.812322 172 4086012 294533111343.00
rmat_s20_ef48_0.55_0.15_0.15_0.15_exp kCS diststream 16 64 0 1048576 2126372 45995119 30.933663 0.440863 175 4086014 294533018472.00
rmat_s20_ef48_0.55_0.15_0.15_0.15_exp kCS diststream 16 64 1 1048576 2124958 45996533 31.950880 0.430666 173 4086008 294533060032.00
rmat_s20_ef48_0.55_0.15_0.15_0.15_exp kCS diststream 16 64 2 1048576 2123232 45998259 31.055270 0.425302 174 4086005 294533117760.00
rmat_s20_ef48_0.55_0.15_0.15_0.15_exp kCS diststream 16 8 0 1048576 11383583 36737908 54.766805 2.583389 173 4086026 294533014818.00
rmat_s20_ef48_0.55_0.15_0.15_0.15_exp kCS diststream 16 8 1 1048576 11190592 36930899 54.846205 2.554640 174 4086023 294533137619.00
rmat_s20_ef48_0.55_0.15_0.15_0.15_exp kCS diststream 16 8 2 1048576 10567668 37553823 55.014869 2.487334 174 4086016 294533306434.00
rmat_s20_ef48_0.55_0.15_0.15_0.15_exp kCS diststream 32 16 0 1048576 5161810 42959681 42.750472 1.250595 319 6744775 428175089158.00
rmat_s20_ef48_0.55_0.15_0.15_0.15_exp kCS diststream 32 16 1 1048576 5054616 43066875 42.830821 1.257832 316 6744785 428175184152.00
rmat_s20_ef48_0.55_0.15_0.15_0.15_exp kCS diststream 32 16 2 1048576 4985182 43136309 43.454391 1.244601 319 6744778 428174938535.00
rmat_s20_ef48_0.55_0.15_0.15_0.15_exp kCS diststream 32 32 0 1048576 3121485 45000006 34.990543 0.796218 319 6744768 428174855062.00
rmat_s20_ef48_0.55_0.15_0.15_0.15_exp kCS diststream 32 32 1 1048576 3135625 44985866 35.018275 0.811751 319 6744777 428174915870.00
rmat_s20_ef48_0.55_0.15_0.15_0.15_exp kCS diststream 32 32 2 1048576 3120070 45001421 35.108474 0.838768 319 6744781 428174903298.00
rmat_s20_ef48_0.55_0.15_0.15_0.15_exp kCS diststream 32 4 0 1048576 17910623 30210868 73.095481 9.321249 316 6744778 428174779818.00
rmat_s20_ef48_0.55_0.15_0.15_0.15_exp kCS diststream 32 4 1 1048576 18915667 29205824 76.157018 8.921040 315 6744773 428175007511.00
rmat_s20_ef48_0.55_0.15_0.15_0.15_exp kCS diststream 32 4 2 1048576 17793392 30328099 74.289601 9.505382 315 6744782 428175011942.00
rmat_s20_ef48_0.55_0.15_0.15_0.15_exp kCS diststream 32 64 0 1048576 2126372 45995119 31.253406 0.694770 319 6744776 428174754471.00
rmat_s20_ef48_0.55_0.15_0.15_0.15_exp kCS diststream 32 64 1 1048576 2124958 45996533 30.948728 0.671041 319 6744781 428174951182.00
rmat_s20_ef48_0.55_0.15_0.15_0.15_exp kCS diststream 32 64 2 1048576 2123232 45998259 30.989794 0.693543 320 6744788 428175220781.00
rmat_s20_ef48_0.55_0.15_0.15_0.15_exp kCS diststream 32 8 0 1048576 11383583 36737908 54.464973 4.112656 314 6744772 428175049562.00
rmat_s20_ef48_0.55_0.15_0.15_0.15_exp kCS diststream 32 8 1 1048576 11190592 36930899 54.876261 3.831620 316 6744786 428175095823.00
rmat_s20_ef48_0.55_0.15_0.15_0.15_exp kCS diststream 32 8 2 1048576 10567668 37553823 54.824478 3.999720 317 6744769 428175058977.00
rmat_s20_ef48_0.55_0.15_0.15_0.15_exp kCS diststream 4 16 0 1048576 5161810 42959681 42.746173 0.516837 61 1324968 120664626389.00
rmat_s20_ef48_0.55_0.15_0.15_0.15_exp kCS diststream 4 16 1 1048576 5054616 43066875 42.713417 0.519936 61 1324973 120664616214.00
rmat_s20_ef48_0.55_0.15_0.15_0.15_exp kCS diststream 4 16 2 1048576 4985182 43136309 42.637599 0.520868 61 1324972 120664623881.00
rmat_s20_ef48_0.55_0.15_0.15_0.15_exp kCS diststream 4 32 0 1048576 3121485 45000006 34.915794 0.331983 61 1324973 120664675455.00
rmat_s20_ef48_0.55_0.15_0.15_0.15_exp kCS diststream 4 32 1 1048576 3135625 44985866 35.192378 0.315343 62 1324973 120664761508.00
rmat_s20_ef48_0.55_0.15_0.15_0.15_exp kCS diststream 4 32 2 1048576 3120070 45001421 35.776721 0.313494 61 1324970 120664553142.00
rmat_s20_ef48_0.55_0.15_0.15_0.15_exp kCS diststream 4 4 0 1048576 17910623 30210868 73.731689 2.738571 58 1324973 120664736884.00
rmat_s20_ef48_0.55_0.15_0.15_0.15_exp kCS diststream 4 4 1 1048576 18915667 29205824 76.008606 2.717881 58 1324971 120664710308.00
rmat_s20_ef48_0.55_0.15_0.15_0.15_exp kCS diststream 4 4 2 1048576 17793392 30328099 73.286952 2.745045 60 1324971 120664608732.00
rmat_s20_ef48_0.55_0.15_0.15_0.15_exp kCS diststream 4 64 0 1048576 2126372 45995119 30.852772 0.228668 61 1324968 120664770546.00
rmat_s20_ef48_0.55_0.15_0.15_0.15_exp kCS diststream 4 64 1 1048576 2124958 45996533 31.272864 0.228170 62 1324968 120664642137.00
rmat_s20_ef48_0.55_0.15_0.15_0.15_exp kCS diststream 4 64 2 1048576 2123232 45998259 31.119549 0.231413 61 1324967 120664601897.00
rmat_s20_ef48_0.55_0.15_0.15_0.15_exp kCS diststream 4 8 0 1048576 11383583 36737908 55.570837 1.357340 60 1324970 120664640286.00
rmat_s20_ef48_0.55_0.15_0.15_0.15_exp kCS diststream 4 8 1 1048576 11190592 36930899 55.665244 1.324640 60 1324973 120664673050.00
rmat_s20_ef48_0.55_0.15_0.15_0.15_exp kCS diststream 4 8 2 1048576 10567668 37553823 55.137033 1.319313 60 1324969 120664658680.00
rmat_s20_ef48_0.55_0.15_0.15_0.15_exp kCS diststream 8 16 0 1048576 5161810 42959681 42.443699 0.640386 99 2384065 193423366529.00
rmat_s20_ef48_0.55_0.15_0.15_0.15_exp kCS diststream 8 16 1 1048576 5054616 43066875 42.778981 0.631902 99 2384060 193423438478.00
rmat_s20_ef48_0.55_0.15_0.15_0.15_exp kCS diststream 8 16 2 1048576 4985182 43136309 43.260401 0.635990 99 2384063 193423211477.00
rmat_s20_ef48_0.55_0.15_0.15_0.15_exp kCS diststream 8 32 0 1048576 3121485 45000006 35.205318 0.395871 100 2384064 193423424277.00
rmat_s20_ef48_0.55_0.15_0.15_0.15_exp kCS diststream 8 32 1 1048576 3135625 44985866 35.753355 0.392999 101 2384062 193423419401.00
rmat_s20_ef48_0.55_0.15_0.15_0.15_exp kCS diststream 8 32 2 1048576 3120070 45001421 35.575667 0.404240 101 2384058 193423185139.00
rmat_s20_ef48_0.55_0.15_0.15_0.15_exp kCS diststream 8 4 0 1048576 17910623 30210868 73.758864 3.738642 96 2384060 193423314855.00
rmat_s20_ef48_0.55_0.15_0.15_0.15_exp kCS diststream 8 4 1 1048576 18915667 29205824 75.678385 3.723848 97 2384060 193423392349.00
rmat_s20_ef48_0.55_0.15_0.15_0.15_exp kCS diststream 8 4 2 1048576 17793392 30328099 73.594168 3.803229 97 2384066 193423392091.00
rmat_s20_ef48_0.55_0.15_0.15_0.15_exp kCS diststream 8 64 0 1048576 2126372 45995119 30.945944 0.300386 101 2384061 193423370261.00
rmat_s20_ef48_0.55_0.15_0.15_0.15_exp kCS diststream 8 64 1 1048576 2124958 45996533 32.812269 0.296890 99 2384057 193423298830.00
rmat_s20_ef48_0.55_0.15_0.15_0.15_exp kCS diststream 8 64 2 1048576 2123232 45998259 31.922067 0.298063 101 2384058 193423259043.00
rmat_s20_ef48_0.55_0.15_0.15_0.15_exp kCS diststream 8 8 0 1048576 11383583 36737908 57.434988 1.809584 97 2384072 193423371416.00
rmat_s20_ef48_0.55_0.15_0.15_0.15_exp kCS diststream 8 8 1 1048576 11190592 36930899 55.636903 1.733428 99 2384058 193423219856.00
rmat_s20_ef48_0.55_0.15_0.15_0.15_exp kCS diststream 8 8 2 1048576 10567668 37553823 55.785816 1.736366 98 2384068 193423291573.00
rmat_s20_ef48_0.55_0.15_0.15_0.15_exp kCS random 16 1 0 1048576 48121491 0 12.305136 14.341995 166 4086018 294533172952.00
rmat_s20_ef48_0.55_0.15_0.15_0.15_exp kCS random 16 1 1 1048576 48121491 0 12.435398 14.260037 166 4086017 294533042092.00
rmat_s20_ef48_0.55_0.15_0.15_0.15_exp kCS random 16 1 2 1048576 48121491 0 12.011190 14.210847 166 4086021 294533177624.00
rmat_s20_ef48_0.55_0.15_0.15_0.15_exp kCS random 16 16 0 1048576 3006573 45114918 3.176328 0.955465 174 4086018 294533172952.00
rmat_s20_ef48_0.55_0.15_0.15_0.15_exp kCS random 16 16 1 1048576 3006509 45114982 3.228466 0.959093 174 4086017 294533042092.00
rmat_s20_ef48_0.55_0.15_0.15_0.15_exp kCS random 16 16 2 1048576 3011174 45110317 3.167085 0.969442 173 4086021 294533177624.00
rmat_s20_ef48_0.55_0.15_0.15_0.15_exp kCS random 16 32 0 1048576 1502893 46618598 3.031748 0.621204 174 4086018 294533172952.00
rmat_s20_ef48_0.55_0.15_0.15_0.15_exp kCS random 16 32 1 1048576 1503099 46618392 3.016394 0.619271 174 4086017 294533042092.00
rmat_s20_ef48_0.55_0.15_0.15_0.15_exp kCS random 16 32 2 1048576 1504839 46616652 2.986616 0.624458 175 4086021 294533177624.00
rmat_s20_ef48_0.55_0.15_0.15_0.15_exp kCS random 16 4 0 1048576 12030506 36090985 5.266165 6.516238 172 4086018 294533172952.00
rmat_s20_ef48_0.55_0.15_0.15_0.15_exp kCS random 16 4 1 1048576 12031109 36090382 5.239308 6.555000 172 4086017 294533042092.00
rmat_s20_ef48_0.55_0.15_0.15_0.15_exp kCS random 16 4 2 1048576 12032859 36088632 5.250565 6.608865 173 4086021 294533177624.00
rmat_s20_ef48_0.55_0.15_0.15_0.15_exp kCS random 16 64 0 1048576 752109 47369382 3.791798 0.479270 175 4086018 294533172952.00
rmat_s20_ef48_0.55_0.15_0.15_0.15_exp kCS random 16 64 1 1048576 751279 47370212 3.716030 0.476913 174 4086017 294533042092.00
rmat_s20_ef48_0.55_0.15_0.15_0.15_exp kCS random 16 64 2 1048576 752202 47369289 3.700739 0.475668 175 4086021 294533177624.00
rmat_s20_ef48_0.55_0.15_0.15_0.15_exp kCS random 16 8 0 1048576 6015398 42106093 3.826227 2.846432 174 4086018 294533172952.00
rmat_s20_ef48_0.55_0.15_0.15_0.15_exp kCS random 16 8 1 1048576 6013437 42108054 3.773146 2.911679 174 4086017 294533042092.00
rmat_s20_ef48_0.55_0.15_0.15_0.15_exp kCS random 16 8 2 1048576 6018977 42102514 3.801077 2.852778 173 4086021 294533177624.00
rmat_s20_ef48_0.55_0.15_0.15_0.15_exp kCS random 32 1 0 1048576 48121491 0 12.303484 23.049906 309 6744777 428174917585.00
rmat_s20_ef48_0.55_0.15_0.15_0.15_exp kCS random 32 1 1 1048576 48121491 0 12.303932 23.338480 309 6744777 428175013526.00
rmat_s20_ef48_0.55_0.15_0.15_0.15_exp kCS random 32 1 2 1048576 48121491 0 12.491709 23.249099 309 6744777 428175233613.00
rmat_s20_ef48_0.55_0.15_0.15_0.15_exp kCS random 32 16 0 1048576 3006573 45114918 3.226812 1.462845 318 6744777 428174917585.00
rmat_s20_ef48_0.55_0.15_0.15_0.15_exp kCS random 32 16 1 1048576 3006509 45114982 3.210642 1.444490 318 6744777 428175013526.00
rmat_s20_ef48_0.55_0.15_0.15_0.15_exp kCS random 32 16 2 1048576 3011174 45110317 3.236332 1.453737 318 6744777 428175233613.00
rmat_s20_ef48_0.55_0.15_0.15_0.15_exp kCS random 32 32 0 1048576 1502893 46618598 2.958796 0.974513 319 6744777 428174917585.00
rmat_s20_ef48_0.55_0.15_0.15_0.15_exp kCS random 32 32 1 1048576 1503099 46618392 2.916032 0.992646 319 6744777 428175013526.00
rmat_s20_ef48_0.55_0.15_0.15_0.15_exp kCS random 32 32 2 1048576 1504839 46616652 2.943816 0.963519 319 6744777 428175233613.00
rmat_s20_ef48_0.55_0.15_0.15_0.15_exp kCS random 32 4 0 1048576 12030506 36090985 5.297036 10.990863 318 6744777 428174917585.00
rmat_s20_ef48_0.55_0.15_0.15_0.15_exp kCS random 32 4 1 1048576 12031109 36090382 5.249397 11.028845 316 6744777 428175013526.00
rmat_s20_ef48_0.55_0.15_0.15_0.15_exp kCS random 32 4 2 1048576 12032859 36088632 5.339085 11.048358 315 6744777 428175233613.00
rmat_s20_ef48_0.55_0.15_0.15_0.15_exp kCS random 32 64 0 1048576 752109 47369382 3.686217 0.767898 320 6744777 428174917585.00
rmat_s20_ef48_0.55_0.15_0.15_0.15_exp kCS random 32 64 1 1048576 751279 47370212 3.721065 0.775376 320 6744777 428175013526.00
rmat_s20_ef48_0.55_0.15_0.15_0.15_exp kCS random 32 64 2 1048576 752202 47369289 3.714932 0.783220 320 6744777 428175233613.00
rmat_s20_ef48_0.55_0.15_0.15_0.15_exp kCS random 32 8 0 1048576 6015398 42106093 3.884438 4.600505 318 6744777 428174917585.00
rmat_s20_ef48_0.55_0.15_0.15_0.15_exp kCS random 32 8 1 1048576 6013437 42108054 3.855481 4.592741 317 6744777 428175013526.00
rmat_s20_ef48_0.55_0.15_0.15_0.15_exp kCS random 32 8 2 1048576 6018977 42102514 3.908405 4.676802 317 6744777 428175233613.00
rmat_s20_ef48_0.55_0.15_0.15_0.15_exp kCS random 4 1 0 1048576 48121491 0 12.272053 7.061763 53 1324967 120664647349.00
rmat_s20_ef48_0.55_0.15_0.15_0.15_exp kCS random 4 1 1 1048576 48121491 0 12.422571 7.046992 53 1324970 120664651479.00
rmat_s20_ef48_0.55_0.15_0.15_0.15_exp kCS random 4 1 2 1048576 48121491 0 12.322507 7.082746 53 1324971 120664714439.00
rmat_s20_ef48_0.55_0.15_0.15_0.15_exp kCS random 4 16 0 1048576 3006573 45114918 3.245749 0.617201 62 1324967 120664647349.00
rmat_s20_ef48_0.55_0.15_0.15_0.15_exp kCS random 4 16 1 1048576 3006509 45114982 3.204401 0.619066 61 1324970 120664651479.00
rmat_s20_ef48_0.55_0.15_0.15_0.15_exp kCS random 4 16 2 1048576 3011174 45110317 3.140252 0.613811 62 1324971 120664714439.00
rmat_s20_ef48_0.55_0.15_0.15_0.15_exp kCS random 4 32 0 1048576 1502893 46618598 3.027507 0.352489 62 1324967 120664647349.00
rmat_s20_ef48_0.55_0.15_0.15_0.15_exp kCS random 4 32 1 1048576 1503099 46618392 2.875444 0.344927 61 1324970 120664651479.00
rmat_s20_ef48_0.55_0.15_0.15_0.15_exp kCS random 4 32 2 1048576 1504839 46616652 2.997742 0.350827 62 1324971 120664714439.00
rmat_s20_ef48_0.55_0.15_0.15_0.15_exp kCS random 4 4 0 1048576 12030506 36090985 5.298002 2.987785 61 1324967 120664647349.00
rmat_s20_ef48_0.55_0.15_0.15_0.15_exp kCS random 4 4 1 1048576 12031109 36090382 5.230973 2.992348 60 1324970 120664651479.00
rmat_s20_ef48_0.55_0.15_0.15_0.15_exp kCS random 4 4 2 1048576 12032859 36088632 5.260111 2.976664 62 1324971 120664714439.00
rmat_s20_ef48_0.55_0.15_0.15_0.15_exp kCS random 4 64 0 1048576 752109 47369382 7.632501 0.272570 62 1324967 120664647349.00
rmat_s20_ef48_0.55_0.15_0.15_0.15_exp kCS random 4 64 1 1048576 751279 47370212 3.686396 0.243325 62 1324970 120664651479.00
rmat_s20_ef48_0.55_0.15_0.15_0.15_exp kCS random 4 64 2 1048576 752202 47369289 3.799604 0.242503 62 1324971 120664714439.00
rmat_s20_ef48_0.55_0.15_0.15_0.15_exp kCS random 4 8 0 1048576 6015398 42106093 3.827332 1.430396 61 1324967 120664647349.00
rmat_s20_ef48_0.55_0.15_0.15_0.15_exp kCS random 4 8 1 1048576 6013437 42108054 3.888951 1.457161 61 1324970 120664651479.00
rmat_s20_ef48_0.55_0.15_0.15_0.15_exp kCS random 4 8 2 1048576 6018977 42102514 3.866796 1.440086 62 1324971 120664714439.00
rmat_s20_ef48_0.55_0.15_0.15_0.15_exp kCS random 8 1 0 1048576 48121491 0 12.527078 9.528639 93 2384066 193423434777.00
rmat_s20_ef48_0.55_0.15_0.15_0.15_exp kCS random 8 1 1 1048576 48121491 0 12.337503 9.493423 93 2384055 193423213795.00
rmat_s20_ef48_0.55_0.15_0.15_0.15_exp kCS random 8 1 2 1048576 48121491 0 12.145969 9.492691 93 2384058 193423499629.00
rmat_s20_ef48_0.55_0.15_0.15_0.15_exp kCS random 8 16 0 1048576 3006573 45114918 3.230188 0.708995 101 2384066 193423434777.00
rmat_s20_ef48_0.55_0.15_0.15_0.15_exp kCS random 8 16 1 1048576 3006509 45114982 3.145221 0.703525 100 2384055 193423213795.00
rmat_s20_ef48_0.55_0.15_0.15_0.15_exp kCS random 8 16 2 1048576 3011174 45110317 3.172669 0.707724 100 2384058 193423499629.00
rmat_s20_ef48_0.55_0.15_0.15_0.15_exp kCS random 8 32 0 1048576 1502893 46618598 2.921749 0.441366 101 2384066 193423434777.00
rmat_s20_ef48_0.55_0.15_0.15_0.15_exp kCS random 8 32 1 1048576 1503099 46618392 3.053703 0.445717 101 2384055 193423213795.00
rmat_s20_ef48_0.55_0.15_0.15_0.15_exp kCS random 8 32 2 1048576 1504839 46616652 3.160834 0.447824 100 2384058 193423499629.00
rmat_s20_ef48_0.55_0.15_0.15_0.15_exp kCS random 8 4 0 1048576 12030506 36090985 5.237140 4.170384 97 2384066 193423434777.00
rmat_s20_ef48_0.55_0.15_0.15_0.15_exp kCS random 8 4 1 1048576 12031109 36090382 5.274816 4.236193 99 2384055 193423213795.00
rmat_s20_ef48_0.55_0.15_0.15_0.15_exp kCS random 8 4 2 1048576 12032859 36088632 5.252512 4.249214 98 2384058 193423499629.00
rmat_s20_ef48_0.55_0.15_0.15_0.15_exp kCS random 8 64 0 1048576 752109 47369382 3.692477 0.324418 101 2384066 193423434777.00
rmat_s20_ef48_0.55_0.15_0.15_0.15_exp kCS random 8 64 1 1048576 751279 47370212 3.701868 0.330351 101 2384055 193423213795.00
rmat_s20_ef48_0.55_0.15_0.15_0.15_exp kCS random 8 64 2 1048576 752202 47369289 3.755438 0.329011 100 2384058 193423499629.00
rmat_s20_ef48_0.55_0.15_0.15_0.15_exp kCS random 8 8 0 1048576 6015398 42106093 3.850783 1.942319 99 2384066 193423434777.00
rmat_s20_ef48_0.55_0.15_0.15_0.15_exp kCS random 8 8 1 1048576 6013437 42108054 3.927928 1.947105 99 2384055 193423213795.00
rmat_s20_ef48_0.55_0.15_0.15_0.15_exp kCS random 8 8 2 1048576 6018977 42102514 3.820442 1.938738 100 2384058 193423499629.00
rmat_s20_ef48_0.55_0.15_0.15_0.15_uni kCS diststream 16 16 0 1048576 7965783 40160019 42.617293 1.538996 173 4088354 1533131535262.00
rmat_s20_ef48_0.55_0.15_0.15_0.15_uni kCS diststream 16 16 1 1048576 7968967 40156835 42.363253 1.240517 173 4088408 1533137004611.00
rmat_s20_ef48_0.55_0.15_0.15_0.15_uni kCS diststream 16 16 2 1048576 7907085 40218717 44.158418 1.554207 174 4088334 1533135035049.00
rmat_s20_ef48_0.55_0.15_0.15_0.15_uni kCS diststream 16 32 0 1048576 4465061 43660741 35.193204 0.575790 174 4088429 1533138580961.00
rmat_s20_ef48_0.55_0.15_0.15_0.15_uni kCS diststream 16 32 1 1048576 4588059 43537743 35.323130 0.574958 174 4088376 1533132496077.00
rmat_s20_ef48_0.55_0.15_0.15_0.15_uni kCS diststream 16 32 2 1048576 4466913 43658889 35.677735 0.559918 174 4088393 1533139281515.00
rmat_s20_ef48_0.55_0.15_0.15_0.15_uni kCS diststream 16 4 0 1048576 19422909 28702893 73.276758 5.181520 173 4088387 1533139163158.00
rmat_s20_ef48_0.55_0.15_0.15_0.15_uni kCS diststream 16 4 1 1048576 19631007 28494795 72.789767 6.018134 172 4088355 1533133777680.00
rmat_s20_ef48_0.55_0.15_0.15_0.15_uni kCS diststream 16 4 2 1048576 19603278 28522524 73.643220 5.341272 172 4088385 1533131005516.00
rmat_s20_ef48_0.55_0.15_0.15_0.15_uni kCS diststream 16 64 0 1048576 2598873 45526929 30.970497 0.433093 174 4088363 1533132294624.00
rmat_s20_ef48_0.55_0.15_0.15_0.15_uni kCS diststream 16 64 1 1048576 2602408 45523394 30.990492 0.438840 174 4088402 1533135914279.00
rmat_s20_ef48_0.55_0.15_0.15_0.15_uni kCS diststream 16 64 2 1048576 2601808 45523994 31.115827 0.436411 174 4088398 1533133329008.00
rmat_s20_ef48_0.55_0.15_0.15_0.15_uni kCS diststream 16 8 0 1048576 12415241 35710561 55.874965 2.508396 173 4088361 1533127422586.00
rmat_s20_ef48_0.55_0.15_0.15_0.15_uni kCS diststream 16 8 1 1048576 12258256 35867546 54.795711 3.233311 172 4088370 1533135097296.00
rmat_s20_ef48_0.55_0.15_0.15_0.15_uni kCS diststream 16 8 2 1048576 12229418 35896384 56.434337 3.258090 173 4088396 1533137012029.00
rmat_s20_ef48_0.55_0.15_0.15_0.15_uni kCS diststream 32 16 0 1048576 7965783 40160019 43.067411 2.518548 318 6747102 2402178530527.00
rmat_s20_ef48_0.55_0.15_0.15_0.15_uni kCS diststream 32 16 1 1048576 7968967 40156835 42.677610 1.968309 320 6747091 2402170900279.00
rmat_s20_ef48_0.55_0.15_0.15_0.15_uni kCS diststream 32 16 2 1048576 7907085 40218717 43.262976 2.523181 319 6747074 2402177039511.00
rmat_s20_ef48_0.55_0.15_0.15_0.15_uni kCS diststream 32 32 0 1048576 4465061 43660741 35.416182 0.877287 320 6747107 2402175691652.00
rmat_s20_ef48_0.55_0.15_0.15_0.15_uni kCS diststream 32 32 1 1048576 4588059 43537743 34.975709 0.870822 320 6747099 2402174207626.00
rmat_s20_ef48_0.55_0.15_0.15_0.15_uni kCS diststream 32 32 2 1048576 4466913 43658889 35.298215 0.856368 320 6747090 2402173362222.00
rmat_s20_ef48_0.55_0.15_0.15_0.15_uni kCS diststream 32 4 0 1048576 19422909 28702893 73.694030 10.400424 316 6747075 2402177810905.00
rmat_s20_ef48_0.55_0.15_0.15_0.15_uni kCS diststream 32 4 1 1048576 19631007 28494795 73.645998 10.080248 317 6747112 2402176387092.00
rmat_s20_ef48_0.55_0.15_0.15_0.15_uni kCS diststream 32 4 2 1048576 19603278 28522524 74.572545 8.937744 316 6747068 2402174543179.00
rmat_s20_ef48_0.55_0.15_0.15_0.15_uni kCS diststream 32 64 0 1048576 2598873 45526929 32.169878 0.685363 319 6747101 2402175676707.00
rmat_s20_ef48_0.55_0.15_0.15_0.15_uni kCS diststream 32 64 1 1048576 2602408 45523394 31.223004 0.722060 318 6747095 2402177891581.00
rmat_s20_ef48_0.55_0.15_0.15_0.15_uni kCS diststream 32 64 2 1048576 2601808 45523994 31.366021 0.710665 320 6747108 2402180761120.00
rmat_s20_ef48_0.55_0.15_0.15_0.15_uni kCS diststream 32 8 0 1048576 12415241 35710561 56.298796 4.021129 317 6747094 2402177204583.00
rmat_s20_ef48_0.55_0.15_0.15_0.15_uni kCS diststream 32 8 1 1048576 12258256 35867546 55.827979 5.408903 317 6747094 2402176612817.00
rmat_s20_ef48_0.55_0.15_0.15_0.15_uni kCS diststream 32 8 2 1048576 12229418 35896384 57.064732 5.136048 318 6747133 2402180395119.00
rmat_s20_ef48_0.55_0.15_0.15_0.15_uni kCS diststream 4 16 0 1048576 7965783 40160019 42.735305 0.799250 61 1325450 536859653653.00
rmat_s20_ef48_0.55_0.15_0.15_0.15_uni kCS diststream 4 16 1 1048576 7968967 40156835 42.323770 0.704928 60 1325442 536854563273.00
rmat_s20_ef48_0.55_0.15_0.15_0.15_uni kCS diststream 4 16 2 1048576 7907085 40218717 43.135742 0.813083 62 1325444 536858879897.00
rmat_s20_ef48_0.55_0.15_0.15_0.15_uni kCS diststream 4 32 0 1048576 4465061 43660741 36.113457 0.338808 62 1325445 536858598057.00
rmat_s20_ef48_0.55_0.15_0.15_0.15_uni kCS diststream 4 32 1 1048576 4588059 43537743 34.996401 0.334434 61 1325441 536857940027.00
rmat_s20_ef48_0.55_0.15_0.15_0.15_uni kCS diststream 4 32 2 1048576 4466913 43658889 35.066322 0.327104 62 1325445 536858727971.00
rmat_s20_ef48_0.55_0.15_0.15_0.15_uni kCS diststream 4 4 0 1048576 19422909 28702893 72.939151 2.686173 58 1325447 536860088442.00
rmat_s20_ef48_0.55_0.15_0.15_0.15_uni kCS diststream 4 4 1 1048576 19631007 28494795 73.237149 2.926670 59 1325453 536861392646.00
rmat_s20_ef48_0.55_0.15_0.15_0.15_uni kCS diststream 4 4 2 1048576 19603278 28522524 73.766839 2.705493 59 1325459 536859165953.00
rmat_s20_ef48_0.55_0.15_0.15_0.15_uni kCS diststream 4 64 0 1048576 2598873 45526929 31.465729 0.243084 61 1325443 536858889612.00
rmat_s20_ef48_0.55_0.15_0.15_0.15_uni kCS diststream 4 64 1 1048576 2602408 45523394 30.978642 0.233782 62 1325450 536856616109.00
rmat_s20_ef48_0.55_0.15_0.15_0.15_uni kCS diststream 4 64 2 1048576 2601808 45523994 31.210109 0.223711 62 1325441 536855622334.00
rmat_s20_ef48_0.55_0.15_0.15_0.15_uni kCS diststream 4 8 0 1048576 12415241 35710561 55.064294 1.341379 59 1325442 536855260767.00
rmat_s20_ef48_0.55_0.15_0.15_0.15_uni kCS diststream 4 8 1 1048576 12258256 35867546 55.100013 1.562367 60 1325437 536857381465.00
rmat_s20_ef48_0.55_0.15_0.15_0.15_uni kCS diststream 4 8 2 1048576 12229418 35896384 55.139138 1.532771 59 1325455 536862653675.00
rmat_s20_ef48_0.55_0.15_0.15_0.15_uni kCS diststream 8 16 0 1048576 7965783 40160019 42.657734 1.044242 100 2384746 931772363727.00
rmat_s20_ef48_0.55_0.15_0.15_0.15_uni kCS diststream 8 16 1 1048576 7968967 40156835 42.181892 0.890532 100 2384766 931772468039.00
rmat_s20_ef48_0.55_0.15_0.15_0.15_uni kCS diststream 8 16 2 1048576 7907085 40218717 42.991866 1.068514 100 2384764 931769902932.00
rmat_s20_ef48_0.55_0.15_0.15_0.15_uni kCS diststream 8 32 0 1048576 4465061 43660741 35.438190 0.419544 99 2384774 931774597926.00
rmat_s20_ef48_0.55_0.15_0.15_0.15_uni kCS diststream 8 32 1 1048576 4588059 43537743 35.638573 0.421385 99 2384755 931769625858.00
rmat_s20_ef48_0.55_0.15_0.15_0.15_uni kCS diststream 8 32 2 1048576 4466913 43658889 35.353848 0.416222 99 2384765 931772569533.00
rmat_s20_ef48_0.55_0.15_0.15_0.15_uni kCS diststream 8 4 0 1048576 19422909 28702893 72.889933 3.533700 98 2384759 931773139255.00
rmat_s20_ef48_0.55_0.15_0.15_0.15_uni kCS diststream 8 4 1 1048576 19631007 28494795 73.429773 3.993174 98 2384779 931778088256.00
rmat_s20_ef48_0.55_0.15_0.15_0.15_uni kCS diststream 8 4 2 1048576 19603278 28522524 74.320737 3.653445 97 2384736 931773556195.00
rmat_s20_ef48_0.55_0.15_0.15_0.15_uni kCS diststream 8 64 0 1048576 2598873 45526929 30.984807 0.307766 100 2384755 931776265399.00
rmat_s20_ef48_0.55_0.15_0.15_0.15_uni kCS diststream 8 64 1 1048576 2602408 45523394 31.110191 0.309422 99 2384750 931774117878.00
rmat_s20_ef48_0.55_0.15_0.15_0.15_uni kCS diststream 8 64 2 1048576 2601808 45523994 31.275926 0.326597 99 2384774 931770561036.00
rmat_s20_ef48_0.55_0.15_0.15_0.15_uni kCS diststream 8 8 0 1048576 12415241 35710561 55.756804 1.827190 97 2384730 931773148694.00
rmat_s20_ef48_0.55_0.15_0.15_0.15_uni kCS diststream 8 8 1 1048576 12258256 35867546 56.284800 2.173904 99 2384781 931772859271.00
rmat_s20_ef48_0.55_0.15_0.15_0.15_uni kCS diststream 8 8 2 1048576 12229418 35896384 54.433984 2.071090 98 2384745 931770362292.00
rmat_s20_ef48_0.55_0.15_0.15_0.15_uni kCS random 16 1 0 1048576 48125802 0 12.425743 14.204893 164 4088400 1533135229335.00
rmat_s20_ef48_0.55_0.15_0.15_0.15_uni kCS random 16 1 1 1048576 48125802 0 12.180293 14.044606 164 4088412 1533136588873.00
rmat_s20_ef48_0.55_0.15_0.15_0.15_uni kCS random 16 1 2 1048576 48125802 0 12.269639 14.112216 164 4088407 1533137738819.00
rmat_s20_ef48_0.55_0.15_0.15_0.15_uni kCS random 16 16 0 1048576 3007028 45118774 3.228929 0.969643 174 4088400 1533135229335.00
rmat_s20_ef48_0.55_0.15_0.15_0.15_uni kCS random 16 16 1 1048576 3009199 45116603 3.160709 0.946910 174 4088412 1533136588873.00
rmat_s20_ef48_0.55_0.15_0.15_0.15_uni kCS random 16 16 2 1048576 3008634 45117168 3.114992 0.967553 173 4088407 1533137738819.00
rmat_s20_ef48_0.55_0.15_0.15_0.15_uni kCS random 16 32 0 1048576 1503024 46622778 2.997217 0.622515 174 4088400 1533135229335.00
rmat_s20_ef48_0.55_0.15_0.15_0.15_uni kCS random 16 32 1 1048576 1505506 46620296 3.055233 0.623315 174 4088412 1533136588873.00
rmat_s20_ef48_0.55_0.15_0.15_0.15_uni kCS random 16 32 2 1048576 1503146 46622656 3.016756 0.621514 173 4088407 1533137738819.00
rmat_s20_ef48_0.55_0.15_0.15_0.15_uni kCS random 16 4 0 1048576 12024242 36101560 5.237934 6.542716 172 4088400 1533135229335.00
rmat_s20_ef48_0.55_0.15_0.15_0.15_uni kCS random 16 4 1 1048576 12030291 36095511 5.278726 6.566495 170 4088412 1533136588873.00
rmat_s20_ef48_0.55_0.15_0.15_0.15_uni kCS random 16 4 2 1048576 12032890 36092912 5.280597 6.489452 170 4088407 1533137738819.00
rmat_s20_ef48_0.55_0.15_0.15_0.15_uni kCS random 16 64 0 1048576 751789 47374013 3.879743 0.483684 174 4088400 1533135229335.00
rmat_s20_ef48_0.55_0.15_0.15_0.15_uni kCS random 16 64 1 1048576 753536 47372266 3.854725 0.471198 174 4088412 1533136588873.00
rmat_s20_ef48_0.55_0.15_0.15_0.15_uni kCS random 16 64 2 1048576 751236 47374566 3.817928 0.481526 173 4088407 1533137738819.00
rmat_s20_ef48_0.55_0.15_0.15_0.15_uni kCS random 16 8 0 1048576 6013220 42112582 3.791336 2.848730 173 4088400 1533135229335.00
rmat_s20_ef48_0.55_0.15_0.15_0.15_uni kCS random 16 8 1 1048576 6015477 42110325 3.842349 2.876635 172 4088412 1533136588873.00
rmat_s20_ef48_0.55_0.15_0.15_0.15_uni kCS random 16 8 2 1048576 6018915 42106887 3.838021 2.872550 173 4088407 1533137738819.00
rmat_s20_ef48_0.55_0.15_0.15_0.15_uni kCS random 32 1 0 1048576 48125802 0 12.398509 23.423628 312 6747112 2402174708847.00
rmat_s20_ef48_0.55_0.15_0.15_0.15_uni kCS random 32 1 1 1048576 48125802 0 12.355526 23.062560 312 6747088 2402175739437.00
rmat_s20_ef48_0.55_0.15_0.15_0.15_uni kCS random 32 1 2 1048576 48125802 0 12.521253 23.740893 312 6747090 2402176261020.00
rmat_s20_ef48_0.55_0.15_0.15_0.15_uni kCS random 32 16 0 1048576 3007028 45118774 3.214050 1.451034 319 6747112 2402174708847.00
rmat_s20_ef48_0.55_0.15_0.15_0.15_uni kCS random 32 16 1 1048576 3009199 45116603 3.207024 1.457396 320 6747088 2402175739437.00
rmat_s20_ef48_0.55_0.15_0.15_0.15_uni kCS random 32 16 2 1048576 3008634 45117168 3.111930 1.476488 319 6747090 2402176261020.00
rmat_s20_ef48_0.55_0.15_0.15_0.15_uni kCS random 32 32 0 1048576 1503024 46622778 2.956121 0.982983 320 6747112 2402174708847.00
rmat_s20_ef48_0.55_0.15_0.15_0.15_uni kCS random 32 32 1 1048576 1505506 46620296 3.051662 0.980873 320 6747088 2402175739437.00
rmat_s20_ef48_0.55_0.15_0.15_0.15_uni kCS random 32 32 2 1048576 1503146 46622656 3.034503 0.978099 319 6747090 2402176261020.00
rmat_s20_ef48_0.55_0.15_0.15_0.15_uni kCS random 32 4 0 1048576 12024242 36101560 5.273775 11.018927 317 6747112 2402174708847.00
rmat_s20_ef48_0.55_0.15_0.15_0.15_uni kCS random 32 4 1 1048576 12030291 36095511 5.256505 11.098180 319 6747088 2402175739437.00
rmat_s20_ef48_0.55_0.15_0.15_0.15_uni kCS random 32 4 2 1048576 12032890 36092912 5.338180 11.116421 318 6747090 2402176261020.00
rmat_s20_ef48_0.55_0.15_0.15_0.15_uni kCS random 32 64 0 1048576 751789 47374013 3.975723 0.794689 320 6747112 2402174708847.00
rmat_s20_ef48_0.55_0.15_0.15_0.15_uni kCS random 32 64 1 1048576 753536 47372266 3.977011 0.781884 320 6747088 2402175739437.00
rmat_s20_ef48_0.55_0.15_0.15_0.15_uni kCS random 32 64 2 1048576 751236 47374566 3.925623 0.768210 320 6747090 2402176261020.00
rmat_s20_ef48_0.55_0.15_0.15_0.15_uni kCS random 32 8 0 1048576 6013220 42112582 3.834499 4.651856 319 6747112 2402174708847.00
rmat_s20_ef48_0.55_0.15_0.15_0.15_uni kCS random 32 8 1 1048576 6015477 42110325 3.870370 4.648743 320 6747088 2402175739437.00
rmat_s20_ef48_0.55_0.15_0.15_0.15_uni kCS random 32 8 2 1048576 6018915 42106887 3.845904 4.550055 319 6747090 2402176261020.00
rmat_s20_ef48_0.55_0.15_0.15_0.15_uni kCS random 4 1 0 1048576 48125802 0 12.140487 7.075022 54 1325449 536858254370.00
rmat_s20_ef48_0.55_0.15_0.15_0.15_uni kCS random 4 1 1 1048576 48125802 0 12.197013 7.123876 54 1325439 536855828620.00
rmat_s20_ef48_0.55_0.15_0.15_0.15_uni kCS random 4 1 2 1048576 48125802 0 12.429721 7.210960 54 1325455 536860043267.00
rmat_s20_ef48_0.55_0.15_0.15_0.15_uni kCS random 4 16 0 1048576 3007028 45118774 3.208294 0.614046 62 1325449 536858254370.00
rmat_s20_ef48_0.55_0.15_0.15_0.15_uni kCS random 4 16 1 1048576 3009199 45116603 3.205206 0.614600 61 1325439 536855828620.00
rmat_s20_ef48_0.55_0.15_0.15_0.15_uni kCS random 4 16 2 1048576 3008634 45117168 3.375402 0.627094 62 1325455 536860043267.00
rmat_s20_ef48_0.55_0.15_0.15_0.15_uni kCS random 4 32 0 1048576 1503024 46622778 2.953116 0.348483 63 1325449 536858254370.00
rmat_s20_ef48_0.55_0.15_0.15_0.15_uni kCS random 4 32 1 1048576 1505506 46620296 3.031589 0.345467 62 1325439 536855828620.00
rmat_s20_ef48_0.55_0.15_0.15_0.15_uni kCS random 4 32 2 1048576 1503146 46622656 2.973365 0.354514 62 1325455 536860043267.00
rmat_s20_ef48_0.55_0.15_0.15_0.15_uni kCS random 4 4 0 1048576 12024242 36101560 5.216260 2.980669 61 1325449 536858254370.00
rmat_s20_ef48_0.55_0.15_0.15_0.15_uni kCS random 4 4 1 1048576 12030291 36095511 5.257068 3.009462 60 1325439 536855828620.00
rmat_s20_ef48_0.55_0.15_0.15_0.15_uni kCS random 4 4 2 1048576 12032890 36092912 5.252141 3.013802 60 1325455 536860043267.00
rmat_s20_ef48_0.55_0.15_0.15_0.15_uni kCS random 4 64 0 1048576 751789 47374013 7.667995 0.252691 63 1325449 536858254370.00
rmat_s20_ef48_0.55_0.15_0.15_0.15_uni kCS random 4 64 1 1048576 753536 47372266 3.983826 0.243395 62 1325439 536855828620.00
rmat_s20_ef48_0.55_0.15_0.15_0.15_uni kCS random 4 64 2 1048576 751236 47374566 3.847732 0.242643 62 1325455 536860043267.00
rmat_s20_ef48_0.55_0.15_0.15_0.15_uni kCS random 4 8 0 1048576 6013220 42112582 3.981039 1.440384 62 1325449 536858254370.00
rmat_s20_ef48_0.55_0.15_0.15_0.15_uni kCS random 4 8 1 1048576 6015477 42110325 3.792073 1.440473 61 1325439 536855828620.00
rmat_s20_ef48_0.55_0.15_0.15_0.15_uni kCS random 4 8 2 1048576 6018915 42106887 3.815899 1.452343 62 1325455 536860043267.00
rmat_s20_ef48_0.55_0.15_0.15_0.15_uni kCS random 8 1 0 1048576 48125802 0 12.229940 9.648205 93 2384765 931771563258.00
rmat_s20_ef48_0.55_0.15_0.15_0.15_uni kCS random 8 1 1 1048576 48125802 0 12.203751 9.565851 93 2384745 931770909746.00
rmat_s20_ef48_0.55_0.15_0.15_0.15_uni kCS random 8 1 2 1048576 48125802 0 12.081855 9.647777 93 2384767 931776947848.00
rmat_s20_ef48_0.55_0.15_0.15_0.15_uni kCS random 8 16 0 1048576 3007028 45118774 3.230084 0.715463 100 2384765 931771563258.00
rmat_s20_ef48_0.55_0.15_0.15_0.15_uni kCS random 8 16 1 1048576 3009199 45116603 3.315525 0.705847 100 2384745 931770909746.00
rmat_s20_ef48_0.55_0.15_0.15_0.15_uni kCS random 8 16 2 1048576 3008634 45117168 3.220988 0.716696 99 2384767 931776947848.00
rmat_s20_ef48_0.55_0.15_0.15_0.15_uni kCS random 8 32 0 1048576 1503024 46622778 2.980674 0.443395 100 2384765 931771563258.00
rmat_s20_ef48_0.55_0.15_0.15_0.15_uni kCS random 8 32 1 1048576 1505506 46620296 3.220564 0.444851 100 2384745 931770909746.00
rmat_s20_ef48_0.55_0.15_0.15_0.15_uni kCS random 8 32 2 1048576 1503146 46622656 3.044627 0.452652 99 2384767 931776947848.00
rmat_s20_ef48_0.55_0.15_0.15_0.15_uni kCS random 8 4 0 1048576 12024242 36101560 5.245050 4.227417 100 2384765 931771563258.00
rmat_s20_ef48_0.55_0.15_0.15_0.15_uni kCS random 8 4 1 1048576 12030291 36095511 5.270648 4.271876 98 2384745 931770909746.00
rmat_s20_ef48_0.55_0.15_0.15_0.15_uni kCS random 8 4 2 1048576 12032890 36092912 5.269082 4.242728 99 2384767 931776947848.00
rmat_s20_ef48_0.55_0.15_0.15_0.15_uni kCS random 8 64 0 1048576 751789 47374013 4.006789 0.325422 100 2384765 931771563258.00
rmat_s20_ef48_0.55_0.15_0.15_0.15_uni kCS random 8 64 1 1048576 753536 47372266 3.871777 0.325494 100 2384745 931770909746.00
rmat_s20_ef48_0.55_0.15_0.15_0.15_uni kCS random 8 64 2 1048576 751236 47374566 3.856827 0.327700 100 2384767 931776947848.00
rmat_s20_ef48_0.55_0.15_0.15_0.15_uni kCS random 8 8 0 1048576 6013220 42112582 3.878979 1.932415 100 2384765 931771563258.00
rmat_s20_ef48_0.55_0.15_0.15_0.15_uni kCS random 8 8 1 1048576 6015477 42110325 3.827107 1.940252 100 2384745 931770909746.00
rmat_s20_ef48_0.55_0.15_0.15_0.15_uni kCS random 8 8 2 1048576 6018915 42106887 3.788425 1.955015 99 2384767 931776947848.00
fbA MRepS diststream 16 16 0 357059 2309760 40747751 23.254496 5.147443 1029 62616 47847422633.00
fbA MRepS diststream 16 16 1 357059 2371189 40686322 22.769784 5.125552 991 62609 47847413805.00
fbA MRepS diststream 16 16 2 357059 2375942 40681569 22.669536 5.151986 1025 62615 47847415098.00
fbA MRepS diststream 16 32 0 357059 1372559 41684952 20.511378 3.151582 1060 62607 47847420775.00
fbA MRepS diststream 16 32 1 357059 1384089 41673422 23.493436 3.240369 1034 62620 47847424485.00
fbA MRepS diststream 16 32 2 357059 1385798 41671713 23.409088 3.397676 1028 62604 47847430394.00
fbA MRepS diststream 16 4 0 357059 5087435 37970076 38.056443 21.441392 843 62608 47847425733.00
fbA MRepS diststream 16 4 1 357059 4149347 38908164 35.260007 20.776646 799 62624 47847416566.00
fbA MRepS diststream 16 4 2 357059 6373282 36684229 35.177604 22.419429 848 62631 47847434964.00
fbA MRepS diststream 16 64 0 357059 702038 42355473 23.859072 3.983809 1047 62607 47847415139.00
fbA MRepS diststream 16 64 1 357059 703590 42353921 32.945577 3.277846 1054 62620 47847407562.00
fbA MRepS diststream 16 64 2 357059 698235 42359276 33.030644 2.914700 1044 62616 47847431145.00
fbA MRepS diststream 16 8 0 357059 3198771 39858740 28.668523 10.612921 948 62620 47847435604.00
fbA MRepS diststream 16 8 1 357059 2985131 40072380 28.337162 10.194285 915 62615 47847445211.00
fbA MRepS diststream 16 8 2 357059 3286563 39770948 28.506860 10.145418 959 62605 47847417793.00
fbA MRepS diststream 32 16 0 357059 2309760 40747751 22.936559 11.339198 2234 120243 79337843076.00
fbA MRepS diststream 32 16 1 357059 2371189 40686322 22.739686 11.100940 2170 120244 79337839154.00
fbA MRepS diststream 32 16 2 357059 2375942 40681569 22.580694 11.113004 2222 120241 79337833942.00
fbA MRepS diststream 32 32 0 357059 1372559 41684952 19.901228 6.116239 2281 120237 79337783818.00
fbA MRepS diststream 32 32 1 357059 1384089 41673422 22.730260 7.397243 2272 120252 79337845943.00
fbA MRepS diststream 32 32 2 357059 1385798 41671713 23.066717 6.868290 2261 120249 79337846182.00
fbA MRepS diststream 32 4 0 357059 5087435 37970076 37.874590 42.629562 1819 120243 79337817588.00
fbA MRepS diststream 32 4 1 357059 4149347 38908164 34.599722 41.256157 1739 120238 79337803078.00
fbA MRepS diststream 32 4 2 357059 6373282 36684229 35.042616 44.306966 1817 120242 79337819860.00
fbA MRepS diststream 32 64 0 357059 702038 42355473 21.841959 8.408520 2278 120243 79337825156.00
fbA MRepS diststream 32 64 1 357059 703590 42353921 32.860514 6.965549 2268 120241 79337824958.00
fbA MRepS diststream 32 64 2 357059 698235 42359276 32.046245 6.015702 2264 120260 79337826595.00
fbA MRepS diststream 32 8 0 357059 3198771 39858740 28.448529 21.543628 2053 120249 79337814221.00
fbA MRepS diststream 32 8 1 357059 2985131 40072380 28.823499 22.038410 1991 120245 79337832810.00
fbA MRepS diststream 32 8 2 357059 3286563 39770948 28.574346 21.552484 2042 120241 79337846530.00
fbA MRepS diststream 4 16 0 357059 2309760 40747751 22.724524 1.477156 198 16322 17915573784.00
fbA MRepS diststream 4 16 1 357059 2371189 40686322 22.951604 1.499890 197 16320 17915571673.00
fbA MRepS diststream 4 16 2 357059 2375942 40681569 23.002144 1.548620 199 16324 17915570090.00
fbA MRepS diststream 4 32 0 357059 1372559 41684952 20.719128 0.877937 203 16322 17915574414.00
fbA MRepS diststream 4 32 1 357059 1384089 41673422 22.235471 0.987172 206 16322 17915560251.00
fbA MRepS diststream 4 32 2 357059 1385798 41671713 22.395766 0.962638 200 16323 17915555432.00
fbA MRepS diststream 4 4 0 357059 5087435 37970076 37.320310 6.294504 166 16323 17915573697.00
fbA MRepS diststream 4 4 1 357059 4149347 38908164 35.027951 6.171392 157 16318 17915554769.00
fbA MRepS diststream 4 4 2 357059 6373282 36684229 35.148855 6.588778 169 16319 17915562637.00
fbA MRepS diststream 4 64 0 357059 702038 42355473 30.051438 0.921294 206 16318 17915549289.00
fbA MRepS diststream 4 64 1 357059 703590 42353921 33.853101 0.817735 205 16327 17915568146.00
fbA MRepS diststream 4 64 2 357059 698235 42359276 33.710275 0.836355 212 16320 17915568831.00
fbA MRepS diststream 4 8 0 357059 3198771 39858740 28.383335 3.082693 186 16321 17915565087.00
fbA MRepS diststream 4 8 1 357059 2985131 40072380 28.024802 3.112530 185 16330 17915571465.00
fbA MRepS diststream 4 8 2 357059 3286563 39770948 27.856013 3.032649 191 16322 17915559496.00
fbA MRepS diststream 8 16 0 357059 2309760 40747751 22.763949 2.656567 449 32291 29135355398.00
fbA MRepS diststream 8 16 1 357059 2371189 40686322 22.649751 2.701695 440 32297 29135356345.00
fbA MRepS diststream 8 16 2 357059 2375942 40681569 23.108335 2.677853 447 32301 29135378358.00
fbA MRepS diststream 8 32 0 357059 1372559 41684952 20.163933 1.742641 466 32300 29135367869.00
fbA MRepS diststream 8 32 1 357059 1384089 41673422 23.333387 1.621517 458 32299 29135363163.00
fbA MRepS diststream 8 32 2 357059 1385798 41671713 23.826929 2.119417 443 32295 29135358872.00
fbA MRepS diststream 8 4 0 357059 5087435 37970076 47.253068 11.226172 369 32303 29135356270.00
fbA MRepS diststream 8 4 1 357059 4149347 38908164 35.526253 11.009937 354 32298 29135370832.00
fbA MRepS diststream 8 4 2 357059 6373282 36684229 34.857347 11.877908 381 32300 29135370047.00
fbA MRepS diststream 8 64 0 357059 702038 42355473 22.008912 1.777908 468 32302 29135373218.00
fbA MRepS diststream 8 64 1 357059 703590 42353921 30.889265 1.464119 460 32300 29135360569.00
fbA MRepS diststream 8 64 2 357059 698235 42359276 31.734685 1.058514 475 32292 29135364547.00
fbA MRepS diststream 8 8 0 357059 3198771 39858740 28.130514 5.516003 421 32299 29135368375.00
fbA MRepS diststream 8 8 1 357059 2985131 40072380 28.488969 5.492193 409 32308 29135364924.00
fbA MRepS diststream 8 8 2 357059 3286563 39770948 27.981734 5.363084 423 32296 29135365662.00
fbA MRepS random 16 1 0 357059 43057511 0 13.165636 127.585625 550 62610 47847442517.00
fbA MRepS random 16 1 1 357059 43057511 0 16.314794 125.621251 544 62607 47847430676.00
fbA MRepS random 16 1 2 357059 43057511 0 16.104045 126.980085 551 62610 47847436079.00
fbA MRepS random 16 16 0 357059 2693549 40363962 2.338175 5.056931 1062 62610 47847442517.00
fbA MRepS random 16 16 1 357059 2693409 40364102 2.398118 5.131765 1053 62607 47847430676.00
fbA MRepS random 16 16 2 357059 2693762 40363749 2.406935 5.096221 1062 62610 47847436079.00
fbA MRepS random 16 32 0 357059 1347533 41709978 2.285737 3.456277 1069 62610 47847442517.00
fbA MRepS random 16 32 1 357059 1346507 41711004 3.112811 3.736431 1062 62607 47847430676.00
fbA MRepS random 16 32 2 357059 1346563 41710948 2.951892 3.817302 1070 62610 47847436079.00
fbA MRepS random 16 4 0 357059 10763443 32294068 5.052320 22.838317 1003 62610 47847442517.00
fbA MRepS random 16 4 1 357059 10771595 32285916 3.451838 23.127456 994 62607 47847430676.00
fbA MRepS random 16 4 2 357059 10764721 32292790 3.370489 23.061288 989 62610 47847436079.00
fbA MRepS random 16 64 0 357059 674509 42383002 5.787589 3.464346 1074 62610 47847442517.00
fbA MRepS random 16 64 1 357059 672958 42384553 8.257095 3.170541 1065 62607 47847430676.00
fbA MRepS random 16 64 2 357059 673754 42383757 7.503354 3.194929 1076 62610 47847436079.00
fbA MRepS random 16 8 0 357059 5384110 37673401 2.676038 9.844663 1040 62610 47847442517.00
fbA MRepS random 16 8 1 357059 5383848 37673663 2.658409 10.131362 1031 62607 47847430676.00
fbA MRepS random 16 8 2 357059 5383808 37673703 2.660360 10.233216 1041 62610 47847436079.00
fbA MRepS random 32 1 0 357059 43057511 0 7.188795 215.197236 1174 120240 79337815405.00
fbA MRepS random 32 1 1 357059 43057511 0 17.244607 245.162975 1170 120246 79337820105.00
fbA MRepS random 32 1 2 357059 43057511 0 17.101131 245.328400 1170 120252 79337813976.00
fbA MRepS random 32 16 0 357059 2693549 40363962 2.290153 10.823582 2270 120240 79337815405.00
fbA MRepS random 32 16 1 357059 2693409 40364102 2.275829 10.786945 2266 120246 79337820105.00
fbA MRepS random 32 16 2 357059 2693762 40363749 2.294040 10.414546 2262 120252 79337813976.00
fbA MRepS random 32 32 0 357059 1347533 41709978 2.242669 6.518437 2290 120240 79337815405.00
fbA MRepS random 32 32 1 357059 1346507 41711004 3.668551 8.454182 2286 120246 79337820105.00
fbA MRepS random 32 32 2 357059 1346563 41710948 3.510407 8.278717 2277 120252 79337813976.00
fbA MRepS random 32 4 0 357059 10763443 32294068 8.155978 46.314405 2130 120240 79337815405.00
fbA MRepS random 32 4 1 357059 10771595 32285916 3.372884 46.366483 2138 120246 79337820105.00
fbA MRepS random 32 4 2 357059 10764721 32292790 3.377441 45.996761 2122 120252 79337813976.00
fbA MRepS random 32 64 0 357059 674509 42383002 5.890735 6.488476 2299 120240 79337815405.00
fbA MRepS random 32 64 1 357059 672958 42384553 7.867835 7.239789 2294 120246 79337820105.00
fbA MRepS random 32 64 2 357059 673754 42383757 7.840128 6.992610 2287 120252 79337813976.00
fbA MRepS random 32 8 0 357059 5384110 37673401 2.577716 20.800324 2226 120240 79337815405.00
fbA MRepS random 32 8 1 357059 5383848 37673663 2.732322 21.141314 2227 120246 79337820105.00
fbA MRepS random 32 8 2 357059 5383808 37673703 2.664872 21.425389 2224 120252 79337813976.00
fbA MRepS random 4 1 0 357059 43057511 0 12.579374 35.746506 113 16324 17915577116.00
fbA MRepS random 4 1 1 357059 43057511 0 18.923197 36.118874 106 16316 17915554149.00
fbA MRepS random 4 1 2 357059 43057511 0 16.098655 34.057590 110 16321 17915580105.00
fbA MRepS random 4 16 0 357059 2693549 40363962 2.296422 1.516004 220 16324 17915577116.00
fbA MRepS random 4 16 1 357059 2693409 40364102 2.333969 1.507519 203 16316 17915554149.00
fbA MRepS random 4 16 2 357059 2693762 40363749 2.263359 1.493513 210 16321 17915580105.00
fbA MRepS random 4 32 0 357059 1347533 41709978 2.304630 1.105443 220 16324 17915577116.00
fbA MRepS random 4 32 1 357059 1346507 41711004 3.248928 0.866644 206 16316 17915554149.00
fbA MRepS random 4 32 2 357059 1346563 41710948 3.063346 1.010018 213 16321 17915580105.00
fbA MRepS random 4 4 0 357059 10763443 32294068 4.823098 6.695613 206 16324 17915577116.00
fbA MRepS random 4 4 1 357059 10771595 32285916 3.445935 6.776966 196 16316 17915554149.00
fbA MRepS random 4 4 2 357059 10764721 32292790 3.325553 6.671337 199 16321 17915580105.00
fbA MRepS random 4 64 0 357059 674509 42383002 4.076714 0.742461 220 16324 17915577116.00
fbA MRepS random 4 64 1 357059 672958 42384553 6.288212 0.755667 206 16316 17915554149.00
fbA MRepS random 4 64 2 357059 673754 42383757 6.119843 0.592375 213 16321 17915580105.00
fbA MRepS random 4 8 0 357059 5384110 37673401 2.663285 2.890147 216 16324 17915577116.00
fbA MRepS random 4 8 1 357059 5383848 37673663 2.626520 3.011581 201 16316 17915554149.00
fbA MRepS random 4 8 2 357059 5383808 37673703 2.610174 3.106730 207 16321 17915580105.00
fbA MRepS random 8 1 0 357059 43057511 0 11.059138 69.323309 250 32298 29135367040.00
fbA MRepS random 8 1 1 357059 43057511 0 15.798543 67.507183 241 32305 29135359363.00
fbA MRepS random 8 1 2 357059 43057511 0 16.124328 64.799391 249 32293 29135358011.00
fbA MRepS random 8 16 0 357059 2693549 40363962 2.268392 2.641185 486 32298 29135367040.00
fbA MRepS random 8 16 1 357059 2693409 40364102 2.428921 2.665717 463 32305 29135359363.00
fbA MRepS random 8 16 2 357059 2693762 40363749 2.356870 2.675007 475 32293 29135358011.00
fbA MRepS random 8 32 0 357059 1347533 41709978 2.230312 1.518579 486 32298 29135367040.00
fbA MRepS random 8 32 1 357059 1346507 41711004 6.620837 1.913368 468 32305 29135359363.00
fbA MRepS random 8 32 2 357059 1346563 41710948 6.606527 1.846040 481 32293 29135358011.00
fbA MRepS random 8 4 0 357059 10763443 32294068 6.880806 11.942541 460 32298 29135367040.00
fbA MRepS random 8 4 1 357059 10771595 32285916 3.410128 12.183885 444 32305 29135359363.00
fbA MRepS random 8 4 2 357059 10764721 32292790 3.320378 12.110403 444 32293 29135358011.00
fbA MRepS random 8 64 0 357059 674509 42383002 4.192294 1.406281 488 32298 29135367040.00
fbA MRepS random 8 64 1 357059 672958 42384553 6.375452 1.366435 468 32305 29135359363.00
fbA MRepS random 8 64 2 357059 673754 42383757 6.484622 1.147031 485 32293 29135358011.00
fbA MRepS random 8 8 0 357059 5384110 37673401 2.646238 5.121700 478 32298 29135367040.00
fbA MRepS random 8 8 1 357059 5383848 37673663 2.660765 5.472996 456 32305 29135359363.00
fbA MRepS random 8 8 2 357059 5383808 37673703 2.620850 5.276737 466 32293 29135358011.00
fbC MRepS diststream 16 16 0 990023 3359180 37295531 38.909125 10.476593 656 59382 369195345535.00
fbC MRepS diststream 16 16 1 990023 3253231 37401480 39.087561 11.160731 663 59380 369195344741.00
fbC MRepS diststream 16 16 2 990023 3319959 37334752 39.166012 10.526676 657 59379 369196109439.00
fbC MRepS diststream 16 32 0 990023 1893660 38761051 33.430399 7.634730 774 59379 369196110933.00
fbC MRepS diststream 16 32 1 990023 1962488 38692223 32.953450 6.356306 768 59381 369195414905.00
fbC MRepS diststream 16 32 2 990023 1875888 38778823 33.761867 6.887602 760 59380 369195412606.00
fbC MRepS diststream 16 4 0 990023 10528764 30125947 64.366165 22.513817 640 59378 369196061758.00
fbC MRepS diststream 16 4 1 990023 10743929 29910782 65.352653 22.718988 632 59380 369196059994.00
fbC MRepS diststream 16 4 2 990023 10718353 29936358 66.611747 22.079761 637 59379 369196107099.00
fbC MRepS diststream 16 64 0 990023 1063770 39590941 48.481928 6.760867 787 59380 369195410019.00
fbC MRepS diststream 16 64 1 990023 997510 39657201 48.072652 7.079439 812 59378 369196061948.00
fbC MRepS diststream 16 64 2 990023 892156 39762555 48.871611 6.092456 815 59380 369196108048.00
fbC MRepS diststream 16 8 0 990023 5482146 35172565 48.134842 18.603186 663 59381 369195413239.00
fbC MRepS diststream 16 8 1 990023 5942714 34711997 48.705967 17.115295 670 59380 369196109704.00
fbC MRepS diststream 16 8 2 990023 5630596 35024115 50.308781 18.440756 666 59378 369195412774.00
fbC MRepS diststream 32 16 0 990023 3359180 37295531 39.777140 26.752330 1658 116167 414694084897.00
fbC MRepS diststream 32 16 1 990023 3253231 37401480 39.056842 27.626797 1665 116161 414694442336.00
fbC MRepS diststream 32 16 2 990023 3319959 37334752 39.221644 26.096519 1670 116162 414694891849.00
fbC MRepS diststream 32 32 0 990023 1893660 38761051 33.386795 19.011109 1886 116167 414694823015.00
fbC MRepS diststream 32 32 1 990023 1962488 38692223 33.523710 15.929019 1853 116162 414693676583.00
fbC MRepS diststream 32 32 2 990023 1875888 38778823 33.973368 15.807537 1861 116159 414693298091.00
fbC MRepS diststream 32 4 0 990023 10528764 30125947 66.110566 50.686589 1542 116161 414694815818.00
fbC MRepS diststream 32 4 1 990023 10743929 29910782 65.798861 50.373624 1525 116162 414694905449.00
fbC MRepS diststream 32 4 2 990023 10718353 29936358 64.973504 49.861391 1540 116162 414694527514.00
fbC MRepS diststream 32 64 0 990023 1063770 39590941 46.638154 16.510319 1904 116164 414693848233.00
fbC MRepS diststream 32 64 1 990023 997510 39657201 47.650273 16.007473 1942 116163 414694699325.00
fbC MRepS diststream 32 64 2 990023 892156 39762555 48.470531 14.019106 1951 116164 414695403047.00
fbC MRepS diststream 32 8 0 990023 5482146 35172565 49.319897 44.281814 1630 116161 414693743657.00
fbC MRepS diststream 32 8 1 990023 5942714 34711997 49.332480 41.785408 1641 116165 414695401745.00
fbC MRepS diststream 32 8 2 990023 5630596 35024115 49.550711 42.334202 1630 116161 414693888164.00
fbC MRepS diststream 4 16 0 990023 3359180 37295531 38.361732 2.732349 140 16759 138331248376.00
fbC MRepS diststream 4 16 1 990023 3253231 37401480 40.053229 2.611798 139 16762 138331248089.00
fbC MRepS diststream 4 16 2 990023 3319959 37334752 38.849065 2.582840 138 16761 138331290331.00
fbC MRepS diststream 4 32 0 990023 1893660 38761051 33.197483 1.964911 157 16760 138331290931.00
fbC MRepS diststream 4 32 1 990023 1962488 38692223 33.033194 1.673372 160 16763 138331247713.00
fbC MRepS diststream 4 32 2 990023 1875888 38778823 33.332635 1.452486 155 16761 138331248366.00
fbC MRepS diststream 4 4 0 990023 10528764 30125947 65.521798 6.284006 145 16758 138331289836.00
fbC MRepS diststream 4 4 1 990023 10743929 29910782 65.601930 6.288462 139 16761 138331289917.00
fbC MRepS diststream 4 4 2 990023 10718353 29936358 64.512710 6.130343 142 16759 138331290476.00
fbC MRepS diststream 4 64 0 990023 1063770 39590941 46.934273 1.515717 164 16760 138331247269.00
fbC MRepS diststream 4 64 1 990023 997510 39657201 46.976992 1.115819 164 16762 138331290103.00
fbC MRepS diststream 4 64 2 990023 892156 39762555 46.934891 0.932390 165 16760 138331290549.00
fbC MRepS diststream 4 8 0 990023 5482146 35172565 51.030450 4.790061 150 16763 138331248039.00
fbC MRepS diststream 4 8 1 990023 5942714 34711997 49.069147 4.397706 146 16759 138331290796.00
fbC MRepS diststream 4 8 2 990023 5630596 35024115 49.397000 4.633350 150 16760 138331247636.00
fbC MRepS diststream 8 16 0 990023 3359180 37295531 39.010416 5.300325 310 31001 239913207411.00
fbC MRepS diststream 8 16 1 990023 3253231 37401480 39.228076 5.353504 309 31002 239913209885.00
fbC MRepS diststream 8 16 2 990023 3319959 37334752 38.974142 5.165826 305 31000 239913213088.00
fbC MRepS diststream 8 32 0 990023 1893660 38761051 32.850018 3.675931 355 31000 239913214454.00
fbC MRepS diststream 8 32 1 990023 1962488 38692223 33.273193 3.120884 352 31001 239913208450.00
fbC MRepS diststream 8 32 2 990023 1875888 38778823 33.538840 3.514475 354 31001 239913207513.00
fbC MRepS diststream 8 4 0 990023 10528764 30125947 66.429226 11.619480 307 31000 239913211340.00
fbC MRepS diststream 8 4 1 990023 10743929 29910782 65.939290 11.709434 300 31001 239913212788.00
fbC MRepS diststream 8 4 2 990023 10718353 29936358 65.903282 11.611347 307 31002 239913215260.00
fbC MRepS diststream 8 64 0 990023 1063770 39590941 46.071650 2.531222 366 31002 239913205922.00
fbC MRepS diststream 8 64 1 990023 997510 39657201 48.342159 2.216634 370 31001 239913214781.00
fbC MRepS diststream 8 64 2 990023 892156 39762555 47.392545 1.847917 375 31000 239913212219.00
fbC MRepS diststream 8 8 0 990023 5482146 35172565 49.599846 9.674772 320 31001 239913209317.00
fbC MRepS diststream 8 8 1 990023 5942714 34711997 49.599256 8.788157 324 31000 239913210561.00
fbC MRepS diststream 8 8 2 990023 5630596 35024115 50.096830 9.076468 318 30999 239913207811.00
fbC MRepS random 16 1 0 990023 40654711 0 13.231847 101.493336 461 59379 369196110795.00
fbC MRepS random 16 1 1 990023 40654711 0 15.390928 100.322548 460 59380 369195416020.00
fbC MRepS random 16 1 2 990023 40654711 0 15.820886 99.884622 463 59380 369196062604.00
fbC MRepS random 16 16 0 990023 2536958 38117753 2.362116 7.196749 890 59379 369196110795.00
fbC MRepS random 16 16 1 990023 2538977 38115734 2.348672 7.083844 889 59380 369195416020.00
fbC MRepS random 16 16 2 990023 2540435 38114276 2.392003 7.248727 894 59380 369196062604.00
fbC MRepS random 16 32 0 990023 1269367 39385344 3.051112 4.046241 901 59379 369196110795.00
fbC MRepS random 16 32 1 990023 1271924 39382787 3.120502 3.939306 893 59380 369195416020.00
fbC MRepS random 16 32 2 990023 1270715 39383996 2.964803 3.882267 901 59380 369196062604.00
fbC MRepS random 16 4 0 990023 10159692 30495019 4.279875 22.679443 835 59379 369196110795.00
fbC MRepS random 16 4 1 990023 10161134 30493577 3.556971 22.525566 834 59380 369195416020.00
fbC MRepS random 16 4 2 990023 10164936 30489775 3.612913 22.767380 838 59380 369196062604.00
fbC MRepS random 16 64 0 990023 634986 40019725 6.969096 4.321167 901 59379 369196110795.00
fbC MRepS random 16 64 1 990023 636691 40018020 8.322271 4.344238 898 59380 369195416020.00
fbC MRepS random 16 64 2 990023 635401 40019310 7.414942 3.854397 906 59380 369196062604.00
fbC MRepS random 16 8 0 990023 5077237 35577474 3.013078 11.920723 875 59379 369196110795.00
fbC MRepS random 16 8 1 990023 5079579 35575132 2.749373 11.728847 869 59380 369195416020.00
fbC MRepS random 16 8 2 990023 5081596 35573115 2.753271 12.943409 879 59380 369196062604.00
fbC MRepS random 32 1 0 990023 40654711 0 13.645011 202.668508 1055 116163 414694531434.00
fbC MRepS random 32 1 1 990023 40654711 0 14.266846 202.069593 1050 116161 414693888846.00
fbC MRepS random 32 1 2 990023 40654711 0 15.966354 202.647851 1060 116161 414694904034.00
fbC MRepS random 32 16 0 990023 2536958 38117753 2.371760 15.987450 2043 116163 414694531434.00
fbC MRepS random 32 16 1 990023 2538977 38115734 2.496427 15.684775 2033 116161 414693888846.00
fbC MRepS random 32 16 2 990023 2540435 38114276 2.546744 15.737108 2052 116161 414694904034.00
fbC MRepS random 32 32 0 990023 1269367 39385344 2.917534 8.879441 2066 116163 414694531434.00
fbC MRepS random 32 32 1 990023 1271924 39382787 2.669132 8.677131 2049 116161 414693888846.00
fbC MRepS random 32 32 2 990023 1270715 39383996 2.513858 9.174526 2068 116161 414694904034.00
fbC MRepS random 32 4 0 990023 10159692 30495019 6.041111 49.247952 1923 116163 414694531434.00
fbC MRepS random 32 4 1 990023 10161134 30493577 3.591482 48.140562 1926 116161 414693888846.00
fbC MRepS random 32 4 2 990023 10164936 30489775 3.574706 49.342305 1931 116161 414694904034.00
fbC MRepS random 32 64 0 990023 634986 40019725 3.855089 9.331321 2067 116163 414694531434.00
fbC MRepS random 32 64 1 990023 636691 40018020 5.880955 8.959341 2058 116161 414693888846.00
fbC MRepS random 32 64 2 990023 635401 40019310 5.741777 8.083576 2078 116161 414694904034.00
fbC MRepS random 32 8 0 990023 5077237 35577474 2.862622 25.507852 2009 116163 414694531434.00
fbC MRepS random 32 8 1 990023 5079579 35575132 2.772075 25.715217 1995 116161 414693888846.00
fbC MRepS random 32 8 2 990023 5081596 35573115 2.786729 27.655759 2021 116161 414694904034.00
fbC MRepS random 4 1 0 990023 40654711 0 10.592751 29.864571 98 16760 138331289724.00
fbC MRepS random 4 1 1 990023 40654711 0 13.786641 27.588096 99 16761 138331247551.00
fbC MRepS random 4 1 2 990023 40654711 0 15.210147 25.634663 100 16762 138331290691.00
fbC MRepS random 4 16 0 990023 2536958 38117753 2.353900 1.880855 188 16760 138331289724.00
fbC MRepS random 4 16 1 990023 2538977 38115734 2.365361 1.772459 189 16761 138331247551.00
fbC MRepS random 4 16 2 990023 2540435 38114276 2.390679 1.872764 190 16762 138331290691.00
fbC MRepS random 4 32 0 990023 1269367 39385344 2.721564 0.979933 191 16760 138331289724.00
fbC MRepS random 4 32 1 990023 1271924 39382787 2.652693 1.018954 190 16761 138331247551.00
fbC MRepS random 4 32 2 990023 1270715 39383996 2.532829 1.176755 192 16762 138331290691.00
fbC MRepS random 4 4 0 990023 10159692 30495019 3.951145 7.104413 174 16760 138331289724.00
fbC MRepS random 4 4 1 990023 10161134 30493577 3.956525 6.325410 174 16761 138331247551.00
fbC MRepS random 4 4 2 990023 10164936 30489775 4.039695 7.175522 179 16762 138331290691.00
fbC MRepS random 4 64 0 990023 634986 40019725 3.834689 0.811986 191 16760 138331289724.00
fbC MRepS random 4 64 1 990023 636691 40018020 3.810735 0.766021 191 16761 138331247551.00
fbC MRepS random 4 64 2 990023 635401 40019310 3.738522 0.785622 193 16762 138331290691.00
fbC MRepS random 4 8 0 990023 5077237 35577474 2.767049 3.280806 185 16760 138331289724.00
fbC MRepS random 4 8 1 990023 5079579 35575132 2.745092 3.223318 183 16761 138331247551.00
fbC MRepS random 4 8 2 990023 5081596 35573115 2.802021 3.379442 186 16762 138331290691.00
fbC MRepS random 8 1 0 990023 40654711 0 13.419673 54.010363 216 31001 239913210946.00
fbC MRepS random 8 1 1 990023 40654711 0 15.418068 53.598671 218 30999 239913208117.00
fbC MRepS random 8 1 2 990023 40654711 0 15.545848 54.041541 219 31000 239913214155.00
fbC MRepS random 8 16 0 990023 2536958 38117753 2.364728 3.568511 418 31001 239913210946.00
fbC MRepS random 8 16 1 990023 2538977 38115734 2.500507 3.537840 421 30999 239913208117.00
fbC MRepS random 8 16 2 990023 2540435 38114276 2.471012 3.641871 419 31000 239913214155.00
fbC MRepS random 8 32 0 990023 1269367 39385344 2.186751 1.753615 422 31001 239913210946.00
fbC MRepS random 8 32 1 990023 1271924 39382787 3.236821 2.083356 423 30999 239913208117.00
fbC MRepS random 8 32 2 990023 1270715 39383996 3.423287 2.038835 422 31000 239913214155.00
fbC MRepS random 8 4 0 990023 10159692 30495019 4.858541 11.826978 396 31001 239913210946.00
fbC MRepS random 8 4 1 990023 10161134 30493577 3.526631 11.618800 392 30999 239913208117.00
fbC MRepS random 8 4 2 990023 10164936 30489775 3.608105 11.765370 395 31000 239913214155.00
fbC MRepS random 8 64 0 990023 634986 40019725 6.136728 1.988253 422 31001 239913210946.00
fbC MRepS random 8 64 1 990023 636691 40018020 8.199206 1.824333 424 30999 239913208117.00
fbC MRepS random 8 64 2 990023 635401 40019310 7.620510 1.694786 426 31000 239913214155.00
fbC MRepS random 8 8 0 990023 5077237 35577474 2.831915 5.997109 412 31001 239913210946.00
fbC MRepS random 8 8 1 990023 5079579 35575132 2.745252 6.027930 410 30999 239913208117.00
fbC MRepS random 8 8 2 990023 5081596 35573115 2.680710 6.636706 412 31000 239913214155.00
rmat_s20_ef48_0.25_0.25_0.25_0.25_exp MRepS diststream 16 16 0 1048576 5705397 44623959 43.432636 6.093266 406 8289660 717953344441.00
rmat_s20_ef48_0.25_0.25_0.25_0.25_exp MRepS diststream 16 16 1 1048576 5705944 44623412 43.834477 6.760943 404 8289626 717951861189.00
rmat_s20_ef48_0.25_0.25_0.25_0.25_exp MRepS diststream 16 16 2 1048576 5702817 44626539 44.241312 6.517543 401 8289631 717952687434.00
rmat_s20_ef48_0.25_0.25_0.25_0.25_exp MRepS diststream 16 32 0 1048576 3731193 46598163 38.075172 4.805967 408 8289656 717952846881.00
rmat_s20_ef48_0.25_0.25_0.25_0.25_exp MRepS diststream 16 32 1 1048576 3731652 46597704 37.476147 5.507524 410 8289595 717953025191.00
rmat_s20_ef48_0.25_0.25_0.25_0.25_exp MRepS diststream 16 32 2 1048576 3730335 46599021 38.330157 5.954796 412 8289639 717952313143.00
rmat_s20_ef48_0.25_0.25_0.25_0.25_exp MRepS diststream 16 4 0 1048576 15597133 34732223 79.286458 17.469513 376 8289656 717951705924.00
rmat_s20_ef48_0.25_0.25_0.25_0.25_exp MRepS diststream 16 4 1 1048576 15597611 34731745 78.677584 17.491894 382 8289700 717953554953.00
rmat_s20_ef48_0.25_0.25_0.25_0.25_exp MRepS diststream 16 4 2 1048576 15599300 34730056 77.655962 17.690324 377 8289600 717952342199.00
rmat_s20_ef48_0.25_0.25_0.25_0.25_exp MRepS diststream 16 64 0 1048576 2581917 47747439 51.859395 4.829320 413 8289643 717952904080.00
rmat_s20_ef48_0.25_0.25_0.25_0.25_exp MRepS diststream 16 64 1 1048576 2581697 47747659 55.540285 4.588861 416 8289647 717952097909.00
rmat_s20_ef48_0.25_0.25_0.25_0.25_exp MRepS diststream 16 64 2 1048576 2583130 47746226 55.384196 3.314606 413 8289689 717954141143.00
rmat_s20_ef48_0.25_0.25_0.25_0.25_exp MRepS diststream 16 8 0 1048576 9212271 41117085 56.275109 10.699070 394 8289644 717952977146.00
rmat_s20_ef48_0.25_0.25_0.25_0.25_exp MRepS diststream 16 8 1 1048576 9211021 41118335 56.452224 10.862837 400 8289605 717951707273.00
rmat_s20_ef48_0.25_0.25_0.25_0.25_exp MRepS diststream 16 8 2 1048576 9207662 41121694 57.327096 11.066789 395 8289614 717953401246.00
rmat_s20_ef48_0.25_0.25_0.25_0.25_exp MRepS diststream 32 16 0 1048576 5705397 44623959 43.174268 12.585424 841 16544828 1095271770939.00
rmat_s20_ef48_0.25_0.25_0.25_0.25_exp MRepS diststream 32 16 1 1048576 5705944 44623412 44.293712 13.384879 841 16544772 1095271779967.00
rmat_s20_ef48_0.25_0.25_0.25_0.25_exp MRepS diststream 32 16 2 1048576 5702817 44626539 43.518838 13.501389 838 16544666 1095269390781.00
rmat_s20_ef48_0.25_0.25_0.25_0.25_exp MRepS diststream 32 32 0 1048576 3731193 46598163 37.389761 9.430855 848 16544707 1095268499217.00
rmat_s20_ef48_0.25_0.25_0.25_0.25_exp MRepS diststream 32 32 1 1048576 3731652 46597704 37.766481 11.408228 845 16544784 1095267873306.00
rmat_s20_ef48_0.25_0.25_0.25_0.25_exp MRepS diststream 32 32 2 1048576 3730335 46599021 39.571251 11.438149 848 16545053 1095271683443.00
rmat_s20_ef48_0.25_0.25_0.25_0.25_exp MRepS diststream 32 4 0 1048576 15597133 34732223 88.984132 36.048857 777 16545096 1095272767818.00
rmat_s20_ef48_0.25_0.25_0.25_0.25_exp MRepS diststream 32 4 1 1048576 15597611 34731745 78.331119 35.247243 790 16544888 1095272911908.00
rmat_s20_ef48_0.25_0.25_0.25_0.25_exp MRepS diststream 32 4 2 1048576 15599300 34730056 74.257834 35.072629 779 16545062 1095270842278.00
rmat_s20_ef48_0.25_0.25_0.25_0.25_exp MRepS diststream 32 64 0 1048576 2581917 47747439 43.915545 9.398115 861 16545038 1095271130645.00
rmat_s20_ef48_0.25_0.25_0.25_0.25_exp MRepS diststream 32 64 1 1048576 2581697 47747659 53.738717 9.271440 864 16545003 1095274832769.00
rmat_s20_ef48_0.25_0.25_0.25_0.25_exp MRepS diststream 32 64 2 1048576 2583130 47746226 52.699329 8.303645 859 16544908 1095274017913.00
rmat_s20_ef48_0.25_0.25_0.25_0.25_exp MRepS diststream 32 8 0 1048576 9212271 41117085 55.760631 22.559949 822 16544946 1095275559920.00
rmat_s20_ef48_0.25_0.25_0.25_0.25_exp MRepS diststream 32 8 1 1048576 9211021 41118335 55.418638 22.982537 827 16544874 1095268344418.00
rmat_s20_ef48_0.25_0.25_0.25_0.25_exp MRepS diststream 32 8 2 1048576 9207662 41121694 56.904179 23.102203 817 16544913 1095271351887.00
rmat_s20_ef48_0.25_0.25_0.25_0.25_exp MRepS diststream 4 16 0 1048576 5705397 44623959 43.324450 1.692573 95 2074898 254876658993.00
rmat_s20_ef48_0.25_0.25_0.25_0.25_exp MRepS diststream 4 16 1 1048576 5705944 44623412 43.311177 1.691665 93 2074899 254876328740.00
rmat_s20_ef48_0.25_0.25_0.25_0.25_exp MRepS diststream 4 16 2 1048576 5702817 44626539 43.159384 1.648900 93 2074901 254876710388.00
rmat_s20_ef48_0.25_0.25_0.25_0.25_exp MRepS diststream 4 32 0 1048576 3731193 46598163 37.664415 1.255198 96 2074903 254876497225.00
rmat_s20_ef48_0.25_0.25_0.25_0.25_exp MRepS diststream 4 32 1 1048576 3731652 46597704 37.595604 1.621496 96 2074898 254876566273.00
rmat_s20_ef48_0.25_0.25_0.25_0.25_exp MRepS diststream 4 32 2 1048576 3730335 46599021 38.489081 1.802985 95 2074899 254876537994.00
rmat_s20_ef48_0.25_0.25_0.25_0.25_exp MRepS diststream 4 4 0 1048576 15597133 34732223 78.715269 4.675991 90 2074902 254876274538.00
rmat_s20_ef48_0.25_0.25_0.25_0.25_exp MRepS diststream 4 4 1 1048576 15597611 34731745 77.689316 4.834130 92 2074899 254876781215.00
rmat_s20_ef48_0.25_0.25_0.25_0.25_exp MRepS diststream 4 4 2 1048576 15599300 34730056 76.015132 4.936711 89 2074896 254876733035.00
rmat_s20_ef48_0.25_0.25_0.25_0.25_exp MRepS diststream 4 64 0 1048576 2581917 47747439 54.139127 1.358363 97 2074900 254876608593.00
rmat_s20_ef48_0.25_0.25_0.25_0.25_exp MRepS diststream 4 64 1 1048576 2581697 47747659 55.091783 1.170965 97 2074901 254876478886.00
rmat_s20_ef48_0.25_0.25_0.25_0.25_exp MRepS diststream 4 64 2 1048576 2583130 47746226 54.628201 0.847111 96 2074903 254876821422.00
rmat_s20_ef48_0.25_0.25_0.25_0.25_exp MRepS diststream 4 8 0 1048576 9212271 41117085 55.040087 3.197352 92 2074897 254876574901.00
rmat_s20_ef48_0.25_0.25_0.25_0.25_exp MRepS diststream 4 8 1 1048576 9211021 41118335 56.779662 2.993527 93 2074899 254876414528.00
rmat_s20_ef48_0.25_0.25_0.25_0.25_exp MRepS diststream 4 8 2 1048576 9207662 41121694 56.889421 3.136315 91 2074899 254876699463.00
rmat_s20_ef48_0.25_0.25_0.25_0.25_exp MRepS diststream 8 16 0 1048576 5705397 44623959 43.229701 3.173729 195 4148167 438656374759.00
rmat_s20_ef48_0.25_0.25_0.25_0.25_exp MRepS diststream 8 16 1 1048576 5705944 44623412 42.996564 3.544095 194 4148170 438656328937.00
rmat_s20_ef48_0.25_0.25_0.25_0.25_exp MRepS diststream 8 16 2 1048576 5702817 44626539 43.135025 3.329506 191 4148173 438656376726.00
rmat_s20_ef48_0.25_0.25_0.25_0.25_exp MRepS diststream 8 32 0 1048576 3731193 46598163 37.522596 2.397626 196 4148182 438656615078.00
rmat_s20_ef48_0.25_0.25_0.25_0.25_exp MRepS diststream 8 32 1 1048576 3731652 46597704 40.991576 2.775309 197 4148154 438656406543.00
rmat_s20_ef48_0.25_0.25_0.25_0.25_exp MRepS diststream 8 32 2 1048576 3730335 46599021 39.823763 3.422045 196 4148172 438656700788.00
rmat_s20_ef48_0.25_0.25_0.25_0.25_exp MRepS diststream 8 4 0 1048576 15597133 34732223 83.451037 9.475208 182 4148182 438655919146.00
rmat_s20_ef48_0.25_0.25_0.25_0.25_exp MRepS diststream 8 4 1 1048576 15597611 34731745 78.254087 8.937234 186 4148170 438656863752.00
rmat_s20_ef48_0.25_0.25_0.25_0.25_exp MRepS diststream 8 4 2 1048576 15599300 34730056 78.449917 9.277213 184 4148159 438656137170.00
rmat_s20_ef48_0.25_0.25_0.25_0.25_exp MRepS diststream 8 64 0 1048576 2581917 47747439 47.482028 2.524358 199 4148184 438656554565.00
rmat_s20_ef48_0.25_0.25_0.25_0.25_exp MRepS diststream 8 64 1 1048576 2581697 47747659 53.923070 2.135491 200 4148172 438656617083.00
rmat_s20_ef48_0.25_0.25_0.25_0.25_exp MRepS diststream 8 64 2 1048576 2583130 47746226 52.519298 1.688509 198 4148180 438656794512.00
rmat_s20_ef48_0.25_0.25_0.25_0.25_exp MRepS diststream 8 8 0 1048576 9212271 41117085 56.360180 5.304722 190 4148177 438656642790.00
rmat_s20_ef48_0.25_0.25_0.25_0.25_exp MRepS diststream 8 8 1 1048576 9211021 41118335 55.871437 5.886084 192 4148161 438656110278.00
rmat_s20_ef48_0.25_0.25_0.25_0.25_exp MRepS diststream 8 8 2 1048576 9207662 41121694 58.407011 5.975046 189 4148161 438656012488.00
rmat_s20_ef48_0.25_0.25_0.25_0.25_exp MRepS random 16 1 0 1048576 50329356 0 34.115599 69.584230 224 8289694 717952339318.00
rmat_s20_ef48_0.25_0.25_0.25_0.25_exp MRepS random 16 1 1 1048576 50329356 0 42.543103 81.471304 224 8289616 717951202140.00
rmat_s20_ef48_0.25_0.25_0.25_0.25_exp MRepS random 16 1 2 1048576 50329356 0 37.194530 73.063818 224 8289608 717953470947.00
rmat_s20_ef48_0.25_0.25_0.25_0.25_exp MRepS random 16 16 0 1048576 3143652 47185704 3.967777 7.428591 422 8289694 717952339318.00
rmat_s20_ef48_0.25_0.25_0.25_0.25_exp MRepS random 16 16 1 1048576 3145279 47184077 4.896618 7.294999 419 8289616 717951202140.00
rmat_s20_ef48_0.25_0.25_0.25_0.25_exp MRepS random 16 16 2 1048576 3145222 47184134 4.948575 7.537007 411 8289608 717953470947.00
rmat_s20_ef48_0.25_0.25_0.25_0.25_exp MRepS random 16 32 0 1048576 1571499 48757857 3.782826 4.650267 423 8289694 717952339318.00
rmat_s20_ef48_0.25_0.25_0.25_0.25_exp MRepS random 16 32 1 1048576 1573531 48755825 4.057108 4.794244 424 8289616 717951202140.00
rmat_s20_ef48_0.25_0.25_0.25_0.25_exp MRepS random 16 32 2 1048576 1572405 48756951 4.454705 5.646701 417 8289608 717953470947.00
rmat_s20_ef48_0.25_0.25_0.25_0.25_exp MRepS random 16 4 0 1048576 12581650 37747706 11.297630 17.838549 394 8289694 717952339318.00
rmat_s20_ef48_0.25_0.25_0.25_0.25_exp MRepS random 16 4 1 1048576 12580783 37748573 8.164429 17.561216 392 8289616 717951202140.00
rmat_s20_ef48_0.25_0.25_0.25_0.25_exp MRepS random 16 4 2 1048576 12578575 37750781 7.148420 18.347788 395 8289608 717953470947.00
rmat_s20_ef48_0.25_0.25_0.25_0.25_exp MRepS random 16 64 0 1048576 785972 49543384 7.820017 4.966765 423 8289694 717952339318.00
rmat_s20_ef48_0.25_0.25_0.25_0.25_exp MRepS random 16 64 1 1048576 787006 49542350 7.977204 4.594533 425 8289616 717951202140.00
rmat_s20_ef48_0.25_0.25_0.25_0.25_exp MRepS random 16 64 2 1048576 786038 49543318 7.293003 3.683075 421 8289608 717953470947.00
rmat_s20_ef48_0.25_0.25_0.25_0.25_exp MRepS random 16 8 0 1048576 6288723 44040633 6.175727 11.750009 416 8289694 717952339318.00
rmat_s20_ef48_0.25_0.25_0.25_0.25_exp MRepS random 16 8 1 1048576 6290909 44038447 5.749005 11.142484 408 8289616 717951202140.00
rmat_s20_ef48_0.25_0.25_0.25_0.25_exp MRepS random 16 8 2 1048576 6291387 44037969 5.846114 12.505329 405 8289608 717953470947.00
rmat_s20_ef48_0.25_0.25_0.25_0.25_exp MRepS random 32 1 0 1048576 50329356 0 35.239261 149.399394 461 16545143 1095275806901.00
rmat_s20_ef48_0.25_0.25_0.25_0.25_exp MRepS random 32 1 1 1048576 50329356 0 38.343008 148.745751 459 16544828 1095272436987.00
rmat_s20_ef48_0.25_0.25_0.25_0.25_exp MRepS random 32 1 2 1048576 50329356 0 40.401942 152.447141 458 16544789 1095276261800.00
rmat_s20_ef48_0.25_0.25_0.25_0.25_exp MRepS random 32 16 0 1048576 3143652 47185704 4.143503 15.354564 866 16545143 1095275806901.00
rmat_s20_ef48_0.25_0.25_0.25_0.25_exp MRepS random 32 16 1 1048576 3145279 47184077 4.554596 15.506345 859 16544828 1095272436987.00
rmat_s20_ef48_0.25_0.25_0.25_0.25_exp MRepS random 32 16 2 1048576 3145222 47184134 4.685626 15.562800 849 16544789 1095276261800.00
rmat_s20_ef48_0.25_0.25_0.25_0.25_exp MRepS random 32 32 0 1048576 1571499 48757857 3.912917 10.198843 869 16545143 1095275806901.00
rmat_s20_ef48_0.25_0.25_0.25_0.25_exp MRepS random 32 32 1 1048576 1573531 48755825 4.138341 10.765679 870 16544828 1095272436987.00
rmat_s20_ef48_0.25_0.25_0.25_0.25_exp MRepS random 32 32 2 1048576 1572405 48756951 5.417259 11.131366 857 16544789 1095276261800.00
rmat_s20_ef48_0.25_0.25_0.25_0.25_exp MRepS random 32 4 0 1048576 12581650 37747706 13.626431 37.130048 813 16545143 1095275806901.00
rmat_s20_ef48_0.25_0.25_0.25_0.25_exp MRepS random 32 4 1 1048576 12580783 37748573 7.139740 36.627851 809 16544828 1095272436987.00
rmat_s20_ef48_0.25_0.25_0.25_0.25_exp MRepS random 32 4 2 1048576 12578575 37750781 7.054737 36.570110 814 16544789 1095276261800.00
rmat_s20_ef48_0.25_0.25_0.25_0.25_exp MRepS random 32 64 0 1048576 785972 49543384 5.251969 9.471362 872 16545143 1095275806901.00
rmat_s20_ef48_0.25_0.25_0.25_0.25_exp MRepS random 32 64 1 1048576 787006 49542350 10.293057 10.035829 872 16544828 1095272436987.00
rmat_s20_ef48_0.25_0.25_0.25_0.25_exp MRepS random 32 64 2 1048576 786038 49543318 9.889929 9.959436 865 16544789 1095276261800.00
rmat_s20_ef48_0.25_0.25_0.25_0.25_exp MRepS random 32 8 0 1048576 6288723 44040633 6.181809 23.543462 853 16545143 1095275806901.00
rmat_s20_ef48_0.25_0.25_0.25_0.25_exp MRepS random 32 8 1 1048576 6290909 44038447 5.128673 21.956845 841 16544828 1095272436987.00
rmat_s20_ef48_0.25_0.25_0.25_0.25_exp MRepS random 32 8 2 1048576 6291387 44037969 5.503768 23.264857 841 16544789 1095276261800.00
rmat_s20_ef48_0.25_0.25_0.25_0.25_exp MRepS random 4 1 0 1048576 50329356 0 33.292256 19.252115 53 2074901 254876588544.00
rmat_s20_ef48_0.25_0.25_0.25_0.25_exp MRepS random 4 1 1 1048576 50329356 0 42.449909 21.789868 53 2074903 254876558431.00
rmat_s20_ef48_0.25_0.25_0.25_0.25_exp MRepS random 4 1 2 1048576 50329356 0 43.164551 21.059588 53 2074895 254876505045.00
rmat_s20_ef48_0.25_0.25_0.25_0.25_exp MRepS random 4 16 0 1048576 3143652 47185704 4.505773 1.935506 101 2074901 254876588544.00
rmat_s20_ef48_0.25_0.25_0.25_0.25_exp MRepS random 4 16 1 1048576 3145279 47184077 4.345664 2.059127 99 2074903 254876558431.00
rmat_s20_ef48_0.25_0.25_0.25_0.25_exp MRepS random 4 16 2 1048576 3145222 47184134 4.524927 1.929771 99 2074895 254876505045.00
rmat_s20_ef48_0.25_0.25_0.25_0.25_exp MRepS random 4 32 0 1048576 1571499 48757857 3.742652 1.217340 101 2074901 254876588544.00
rmat_s20_ef48_0.25_0.25_0.25_0.25_exp MRepS random 4 32 1 1048576 1573531 48755825 5.279173 1.291102 101 2074903 254876558431.00
rmat_s20_ef48_0.25_0.25_0.25_0.25_exp MRepS random 4 32 2 1048576 1572405 48756951 7.386758 1.696369 100 2074895 254876505045.00
rmat_s20_ef48_0.25_0.25_0.25_0.25_exp MRepS random 4 4 0 1048576 12581650 37747706 7.233205 4.881430 97 2074901 254876588544.00
rmat_s20_ef48_0.25_0.25_0.25_0.25_exp MRepS random 4 4 1 1048576 12580783 37748573 7.203744 5.057431 93 2074903 254876558431.00
rmat_s20_ef48_0.25_0.25_0.25_0.25_exp MRepS random 4 4 2 1048576 12578575 37750781 7.162064 4.894490 97 2074895 254876505045.00
rmat_s20_ef48_0.25_0.25_0.25_0.25_exp MRepS random 4 64 0 1048576 785972 49543384 15.411954 1.649193 101 2074901 254876588544.00
rmat_s20_ef48_0.25_0.25_0.25_0.25_exp MRepS random 4 64 1 1048576 787006 49542350 15.395533 1.620780 101 2074903 254876558431.00
rmat_s20_ef48_0.25_0.25_0.25_0.25_exp MRepS random 4 64 2 1048576 786038 49543318 15.349819 1.610146 101 2074895 254876505045.00
rmat_s20_ef48_0.25_0.25_0.25_0.25_exp MRepS random 4 8 0 1048576 6288723 44040633 5.900692 3.230118 100 2074901 254876588544.00
rmat_s20_ef48_0.25_0.25_0.25_0.25_exp MRepS random 4 8 1 1048576 6290909 44038447 5.225220 3.192653 97 2074903 254876558431.00
rmat_s20_ef48_0.25_0.25_0.25_0.25_exp MRepS random 4 8 2 1048576 6291387 44037969 5.672782 3.348918 98 2074895 254876505045.00
rmat_s20_ef48_0.25_0.25_0.25_0.25_exp MRepS random 8 1 0 1048576 50329356 0 35.761426 39.080050 109 4148176 438656359195.00
rmat_s20_ef48_0.25_0.25_0.25_0.25_exp MRepS random 8 1 1 1048576 50329356 0 38.781757 40.274665 109 4148173 438656969067.00
rmat_s20_ef48_0.25_0.25_0.25_0.25_exp MRepS random 8 1 2 1048576 50329356 0 39.330175 39.389157 109 4148162 438656721325.00
rmat_s20_ef48_0.25_0.25_0.25_0.25_exp MRepS random 8 16 0 1048576 3143652 47185704 4.589872 3.858075 205 4148176 438656359195.00
rmat_s20_ef48_0.25_0.25_0.25_0.25_exp MRepS random 8 16 1 1048576 3145279 47184077 4.714697 3.962374 202 4148173 438656969067.00
rmat_s20_ef48_0.25_0.25_0.25_0.25_exp MRepS random 8 16 2 1048576 3145222 47184134 4.472131 3.939476 199 4148162 438656721325.00
rmat_s20_ef48_0.25_0.25_0.25_0.25_exp MRepS random 8 32 0 1048576 1571499 48757857 3.727268 2.740688 206 4148176 438656359195.00
rmat_s20_ef48_0.25_0.25_0.25_0.25_exp MRepS random 8 32 1 1048576 1573531 48755825 5.143490 3.225822 205 4148173 438656969067.00
rmat_s20_ef48_0.25_0.25_0.25_0.25_exp MRepS random 8 32 2 1048576 1572405 48756951 4.560569 3.102504 201 4148162 438656721325.00
rmat_s20_ef48_0.25_0.25_0.25_0.25_exp MRepS random 8 4 0 1048576 12581650 37747706 10.629703 9.179149 192 4148176 438656359195.00
rmat_s20_ef48_0.25_0.25_0.25_0.25_exp MRepS random 8 4 1 1048576 12580783 37748573 8.021809 9.460150 189 4148173 438656969067.00
rmat_s20_ef48_0.25_0.25_0.25_0.25_exp MRepS random 8 4 2 1048576 12578575 37750781 7.028184 8.991763 193 4148162 438656721325.00
rmat_s20_ef48_0.25_0.25_0.25_0.25_exp MRepS random 8 64 0 1048576 785972 49543384 6.945220 2.459666 206 4148176 438656359195.00
rmat_s20_ef48_0.25_0.25_0.25_0.25_exp MRepS random 8 64 1 1048576 787006 49542350 8.808501 2.313191 206 4148173 438656969067.00
rmat_s20_ef48_0.25_0.25_0.25_0.25_exp MRepS random 8 64 2 1048576 786038 49543318 7.464636 1.659975 203 4148162 438656721325.00
rmat_s20_ef48_0.25_0.25_0.25_0.25_exp MRepS random 8 8 0 1048576 6288723 44040633 6.294282 5.798875 203 4148176 438656359195.00
rmat_s20_ef48_0.25_0.25_0.25_0.25_exp MRepS random 8 8 1 1048576 6290909 44038447 5.413313 5.437939 198 4148173 438656969067.00
rmat_s20_ef48_0.25_0.25_0.25_0.25_exp MRepS random 8 8 2 1048576 6291387 44037969 5.610637 6.048841 198 4148162 438656721325.00
rmat_s20_ef48_0.25_0.25_0.25_0.25_uni MRepS diststream 16 16 0 1048576 6467916 43861330 43.609500 6.424691 414 8289742 3708140620516.00
rmat_s20_ef48_0.25_0.25_0.25_0.25_uni MRepS diststream 16 16 1 1048576 6468710 43860536 43.914474 6.674287 408 8289704 3708141843757.00
rmat_s20_ef48_0.25_0.25_0.25_0.25_uni MRepS diststream 16 16 2 1048576 6466440 43862806 43.577015 6.512296 402 8289696 3708139774500.00
rmat_s20_ef48_0.25_0.25_0.25_0.25_uni MRepS diststream 16 32 0 1048576 4457613 45871633 38.016716 4.666844 415 8289796 3708176266455.00
rmat_s20_ef48_0.25_0.25_0.25_0.25_uni MRepS diststream 16 32 1 1048576 4455893 45873353 38.725442 6.084088 411 8289777 3708162034357.00
rmat_s20_ef48_0.25_0.25_0.25_0.25_uni MRepS diststream 16 32 2 1048576 4455883 45873363 38.699390 6.088471 406 8289722 3708156075557.00
rmat_s20_ef48_0.25_0.25_0.25_0.25_uni MRepS diststream 16 4 0 1048576 15995141 34334105 82.157479 17.576143 380 8289780 3708147540350.00
rmat_s20_ef48_0.25_0.25_0.25_0.25_uni MRepS diststream 16 4 1 1048576 15922226 34407020 77.805175 17.127730 383 8289734 3708158759489.00
rmat_s20_ef48_0.25_0.25_0.25_0.25_uni MRepS diststream 16 4 2 1048576 16206865 34122381 76.215744 16.933755 378 8289782 3708167945391.00
rmat_s20_ef48_0.25_0.25_0.25_0.25_uni MRepS diststream 16 64 0 1048576 3267388 47061858 50.169605 4.990072 418 8289756 3708168568710.00
rmat_s20_ef48_0.25_0.25_0.25_0.25_uni MRepS diststream 16 64 1 1048576 3266376 47062870 55.225427 4.784627 418 8289662 3708156459855.00
rmat_s20_ef48_0.25_0.25_0.25_0.25_uni MRepS diststream 16 64 2 1048576 3268068 47061178 54.773414 3.798422 418 8289750 3708152134357.00
rmat_s20_ef48_0.25_0.25_0.25_0.25_uni MRepS diststream 16 8 0 1048576 9985268 40343978 56.530895 11.822768 395 8289645 3708135295107.00
rmat_s20_ef48_0.25_0.25_0.25_0.25_uni MRepS diststream 16 8 1 1048576 9986372 40342874 56.414313 11.821285 397 8289697 3708152736004.00
rmat_s20_ef48_0.25_0.25_0.25_0.25_uni MRepS diststream 16 8 2 1048576 9986854 40342392 57.035033 11.117624 402 8289787 3708162764308.00
rmat_s20_ef48_0.25_0.25_0.25_0.25_uni MRepS diststream 32 16 0 1048576 6467916 43861330 44.112946 12.369274 846 16544842 6765898917813.00
rmat_s20_ef48_0.25_0.25_0.25_0.25_uni MRepS diststream 32 16 1 1048576 6468710 43860536 43.636377 13.134752 842 16544971 6765879420034.00
rmat_s20_ef48_0.25_0.25_0.25_0.25_uni MRepS diststream 32 16 2 1048576 6466440 43862806 43.839096 12.921260 838 16545234 6765912877275.00
rmat_s20_ef48_0.25_0.25_0.25_0.25_uni MRepS diststream 32 32 0 1048576 4457613 45871633 38.295353 9.408741 849 16545029 6765906107819.00
rmat_s20_ef48_0.25_0.25_0.25_0.25_uni MRepS diststream 32 32 1 1048576 4455893 45873353 38.781742 11.741286 846 16544956 6765858803891.00
rmat_s20_ef48_0.25_0.25_0.25_0.25_uni MRepS diststream 32 32 2 1048576 4455883 45873363 38.644673 11.929564 843 16545081 6765886259916.00
rmat_s20_ef48_0.25_0.25_0.25_0.25_uni MRepS diststream 32 4 0 1048576 15995141 34334105 90.188574 36.504602 796 16545044 6765902291886.00
rmat_s20_ef48_0.25_0.25_0.25_0.25_uni MRepS diststream 32 4 1 1048576 15922226 34407020 76.357024 35.821361 787 16544971 6765899796250.00
rmat_s20_ef48_0.25_0.25_0.25_0.25_uni MRepS diststream 32 4 2 1048576 16206865 34122381 76.861636 35.757694 784 16545010 6765882671160.00
rmat_s20_ef48_0.25_0.25_0.25_0.25_uni MRepS diststream 32 64 0 1048576 3267388 47061858 42.612787 9.107403 853 16545242 6765949684463.00
rmat_s20_ef48_0.25_0.25_0.25_0.25_uni MRepS diststream 32 64 1 1048576 3266376 47062870 52.925557 9.537272 857 16544756 6765935602451.00
rmat_s20_ef48_0.25_0.25_0.25_0.25_uni MRepS diststream 32 64 2 1048576 3268068 47061178 53.269599 9.434626 858 16545372 6765884144647.00
rmat_s20_ef48_0.25_0.25_0.25_0.25_uni MRepS diststream 32 8 0 1048576 9985268 40343978 56.596849 22.548689 816 16544708 6765820085031.00
rmat_s20_ef48_0.25_0.25_0.25_0.25_uni MRepS diststream 32 8 1 1048576 9986372 40342874 56.868359 21.999740 817 16544962 6765887752456.00
rmat_s20_ef48_0.25_0.25_0.25_0.25_uni MRepS diststream 32 8 2 1048576 9986854 40342392 56.552204 22.900508 819 16544645 6765884219046.00
rmat_s20_ef48_0.25_0.25_0.25_0.25_uni MRepS diststream 4 16 0 1048576 6467916 43861330 43.320484 1.549601 98 2074736 985248219599.00
rmat_s20_ef48_0.25_0.25_0.25_0.25_uni MRepS diststream 4 16 1 1048576 6468710 43860536 43.634704 1.645330 97 2074728 985246566392.00
rmat_s20_ef48_0.25_0.25_0.25_0.25_uni MRepS diststream 4 16 2 1048576 6466440 43862806 43.585400 1.559312 97 2074751 985251491945.00
rmat_s20_ef48_0.25_0.25_0.25_0.25_uni MRepS diststream 4 32 0 1048576 4457613 45871633 37.573210 1.252255 98 2074738 985250547385.00
rmat_s20_ef48_0.25_0.25_0.25_0.25_uni MRepS diststream 4 32 1 1048576 4455893 45873353 38.463160 1.357034 95 2074732 985246943857.00
rmat_s20_ef48_0.25_0.25_0.25_0.25_uni MRepS diststream 4 32 2 1048576 4455883 45873363 39.054155 1.596111 95 2074725 985244009523.00
rmat_s20_ef48_0.25_0.25_0.25_0.25_uni MRepS diststream 4 4 0 1048576 15995141 34334105 79.008235 5.018996 91 2074743 985246648115.00
rmat_s20_ef48_0.25_0.25_0.25_0.25_uni MRepS diststream 4 4 1 1048576 15922226 34407020 78.257285 5.034109 90 2074732 985246214315.00
rmat_s20_ef48_0.25_0.25_0.25_0.25_uni MRepS diststream 4 4 2 1048576 16206865 34122381 78.740033 5.011027 87 2074744 985251129741.00
rmat_s20_ef48_0.25_0.25_0.25_0.25_uni MRepS diststream 4 64 0 1048576 3267388 47061858 53.317320 1.268565 99 2074738 985248623773.00
rmat_s20_ef48_0.25_0.25_0.25_0.25_uni MRepS diststream 4 64 1 1048576 3266376 47062870 55.235775 1.103799 97 2074735 985249391448.00
rmat_s20_ef48_0.25_0.25_0.25_0.25_uni MRepS diststream 4 64 2 1048576 3268068 47061178 55.059531 0.818500 100 2074734 985244926483.00
rmat_s20_ef48_0.25_0.25_0.25_0.25_uni MRepS diststream 4 8 0 1048576 9985268 40343978 56.467886 2.767680 93 2074737 985247755833.00
rmat_s20_ef48_0.25_0.25_0.25_0.25_uni MRepS diststream 4 8 1 1048576 9986372 40342874 57.609185 2.931845 94 2074726 985244135121.00
rmat_s20_ef48_0.25_0.25_0.25_0.25_uni MRepS diststream 4 8 2 1048576 9986854 40342392 56.146032 3.150032 94 2074743 985251695285.00
rmat_s20_ef48_0.25_0.25_0.25_0.25_uni MRepS diststream 8 16 0 1048576 6467916 43861330 43.265382 3.014359 201 4148269 1932881085877.00
rmat_s20_ef48_0.25_0.25_0.25_0.25_uni MRepS diststream 8 16 1 1048576 6468710 43860536 43.939513 3.241902 197 4148283 1932880893456.00
rmat_s20_ef48_0.25_0.25_0.25_0.25_uni MRepS diststream 8 16 2 1048576 6466440 43862806 44.565869 3.249908 197 4148299 1932884771862.00
rmat_s20_ef48_0.25_0.25_0.25_0.25_uni MRepS diststream 8 32 0 1048576 4457613 45871633 37.432469 2.373589 202 4148301 1932891325415.00
rmat_s20_ef48_0.25_0.25_0.25_0.25_uni MRepS diststream 8 32 1 1048576 4455893 45873353 41.028271 2.914238 198 4148279 1932887776677.00
rmat_s20_ef48_0.25_0.25_0.25_0.25_uni MRepS diststream 8 32 2 1048576 4455883 45873363 40.149173 2.944020 197 4148280 1932880457231.00
rmat_s20_ef48_0.25_0.25_0.25_0.25_uni MRepS diststream 8 4 0 1048576 15995141 34334105 85.078609 9.514389 187 4148283 1932883890589.00
rmat_s20_ef48_0.25_0.25_0.25_0.25_uni MRepS diststream 8 4 1 1048576 15922226 34407020 78.123841 9.539584 188 4148264 1932883609388.00
rmat_s20_ef48_0.25_0.25_0.25_0.25_uni MRepS diststream 8 4 2 1048576 16206865 34122381 77.857058 9.344153 182 4148292 1932892279277.00
rmat_s20_ef48_0.25_0.25_0.25_0.25_uni MRepS diststream 8 64 0 1048576 3267388 47061858 46.849986 2.483989 204 4148294 1932889643028.00
rmat_s20_ef48_0.25_0.25_0.25_0.25_uni MRepS diststream 8 64 1 1048576 3266376 47062870 53.366854 2.527638 201 4148288 1932893750489.00
rmat_s20_ef48_0.25_0.25_0.25_0.25_uni MRepS diststream 8 64 2 1048576 3268068 47061178 53.642296 2.556271 205 4148288 1932886541190.00
rmat_s20_ef48_0.25_0.25_0.25_0.25_uni MRepS diststream 8 8 0 1048576 9985268 40343978 56.512761 5.664964 193 4148298 1932890681374.00
rmat_s20_ef48_0.25_0.25_0.25_0.25_uni MRepS diststream 8 8 1 1048576 9986372 40342874 56.793217 5.812414 194 4148268 1932879933232.00
rmat_s20_ef48_0.25_0.25_0.25_0.25_uni MRepS diststream 8 8 2 1048576 9986854 40342392 55.278265 6.228001 195 4148310 1932896003520.00
rmat_s20_ef48_0.25_0.25_0.25_0.25_uni MRepS random 16 1 0 1048576 50329246 0 35.474484 76.345801 227 8289803 3708185772652.00
rmat_s20_ef48_0.25_0.25_0.25_0.25_uni MRepS random 16 1 1 1048576 50329246 0 39.372089 76.774685 226 8289761 3708157803811.00
rmat_s20_ef48_0.25_0.25_0.25_0.25_uni MRepS random 16 1 2 1048576 50329246 0 38.755811 76.423430 227 8289766 3708162046923.00
rmat_s20_ef48_0.25_0.25_0.25_0.25_uni MRepS random 16 16 0 1048576 3148428 47180818 4.273891 7.468707 422 8289803 3708185772652.00
rmat_s20_ef48_0.25_0.25_0.25_0.25_uni MRepS random 16 16 1 1048576 3147824 47181422 4.770559 7.694196 419 8289761 3708157803811.00
rmat_s20_ef48_0.25_0.25_0.25_0.25_uni MRepS random 16 16 2 1048576 3148008 47181238 4.545571 7.610973 422 8289766 3708162046923.00
rmat_s20_ef48_0.25_0.25_0.25_0.25_uni MRepS random 16 32 0 1048576 1573659 48755587 3.854936 5.025832 427 8289803 3708185772652.00
rmat_s20_ef48_0.25_0.25_0.25_0.25_uni MRepS random 16 32 1 1048576 1574004 48755242 4.593789 5.956064 425 8289761 3708157803811.00
rmat_s20_ef48_0.25_0.25_0.25_0.25_uni MRepS random 16 32 2 1048576 1572904 48756342 4.413096 5.989500 424 8289766 3708162046923.00
rmat_s20_ef48_0.25_0.25_0.25_0.25_uni MRepS random 16 4 0 1048576 12584425 37744821 10.870179 17.890496 395 8289803 3708185772652.00
rmat_s20_ef48_0.25_0.25_0.25_0.25_uni MRepS random 16 4 1 1048576 12587691 37741555 7.194379 18.006730 397 8289761 3708157803811.00
rmat_s20_ef48_0.25_0.25_0.25_0.25_uni MRepS random 16 4 2 1048576 12587006 37742240 7.028072 18.635196 396 8289766 3708162046923.00
rmat_s20_ef48_0.25_0.25_0.25_0.25_uni MRepS random 16 64 0 1048576 786329 49542917 5.282309 5.048818 428 8289803 3708185772652.00
rmat_s20_ef48_0.25_0.25_0.25_0.25_uni MRepS random 16 64 1 1048576 787902 49541344 8.879529 5.133574 428 8289761 3708157803811.00
rmat_s20_ef48_0.25_0.25_0.25_0.25_uni MRepS random 16 64 2 1048576 785855 49543391 8.686368 5.129549 424 8289766 3708162046923.00
rmat_s20_ef48_0.25_0.25_0.25_0.25_uni MRepS random 16 8 0 1048576 6294547 44034699 6.530746 11.292109 414 8289803 3708185772652.00
rmat_s20_ef48_0.25_0.25_0.25_0.25_uni MRepS random 16 8 1 1048576 6291636 44037610 5.761575 11.703209 414 8289761 3708157803811.00
rmat_s20_ef48_0.25_0.25_0.25_0.25_uni MRepS random 16 8 2 1048576 6296385 44032861 5.554880 11.988791 414 8289766 3708162046923.00
rmat_s20_ef48_0.25_0.25_0.25_0.25_uni MRepS random 32 1 0 1048576 50329246 0 36.057781 146.605727 463 16545360 6765924491298.00
rmat_s20_ef48_0.25_0.25_0.25_0.25_uni MRepS random 32 1 1 1048576 50329246 0 38.363499 147.639479 464 16544871 6765869315740.00
rmat_s20_ef48_0.25_0.25_0.25_0.25_uni MRepS random 32 1 2 1048576 50329246 0 40.090076 148.207976 465 16544881 6765921838632.00
rmat_s20_ef48_0.25_0.25_0.25_0.25_uni MRepS random 32 16 0 1048576 3148428 47180818 3.982043 15.276177 867 16545360 6765924491298.00
rmat_s20_ef48_0.25_0.25_0.25_0.25_uni MRepS random 32 16 1 1048576 3147824 47181422 4.556534 15.684658 863 16544871 6765869315740.00
rmat_s20_ef48_0.25_0.25_0.25_0.25_uni MRepS random 32 16 2 1048576 3148008 47181238 4.993237 15.432310 860 16544881 6765921838632.00
rmat_s20_ef48_0.25_0.25_0.25_0.25_uni MRepS random 32 32 0 1048576 1573659 48755587 3.835685 9.876567 875 16545360 6765924491298.00
rmat_s20_ef48_0.25_0.25_0.25_0.25_uni MRepS random 32 32 1 1048576 1574004 48755242 4.431025 10.539446 872 16544871 6765869315740.00
rmat_s20_ef48_0.25_0.25_0.25_0.25_uni MRepS random 32 32 2 1048576 1572904 48756342 5.260376 11.122150 870 16544881 6765921838632.00
rmat_s20_ef48_0.25_0.25_0.25_0.25_uni MRepS random 32 4 0 1048576 12584425 37744821 15.413614 37.139853 816 16545360 6765924491298.00
rmat_s20_ef48_0.25_0.25_0.25_0.25_uni MRepS random 32 4 1 1048576 12587691 37741555 7.219801 36.695291 821 16544871 6765869315740.00
rmat_s20_ef48_0.25_0.25_0.25_0.25_uni MRepS random 32 4 2 1048576 12587006 37742240 7.017132 35.947463 812 16544881 6765921838632.00
rmat_s20_ef48_0.25_0.25_0.25_0.25_uni MRepS random 32 64 0 1048576 786329 49542917 6.969169 8.573858 877 16545360 6765924491298.00
rmat_s20_ef48_0.25_0.25_0.25_0.25_uni MRepS random 32 64 1 1048576 787902 49541344 8.711701 10.106730 876 16544871 6765869315740.00
rmat_s20_ef48_0.25_0.25_0.25_0.25_uni MRepS random 32 64 2 1048576 785855 49543391 7.980854 9.906455 873 16544881 6765921838632.00
rmat_s20_ef48_0.25_0.25_0.25_0.25_uni MRepS random 32 8 0 1048576 6294547 44034699 6.263861 22.316707 852 16545360 6765924491298.00
rmat_s20_ef48_0.25_0.25_0.25_0.25_uni MRepS random 32 8 1 1048576 6291636 44037610 5.591067 22.361888 845 16544871 6765869315740.00
rmat_s20_ef48_0.25_0.25_0.25_0.25_uni MRepS random 32 8 2 1048576 6296385 44032861 5.348333 23.823690 845 16544881 6765921838632.00
rmat_s20_ef48_0.25_0.25_0.25_0.25_uni MRepS random 4 1 0 1048576 50329246 0 38.207918 20.710780 54 2074731 985248043274.00
rmat_s20_ef48_0.25_0.25_0.25_0.25_uni MRepS random 4 1 1 1048576 50329246 0 39.259163 22.161055 54 2074744 985250340296.00
rmat_s20_ef48_0.25_0.25_0.25_0.25_uni MRepS random 4 1 2 1048576 50329246 0 39.760413 22.425556 54 2074729 985251187877.00
rmat_s20_ef48_0.25_0.25_0.25_0.25_uni MRepS random 4 16 0 1048576 3148428 47180818 4.226805 2.068814 101 2074731 985248043274.00
rmat_s20_ef48_0.25_0.25_0.25_0.25_uni MRepS random 4 16 1 1048576 3147824 47181422 4.606395 2.073459 99 2074744 985250340296.00
rmat_s20_ef48_0.25_0.25_0.25_0.25_uni MRepS random 4 16 2 1048576 3148008 47181238 4.634622 2.117177 100 2074729 985251187877.00
rmat_s20_ef48_0.25_0.25_0.25_0.25_uni MRepS random 4 32 0 1048576 1573659 48755587 3.806909 1.396148 102 2074731 985248043274.00
rmat_s20_ef48_0.25_0.25_0.25_0.25_uni MRepS random 4 32 1 1048576 1574004 48755242 4.407538 1.477514 101 2074744 985250340296.00
rmat_s20_ef48_0.25_0.25_0.25_0.25_uni MRepS random 4 32 2 1048576 1572904 48756342 4.333639 1.570305 100 2074729 985251187877.00
rmat_s20_ef48_0.25_0.25_0.25_0.25_uni MRepS random 4 4 0 1048576 12584425 37744821 7.758736 5.054908 95 2074731 985248043274.00
rmat_s20_ef48_0.25_0.25_0.25_0.25_uni MRepS random 4 4 1 1048576 12587691 37741555 7.107641 4.849564 96 2074744 985250340296.00
rmat_s20_ef48_0.25_0.25_0.25_0.25_uni MRepS random 4 4 2 1048576 12587006 37742240 7.050504 4.749175 93 2074729 985251187877.00
rmat_s20_ef48_0.25_0.25_0.25_0.25_uni MRepS random 4 64 0 1048576 786329 49542917 11.165688 1.231445 102 2074731 985248043274.00
rmat_s20_ef48_0.25_0.25_0.25_0.25_uni MRepS random 4 64 1 1048576 787902 49541344 12.095828 1.321040 101 2074744 985250340296.00
rmat_s20_ef48_0.25_0.25_0.25_0.25_uni MRepS random 4 64 2 1048576 785855 49543391 11.423019 1.322471 100 2074729 985251187877.00
rmat_s20_ef48_0.25_0.25_0.25_0.25_uni MRepS random 4 8 0 1048576 6294547 44034699 5.690509 3.070230 99 2074731 985248043274.00
rmat_s20_ef48_0.25_0.25_0.25_0.25_uni MRepS random 4 8 1 1048576 6291636 44037610 5.365267 3.271786 99 2074744 985250340296.00
rmat_s20_ef48_0.25_0.25_0.25_0.25_uni MRepS random 4 8 2 1048576 6296385 44032861 5.296603 3.230477 98 2074729 985251187877.00
rmat_s20_ef48_0.25_0.25_0.25_0.25_uni MRepS random 8 1 0 1048576 50329246 0 34.475428 39.274731 111 4148291 1932889605303.00
rmat_s20_ef48_0.25_0.25_0.25_0.25_uni MRepS random 8 1 1 1048576 50329246 0 40.154760 39.854698 111 4148315 1932889975893.00
rmat_s20_ef48_0.25_0.25_0.25_0.25_uni MRepS random 8 1 2 1048576 50329246 0 39.348314 40.113439 111 4148301 1932891248795.00
rmat_s20_ef48_0.25_0.25_0.25_0.25_uni MRepS random 8 16 0 1048576 3148428 47180818 4.585224 3.723876 205 4148291 1932889605303.00
rmat_s20_ef48_0.25_0.25_0.25_0.25_uni MRepS random 8 16 1 1048576 3147824 47181422 4.499795 3.956959 205 4148315 1932889975893.00
rmat_s20_ef48_0.25_0.25_0.25_0.25_uni MRepS random 8 16 2 1048576 3148008 47181238 4.592905 3.925670 206 4148301 1932891248795.00
rmat_s20_ef48_0.25_0.25_0.25_0.25_uni MRepS random 8 32 0 1048576 1573659 48755587 3.840702 2.244499 208 4148291 1932889605303.00
rmat_s20_ef48_0.25_0.25_0.25_0.25_uni MRepS random 8 32 1 1048576 1574004 48755242 6.595153 2.785967 208 4148315 1932889975893.00
rmat_s20_ef48_0.25_0.25_0.25_0.25_uni MRepS random 8 32 2 1048576 1572904 48756342 6.942505 2.967183 206 4148301 1932891248795.00
rmat_s20_ef48_0.25_0.25_0.25_0.25_uni MRepS random 8 4 0 1048576 12584425 37744821 13.324306 9.071741 193 4148291 1932889605303.00
rmat_s20_ef48_0.25_0.25_0.25_0.25_uni MRepS random 8 4 1 1048576 12587691 37741555 7.156155 9.480369 193 4148315 1932889975893.00
rmat_s20_ef48_0.25_0.25_0.25_0.25_uni MRepS random 8 4 2 1048576 12587006 37742240 7.135628 8.880724 194 4148301 1932891248795.00
rmat_s20_ef48_0.25_0.25_0.25_0.25_uni MRepS random 8 64 0 1048576 786329 49542917 5.765904 1.999869 209 4148291 1932889605303.00
rmat_s20_ef48_0.25_0.25_0.25_0.25_uni MRepS random 8 64 1 1048576 787902 49541344 8.930886 2.580122 208 4148315 1932889975893.00
rmat_s20_ef48_0.25_0.25_0.25_0.25_uni MRepS random 8 64 2 1048576 785855 49543391 9.004301 2.612370 206 4148301 1932891248795.00
rmat_s20_ef48_0.25_0.25_0.25_0.25_uni MRepS random 8 8 0 1048576 6294547 44034699 5.624425 5.995878 201 4148291 1932889605303.00
rmat_s20_ef48_0.25_0.25_0.25_0.25_uni MRepS random 8 8 1 1048576 6291636 44037610 5.347638 6.132023 203 4148315 1932889975893.00
rmat_s20_ef48_0.25_0.25_0.25_0.25_uni MRepS random 8 8 2 1048576 6296385 44032861 5.451386 6.264117 203 4148301 1932891248795.00
rmat_s20_ef48_0.45_0.15_0.15_0.25_exp MRepS diststream 16 16 0 1048576 5529270 44606018 43.005573 7.643063 500 7497933 572597862619.00
rmat_s20_ef48_0.45_0.15_0.15_0.25_exp MRepS diststream 16 16 1 1048576 5530253 44605035 43.077106 8.101163 507 7497850 572596858875.00
rmat_s20_ef48_0.45_0.15_0.15_0.25_exp MRepS diststream 16 16 2 1048576 5524662 44610626 43.316344 8.333070 501 7497884 572597960496.00
rmat_s20_ef48_0.45_0.15_0.15_0.25_exp MRepS diststream 16 32 0 1048576 3561700 46573588 37.231681 4.502682 509 7497883 572597614334.00
rmat_s20_ef48_0.45_0.15_0.15_0.25_exp MRepS diststream 16 32 1 1048576 3564595 46570693 38.643233 5.314233 505 7497875 572597522552.00
rmat_s20_ef48_0.45_0.15_0.15_0.25_exp MRepS diststream 16 32 2 1048576 3565445 46569843 39.148637 5.582209 513 7497872 572597088942.00
rmat_s20_ef48_0.45_0.15_0.15_0.25_exp MRepS diststream 16 4 0 1048576 18324740 31810548 83.993441 23.909104 455 7497853 572596613065.00
rmat_s20_ef48_0.45_0.15_0.15_0.25_exp MRepS diststream 16 4 1 1048576 19094464 31040824 76.993550 21.144379 455 7497849 572597442554.00
rmat_s20_ef48_0.45_0.15_0.15_0.25_exp MRepS diststream 16 4 2 1048576 18412715 31722573 75.834706 22.224409 455 7497856 572596966874.00
rmat_s20_ef48_0.45_0.15_0.15_0.25_exp MRepS diststream 16 64 0 1048576 2445856 47689432 44.735051 4.778114 517 7497910 572597260973.00
rmat_s20_ef48_0.45_0.15_0.15_0.25_exp MRepS diststream 16 64 1 1048576 2445549 47689739 52.819777 5.104387 513 7497883 572598092295.00
rmat_s20_ef48_0.45_0.15_0.15_0.25_exp MRepS diststream 16 64 2 1048576 2443201 47692087 52.590364 4.746120 519 7497881 572597622555.00
rmat_s20_ef48_0.45_0.15_0.15_0.25_exp MRepS diststream 16 8 0 1048576 9201166 40934122 55.780456 14.188791 488 7497882 572597913606.00
rmat_s20_ef48_0.45_0.15_0.15_0.25_exp MRepS diststream 16 8 1 1048576 9169431 40965857 54.686248 14.532724 493 7497844 572596780281.00
rmat_s20_ef48_0.45_0.15_0.15_0.25_exp MRepS diststream 16 8 2 1048576 9171909 40963379 56.846236 14.608529 492 7497869 572596901150.00
rmat_s20_ef48_0.45_0.15_0.15_0.25_exp MRepS diststream 32 16 0 1048576 5529270 44606018 43.133129 18.000760 1152 13657288 839437188430.00
rmat_s20_ef48_0.45_0.15_0.15_0.25_exp MRepS diststream 32 16 1 1048576 5530253 44605035 43.092557 19.143328 1158 13657217 839436106366.00
rmat_s20_ef48_0.45_0.15_0.15_0.25_exp MRepS diststream 32 16 2 1048576 5524662 44610626 44.382888 17.868930 1151 13657230 839436405574.00
rmat_s20_ef48_0.45_0.15_0.15_0.25_exp MRepS diststream 32 32 0 1048576 3561700 46573588 37.149742 9.387852 1167 13657174 839436112766.00
rmat_s20_ef48_0.45_0.15_0.15_0.25_exp MRepS diststream 32 32 1 1048576 3564595 46570693 37.244367 9.088187 1160 13657275 839436552484.00
rmat_s20_ef48_0.45_0.15_0.15_0.25_exp MRepS diststream 32 32 2 1048576 3565445 46569843 37.656828 8.418174 1168 13657130 839435776327.00
rmat_s20_ef48_0.45_0.15_0.15_0.25_exp MRepS diststream 32 4 0 1048576 18324740 31810548 84.743948 52.658374 1050 13657209 839435930564.00
rmat_s20_ef48_0.45_0.15_0.15_0.25_exp MRepS diststream 32 4 1 1048576 19094464 31040824 77.927014 46.895405 1037 13657192 839435936934.00
rmat_s20_ef48_0.45_0.15_0.15_0.25_exp MRepS diststream 32 4 2 1048576 18412715 31722573 77.793252 49.065627 1049 13657275 839437042090.00
rmat_s20_ef48_0.45_0.15_0.15_0.25_exp MRepS diststream 32 64 0 1048576 2445856 47689432 44.612845 10.171136 1175 13657249 839436043912.00
rmat_s20_ef48_0.45_0.15_0.15_0.25_exp MRepS diststream 32 64 1 1048576 2445549 47689739 53.108772 9.639472 1176 13657257 839436109568.00
rmat_s20_ef48_0.45_0.15_0.15_0.25_exp MRepS diststream 32 64 2 1048576 2443201 47692087 53.378052 8.536947 1184 13657174 839436394280.00
rmat_s20_ef48_0.45_0.15_0.15_0.25_exp MRepS diststream 32 8 0 1048576 9201166 40934122 56.396522 30.409611 1119 13657309 839437312357.00
rmat_s20_ef48_0.45_0.15_0.15_0.25_exp MRepS diststream 32 8 1 1048576 9169431 40965857 57.117943 30.823644 1125 13657302 839436338875.00
rmat_s20_ef48_0.45_0.15_0.15_0.25_exp MRepS diststream 32 8 2 1048576 9171909 40963379 57.388181 30.871024 1122 13657280 839437420126.00
rmat_s20_ef48_0.45_0.15_0.15_0.25_exp MRepS diststream 4 16 0 1048576 5529270 44606018 43.533671 1.867747 102 1983090 215865232452.00
rmat_s20_ef48_0.45_0.15_0.15_0.25_exp MRepS diststream 4 16 1 1048576 5530253 44605035 43.298976 1.790281 102 1983089 215865197164.00
rmat_s20_ef48_0.45_0.15_0.15_0.25_exp MRepS diststream 4 16 2 1048576 5524662 44610626 43.392126 1.763702 102 1983086 215865403059.00
rmat_s20_ef48_0.45_0.15_0.15_0.25_exp MRepS diststream 4 32 0 1048576 3561700 46573588 37.831304 1.207177 101 1983092 215865362414.00
rmat_s20_ef48_0.45_0.15_0.15_0.25_exp MRepS diststream 4 32 1 1048576 3564595 46570693 39.347131 1.459094 102 1983091 215865299738.00
rmat_s20_ef48_0.45_0.15_0.15_0.25_exp MRepS diststream 4 32 2 1048576 3565445 46569843 39.519430 1.303297 103 1983092 215865307969.00
rmat_s20_ef48_0.45_0.15_0.15_0.25_exp MRepS diststream 4 4 0 1048576 18324740 31810548 77.876101 5.719819 92 1983087 215865244542.00
rmat_s20_ef48_0.45_0.15_0.15_0.25_exp MRepS diststream 4 4 1 1048576 19094464 31040824 78.291363 5.199758 96 1983093 215865461973.00
rmat_s20_ef48_0.45_0.15_0.15_0.25_exp MRepS diststream 4 4 2 1048576 18412715 31722573 76.511603 5.396763 92 1983095 215865457616.00
rmat_s20_ef48_0.45_0.15_0.15_0.25_exp MRepS diststream 4 64 0 1048576 2445856 47689432 49.864563 1.218705 107 1983093 215865318173.00
rmat_s20_ef48_0.45_0.15_0.15_0.25_exp MRepS diststream 4 64 1 1048576 2445549 47689739 54.090896 1.126034 102 1983082 215865270247.00
rmat_s20_ef48_0.45_0.15_0.15_0.25_exp MRepS diststream 4 64 2 1048576 2443201 47692087 54.238551 0.782741 107 1983092 215865211806.00
rmat_s20_ef48_0.45_0.15_0.15_0.25_exp MRepS diststream 4 8 0 1048576 9201166 40934122 56.768647 3.211408 98 1983093 215865235681.00
rmat_s20_ef48_0.45_0.15_0.15_0.25_exp MRepS diststream 4 8 1 1048576 9169431 40965857 56.657087 3.343221 102 1983096 215865352040.00
rmat_s20_ef48_0.45_0.15_0.15_0.25_exp MRepS diststream 4 8 2 1048576 9171909 40963379 57.152238 3.519035 102 1983082 215865236859.00
rmat_s20_ef48_0.45_0.15_0.15_0.25_exp MRepS diststream 8 16 0 1048576 5529270 44606018 44.883407 3.621410 220 3903491 362538578884.00
rmat_s20_ef48_0.45_0.15_0.15_0.25_exp MRepS diststream 8 16 1 1048576 5530253 44605035 44.094823 3.672036 226 3903488 362538534872.00
rmat_s20_ef48_0.45_0.15_0.15_0.25_exp MRepS diststream 8 16 2 1048576 5524662 44610626 43.173056 3.490377 222 3903489 362538544250.00
rmat_s20_ef48_0.45_0.15_0.15_0.25_exp MRepS diststream 8 32 0 1048576 3561700 46573588 37.631505 2.251946 224 3903497 362538661986.00
rmat_s20_ef48_0.45_0.15_0.15_0.25_exp MRepS diststream 8 32 1 1048576 3564595 46570693 41.081652 2.734528 222 3903487 362538052606.00
rmat_s20_ef48_0.45_0.15_0.15_0.25_exp MRepS diststream 8 32 2 1048576 3565445 46569843 41.552554 3.115029 226 3903500 362538598793.00
rmat_s20_ef48_0.45_0.15_0.15_0.25_exp MRepS diststream 8 4 0 1048576 18324740 31810548 87.103166 11.197413 201 3903477 362538091638.00
rmat_s20_ef48_0.45_0.15_0.15_0.25_exp MRepS diststream 8 4 1 1048576 19094464 31040824 76.106026 10.250063 207 3903493 362538518857.00
rmat_s20_ef48_0.45_0.15_0.15_0.25_exp MRepS diststream 8 4 2 1048576 18412715 31722573 76.858600 10.447952 201 3903496 362538547411.00
rmat_s20_ef48_0.45_0.15_0.15_0.25_exp MRepS diststream 8 64 0 1048576 2445856 47689432 43.845704 2.286780 231 3903499 362538200672.00
rmat_s20_ef48_0.45_0.15_0.15_0.25_exp MRepS diststream 8 64 1 1048576 2445549 47689739 50.663550 2.021102 226 3903484 362538514884.00
rmat_s20_ef48_0.45_0.15_0.15_0.25_exp MRepS diststream 8 64 2 1048576 2443201 47692087 51.391983 1.499943 233 3903489 362538300868.00
rmat_s20_ef48_0.45_0.15_0.15_0.25_exp MRepS diststream 8 8 0 1048576 9201166 40934122 56.137805 6.613405 214 3903491 362538422878.00
rmat_s20_ef48_0.45_0.15_0.15_0.25_exp MRepS diststream 8 8 1 1048576 9169431 40965857 55.912860 6.992133 223 3903496 362538270935.00
rmat_s20_ef48_0.45_0.15_0.15_0.25_exp MRepS diststream 8 8 2 1048576 9171909 40963379 56.367399 6.565856 221 3903505 362538697948.00
rmat_s20_ef48_0.45_0.15_0.15_0.25_exp MRepS random 16 1 0 1048576 50135288 0 33.233173 92.939589 277 7497865 572598093143.00
rmat_s20_ef48_0.45_0.15_0.15_0.25_exp MRepS random 16 1 1 1048576 50135288 0 34.898525 94.536754 277 7497859 572597574781.00
rmat_s20_ef48_0.45_0.15_0.15_0.25_exp MRepS random 16 1 2 1048576 50135288 0 35.510444 93.233164 277 7497869 572596922466.00
rmat_s20_ef48_0.45_0.15_0.15_0.25_exp MRepS random 16 16 0 1048576 3135146 47000142 3.736968 8.650963 516 7497865 572598093143.00
rmat_s20_ef48_0.45_0.15_0.15_0.25_exp MRepS random 16 16 1 1048576 3133799 47001489 4.213116 8.741320 516 7497859 572597574781.00
rmat_s20_ef48_0.45_0.15_0.15_0.25_exp MRepS random 16 16 2 1048576 3132518 47002770 4.637356 8.815296 519 7497869 572596922466.00
rmat_s20_ef48_0.45_0.15_0.15_0.25_exp MRepS random 16 32 0 1048576 1567697 48567591 3.832480 4.959664 522 7497865 572598093143.00
rmat_s20_ef48_0.45_0.15_0.15_0.25_exp MRepS random 16 32 1 1048576 1567098 48568190 4.434253 5.711925 522 7497859 572597574781.00
rmat_s20_ef48_0.45_0.15_0.15_0.25_exp MRepS random 16 32 2 1048576 1566451 48568837 4.736040 5.642106 526 7497869 572596922466.00
rmat_s20_ef48_0.45_0.15_0.15_0.25_exp MRepS random 16 4 0 1048576 12534695 37600593 8.074619 23.301126 485 7497865 572598093143.00
rmat_s20_ef48_0.45_0.15_0.15_0.25_exp MRepS random 16 4 1 1048576 12532591 37602697 6.566341 24.282804 486 7497859 572597574781.00
rmat_s20_ef48_0.45_0.15_0.15_0.25_exp MRepS random 16 4 2 1048576 12538050 37597238 6.450270 23.996997 484 7497869 572596922466.00
rmat_s20_ef48_0.45_0.15_0.15_0.25_exp MRepS random 16 64 0 1048576 785104 49350184 8.996007 5.269531 525 7497865 572598093143.00
rmat_s20_ef48_0.45_0.15_0.15_0.25_exp MRepS random 16 64 1 1048576 784029 49351259 10.629050 5.516811 525 7497859 572597574781.00
rmat_s20_ef48_0.45_0.15_0.15_0.25_exp MRepS random 16 64 2 1048576 782200 49353088 10.171795 5.314640 528 7497869 572596922466.00
rmat_s20_ef48_0.45_0.15_0.15_0.25_exp MRepS random 16 8 0 1048576 6265335 43869953 5.727719 14.662806 507 7497865 572598093143.00
rmat_s20_ef48_0.45_0.15_0.15_0.25_exp MRepS random 16 8 1 1048576 6267107 43868181 5.053851 14.551699 506 7497859 572597574781.00
rmat_s20_ef48_0.45_0.15_0.15_0.25_exp MRepS random 16 8 2 1048576 6269292 43865996 5.006248 15.068244 511 7497869 572596922466.00
rmat_s20_ef48_0.45_0.15_0.15_0.25_exp MRepS random 32 1 0 1048576 50135288 0 29.586117 192.548756 623 13657152 839436589245.00
rmat_s20_ef48_0.45_0.15_0.15_0.25_exp MRepS random 32 1 1 1048576 50135288 0 34.516506 191.070543 621 13657236 839436009807.00
rmat_s20_ef48_0.45_0.15_0.15_0.25_exp MRepS random 32 1 2 1048576 50135288 0 35.843692 191.728383 624 13657241 839436814907.00
rmat_s20_ef48_0.45_0.15_0.15_0.25_exp MRepS random 32 16 0 1048576 3135146 47000142 3.841448 19.189635 1177 13657152 839436589245.00
rmat_s20_ef48_0.45_0.15_0.15_0.25_exp MRepS random 32 16 1 1048576 3133799 47001489 4.334913 19.724816 1175 13657236 839436009807.00
rmat_s20_ef48_0.45_0.15_0.15_0.25_exp MRepS random 32 16 2 1048576 3132518 47002770 4.242031 19.611966 1181 13657241 839436814907.00
rmat_s20_ef48_0.45_0.15_0.15_0.25_exp MRepS random 32 32 0 1048576 1567697 48567591 3.564345 10.000213 1188 13657152 839436589245.00
rmat_s20_ef48_0.45_0.15_0.15_0.25_exp MRepS random 32 32 1 1048576 1567098 48568190 4.567131 11.805993 1184 13657236 839436009807.00
rmat_s20_ef48_0.45_0.15_0.15_0.25_exp MRepS random 32 32 2 1048576 1566451 48568837 4.359802 11.861781 1194 13657241 839436814907.00
rmat_s20_ef48_0.45_0.15_0.15_0.25_exp MRepS random 32 4 0 1048576 12534695 37600593 13.475486 53.048577 1101 13657152 839436589245.00
rmat_s20_ef48_0.45_0.15_0.15_0.25_exp MRepS random 32 4 1 1048576 12532591 37602697 6.592420 53.589427 1110 13657236 839436009807.00
rmat_s20_ef48_0.45_0.15_0.15_0.25_exp MRepS random 32 4 2 1048576 12538050 37597238 6.525802 53.684513 1111 13657241 839436814907.00
rmat_s20_ef48_0.45_0.15_0.15_0.25_exp MRepS random 32 64 0 1048576 785104 49350184 6.583499 9.266021 1193 13657152 839436589245.00
rmat_s20_ef48_0.45_0.15_0.15_0.25_exp MRepS random 32 64 1 1048576 784029 49351259 7.957045 10.667433 1190 13657236 839436009807.00
rmat_s20_ef48_0.45_0.15_0.15_0.25_exp MRepS random 32 64 2 1048576 782200 49353088 7.701389 10.588045 1198 13657241 839436814907.00
rmat_s20_ef48_0.45_0.15_0.15_0.25_exp MRepS random 32 8 0 1048576 6265335 43869953 5.898744 31.823681 1153 13657152 839436589245.00
rmat_s20_ef48_0.45_0.15_0.15_0.25_exp MRepS random 32 8 1 1048576 6267107 43868181 5.052069 32.490345 1158 13657236 839436009807.00
rmat_s20_ef48_0.45_0.15_0.15_0.25_exp MRepS random 32 8 2 1048576 6269292 43865996 4.986197 33.026884 1159 13657241 839436814907.00
rmat_s20_ef48_0.45_0.15_0.15_0.25_exp MRepS random 4 1 0 1048576 50135288 0 33.585332 22.966242 58 1983088 215865331351.00
rmat_s20_ef48_0.45_0.15_0.15_0.25_exp MRepS random 4 1 1 1048576 50135288 0 35.281002 23.434747 58 1983090 215865228432.00
rmat_s20_ef48_0.45_0.15_0.15_0.25_exp MRepS random 4 1 2 1048576 50135288 0 35.069134 24.104189 58 1983093 215865348151.00
rmat_s20_ef48_0.45_0.15_0.15_0.25_exp MRepS random 4 16 0 1048576 3135146 47000142 4.036864 2.001790 104 1983088 215865331351.00
rmat_s20_ef48_0.45_0.15_0.15_0.25_exp MRepS random 4 16 1 1048576 3133799 47001489 4.151902 2.177345 107 1983090 215865228432.00
rmat_s20_ef48_0.45_0.15_0.15_0.25_exp MRepS random 4 16 2 1048576 3132518 47002770 4.161847 2.105987 108 1983093 215865348151.00
rmat_s20_ef48_0.45_0.15_0.15_0.25_exp MRepS random 4 32 0 1048576 1567697 48567591 3.911880 1.238770 104 1983088 215865331351.00
rmat_s20_ef48_0.45_0.15_0.15_0.25_exp MRepS random 4 32 1 1048576 1567098 48568190 4.155474 1.269135 109 1983090 215865228432.00
rmat_s20_ef48_0.45_0.15_0.15_0.25_exp MRepS random 4 32 2 1048576 1566451 48568837 4.377472 1.376330 109 1983093 215865348151.00
rmat_s20_ef48_0.45_0.15_0.15_0.25_exp MRepS random 4 4 0 1048576 12534695 37600593 7.026355 5.516781 100 1983088 215865331351.00
rmat_s20_ef48_0.45_0.15_0.15_0.25_exp MRepS random 4 4 1 1048576 12532591 37602697 6.781525 5.534229 100 1983090 215865228432.00
rmat_s20_ef48_0.45_0.15_0.15_0.25_exp MRepS random 4 4 2 1048576 12538050 37597238 6.480032 5.428982 101 1983093 215865348151.00
rmat_s20_ef48_0.45_0.15_0.15_0.25_exp MRepS random 4 64 0 1048576 785104 49350184 4.852251 0.985902 106 1983088 215865331351.00
rmat_s20_ef48_0.45_0.15_0.15_0.25_exp MRepS random 4 64 1 1048576 784029 49351259 4.492970 0.922543 109 1983090 215865228432.00
rmat_s20_ef48_0.45_0.15_0.15_0.25_exp MRepS random 4 64 2 1048576 782200 49353088 4.621831 1.027035 109 1983093 215865348151.00
rmat_s20_ef48_0.45_0.15_0.15_0.25_exp MRepS random 4 8 0 1048576 6265335 43869953 5.144010 3.323048 103 1983088 215865331351.00
rmat_s20_ef48_0.45_0.15_0.15_0.25_exp MRepS random 4 8 1 1048576 6267107 43868181 4.841057 3.647979 105 1983090 215865228432.00
rmat_s20_ef48_0.45_0.15_0.15_0.25_exp MRepS random 4 8 2 1048576 6269292 43865996 5.155359 3.412202 106 1983093 215865348151.00
rmat_s20_ef48_0.45_0.15_0.15_0.25_exp MRepS random 8 1 0 1048576 50135288 0 31.174101 44.887509 125 3903505 362538726581.00
rmat_s20_ef48_0.45_0.15_0.15_0.25_exp MRepS random 8 1 1 1048576 50135288 0 34.932503 46.054862 125 3903502 362538487536.00
rmat_s20_ef48_0.45_0.15_0.15_0.25_exp MRepS random 8 1 2 1048576 50135288 0 33.897586 46.586640 125 3903504 362538651240.00
rmat_s20_ef48_0.45_0.15_0.15_0.25_exp MRepS random 8 16 0 1048576 3135146 47000142 4.793046 3.936231 228 3903505 362538726581.00
rmat_s20_ef48_0.45_0.15_0.15_0.25_exp MRepS random 8 16 1 1048576 3133799 47001489 4.369483 4.103958 230 3903502 362538487536.00
rmat_s20_ef48_0.45_0.15_0.15_0.25_exp MRepS random 8 16 2 1048576 3132518 47002770 4.154126 4.286677 231 3903504 362538651240.00
rmat_s20_ef48_0.45_0.15_0.15_0.25_exp MRepS random 8 32 0 1048576 1567697 48567591 3.586318 2.176694 230 3903505 362538726581.00
rmat_s20_ef48_0.45_0.15_0.15_0.25_exp MRepS random 8 32 1 1048576 1567098 48568190 6.284066 2.712559 232 3903502 362538487536.00
rmat_s20_ef48_0.45_0.15_0.15_0.25_exp MRepS random 8 32 2 1048576 1566451 48568837 6.684068 2.950265 234 3903504 362538651240.00
rmat_s20_ef48_0.45_0.15_0.15_0.25_exp MRepS random 8 4 0 1048576 12534695 37600593 11.472489 11.093948 217 3903505 362538726581.00
rmat_s20_ef48_0.45_0.15_0.15_0.25_exp MRepS random 8 4 1 1048576 12532591 37602697 6.680949 11.423087 217 3903502 362538487536.00
rmat_s20_ef48_0.45_0.15_0.15_0.25_exp MRepS random 8 4 2 1048576 12538050 37597238 6.569713 10.951145 216 3903504 362538651240.00
rmat_s20_ef48_0.45_0.15_0.15_0.25_exp MRepS random 8 64 0 1048576 785104 49350184 4.652055 1.953285 233 3903505 362538726581.00
rmat_s20_ef48_0.45_0.15_0.15_0.25_exp MRepS random 8 64 1 1048576 784029 49351259 7.712364 2.368181 233 3903502 362538487536.00
rmat_s20_ef48_0.45_0.15_0.15_0.25_exp MRepS random 8 64 2 1048576 782200 49353088 8.016338 2.009993 236 3903504 362538651240.00
rmat_s20_ef48_0.45_0.15_0.15_0.25_exp MRepS random 8 8 0 1048576 6265335 43869953 5.762181 6.524603 226 3903505 362538726581.00
rmat_s20_ef48_0.45_0.15_0.15_0.25_exp MRepS random 8 8 1 1048576 6267107 43868181 5.431864 7.451588 227 3903502 362538487536.00
rmat_s20_ef48_0.45_0.15_0.15_0.25_exp MRepS random 8 8 2 1048576 6269292 43865996 5.218508 7.036336 228 3903504 362538651240.00
rmat_s20_ef48_0.45_0.15_0.15_0.25_uni MRepS diststream 16 16 0 1048576 8762635 41373004 42.863915 8.180483 497 7500088 3039059273190.00
rmat_s20_ef48_0.45_0.15_0.15_0.25_uni MRepS diststream 16 16 1 1048576 8695989 41439650 44.055031 9.085787 499 7500160 3039068528173.00
rmat_s20_ef48_0.45_0.15_0.15_0.25_uni MRepS diststream 16 16 2 1048576 8182260 41953379 43.697687 8.817961 498 7500139 3039064007291.00
rmat_s20_ef48_0.45_0.15_0.15_0.25_uni MRepS diststream 16 32 0 1048576 4465755 45669884 38.127323 4.801534 510 7500072 3039060910652.00
rmat_s20_ef48_0.45_0.15_0.15_0.25_uni MRepS diststream 16 32 1 1048576 4362957 45772682 39.091585 5.598306 509 7500109 3039059194023.00
rmat_s20_ef48_0.45_0.15_0.15_0.25_uni MRepS diststream 16 32 2 1048576 4434257 45701382 38.887388 5.603765 508 7500103 3039068265735.00
rmat_s20_ef48_0.45_0.15_0.15_0.25_uni MRepS diststream 16 4 0 1048576 22513491 27622148 77.784789 22.161663 449 7500199 3039068049196.00
rmat_s20_ef48_0.45_0.15_0.15_0.25_uni MRepS diststream 16 4 1 1048576 22506124 27629515 75.609678 22.548384 452 7500052 3039057890452.00
rmat_s20_ef48_0.45_0.15_0.15_0.25_uni MRepS diststream 16 4 2 1048576 22504127 27631512 76.054659 22.211515 452 7500175 3039061520432.00
rmat_s20_ef48_0.45_0.15_0.15_0.25_uni MRepS diststream 16 64 0 1048576 3106645 47028994 51.277541 4.638011 510 7500145 3039061835945.00
rmat_s20_ef48_0.45_0.15_0.15_0.25_uni MRepS diststream 16 64 1 1048576 3111115 47024524 55.660814 4.654164 514 7500161 3039057013824.00
rmat_s20_ef48_0.45_0.15_0.15_0.25_uni MRepS diststream 16 64 2 1048576 3109271 47026368 56.006716 4.278437 514 7500094 3039064127933.00
rmat_s20_ef48_0.45_0.15_0.15_0.25_uni MRepS diststream 16 8 0 1048576 14710780 35424859 55.936966 13.303267 476 7500126 3039054847007.00
rmat_s20_ef48_0.45_0.15_0.15_0.25_uni MRepS diststream 16 8 1 1048576 14869089 35266550 55.847025 12.969609 476 7500130 3039049613784.00
rmat_s20_ef48_0.45_0.15_0.15_0.25_uni MRepS diststream 16 8 2 1048576 15235333 34900306 56.262350 13.957223 472 7499977 3039039903393.00
rmat_s20_ef48_0.45_0.15_0.15_0.25_uni MRepS diststream 32 16 0 1048576 8762635 41373004 43.834437 16.845244 1131 13661168 5046494190917.00
rmat_s20_ef48_0.45_0.15_0.15_0.25_uni MRepS diststream 32 16 1 1048576 8695989 41439650 43.631347 18.781620 1144 13661221 5046505803931.00
rmat_s20_ef48_0.45_0.15_0.15_0.25_uni MRepS diststream 32 16 2 1048576 8182260 41953379 43.594025 19.123283 1137 13661220 5046496876388.00
rmat_s20_ef48_0.45_0.15_0.15_0.25_uni MRepS diststream 32 32 0 1048576 4465755 45669884 36.580123 10.171464 1174 13661237 5046496351238.00
rmat_s20_ef48_0.45_0.15_0.15_0.25_uni MRepS diststream 32 32 1 1048576 4362957 45772682 39.171514 10.013634 1174 13661229 5046507989931.00
rmat_s20_ef48_0.45_0.15_0.15_0.25_uni MRepS diststream 32 32 2 1048576 4434257 45701382 39.420596 9.661744 1169 13661187 5046498465315.00
rmat_s20_ef48_0.45_0.15_0.15_0.25_uni MRepS diststream 32 4 0 1048576 22513491 27622148 89.261648 48.805442 1022 13661151 5046493193261.00
rmat_s20_ef48_0.45_0.15_0.15_0.25_uni MRepS diststream 32 4 1 1048576 22506124 27629515 74.922009 48.800535 1032 13661174 5046492813005.00
rmat_s20_ef48_0.45_0.15_0.15_0.25_uni MRepS diststream 32 4 2 1048576 22504127 27631512 77.258359 48.374926 1033 13661157 5046494923723.00
rmat_s20_ef48_0.45_0.15_0.15_0.25_uni MRepS diststream 32 64 0 1048576 3106645 47028994 40.226175 9.805461 1176 13661071 5046496411655.00
rmat_s20_ef48_0.45_0.15_0.15_0.25_uni MRepS diststream 32 64 1 1048576 3111115 47024524 52.741670 10.331319 1184 13661103 5046491967372.00
rmat_s20_ef48_0.45_0.15_0.15_0.25_uni MRepS diststream 32 64 2 1048576 3109271 47026368 51.195033 10.221774 1183 13661322 5046508330768.00
rmat_s20_ef48_0.45_0.15_0.15_0.25_uni MRepS diststream 32 8 0 1048576 14710780 35424859 55.924640 29.401392 1089 13661132 5046496276304.00
rmat_s20_ef48_0.45_0.15_0.15_0.25_uni MRepS diststream 32 8 1 1048576 14869089 35266550 55.666489 29.734125 1092 13661173 5046505448790.00
rmat_s20_ef48_0.45_0.15_0.15_0.25_uni MRepS diststream 32 8 2 1048576 15235333 34900306 57.142997 31.170692 1081 13661226 5046505166757.00
rmat_s20_ef48_0.45_0.15_0.15_0.25_uni MRepS diststream 4 16 0 1048576 8762635 41373004 42.975999 1.868880 104 1983327 891726943473.00
rmat_s20_ef48_0.45_0.15_0.15_0.25_uni MRepS diststream 4 16 1 1048576 8695989 41439650 44.708146 2.163478 103 1983325 891724418084.00
rmat_s20_ef48_0.45_0.15_0.15_0.25_uni MRepS diststream 4 16 2 1048576 8182260 41953379 43.756234 1.797836 101 1983311 891726245146.00
rmat_s20_ef48_0.45_0.15_0.15_0.25_uni MRepS diststream 4 32 0 1048576 4465755 45669884 38.311819 1.176772 105 1983309 891722120866.00
rmat_s20_ef48_0.45_0.15_0.15_0.25_uni MRepS diststream 4 32 1 1048576 4362957 45772682 38.597099 1.416022 105 1983326 891729172587.00
rmat_s20_ef48_0.45_0.15_0.15_0.25_uni MRepS diststream 4 32 2 1048576 4434257 45701382 38.674442 1.330860 105 1983322 891727903396.00
rmat_s20_ef48_0.45_0.15_0.15_0.25_uni MRepS diststream 4 4 0 1048576 22513491 27622148 76.081640 5.471968 94 1983314 891722688271.00
rmat_s20_ef48_0.45_0.15_0.15_0.25_uni MRepS diststream 4 4 1 1048576 22506124 27629515 77.608947 5.571517 95 1983327 891724980169.00
rmat_s20_ef48_0.45_0.15_0.15_0.25_uni MRepS diststream 4 4 2 1048576 22504127 27631512 76.209854 5.515453 95 1983311 891723074964.00
rmat_s20_ef48_0.45_0.15_0.15_0.25_uni MRepS diststream 4 64 0 1048576 3106645 47028994 56.327179 1.169916 105 1983320 891731092347.00
rmat_s20_ef48_0.45_0.15_0.15_0.25_uni MRepS diststream 4 64 1 1048576 3111115 47024524 57.610556 1.050419 105 1983322 891722914406.00
rmat_s20_ef48_0.45_0.15_0.15_0.25_uni MRepS diststream 4 64 2 1048576 3109271 47026368 55.090708 0.743633 106 1983319 891725883413.00
rmat_s20_ef48_0.45_0.15_0.15_0.25_uni MRepS diststream 4 8 0 1048576 14710780 35424859 55.006693 3.134032 98 1983319 891722197903.00
rmat_s20_ef48_0.45_0.15_0.15_0.25_uni MRepS diststream 4 8 1 1048576 14869089 35266550 55.925854 3.290482 99 1983321 891726229736.00
rmat_s20_ef48_0.45_0.15_0.15_0.25_uni MRepS diststream 4 8 2 1048576 15235333 34900306 55.517164 3.408953 98 1983318 891723278330.00
rmat_s20_ef48_0.45_0.15_0.15_0.25_uni MRepS diststream 8 16 0 1048576 8762635 41373004 43.271739 3.851501 220 3904197 1689090999859.00
rmat_s20_ef48_0.45_0.15_0.15_0.25_uni MRepS diststream 8 16 1 1048576 8695989 41439650 43.621571 4.145090 220 3904206 1689080640508.00
rmat_s20_ef48_0.45_0.15_0.15_0.25_uni MRepS diststream 8 16 2 1048576 8182260 41953379 43.192559 4.012858 219 3904159 1689089934877.00
rmat_s20_ef48_0.45_0.15_0.15_0.25_uni MRepS diststream 8 32 0 1048576 4465755 45669884 37.675591 2.373895 226 3904140 1689077535268.00
rmat_s20_ef48_0.45_0.15_0.15_0.25_uni MRepS diststream 8 32 1 1048576 4362957 45772682 40.892411 2.797944 226 3904172 1689088927694.00
rmat_s20_ef48_0.45_0.15_0.15_0.25_uni MRepS diststream 8 32 2 1048576 4434257 45701382 40.685874 2.772274 226 3904183 1689085965835.00
rmat_s20_ef48_0.45_0.15_0.15_0.25_uni MRepS diststream 8 4 0 1048576 22513491 27622148 77.782526 10.597658 202 3904212 1689094248996.00
rmat_s20_ef48_0.45_0.15_0.15_0.25_uni MRepS diststream 8 4 1 1048576 22506124 27629515 76.980686 10.869228 203 3904149 1689085237033.00
rmat_s20_ef48_0.45_0.15_0.15_0.25_uni MRepS diststream 8 4 2 1048576 22504127 27631512 76.422914 10.681149 203 3904138 1689084609927.00
rmat_s20_ef48_0.45_0.15_0.15_0.25_uni MRepS diststream 8 64 0 1048576 3106645 47028994 45.129088 2.249433 226 3904169 1689079156525.00
rmat_s20_ef48_0.45_0.15_0.15_0.25_uni MRepS diststream 8 64 1 1048576 3111115 47024524 53.302739 2.341372 226 3904186 1689082732298.00
rmat_s20_ef48_0.45_0.15_0.15_0.25_uni MRepS diststream 8 64 2 1048576 3109271 47026368 53.286088 1.887584 228 3904150 1689081394830.00
rmat_s20_ef48_0.45_0.15_0.15_0.25_uni MRepS diststream 8 8 0 1048576 14710780 35424859 55.397344 6.727960 212 3904180 1689087616288.00
rmat_s20_ef48_0.45_0.15_0.15_0.25_uni MRepS diststream 8 8 1 1048576 14869089 35266550 56.718143 6.135313 212 3904154 1689087510296.00
rmat_s20_ef48_0.45_0.15_0.15_0.25_uni MRepS diststream 8 8 2 1048576 15235333 34900306 56.137557 6.688887 210 3904203 1689086646805.00
rmat_s20_ef48_0.45_0.15_0.15_0.25_uni MRepS random 16 1 0 1048576 50135639 0 34.844057 91.371337 273 7500249 3039072419552.00
rmat_s20_ef48_0.45_0.15_0.15_0.25_uni MRepS random 16 1 1 1048576 50135639 0 35.314714 89.941777 273 7500097 3039059562419.00
rmat_s20_ef48_0.45_0.15_0.15_0.25_uni MRepS random 16 1 2 1048576 50135639 0 34.711876 95.325543 274 7500096 3039064321603.00
rmat_s20_ef48_0.45_0.15_0.15_0.25_uni MRepS random 16 16 0 1048576 3136056 46999583 4.320403 8.871333 515 7500249 3039072419552.00
rmat_s20_ef48_0.45_0.15_0.15_0.25_uni MRepS random 16 16 1 1048576 3134095 47001544 3.987967 8.987053 513 7500097 3039059562419.00
rmat_s20_ef48_0.45_0.15_0.15_0.25_uni MRepS random 16 16 2 1048576 3133167 47002472 4.197137 8.961786 518 7500096 3039064321603.00
rmat_s20_ef48_0.45_0.15_0.15_0.25_uni MRepS random 16 32 0 1048576 1568076 48567563 5.524707 5.494523 517 7500249 3039072419552.00
rmat_s20_ef48_0.45_0.15_0.15_0.25_uni MRepS random 16 32 1 1048576 1566686 48568953 5.814818 5.600572 519 7500097 3039059562419.00
rmat_s20_ef48_0.45_0.15_0.15_0.25_uni MRepS random 16 32 2 1048576 1566532 48569107 5.738874 5.500649 523 7500096 3039064321603.00
rmat_s20_ef48_0.45_0.15_0.15_0.25_uni MRepS random 16 4 0 1048576 12534444 37601195 7.913630 23.863261 483 7500249 3039072419552.00
rmat_s20_ef48_0.45_0.15_0.15_0.25_uni MRepS random 16 4 1 1048576 12537200 37598439 6.506811 23.652167 485 7500097 3039059562419.00
rmat_s20_ef48_0.45_0.15_0.15_0.25_uni MRepS random 16 4 2 1048576 12531868 37603771 6.457616 24.016363 483 7500096 3039064321603.00
rmat_s20_ef48_0.45_0.15_0.15_0.25_uni MRepS random 16 64 0 1048576 784128 49351511 11.429695 5.272243 520 7500249 3039072419552.00
rmat_s20_ef48_0.45_0.15_0.15_0.25_uni MRepS random 16 64 1 1048576 783380 49352259 13.210113 5.696042 523 7500097 3039059562419.00
rmat_s20_ef48_0.45_0.15_0.15_0.25_uni MRepS random 16 64 2 1048576 782185 49353454 12.224851 5.485786 524 7500096 3039064321603.00
rmat_s20_ef48_0.45_0.15_0.15_0.25_uni MRepS random 16 8 0 1048576 6269204 43866435 4.934428 14.951011 507 7500249 3039072419552.00
rmat_s20_ef48_0.45_0.15_0.15_0.25_uni MRepS random 16 8 1 1048576 6269423 43866216 5.066507 14.997722 504 7500097 3039059562419.00
rmat_s20_ef48_0.45_0.15_0.15_0.25_uni MRepS random 16 8 2 1048576 6267020 43868619 5.331258 14.423977 508 7500096 3039064321603.00
rmat_s20_ef48_0.45_0.15_0.15_0.25_uni MRepS random 32 1 0 1048576 50135639 0 30.801834 195.209567 626 13661239 5046498212181.00
rmat_s20_ef48_0.45_0.15_0.15_0.25_uni MRepS random 32 1 1 1048576 50135639 0 34.615886 192.636598 626 13661070 5046494581880.00
rmat_s20_ef48_0.45_0.15_0.15_0.25_uni MRepS random 32 1 2 1048576 50135639 0 35.837556 196.602352 626 13661194 5046498746792.00
rmat_s20_ef48_0.45_0.15_0.15_0.25_uni MRepS random 32 16 0 1048576 3136056 46999583 3.662096 19.724708 1190 13661239 5046498212181.00
rmat_s20_ef48_0.45_0.15_0.15_0.25_uni MRepS random 32 16 1 1048576 3134095 47001544 4.178063 19.788154 1180 13661070 5046494581880.00
rmat_s20_ef48_0.45_0.15_0.15_0.25_uni MRepS random 32 16 2 1048576 3133167 47002472 4.566533 19.413394 1188 13661194 5046498746792.00
rmat_s20_ef48_0.45_0.15_0.15_0.25_uni MRepS random 32 32 0 1048576 1568076 48567563 4.207186 10.889980 1197 13661239 5046498212181.00
rmat_s20_ef48_0.45_0.15_0.15_0.25_uni MRepS random 32 32 1 1048576 1566686 48568953 4.116749 11.430935 1195 13661070 5046494581880.00
rmat_s20_ef48_0.45_0.15_0.15_0.25_uni MRepS random 32 32 2 1048576 1566532 48569107 5.014641 12.121185 1200 13661194 5046498746792.00
rmat_s20_ef48_0.45_0.15_0.15_0.25_uni MRepS random 32 4 0 1048576 12534444 37601195 13.109076 53.303025 1113 13661239 5046498212181.00
rmat_s20_ef48_0.45_0.15_0.15_0.25_uni MRepS random 32 4 1 1048576 12537200 37598439 6.647066 53.506388 1112 13661070 5046494581880.00
rmat_s20_ef48_0.45_0.15_0.15_0.25_uni MRepS random 32 4 2 1048576 12531868 37603771 6.539817 53.260136 1104 13661194 5046498746792.00
rmat_s20_ef48_0.45_0.15_0.15_0.25_uni MRepS random 32 64 0 1048576 784128 49351511 6.697566 10.001469 1204 13661239 5046498212181.00
rmat_s20_ef48_0.45_0.15_0.15_0.25_uni MRepS random 32 64 1 1048576 783380 49352259 8.930730 10.574874 1203 13661070 5046494581880.00
rmat_s20_ef48_0.45_0.15_0.15_0.25_uni MRepS random 32 64 2 1048576 782185 49353454 8.207015 10.649917 1206 13661194 5046498746792.00
rmat_s20_ef48_0.45_0.15_0.15_0.25_uni MRepS random 32 8 0 1048576 6269204 43866435 5.595232 32.498129 1165 13661239 5046498212181.00
rmat_s20_ef48_0.45_0.15_0.15_0.25_uni MRepS random 32 8 1 1048576 6269423 43866216 4.781280 31.035056 1161 13661070 5046494581880.00
rmat_s20_ef48_0.45_0.15_0.15_0.25_uni MRepS random 32 8 2 1048576 6267020 43868619 5.241984 33.508481 1166 13661194 5046498746792.00
rmat_s20_ef48_0.45_0.15_0.15_0.25_uni MRepS random 4 1 0 1048576 50135639 0 33.074348 23.670402 57 1983336 891730428308.00
rmat_s20_ef48_0.45_0.15_0.15_0.25_uni MRepS random 4 1 1 1048576 50135639 0 33.080624 23.297261 57 1983315 891724534377.00
rmat_s20_ef48_0.45_0.15_0.15_0.25_uni MRepS random 4 1 2 1048576 50135639 0 34.930173 22.901579 57 1983306 891725587516.00
rmat_s20_ef48_0.45_0.15_0.15_0.25_uni MRepS random 4 16 0 1048576 3136056 46999583 4.054637 2.063107 107 1983336 891730428308.00
rmat_s20_ef48_0.45_0.15_0.15_0.25_uni MRepS random 4 16 1 1048576 3134095 47001544 3.944465 2.067584 107 1983315 891724534377.00
rmat_s20_ef48_0.45_0.15_0.15_0.25_uni MRepS random 4 16 2 1048576 3133167 47002472 4.263113 2.059070 108 1983306 891725587516.00
rmat_s20_ef48_0.45_0.15_0.15_0.25_uni MRepS random 4 32 0 1048576 1568076 48567563 5.141285 1.172133 108 1983336 891730428308.00
rmat_s20_ef48_0.45_0.15_0.15_0.25_uni MRepS random 4 32 1 1048576 1566686 48568953 5.135660 1.180621 107 1983315 891724534377.00
rmat_s20_ef48_0.45_0.15_0.15_0.25_uni MRepS random 4 32 2 1048576 1566532 48569107 4.702922 1.147748 109 1983306 891725587516.00
rmat_s20_ef48_0.45_0.15_0.15_0.25_uni MRepS random 4 4 0 1048576 12534444 37601195 8.545300 5.558037 98 1983336 891730428308.00
rmat_s20_ef48_0.45_0.15_0.15_0.25_uni MRepS random 4 4 1 1048576 12537200 37598439 8.356169 5.472416 99 1983315 891724534377.00
rmat_s20_ef48_0.45_0.15_0.15_0.25_uni MRepS random 4 4 2 1048576 12531868 37603771 6.505007 5.532808 99 1983306 891725587516.00
rmat_s20_ef48_0.45_0.15_0.15_0.25_uni MRepS random 4 64 0 1048576 784128 49351511 5.195253 1.021671 108 1983336 891730428308.00
rmat_s20_ef48_0.45_0.15_0.15_0.25_uni MRepS random 4 64 1 1048576 783380 49352259 5.035964 1.107958 109 1983315 891724534377.00
rmat_s20_ef48_0.45_0.15_0.15_0.25_uni MRepS random 4 64 2 1048576 782185 49353454 4.889394 0.778457 109 1983306 891725587516.00
rmat_s20_ef48_0.45_0.15_0.15_0.25_uni MRepS random 4 8 0 1048576 6269204 43866435 4.866277 3.350657 103 1983336 891730428308.00
rmat_s20_ef48_0.45_0.15_0.15_0.25_uni MRepS random 4 8 1 1048576 6269423 43866216 4.876536 3.609215 104 1983315 891724534377.00
rmat_s20_ef48_0.45_0.15_0.15_0.25_uni MRepS random 4 8 2 1048576 6267020 43868619 5.102511 3.533354 104 1983306 891725587516.00
rmat_s20_ef48_0.45_0.15_0.15_0.25_uni MRepS random 8 1 0 1048576 50135639 0 32.377140 44.031643 122 3904212 1689093604396.00
rmat_s20_ef48_0.45_0.15_0.15_0.25_uni MRepS random 8 1 1 1048576 50135639 0 35.863000 45.695990 122 3904188 1689092347497.00
rmat_s20_ef48_0.45_0.15_0.15_0.25_uni MRepS random 8 1 2 1048576 50135639 0 34.149677 46.183007 122 3904159 1689086479759.00
rmat_s20_ef48_0.45_0.15_0.15_0.25_uni MRepS random 8 16 0 1048576 3136056 46999583 4.169278 4.073114 228 3904212 1689093604396.00
rmat_s20_ef48_0.45_0.15_0.15_0.25_uni MRepS random 8 16 1 1048576 3134095 47001544 4.381870 4.088769 228 3904188 1689092347497.00
rmat_s20_ef48_0.45_0.15_0.15_0.25_uni MRepS random 8 16 2 1048576 3133167 47002472 4.323644 4.344639 230 3904159 1689086479759.00
rmat_s20_ef48_0.45_0.15_0.15_0.25_uni MRepS random 8 32 0 1048576 1568076 48567563 3.617800 2.236664 229 3904212 1689093604396.00
rmat_s20_ef48_0.45_0.15_0.15_0.25_uni MRepS random 8 32 1 1048576 1566686 48568953 5.988351 2.500731 230 3904188 1689092347497.00
rmat_s20_ef48_0.45_0.15_0.15_0.25_uni MRepS random 8 32 2 1048576 1566532 48569107 6.741570 2.611512 233 3904159 1689086479759.00
rmat_s20_ef48_0.45_0.15_0.15_0.25_uni MRepS random 8 4 0 1048576 12534444 37601195 8.197605 10.802132 215 3904212 1689093604396.00
rmat_s20_ef48_0.45_0.15_0.15_0.25_uni MRepS random 8 4 1 1048576 12537200 37598439 6.533261 11.408286 213 3904188 1689092347497.00
rmat_s20_ef48_0.45_0.15_0.15_0.25_uni MRepS random 8 4 2 1048576 12531868 37603771 6.486966 10.887315 213 3904159 1689086479759.00
rmat_s20_ef48_0.45_0.15_0.15_0.25_uni MRepS random 8 64 0 1048576 784128 49351511 11.338031 2.271868 231 3904212 1689093604396.00
rmat_s20_ef48_0.45_0.15_0.15_0.25_uni MRepS random 8 64 1 1048576 783380 49352259 13.197445 2.475841 233 3904188 1689092347497.00
rmat_s20_ef48_0.45_0.15_0.15_0.25_uni MRepS random 8 64 2 1048576 782185 49353454 12.617207 2.494714 233 3904159 1689086479759.00
rmat_s20_ef48_0.45_0.15_0.15_0.25_uni MRepS random 8 8 0 1048576 6269204 43866435 5.850362 6.755496 224 3904212 1689093604396.00
rmat_s20_ef48_0.45_0.15_0.15_0.25_uni MRepS random 8 8 1 1048576 6269423 43866216 5.361696 6.790985 222 3904188 1689092347497.00
rmat_s20_ef48_0.45_0.15_0.15_0.25_uni MRepS random 8 8 2 1048576 6267020 43868619 5.416425 6.946829 225 3904159 1689086479759.00
rmat_s20_ef48_0.55_0.15_0.15_0.15_exp MRepS diststream 16 16 0 1048576 5161810 42959681 42.925008 6.252819 550 4086007 294532884308.00
rmat_s20_ef48_0.55_0.15_0.15_0.15_exp MRepS diststream 16 16 1 1048576 5054616 43066875 43.121698 6.471722 549 4086018 294533167581.00
rmat_s20_ef48_0.55_0.15_0.15_0.15_exp MRepS diststream 16 16 2 1048576 4985182 43136309 44.251111 6.265318 545 4086011 294533102479.00
rmat_s20_ef48_0.55_0.15_0.15_0.15_exp MRepS diststream 16 32 0 1048576 3121485 45000006 37.345933 3.589478 558 4086005 294532931172.00
rmat_s20_ef48_0.55_0.15_0.15_0.15_exp MRepS diststream 16 32 1 1048576 3135625 44985866 38.062938 4.537756 556 4086021 294533354459.00
rmat_s20_ef48_0.55_0.15_0.15_0.15_exp MRepS diststream 16 32 2 1048576 3120070 45001421 38.328160 4.443547 555 4086010 294533019250.00
rmat_s20_ef48_0.55_0.15_0.15_0.15_exp MRepS diststream 16 4 0 1048576 17910623 30210868 78.243054 22.887002 505 4086009 294533120863.00
rmat_s20_ef48_0.55_0.15_0.15_0.15_exp MRepS diststream 16 4 1 1048576 18915667 29205824 77.514081 22.541084 501 4086010 294532956185.00
rmat_s20_ef48_0.55_0.15_0.15_0.15_exp MRepS diststream 16 4 2 1048576 17793392 30328099 74.932374 23.251552 513 4086025 294533345586.00
rmat_s20_ef48_0.55_0.15_0.15_0.15_exp MRepS diststream 16 64 0 1048576 2126372 45995119 52.060769 3.589804 560 4086006 294533070755.00
rmat_s20_ef48_0.55_0.15_0.15_0.15_exp MRepS diststream 16 64 1 1048576 2124958 45996533 54.643173 3.564133 559 4086029 294533453709.00
rmat_s20_ef48_0.55_0.15_0.15_0.15_exp MRepS diststream 16 64 2 1048576 2123232 45998259 54.870284 2.569741 564 4086016 294532964534.00
rmat_s20_ef48_0.55_0.15_0.15_0.15_exp MRepS diststream 16 8 0 1048576 11383583 36737908 55.056590 13.560283 526 4086004 294533061997.00
rmat_s20_ef48_0.55_0.15_0.15_0.15_exp MRepS diststream 16 8 1 1048576 11190592 36930899 55.837748 12.573673 524 4086011 294533023477.00
rmat_s20_ef48_0.55_0.15_0.15_0.15_exp MRepS diststream 16 8 2 1048576 10567668 37553823 55.066929 13.841647 526 4086024 294533140345.00
rmat_s20_ef48_0.55_0.15_0.15_0.15_exp MRepS diststream 32 16 0 1048576 5161810 42959681 42.871750 12.050806 1290 6744789 428175066287.00
rmat_s20_ef48_0.55_0.15_0.15_0.15_exp MRepS diststream 32 16 1 1048576 5054616 43066875 43.225631 12.830186 1283 6744767 428174947366.00
rmat_s20_ef48_0.55_0.15_0.15_0.15_exp MRepS diststream 32 16 2 1048576 4985182 43136309 43.623976 12.648164 1278 6744772 428174690410.00
rmat_s20_ef48_0.55_0.15_0.15_0.15_exp MRepS diststream 32 32 0 1048576 3121485 45000006 37.365450 7.978074 1298 6744779 428174953863.00
rmat_s20_ef48_0.55_0.15_0.15_0.15_exp MRepS diststream 32 32 1 1048576 3135625 44985866 37.927714 9.907958 1300 6744783 428175008837.00
rmat_s20_ef48_0.55_0.15_0.15_0.15_exp MRepS diststream 32 32 2 1048576 3120070 45001421 38.744109 9.823700 1299 6744781 428174997992.00
rmat_s20_ef48_0.55_0.15_0.15_0.15_exp MRepS diststream 32 4 0 1048576 17910623 30210868 82.483270 49.623547 1177 6744777 428175255747.00
rmat_s20_ef48_0.55_0.15_0.15_0.15_exp MRepS diststream 32 4 1 1048576 18915667 29205824 77.404943 48.778928 1164 6744773 428175000413.00
rmat_s20_ef48_0.55_0.15_0.15_0.15_exp MRepS diststream 32 4 2 1048576 17793392 30328099 75.084186 49.957899 1180 6744776 428174980176.00
rmat_s20_ef48_0.55_0.15_0.15_0.15_exp MRepS diststream 32 64 0 1048576 2126372 45995119 49.097332 7.938544 1310 6744774 428175086872.00
rmat_s20_ef48_0.55_0.15_0.15_0.15_exp MRepS diststream 32 64 1 1048576 2124958 45996533 54.500577 8.369824 1309 6744768 428174953808.00
rmat_s20_ef48_0.55_0.15_0.15_0.15_exp MRepS diststream 32 64 2 1048576 2123232 45998259 54.289833 8.277570 1308 6744775 428175096524.00
rmat_s20_ef48_0.55_0.15_0.15_0.15_exp MRepS diststream 32 8 0 1048576 11383583 36737908 55.273336 29.898459 1228 6744793 428174934587.00
rmat_s20_ef48_0.55_0.15_0.15_0.15_exp MRepS diststream 32 8 1 1048576 11190592 36930899 54.649730 29.269882 1230 6744765 428174915603.00
rmat_s20_ef48_0.55_0.15_0.15_0.15_exp MRepS diststream 32 8 2 1048576 10567668 37553823 55.315672 28.210374 1226 6744765 428174998279.00
rmat_s20_ef48_0.55_0.15_0.15_0.15_exp MRepS diststream 4 16 0 1048576 5161810 42959681 44.004320 1.623196 107 1324973 120664681988.00
rmat_s20_ef48_0.55_0.15_0.15_0.15_exp MRepS diststream 4 16 1 1048576 5054616 43066875 42.949423 1.544782 107 1324977 120664776647.00
rmat_s20_ef48_0.55_0.15_0.15_0.15_exp MRepS diststream 4 16 2 1048576 4985182 43136309 43.596494 1.669475 105 1324966 120664571084.00
rmat_s20_ef48_0.55_0.15_0.15_0.15_exp MRepS diststream 4 32 0 1048576 3121485 45000006 38.124576 0.878714 109 1324967 120664476989.00
rmat_s20_ef48_0.55_0.15_0.15_0.15_exp MRepS diststream 4 32 1 1048576 3135625 44985866 38.142085 1.146808 108 1324976 120664753474.00
rmat_s20_ef48_0.55_0.15_0.15_0.15_exp MRepS diststream 4 32 2 1048576 3120070 45001421 38.549510 1.064796 109 1324975 120664846724.00
rmat_s20_ef48_0.55_0.15_0.15_0.15_exp MRepS diststream 4 4 0 1048576 17910623 30210868 76.349344 5.539482 99 1324971 120664678014.00
rmat_s20_ef48_0.55_0.15_0.15_0.15_exp MRepS diststream 4 4 1 1048576 18915667 29205824 76.142370 5.709540 97 1324975 120664694306.00
rmat_s20_ef48_0.55_0.15_0.15_0.15_exp MRepS diststream 4 4 2 1048576 17793392 30328099 75.613507 5.637585 98 1324972 120664625529.00
rmat_s20_ef48_0.55_0.15_0.15_0.15_exp MRepS diststream 4 64 0 1048576 2126372 45995119 53.248837 0.939042 111 1324969 120664613897.00
rmat_s20_ef48_0.55_0.15_0.15_0.15_exp MRepS diststream 4 64 1 1048576 2124958 45996533 54.743180 0.837382 110 1324969 120664623734.00
rmat_s20_ef48_0.55_0.15_0.15_0.15_exp MRepS diststream 4 64 2 1048576 2123232 45998259 54.599121 0.647537 109 1324973 120664733696.00
rmat_s20_ef48_0.55_0.15_0.15_0.15_exp MRepS diststream 4 8 0 1048576 11383583 36737908 56.035783 3.139688 102 1324969 120664587669.00
rmat_s20_ef48_0.55_0.15_0.15_0.15_exp MRepS diststream 4 8 1 1048576 11190592 36930899 54.924847 3.113991 101 1324974 120664719772.00
rmat_s20_ef48_0.55_0.15_0.15_0.15_exp MRepS diststream 4 8 2 1048576 10567668 37553823 56.996455 3.271000 105 1324976 120664779190.00
rmat_s20_ef48_0.55_0.15_0.15_0.15_exp MRepS diststream 8 16 0 1048576 5161810 42959681 43.254890 3.021046 240 2384060 193423388280.00
rmat_s20_ef48_0.55_0.15_0.15_0.15_exp MRepS diststream 8 16 1 1048576 5054616 43066875 43.366684 3.351252 241 2384068 193423502067.00
rmat_s20_ef48_0.55_0.15_0.15_0.15_exp MRepS diststream 8 16 2 1048576 4985182 43136309 43.389941 3.218493 236 2384063 193423253576.00
rmat_s20_ef48_0.55_0.15_0.15_0.15_exp MRepS diststream 8 32 0 1048576 3121485 45000006 37.654597 1.729064 245 2384063 193423333935.00
rmat_s20_ef48_0.55_0.15_0.15_0.15_exp MRepS diststream 8 32 1 1048576 3135625 44985866 38.123837 2.263647 243 2384065 193423300536.00
rmat_s20_ef48_0.55_0.15_0.15_0.15_exp MRepS diststream 8 32 2 1048576 3120070 45001421 38.280760 2.162654 243 2384065 193423348518.00
rmat_s20_ef48_0.55_0.15_0.15_0.15_exp MRepS diststream 8 4 0 1048576 17910623 30210868 80.493145 10.917496 220 2384073 193423492708.00
rmat_s20_ef48_0.55_0.15_0.15_0.15_exp MRepS diststream 8 4 1 1048576 18915667 29205824 77.396763 10.861641 220 2384066 193423294848.00
rmat_s20_ef48_0.55_0.15_0.15_0.15_exp MRepS diststream 8 4 2 1048576 17793392 30328099 75.580086 10.907296 222 2384057 193423236428.00
rmat_s20_ef48_0.55_0.15_0.15_0.15_exp MRepS diststream 8 64 0 1048576 2126372 45995119 49.102377 1.768869 247 2384063 193423332280.00
rmat_s20_ef48_0.55_0.15_0.15_0.15_exp MRepS diststream 8 64 1 1048576 2124958 45996533 53.412216 1.739641 246 2384062 193423278603.00
rmat_s20_ef48_0.55_0.15_0.15_0.15_exp MRepS diststream 8 64 2 1048576 2123232 45998259 53.230612 1.240437 246 2384062 193423345488.00
rmat_s20_ef48_0.55_0.15_0.15_0.15_exp MRepS diststream 8 8 0 1048576 11383583 36737908 55.710155 6.206698 228 2384063 193423290081.00
rmat_s20_ef48_0.55_0.15_0.15_0.15_exp MRepS diststream 8 8 1 1048576 11190592 36930899 55.341070 6.526727 226 2384069 193423419088.00
rmat_s20_ef48_0.55_0.15_0.15_0.15_exp MRepS diststream 8 8 2 1048576 10567668 37553823 55.341694 6.378359 230 2384061 193423184247.00
rmat_s20_ef48_0.55_0.15_0.15_0.15_exp MRepS random 16 1 0 1048576 48121491 0 33.305845 101.844414 295 4086018 294533256708.00
rmat_s20_ef48_0.55_0.15_0.15_0.15_exp MRepS random 16 1 1 1048576 48121491 0 27.938537 88.919713 295 4086005 294532984924.00
rmat_s20_ef48_0.55_0.15_0.15_0.15_exp MRepS random 16 1 2 1048576 48121491 0 28.239204 90.276474 295 4086027 294533320334.00
rmat_s20_ef48_0.55_0.15_0.15_0.15_exp MRepS random 16 16 0 1048576 3006573 45114918 3.481490 7.027916 561 4086018 294533256708.00
rmat_s20_ef48_0.55_0.15_0.15_0.15_exp MRepS random 16 16 1 1048576 3006509 45114982 3.860505 7.220939 561 4086005 294532984924.00
rmat_s20_ef48_0.55_0.15_0.15_0.15_exp MRepS random 16 16 2 1048576 3011174 45110317 3.639014 6.948204 562 4086027 294533320334.00
rmat_s20_ef48_0.55_0.15_0.15_0.15_exp MRepS random 16 32 0 1048576 1502893 46618598 4.092392 4.099106 564 4086018 294533256708.00
rmat_s20_ef48_0.55_0.15_0.15_0.15_exp MRepS random 16 32 1 1048576 1503099 46618392 4.035300 4.008036 566 4086005 294532984924.00
rmat_s20_ef48_0.55_0.15_0.15_0.15_exp MRepS random 16 32 2 1048576 1504839 46616652 4.817237 4.945920 565 4086027 294533320334.00
rmat_s20_ef48_0.55_0.15_0.15_0.15_exp MRepS random 16 4 0 1048576 12030506 36090985 5.887860 24.911551 529 4086018 294533256708.00
rmat_s20_ef48_0.55_0.15_0.15_0.15_exp MRepS random 16 4 1 1048576 12031109 36090382 5.740632 24.904635 533 4086005 294532984924.00
rmat_s20_ef48_0.55_0.15_0.15_0.15_exp MRepS random 16 4 2 1048576 12032859 36088632 5.619242 25.115486 533 4086027 294533320334.00
rmat_s20_ef48_0.55_0.15_0.15_0.15_exp MRepS random 16 64 0 1048576 752109 47369382 12.716784 4.622679 569 4086018 294533256708.00
rmat_s20_ef48_0.55_0.15_0.15_0.15_exp MRepS random 16 64 1 1048576 751279 47370212 13.389302 4.825857 568 4086005 294532984924.00
rmat_s20_ef48_0.55_0.15_0.15_0.15_exp MRepS random 16 64 2 1048576 752202 47369289 12.719348 4.545772 568 4086027 294533320334.00
rmat_s20_ef48_0.55_0.15_0.15_0.15_exp MRepS random 16 8 0 1048576 6015398 42106093 4.457664 14.410758 556 4086018 294533256708.00
rmat_s20_ef48_0.55_0.15_0.15_0.15_exp MRepS random 16 8 1 1048576 6013437 42108054 4.538481 14.267985 552 4086005 294532984924.00
rmat_s20_ef48_0.55_0.15_0.15_0.15_exp MRepS random 16 8 2 1048576 6018977 42102514 4.465963 15.463131 550 4086027 294533320334.00
rmat_s20_ef48_0.55_0.15_0.15_0.15_exp MRepS random 32 1 0 1048576 48121491 0 29.427448 197.156095 684 6744780 428174911435.00
rmat_s20_ef48_0.55_0.15_0.15_0.15_exp MRepS random 32 1 1 1048576 48121491 0 29.016969 192.891835 684 6744776 428175011066.00
rmat_s20_ef48_0.55_0.15_0.15_0.15_exp MRepS random 32 1 2 1048576 48121491 0 30.033653 195.674444 684 6744782 428175056530.00
rmat_s20_ef48_0.55_0.15_0.15_0.15_exp MRepS random 32 16 0 1048576 3006573 45114918 3.655684 14.799128 1304 6744780 428174911435.00
rmat_s20_ef48_0.55_0.15_0.15_0.15_exp MRepS random 32 16 1 1048576 3006509 45114982 3.747025 15.007066 1304 6744776 428175011066.00
rmat_s20_ef48_0.55_0.15_0.15_0.15_exp MRepS random 32 16 2 1048576 3011174 45110317 4.378714 15.358646 1308 6744782 428175056530.00
rmat_s20_ef48_0.55_0.15_0.15_0.15_exp MRepS random 32 32 0 1048576 1502893 46618598 3.317072 9.272626 1316 6744780 428174911435.00
rmat_s20_ef48_0.55_0.15_0.15_0.15_exp MRepS random 32 32 1 1048576 1503099 46618392 4.375936 10.001434 1315 6744776 428175011066.00
rmat_s20_ef48_0.55_0.15_0.15_0.15_exp MRepS random 32 32 2 1048576 1504839 46616652 4.193176 9.937000 1318 6744782 428175056530.00
rmat_s20_ef48_0.55_0.15_0.15_0.15_exp MRepS random 32 4 0 1048576 12030506 36090985 5.639523 54.649176 1225 6744780 428174911435.00
rmat_s20_ef48_0.55_0.15_0.15_0.15_exp MRepS random 32 4 1 1048576 12031109 36090382 5.629174 54.828809 1236 6744776 428175011066.00
rmat_s20_ef48_0.55_0.15_0.15_0.15_exp MRepS random 32 4 2 1048576 12032859 36088632 5.617195 55.290440 1236 6744782 428175056530.00
rmat_s20_ef48_0.55_0.15_0.15_0.15_exp MRepS random 32 64 0 1048576 752109 47369382 14.239429 11.184053 1325 6744780 428174911435.00
rmat_s20_ef48_0.55_0.15_0.15_0.15_exp MRepS random 32 64 1 1048576 751279 47370212 14.232537 10.848572 1319 6744776 428175011066.00
rmat_s20_ef48_0.55_0.15_0.15_0.15_exp MRepS random 32 64 2 1048576 752202 47369289 13.529433 11.039790 1325 6744782 428175056530.00
rmat_s20_ef48_0.55_0.15_0.15_0.15_exp MRepS random 32 8 0 1048576 6015398 42106093 4.691044 30.265190 1285 6744780 428174911435.00
rmat_s20_ef48_0.55_0.15_0.15_0.15_exp MRepS random 32 8 1 1048576 6013437 42108054 4.164695 31.513202 1283 6744776 428175011066.00
rmat_s20_ef48_0.55_0.15_0.15_0.15_exp MRepS random 32 8 2 1048576 6018977 42102514 4.320600 31.409233 1285 6744782 428175056530.00
rmat_s20_ef48_0.55_0.15_0.15_0.15_exp MRepS random 4 1 0 1048576 48121491 0 27.162114 24.471505 58 1324968 120664678742.00
rmat_s20_ef48_0.55_0.15_0.15_0.15_exp MRepS random 4 1 1 1048576 48121491 0 27.505124 24.891216 58 1324970 120664628057.00
rmat_s20_ef48_0.55_0.15_0.15_0.15_exp MRepS random 4 1 2 1048576 48121491 0 30.399990 24.384333 58 1324971 120664671309.00
rmat_s20_ef48_0.55_0.15_0.15_0.15_exp MRepS random 4 16 0 1048576 3006573 45114918 3.770970 1.797280 110 1324968 120664678742.00
rmat_s20_ef48_0.55_0.15_0.15_0.15_exp MRepS random 4 16 1 1048576 3006509 45114982 3.578608 1.705353 109 1324970 120664628057.00
rmat_s20_ef48_0.55_0.15_0.15_0.15_exp MRepS random 4 16 2 1048576 3011174 45110317 3.847693 1.601252 111 1324971 120664671309.00
rmat_s20_ef48_0.55_0.15_0.15_0.15_exp MRepS random 4 32 0 1048576 1502893 46618598 5.196765 1.008061 111 1324968 120664678742.00
rmat_s20_ef48_0.55_0.15_0.15_0.15_exp MRepS random 4 32 1 1048576 1503099 46618392 5.470335 1.000020 110 1324970 120664628057.00
rmat_s20_ef48_0.55_0.15_0.15_0.15_exp MRepS random 4 32 2 1048576 1504839 46616652 4.628066 1.025297 111 1324971 120664671309.00
rmat_s20_ef48_0.55_0.15_0.15_0.15_exp MRepS random 4 4 0 1048576 12030506 36090985 7.810743 5.908784 103 1324968 120664678742.00
rmat_s20_ef48_0.55_0.15_0.15_0.15_exp MRepS random 4 4 1 1048576 12031109 36090382 7.356144 5.897743 105 1324970 120664628057.00
rmat_s20_ef48_0.55_0.15_0.15_0.15_exp MRepS random 4 4 2 1048576 12032859 36088632 5.564369 6.149065 105 1324971 120664671309.00
rmat_s20_ef48_0.55_0.15_0.15_0.15_exp MRepS random 4 64 0 1048576 752109 47369382 5.038145 0.850487 111 1324968 120664678742.00
rmat_s20_ef48_0.55_0.15_0.15_0.15_exp MRepS random 4 64 1 1048576 751279 47370212 4.687578 0.816095 111 1324970 120664628057.00
rmat_s20_ef48_0.55_0.15_0.15_0.15_exp MRepS random 4 64 2 1048576 752202 47369289 4.838776 0.619477 111 1324971 120664671309.00
rmat_s20_ef48_0.55_0.15_0.15_0.15_exp MRepS random 4 8 0 1048576 6015398 42106093 4.423760 3.261633 108 1324968 120664678742.00
rmat_s20_ef48_0.55_0.15_0.15_0.15_exp MRepS random 4 8 1 1048576 6013437 42108054 4.347522 3.256296 107 1324970 120664628057.00
rmat_s20_ef48_0.55_0.15_0.15_0.15_exp MRepS random 4 8 2 1048576 6018977 42102514 4.385157 3.368650 110 1324971 120664671309.00
rmat_s20_ef48_0.55_0.15_0.15_0.15_exp MRepS random 8 1 0 1048576 48121491 0 27.905749 50.012234 129 2384060 193423407917.00
rmat_s20_ef48_0.55_0.15_0.15_0.15_exp MRepS random 8 1 1 1048576 48121491 0 28.171575 49.271929 129 2384061 193423387715.00
rmat_s20_ef48_0.55_0.15_0.15_0.15_exp MRepS random 8 1 2 1048576 48121491 0 30.222180 49.337794 129 2384058 193423310667.00
rmat_s20_ef48_0.55_0.15_0.15_0.15_exp MRepS random 8 16 0 1048576 3006573 45114918 3.646172 3.575985 244 2384060 193423407917.00
rmat_s20_ef48_0.55_0.15_0.15_0.15_exp MRepS random 8 16 1 1048576 3006509 45114982 3.479268 3.533572 247 2384061 193423387715.00
rmat_s20_ef48_0.55_0.15_0.15_0.15_exp MRepS random 8 16 2 1048576 3011174 45110317 3.863662 3.550149 248 2384058 193423310667.00
rmat_s20_ef48_0.55_0.15_0.15_0.15_exp MRepS random 8 32 0 1048576 1502893 46618598 6.151902 2.244077 247 2384060 193423407917.00
rmat_s20_ef48_0.55_0.15_0.15_0.15_exp MRepS random 8 32 1 1048576 1503099 46618392 6.141185 2.232751 248 2384061 193423387715.00
rmat_s20_ef48_0.55_0.15_0.15_0.15_exp MRepS random 8 32 2 1048576 1504839 46616652 5.922513 2.140676 249 2384058 193423310667.00
rmat_s20_ef48_0.55_0.15_0.15_0.15_exp MRepS random 8 4 0 1048576 12030506 36090985 6.835600 11.680790 228 2384060 193423407917.00
rmat_s20_ef48_0.55_0.15_0.15_0.15_exp MRepS random 8 4 1 1048576 12031109 36090382 6.470139 11.775131 234 2384061 193423387715.00
rmat_s20_ef48_0.55_0.15_0.15_0.15_exp MRepS random 8 4 2 1048576 12032859 36088632 5.568957 11.674271 233 2384058 193423310667.00
rmat_s20_ef48_0.55_0.15_0.15_0.15_exp MRepS random 8 64 0 1048576 752109 47369382 9.865644 2.054028 249 2384060 193423407917.00
rmat_s20_ef48_0.55_0.15_0.15_0.15_exp MRepS random 8 64 1 1048576 751279 47370212 9.233171 2.127365 249 2384061 193423387715.00
rmat_s20_ef48_0.55_0.15_0.15_0.15_exp MRepS random 8 64 2 1048576 752202 47369289 5.083350 1.202231 249 2384058 193423310667.00
rmat_s20_ef48_0.55_0.15_0.15_0.15_exp MRepS random 8 8 0 1048576 6015398 42106093 4.628935 6.877381 242 2384060 193423407917.00
rmat_s20_ef48_0.55_0.15_0.15_0.15_exp MRepS random 8 8 1 1048576 6013437 42108054 4.295305 6.744334 243 2384061 193423387715.00
rmat_s20_ef48_0.55_0.15_0.15_0.15_exp MRepS random 8 8 2 1048576 6018977 42102514 4.380203 6.922374 243 2384058 193423310667.00
rmat_s20_ef48_0.55_0.15_0.15_0.15_uni MRepS diststream 16 16 0 1048576 7965783 40160019 43.134355 8.748561 542 4088413 1533141981521.00
rmat_s20_ef48_0.55_0.15_0.15_0.15_uni MRepS diststream 16 16 1 1048576 7968967 40156835 43.159651 7.464837 533 4088375 1533131027779.00
rmat_s20_ef48_0.55_0.15_0.15_0.15_uni MRepS diststream 16 16 2 1048576 7907085 40218717 43.888368 7.884732 534 4088374 1533129449251.00
rmat_s20_ef48_0.55_0.15_0.15_0.15_uni MRepS diststream 16 32 0 1048576 4465061 43660741 38.465313 3.307646 555 4088386 1533139047211.00
rmat_s20_ef48_0.55_0.15_0.15_0.15_uni MRepS diststream 16 32 1 1048576 4588059 43537743 38.125728 4.567455 551 4088352 1533133223258.00
rmat_s20_ef48_0.55_0.15_0.15_0.15_uni MRepS diststream 16 32 2 1048576 4466913 43658889 37.696746 4.526131 551 4088367 1533127558395.00
rmat_s20_ef48_0.55_0.15_0.15_0.15_uni MRepS diststream 16 4 0 1048576 19422909 28702893 77.399510 24.178440 496 4088368 1533131687978.00
rmat_s20_ef48_0.55_0.15_0.15_0.15_uni MRepS diststream 16 4 1 1048576 19631007 28494795 75.356717 24.578212 489 4088375 1533130427286.00
rmat_s20_ef48_0.55_0.15_0.15_0.15_uni MRepS diststream 16 4 2 1048576 19603278 28522524 75.450948 24.585186 489 4088426 1533137959923.00
rmat_s20_ef48_0.55_0.15_0.15_0.15_uni MRepS diststream 16 64 0 1048576 2598873 45526929 53.615196 3.860916 558 4088421 1533135403901.00
rmat_s20_ef48_0.55_0.15_0.15_0.15_uni MRepS diststream 16 64 1 1048576 2602408 45523394 56.661474 3.943644 561 4088403 1533142063522.00
rmat_s20_ef48_0.55_0.15_0.15_0.15_uni MRepS diststream 16 64 2 1048576 2601808 45523994 56.426426 3.483193 561 4088414 1533134249656.00
rmat_s20_ef48_0.55_0.15_0.15_0.15_uni MRepS diststream 16 8 0 1048576 12415241 35710561 54.372999 13.388843 534 4088397 1533139724180.00
rmat_s20_ef48_0.55_0.15_0.15_0.15_uni MRepS diststream 16 8 1 1048576 12258256 35867546 57.498896 14.236803 522 4088415 1533138387441.00
rmat_s20_ef48_0.55_0.15_0.15_0.15_uni MRepS diststream 16 8 2 1048576 12229418 35896384 55.369702 12.791470 517 4088384 1533137301971.00
rmat_s20_ef48_0.55_0.15_0.15_0.15_uni MRepS diststream 32 16 0 1048576 7965783 40160019 43.919016 17.287960 1253 6747100 2402180294954.00
rmat_s20_ef48_0.55_0.15_0.15_0.15_uni MRepS diststream 32 16 1 1048576 7968967 40156835 44.056520 16.267050 1256 6747100 2402177901780.00
rmat_s20_ef48_0.55_0.15_0.15_0.15_uni MRepS diststream 32 16 2 1048576 7907085 40218717 44.168130 17.995150 1249 6747075 2402176186614.00
rmat_s20_ef48_0.55_0.15_0.15_0.15_uni MRepS diststream 32 32 0 1048576 4465061 43660741 37.117316 7.703802 1292 6747083 2402176452997.00
rmat_s20_ef48_0.55_0.15_0.15_0.15_uni MRepS diststream 32 32 1 1048576 4588059 43537743 37.300605 8.949204 1289 6747088 2402171868757.00
rmat_s20_ef48_0.55_0.15_0.15_0.15_uni MRepS diststream 32 32 2 1048576 4466913 43658889 37.763088 8.995286 1286 6747066 2402175305918.00
rmat_s20_ef48_0.55_0.15_0.15_0.15_uni MRepS diststream 32 4 0 1048576 19422909 28702893 77.702160 52.352471 1152 6747118 2402178516321.00
rmat_s20_ef48_0.55_0.15_0.15_0.15_uni MRepS diststream 32 4 1 1048576 19631007 28494795 75.801239 53.383695 1137 6747079 2402176760509.00
rmat_s20_ef48_0.55_0.15_0.15_0.15_uni MRepS diststream 32 4 2 1048576 19603278 28522524 74.287500 53.568812 1145 6747100 2402172512228.00
rmat_s20_ef48_0.55_0.15_0.15_0.15_uni MRepS diststream 32 64 0 1048576 2598873 45526929 51.770914 8.009757 1302 6747084 2402180325955.00
rmat_s20_ef48_0.55_0.15_0.15_0.15_uni MRepS diststream 32 64 1 1048576 2602408 45523394 56.135509 7.381165 1309 6747105 2402178876144.00
rmat_s20_ef48_0.55_0.15_0.15_0.15_uni MRepS diststream 32 64 2 1048576 2601808 45523994 55.197922 5.706745 1302 6747114 2402177018338.00
rmat_s20_ef48_0.55_0.15_0.15_0.15_uni MRepS diststream 32 8 0 1048576 12415241 35710561 56.670873 27.698273 1227 6747124 2402176867459.00
rmat_s20_ef48_0.55_0.15_0.15_0.15_uni MRepS diststream 32 8 1 1048576 12258256 35867546 54.901753 29.673359 1222 6747112 2402180919711.00
rmat_s20_ef48_0.55_0.15_0.15_0.15_uni MRepS diststream 32 8 2 1048576 12229418 35896384 55.619642 28.217933 1216 6747110 2402172630038.00
rmat_s20_ef48_0.55_0.15_0.15_0.15_uni MRepS diststream 4 16 0 1048576 7965783 40160019 43.046948 1.839123 108 1325440 536856360627.00
rmat_s20_ef48_0.55_0.15_0.15_0.15_uni MRepS diststream 4 16 1 1048576 7968967 40156835 42.737414 1.779672 104 1325434 536855601172.00
rmat_s20_ef48_0.55_0.15_0.15_0.15_uni MRepS diststream 4 16 2 1048576 7907085 40218717 43.726172 1.802188 105 1325433 536857875217.00
rmat_s20_ef48_0.55_0.15_0.15_0.15_uni MRepS diststream 4 32 0 1048576 4465061 43660741 38.113396 0.878044 107 1325458 536859877942.00
rmat_s20_ef48_0.55_0.15_0.15_0.15_uni MRepS diststream 4 32 1 1048576 4588059 43537743 38.823547 1.055677 108 1325455 536858340514.00
rmat_s20_ef48_0.55_0.15_0.15_0.15_uni MRepS diststream 4 32 2 1048576 4466913 43658889 38.226309 1.071366 106 1325443 536859625476.00
rmat_s20_ef48_0.55_0.15_0.15_0.15_uni MRepS diststream 4 4 0 1048576 19422909 28702893 75.498381 5.799019 99 1325448 536858918344.00
rmat_s20_ef48_0.55_0.15_0.15_0.15_uni MRepS diststream 4 4 1 1048576 19631007 28494795 74.315361 5.947535 96 1325440 536857796890.00
rmat_s20_ef48_0.55_0.15_0.15_0.15_uni MRepS diststream 4 4 2 1048576 19603278 28522524 75.652863 5.570609 97 1325441 536856781442.00
rmat_s20_ef48_0.55_0.15_0.15_0.15_uni MRepS diststream 4 64 0 1048576 2598873 45526929 55.259426 0.848301 110 1325442 536858345472.00
rmat_s20_ef48_0.55_0.15_0.15_0.15_uni MRepS diststream 4 64 1 1048576 2602408 45523394 56.343998 0.886460 110 1325453 536860655614.00
rmat_s20_ef48_0.55_0.15_0.15_0.15_uni MRepS diststream 4 64 2 1048576 2601808 45523994 56.642898 0.887190 110 1325436 536854522763.00
rmat_s20_ef48_0.55_0.15_0.15_0.15_uni MRepS diststream 4 8 0 1048576 12415241 35710561 55.567369 3.184586 104 1325448 536856983976.00
rmat_s20_ef48_0.55_0.15_0.15_0.15_uni MRepS diststream 4 8 1 1048576 12258256 35867546 55.971177 3.139954 101 1325450 536859544293.00
rmat_s20_ef48_0.55_0.15_0.15_0.15_uni MRepS diststream 4 8 2 1048576 12229418 35896384 55.163351 3.160409 103 1325439 536856229265.00
rmat_s20_ef48_0.55_0.15_0.15_0.15_uni MRepS diststream 8 16 0 1048576 7965783 40160019 43.338735 3.662380 238 2384794 931774531220.00
rmat_s20_ef48_0.55_0.15_0.15_0.15_uni MRepS diststream 8 16 1 1048576 7968967 40156835 43.248027 3.785779 233 2384772 931769462041.00
rmat_s20_ef48_0.55_0.15_0.15_0.15_uni MRepS diststream 8 16 2 1048576 7907085 40218717 43.926859 3.986096 234 2384759 931773525818.00
rmat_s20_ef48_0.55_0.15_0.15_0.15_uni MRepS diststream 8 32 0 1048576 4465061 43660741 38.957862 1.848107 242 2384755 931768910472.00
rmat_s20_ef48_0.55_0.15_0.15_0.15_uni MRepS diststream 8 32 1 1048576 4588059 43537743 37.292258 1.944378 242 2384768 931774541824.00
rmat_s20_ef48_0.55_0.15_0.15_0.15_uni MRepS diststream 8 32 2 1048576 4466913 43658889 41.974571 2.568559 239 2384745 931768225813.00
rmat_s20_ef48_0.55_0.15_0.15_0.15_uni MRepS diststream 8 4 0 1048576 19422909 28702893 78.575602 11.611761 221 2384756 931773120664.00
rmat_s20_ef48_0.55_0.15_0.15_0.15_uni MRepS diststream 8 4 1 1048576 19631007 28494795 75.188944 11.642296 216 2384767 931771866841.00
rmat_s20_ef48_0.55_0.15_0.15_0.15_uni MRepS diststream 8 4 2 1048576 19603278 28522524 74.924355 11.637649 215 2384760 931774447578.00
rmat_s20_ef48_0.55_0.15_0.15_0.15_uni MRepS diststream 8 64 0 1048576 2598873 45526929 52.101089 1.716253 243 2384757 931772442741.00
rmat_s20_ef48_0.55_0.15_0.15_0.15_uni MRepS diststream 8 64 1 1048576 2602408 45523394 55.074545 1.691248 247 2384769 931773908440.00
rmat_s20_ef48_0.55_0.15_0.15_0.15_uni MRepS diststream 8 64 2 1048576 2601808 45523994 55.225650 1.254968 246 2384768 931773161904.00
rmat_s20_ef48_0.55_0.15_0.15_0.15_uni MRepS diststream 8 8 0 1048576 12415241 35710561 56.097046 6.241601 236 2384773 931774182945.00
rmat_s20_ef48_0.55_0.15_0.15_0.15_uni MRepS diststream 8 8 1 1048576 12258256 35867546 56.436186 6.476319 227 2384733 931770067731.00
rmat_s20_ef48_0.55_0.15_0.15_0.15_uni MRepS diststream 8 8 2 1048576 12229418 35896384 56.493154 6.516219 226 2384751 931770207910.00
rmat_s20_ef48_0.55_0.15_0.15_0.15_uni MRepS random 16 1 0 1048576 48125802 0 26.196063 87.846658 296 4088384 1533137444269.00
rmat_s20_ef48_0.55_0.15_0.15_0.15_uni MRepS random 16 1 1 1048576 48125802 0 27.738375 88.525082 296 4088369 1533129676616.00
rmat_s20_ef48_0.55_0.15_0.15_0.15_uni MRepS random 16 1 2 1048576 48125802 0 34.952108 96.973085 295 4088375 1533130192718.00
rmat_s20_ef48_0.55_0.15_0.15_0.15_uni MRepS random 16 16 0 1048576 3007028 45118774 4.173615 7.102165 563 4088384 1533137444269.00
rmat_s20_ef48_0.55_0.15_0.15_0.15_uni MRepS random 16 16 1 1048576 3009199 45116603 3.668176 6.971797 560 4088369 1533129676616.00
rmat_s20_ef48_0.55_0.15_0.15_0.15_uni MRepS random 16 16 2 1048576 3008634 45117168 3.723960 6.855299 558 4088375 1533130192718.00
rmat_s20_ef48_0.55_0.15_0.15_0.15_uni MRepS random 16 32 0 1048576 1503024 46622778 3.372337 3.998236 569 4088384 1533137444269.00
rmat_s20_ef48_0.55_0.15_0.15_0.15_uni MRepS random 16 32 1 1048576 1505506 46620296 3.470496 4.014554 566 4088369 1533129676616.00
rmat_s20_ef48_0.55_0.15_0.15_0.15_uni MRepS random 16 32 2 1048576 1503146 46622656 5.670326 5.484404 563 4088375 1533130192718.00
rmat_s20_ef48_0.55_0.15_0.15_0.15_uni MRepS random 16 4 0 1048576 12024242 36101560 7.029024 24.711464 530 4088384 1533137444269.00
rmat_s20_ef48_0.55_0.15_0.15_0.15_uni MRepS random 16 4 1 1048576 12030291 36095511 5.534388 24.941503 526 4088369 1533129676616.00
rmat_s20_ef48_0.55_0.15_0.15_0.15_uni MRepS random 16 4 2 1048576 12032890 36092912 5.561408 24.851923 533 4088375 1533130192718.00
rmat_s20_ef48_0.55_0.15_0.15_0.15_uni MRepS random 16 64 0 1048576 751789 47374013 8.550917 3.995712 571 4088384 1533137444269.00
rmat_s20_ef48_0.55_0.15_0.15_0.15_uni MRepS random 16 64 1 1048576 753536 47372266 10.503250 4.303141 568 4088369 1533129676616.00
rmat_s20_ef48_0.55_0.15_0.15_0.15_uni MRepS random 16 64 2 1048576 751236 47374566 10.134498 4.188458 567 4088375 1533130192718.00
rmat_s20_ef48_0.55_0.15_0.15_0.15_uni MRepS random 16 8 0 1048576 6013220 42112582 4.325740 14.323779 555 4088384 1533137444269.00
rmat_s20_ef48_0.55_0.15_0.15_0.15_uni MRepS random 16 8 1 1048576 6015477 42110325 4.484490 13.802421 548 4088369 1533129676616.00
rmat_s20_ef48_0.55_0.15_0.15_0.15_uni MRepS random 16 8 2 1048576 6018915 42106887 4.384186 15.347513 551 4088375 1533130192718.00
rmat_s20_ef48_0.55_0.15_0.15_0.15_uni MRepS random 32 1 0 1048576 48125802 0 29.550459 208.735783 682 6747112 2402178672880.00
rmat_s20_ef48_0.55_0.15_0.15_0.15_uni MRepS random 32 1 1 1048576 48125802 0 29.672073 208.805772 680 6747113 2402173426423.00
rmat_s20_ef48_0.55_0.15_0.15_0.15_uni MRepS random 32 1 2 1048576 48125802 0 29.739388 208.773147 681 6747092 2402176835499.00
rmat_s20_ef48_0.55_0.15_0.15_0.15_uni MRepS random 32 16 0 1048576 3007028 45118774 3.756832 15.219505 1304 6747112 2402178672880.00
rmat_s20_ef48_0.55_0.15_0.15_0.15_uni MRepS random 32 16 1 1048576 3009199 45116603 3.750496 15.237734 1304 6747113 2402173426423.00
rmat_s20_ef48_0.55_0.15_0.15_0.15_uni MRepS random 32 16 2 1048576 3008634 45117168 3.773800 15.090206 1300 6747092 2402176835499.00
rmat_s20_ef48_0.55_0.15_0.15_0.15_uni MRepS random 32 32 0 1048576 1503024 46622778 5.127191 9.772867 1318 6747112 2402178672880.00
rmat_s20_ef48_0.55_0.15_0.15_0.15_uni MRepS random 32 32 1 1048576 1505506 46620296 4.991155 9.764235 1313 6747113 2402173426423.00
rmat_s20_ef48_0.55_0.15_0.15_0.15_uni MRepS random 32 32 2 1048576 1503146 46622656 5.070186 9.764945 1309 6747092 2402176835499.00
rmat_s20_ef48_0.55_0.15_0.15_0.15_uni MRepS random 32 4 0 1048576 12024242 36101560 5.986610 54.483402 1220 6747112 2402178672880.00
rmat_s20_ef48_0.55_0.15_0.15_0.15_uni MRepS random 32 4 1 1048576 12030291 36095511 5.725986 54.212201 1222 6747113 2402173426423.00
rmat_s20_ef48_0.55_0.15_0.15_0.15_uni MRepS random 32 4 2 1048576 12032890 36092912 5.531494 53.847590 1228 6747092 2402176835499.00
rmat_s20_ef48_0.55_0.15_0.15_0.15_uni MRepS random 32 64 0 1048576 751789 47374013 10.070651 10.554798 1323 6747112 2402178672880.00
rmat_s20_ef48_0.55_0.15_0.15_0.15_uni MRepS random 32 64 1 1048576 753536 47372266 10.337080 10.570876 1317 6747113 2402173426423.00
rmat_s20_ef48_0.55_0.15_0.15_0.15_uni MRepS random 32 64 2 1048576 751236 47374566 9.493304 9.925268 1317 6747092 2402176835499.00
rmat_s20_ef48_0.55_0.15_0.15_0.15_uni MRepS random 32 8 0 1048576 6013220 42112582 4.440124 31.304200 1280 6747112 2402178672880.00
rmat_s20_ef48_0.55_0.15_0.15_0.15_uni MRepS random 32 8 1 1048576 6015477 42110325 4.285243 31.305784 1274 6747113 2402173426423.00
rmat_s20_ef48_0.55_0.15_0.15_0.15_uni MRepS random 32 8 2 1048576 6018915 42106887 3.979631 30.058293 1279 6747092 2402176835499.00
rmat_s20_ef48_0.55_0.15_0.15_0.15_uni MRepS random 4 1 0 1048576 48125802 0 28.414477 26.165729 59 1325444 536854983343.00
rmat_s20_ef48_0.55_0.15_0.15_0.15_uni MRepS random 4 1 1 1048576 48125802 0 27.922847 25.274317 59 1325452 536857595768.00
rmat_s20_ef48_0.55_0.15_0.15_0.15_uni MRepS random 4 1 2 1048576 48125802 0 29.077227 25.185733 59 1325443 536857954924.00
rmat_s20_ef48_0.55_0.15_0.15_0.15_uni MRepS random 4 16 0 1048576 3007028 45118774 3.572232 1.732243 110 1325444 536854983343.00
rmat_s20_ef48_0.55_0.15_0.15_0.15_uni MRepS random 4 16 1 1048576 3009199 45116603 3.470305 1.725863 111 1325452 536857595768.00
rmat_s20_ef48_0.55_0.15_0.15_0.15_uni MRepS random 4 16 2 1048576 3008634 45117168 3.682248 1.737693 112 1325443 536857954924.00
rmat_s20_ef48_0.55_0.15_0.15_0.15_uni MRepS random 4 32 0 1048576 1503024 46622778 4.691877 1.019960 112 1325444 536854983343.00
rmat_s20_ef48_0.55_0.15_0.15_0.15_uni MRepS random 4 32 1 1048576 1505506 46620296 4.541003 1.003722 111 1325452 536857595768.00
rmat_s20_ef48_0.55_0.15_0.15_0.15_uni MRepS random 4 32 2 1048576 1503146 46622656 4.278733 1.100340 112 1325443 536857954924.00
rmat_s20_ef48_0.55_0.15_0.15_0.15_uni MRepS random 4 4 0 1048576 12024242 36101560 7.018285 6.005374 103 1325444 536854983343.00
rmat_s20_ef48_0.55_0.15_0.15_0.15_uni MRepS random 4 4 1 1048576 12030291 36095511 7.026795 5.912422 106 1325452 536857595768.00
rmat_s20_ef48_0.55_0.15_0.15_0.15_uni MRepS random 4 4 2 1048576 12032890 36092912 5.542978 5.822101 107 1325443 536857954924.00
rmat_s20_ef48_0.55_0.15_0.15_0.15_uni MRepS random 4 64 0 1048576 751789 47374013 4.330002 0.836120 112 1325444 536854983343.00
rmat_s20_ef48_0.55_0.15_0.15_0.15_uni MRepS random 4 64 1 1048576 753536 47372266 4.017926 0.710659 111 1325452 536857595768.00
rmat_s20_ef48_0.55_0.15_0.15_0.15_uni MRepS random 4 64 2 1048576 751236 47374566 4.114635 0.616091 112 1325443 536857954924.00
rmat_s20_ef48_0.55_0.15_0.15_0.15_uni MRepS random 4 8 0 1048576 6013220 42112582 4.380555 3.254103 108 1325444 536854983343.00
rmat_s20_ef48_0.55_0.15_0.15_0.15_uni MRepS random 4 8 1 1048576 6015477 42110325 4.214244 3.358071 109 1325452 536857595768.00
rmat_s20_ef48_0.55_0.15_0.15_0.15_uni MRepS random 4 8 2 1048576 6018915 42106887 4.356056 3.347497 111 1325443 536857954924.00
rmat_s20_ef48_0.55_0.15_0.15_0.15_uni MRepS random 8 1 0 1048576 48125802 0 27.269688 47.254090 132 2384724 931767256300.00
rmat_s20_ef48_0.55_0.15_0.15_0.15_uni MRepS random 8 1 1 1048576 48125802 0 27.613705 48.656458 132 2384788 931772678205.00
rmat_s20_ef48_0.55_0.15_0.15_0.15_uni MRepS random 8 1 2 1048576 48125802 0 29.701455 47.747775 132 2384764 931775934348.00
rmat_s20_ef48_0.55_0.15_0.15_0.15_uni MRepS random 8 16 0 1048576 3007028 45118774 3.559223 3.375889 248 2384724 931767256300.00
rmat_s20_ef48_0.55_0.15_0.15_0.15_uni MRepS random 8 16 1 1048576 3009199 45116603 3.532126 3.506569 247 2384788 931772678205.00
rmat_s20_ef48_0.55_0.15_0.15_0.15_uni MRepS random 8 16 2 1048576 3008634 45117168 4.024111 3.357258 247 2384764 931775934348.00
rmat_s20_ef48_0.55_0.15_0.15_0.15_uni MRepS random 8 32 0 1048576 1503024 46622778 3.841041 2.217071 251 2384724 931767256300.00
rmat_s20_ef48_0.55_0.15_0.15_0.15_uni MRepS random 8 32 1 1048576 1505506 46620296 3.446258 2.024475 249 2384788 931772678205.00
rmat_s20_ef48_0.55_0.15_0.15_0.15_uni MRepS random 8 32 2 1048576 1503146 46622656 3.843985 2.446345 248 2384764 931775934348.00
rmat_s20_ef48_0.55_0.15_0.15_0.15_uni MRepS random 8 4 0 1048576 12024242 36101560 7.404458 11.574196 234 2384724 931767256300.00
rmat_s20_ef48_0.55_0.15_0.15_0.15_uni MRepS random 8 4 1 1048576 12030291 36095511 7.272012 11.599279 235 2384788 931772678205.00
rmat_s20_ef48_0.55_0.15_0.15_0.15_uni MRepS random 8 4 2 1048576 12032890 36092912 5.565559 11.583781 237 2384764 931775934348.00
rmat_s20_ef48_0.55_0.15_0.15_0.15_uni MRepS random 8 64 0 1048576 751789 47374013 8.542716 2.098845 251 2384724 931767256300.00
rmat_s20_ef48_0.55_0.15_0.15_0.15_uni MRepS random 8 64 1 1048576 753536 47372266 8.184513 1.837477 250 2384788 931772678205.00
rmat_s20_ef48_0.55_0.15_0.15_0.15_uni MRepS random 8 64 2 1048576 751236 47374566 3.963834 1.244860 250 2384764 931775934348.00
rmat_s20_ef48_0.55_0.15_0.15_0.15_uni MRepS random 8 8 0 1048576 6013220 42112582 4.846378 6.635502 243 2384724 931767256300.00
rmat_s20_ef48_0.55_0.15_0.15_0.15_uni MRepS random 8 8 1 1048576 6015477 42110325 4.247097 6.732328 243 2384788 931772678205.00
rmat_s20_ef48_0.55_0.15_0.15_0.15_uni MRepS random 8 8 2 1048576 6018915 42106887 4.374227 6.765178 245 2384764 931775934348.00
fbA MRepLM random 16 128 0 357059 337337 42720174 8.144836 9.533635 529 62610 47847421547.00
fbA MRepLM random 16 128 1 357059 336570 42720941 8.123336 9.599819 538 62616 47847416673.00
fbA MRepLM random 16 128 2 357059 336516 42720995 8.088902 9.565081 540 62615 47847421052.00
fbA MRepLM random 16 64 0 357059 674509 42383002 4.111821 8.759590 529 62610 47847421547.00
fbA MRepLM random 16 64 1 357059 672958 42384553 4.313610 8.901274 538 62616 47847416673.00
fbA MRepLM random 16 64 2 357059 673754 42383757 4.115007 8.867038 540 62615 47847421052.00
fbA MRepLM random 32 128 0 357059 337337 42720174 8.636785 19.820911 1136 120250 79337836537.00
fbA MRepLM random 32 128 1 357059 336570 42720941 8.082752 19.783117 1142 120245 79337826719.00
fbA MRepLM random 32 128 2 357059 336516 42720995 8.116277 19.659868 1151 120234 79337833562.00
fbA MRepLM random 32 64 0 357059 674509 42383002 4.059865 18.242053 1136 120250 79337836537.00
fbA MRepLM random 32 64 1 357059 672958 42384553 4.132910 18.195825 1142 120245 79337826719.00
fbA MRepLM random 32 64 2 357059 673754 42383757 4.141851 18.271057 1151 120234 79337833562.00
fbA MRepLM random 4 128 0 357059 337337 42720174 9.917829 1.933508 103 16318 17915566457.00
fbA MRepLM random 4 128 1 357059 336570 42720941 8.132901 1.992748 107 16320 17915564289.00
fbA MRepLM random 4 128 2 357059 336516 42720995 11.134440 2.421891 106 16324 17915560919.00
fbA MRepLM random 4 64 0 357059 674509 42383002 4.086742 1.661666 103 16318 17915566457.00
fbA MRepLM random 4 64 1 357059 672958 42384553 4.096097 1.745193 107 16320 17915564289.00
fbA MRepLM random 4 64 2 357059 673754 42383757 4.142058 1.686148 106 16324 17915560919.00
fbA MRepLM random 8 128 0 357059 337337 42720174 8.648128 4.325455 235 32302 29135365247.00
fbA MRepLM random 8 128 1 357059 336570 42720941 8.128093 4.425771 240 32311 29135360668.00
fbA MRepLM random 8 128 2 357059 336516 42720995 10.795335 5.933686 240 32314 29135361192.00
fbA MRepLM random 8 64 0 357059 674509 42383002 4.140264 4.010161 235 32302 29135365247.00
fbA MRepLM random 8 64 1 357059 672958 42384553 4.122593 4.061886 240 32311 29135360668.00
fbA MRepLM random 8 64 2 357059 673754 42383757 4.155472 4.023002 240 32314 29135361192.00
fbC MRepLM random 16 128 0 990023 317443 40337268 8.392659 6.998067 442 59381 369195345045.00
fbC MRepLM random 16 128 1 990023 318251 40336460 8.043068 8.281678 443 59380 369196061679.00
fbC MRepLM random 16 128 2 990023 317933 40336778 8.411843 8.191409 444 59381 369195411760.00
fbC MRepLM random 16 64 0 990023 634986 40019725 4.211658 6.479192 442 59381 369195345045.00
fbC MRepLM random 16 64 1 990023 636691 40018020 5.191418 7.862028 443 59380 369196061679.00
fbC MRepLM random 16 64 2 990023 635401 40019310 5.084891 8.171862 444 59381 369195411760.00
fbC MRepLM random 32 128 0 990023 317443 40337268 8.330383 28.829080 1016 116167 414694084603.00
fbC MRepLM random 32 128 1 990023 318251 40336460 6.204503 13.057104 1024 116162 414695332947.00
fbC MRepLM random 32 128 2 990023 317933 40336778 6.498882 13.186312 1010 116164 414693847747.00
fbC MRepLM random 32 64 0 990023 634986 40019725 3.168794 12.510575 1016 116167 414694084603.00
fbC MRepLM random 32 64 1 990023 636691 40018020 3.119143 12.426705 1024 116162 414695332947.00
fbC MRepLM random 32 64 2 990023 635401 40019310 3.092239 12.446673 1010 116164 414693847747.00
fbC MRepLM random 4 128 0 990023 317443 40337268 15.172789 2.008323 93 16761 138331248029.00
fbC MRepLM random 4 128 1 990023 318251 40336460 7.898351 1.886679 95 16762 138331291088.00
fbC MRepLM random 4 128 2 990023 317933 40336778 8.228348 1.462415 94 16761 138331248431.00
fbC MRepLM random 4 64 0 990023 634986 40019725 5.008710 1.983841 93 16761 138331248029.00
fbC MRepLM random 4 64 1 990023 636691 40018020 4.214826 1.445247 95 16762 138331291088.00
fbC MRepLM random 4 64 2 990023 635401 40019310 4.973750 2.058613 94 16761 138331248431.00
fbC MRepLM random 8 128 0 990023 317443 40337268 8.329539 3.191061 207 31001 239913210021.00
fbC MRepLM random 8 128 1 990023 318251 40336460 7.760433 3.333040 209 30999 239913211156.00
fbC MRepLM random 8 128 2 990023 317933 40336778 8.272574 3.331719 211 31002 239913206430.00
fbC MRepLM random 8 64 0 990023 634986 40019725 5.473337 4.656489 207 31001 239913210021.00
fbC MRepLM random 8 64 1 990023 636691 40018020 5.824518 5.150870 209 30999 239913211156.00
fbC MRepLM random 8 64 2 990023 635401 40019310 5.688116 4.931453 211 31002 239913206430.00
rmat_s20_ef48_0.25_0.25_0.25_0.25_exp MRepLM random 16 128 0 1048576 392454 49936902 9.288036 4.718072 209 8289581 717952547138.00
rmat_s20_ef48_0.25_0.25_0.25_0.25_exp MRepLM random 16 128 1 1048576 393152 49936204 9.848745 4.637470 208 8289657 717954120997.00
rmat_s20_ef48_0.25_0.25_0.25_0.25_exp MRepLM random 16 128 2 1048576 393210 49936146 9.291021 4.683949 209 8289645 717951658629.00
rmat_s20_ef48_0.25_0.25_0.25_0.25_exp MRepLM random 16 64 0 1048576 785972 49543384 4.747288 5.320967 209 8289581 717952547138.00
rmat_s20_ef48_0.25_0.25_0.25_0.25_exp MRepLM random 16 64 1 1048576 787006 49542350 4.840678 5.250397 208 8289657 717954120997.00
rmat_s20_ef48_0.25_0.25_0.25_0.25_exp MRepLM random 16 64 2 1048576 786038 49543318 4.819546 5.220627 209 8289645 717951658629.00
rmat_s20_ef48_0.25_0.25_0.25_0.25_exp MRepLM random 32 128 0 1048576 392454 49936902 9.292759 9.375339 423 16544850 1095270143931.00
rmat_s20_ef48_0.25_0.25_0.25_0.25_exp MRepLM random 32 128 1 1048576 393152 49936204 9.332256 9.353974 426 16545016 1095273898362.00
rmat_s20_ef48_0.25_0.25_0.25_0.25_exp MRepLM random 32 128 2 1048576 393210 49936146 9.882182 9.371403 426 16545040 1095270219211.00
rmat_s20_ef48_0.25_0.25_0.25_0.25_exp MRepLM random 32 64 0 1048576 785972 49543384 4.757225 10.328116 423 16544850 1095270143931.00
rmat_s20_ef48_0.25_0.25_0.25_0.25_exp MRepLM random 32 64 1 1048576 787006 49542350 4.762733 10.278329 426 16545016 1095273898362.00
rmat_s20_ef48_0.25_0.25_0.25_0.25_exp MRepLM random 32 64 2 1048576 786038 49543318 4.760755 10.360769 426 16545040 1095270219211.00
rmat_s20_ef48_0.25_0.25_0.25_0.25_exp MRepLM random 4 128 0 1048576 392454 49936902 9.515966 1.099627 49 2074897 254876530529.00
rmat_s20_ef48_0.25_0.25_0.25_0.25_exp MRepLM random 4 128 1 1048576 393152 49936204 10.154170 1.067979 49 2074895 254876560642.00
rmat_s20_ef48_0.25_0.25_0.25_0.25_exp MRepLM random 4 128 2 1048576 393210 49936146 11.109512 1.085271 49 2074903 254876614028.00
rmat_s20_ef48_0.25_0.25_0.25_0.25_exp MRepLM random 4 64 0 1048576 785972 49543384 4.835920 1.149464 49 2074897 254876530529.00
rmat_s20_ef48_0.25_0.25_0.25_0.25_exp MRepLM random 4 64 1 1048576 787006 49542350 4.767662 1.187576 49 2074895 254876560642.00
rmat_s20_ef48_0.25_0.25_0.25_0.25_exp MRepLM random 4 64 2 1048576 786038 49543318 4.756182 1.140842 49 2074903 254876614028.00
rmat_s20_ef48_0.25_0.25_0.25_0.25_exp MRepLM random 8 128 0 1048576 392454 49936902 9.323276 2.247156 101 4148167 438656394434.00
rmat_s20_ef48_0.25_0.25_0.25_0.25_exp MRepLM random 8 128 1 1048576 393152 49936204 9.300327 2.234275 101 4148170 438655797382.00
rmat_s20_ef48_0.25_0.25_0.25_0.25_exp MRepLM random 8 128 2 1048576 393210 49936146 9.527467 2.218179 101 4148181 438656033207.00
rmat_s20_ef48_0.25_0.25_0.25_0.25_exp MRepLM random 8 64 0 1048576 785972 49543384 4.747973 2.451959 101 4148167 438656394434.00
rmat_s20_ef48_0.25_0.25_0.25_0.25_exp MRepLM random 8 64 1 1048576 787006 49542350 4.802297 2.432624 101 4148170 438655797382.00
rmat_s20_ef48_0.25_0.25_0.25_0.25_exp MRepLM random 8 64 2 1048576 786038 49543318 4.748074 2.478266 101 4148181 438656033207.00
rmat_s20_ef48_0.25_0.25_0.25_0.25_uni MRepLM random 16 128 0 1048576 393759 49935487 11.849144 7.162554 211 8289748 3708133222735.00
rmat_s20_ef48_0.25_0.25_0.25_0.25_uni MRepLM random 16 128 1 1048576 394692 49934554 11.381595 6.459556 212 8289731 3708151965658.00
rmat_s20_ef48_0.25_0.25_0.25_0.25_uni MRepLM random 16 128 2 1048576 392669 49936577 10.646522 4.884861 213 8289744 3708154228378.00
rmat_s20_ef48_0.25_0.25_0.25_0.25_uni MRepLM random 16 64 0 1048576 786329 49542917 4.915330 5.243754 211 8289748 3708133222735.00
rmat_s20_ef48_0.25_0.25_0.25_0.25_uni MRepLM random 16 64 1 1048576 787902 49541344 5.322943 5.286746 212 8289731 3708151965658.00
rmat_s20_ef48_0.25_0.25_0.25_0.25_uni MRepLM random 16 64 2 1048576 785855 49543391 5.352347 7.148230 213 8289744 3708154228378.00
rmat_s20_ef48_0.25_0.25_0.25_0.25_uni MRepLM random 32 128 0 1048576 393759 49935487 9.891787 9.195588 431 16544997 6765827758615.00
rmat_s20_ef48_0.25_0.25_0.25_0.25_uni MRepLM random 32 128 1 1048576 394692 49934554 10.522692 12.542377 431 16545063 6765870553874.00
rmat_s20_ef48_0.25_0.25_0.25_0.25_uni MRepLM random 32 128 2 1048576 392669 49936577 10.887507 9.524126 436 16545239 6765897608251.00
rmat_s20_ef48_0.25_0.25_0.25_0.25_uni MRepLM random 32 64 0 1048576 786329 49542917 4.737593 10.320548 431 16544997 6765827758615.00
rmat_s20_ef48_0.25_0.25_0.25_0.25_uni MRepLM random 32 64 1 1048576 787902 49541344 4.761339 10.321096 431 16545063 6765870553874.00
rmat_s20_ef48_0.25_0.25_0.25_0.25_uni MRepLM random 32 64 2 1048576 785855 49543391 4.787254 10.313136 436 16545239 6765897608251.00
rmat_s20_ef48_0.25_0.25_0.25_0.25_uni MRepLM random 4 128 0 1048576 393759 49935487 11.017967 1.072033 50 2074750 985248918177.00
rmat_s20_ef48_0.25_0.25_0.25_0.25_uni MRepLM random 4 128 1 1048576 394692 49934554 9.550825 1.040151 50 2074736 985246478786.00
rmat_s20_ef48_0.25_0.25_0.25_0.25_uni MRepLM random 4 128 2 1048576 392669 49936577 11.645126 1.318361 50 2074749 985245084802.00
rmat_s20_ef48_0.25_0.25_0.25_0.25_uni MRepLM random 4 64 0 1048576 786329 49542917 6.439902 2.147921 50 2074750 985248918177.00
rmat_s20_ef48_0.25_0.25_0.25_0.25_uni MRepLM random 4 64 1 1048576 787902 49541344 5.591097 1.818613 50 2074736 985246478786.00
rmat_s20_ef48_0.25_0.25_0.25_0.25_uni MRepLM random 4 64 2 1048576 785855 49543391 6.054177 2.048692 50 2074749 985245084802.00
rmat_s20_ef48_0.25_0.25_0.25_0.25_uni MRepLM random 8 128 0 1048576 393759 49935487 10.916502 3.014622 103 4148307 1932885919581.00
rmat_s20_ef48_0.25_0.25_0.25_0.25_uni MRepLM random 8 128 1 1048576 394692 49934554 10.942790 3.074684 103 4148276 1932883873148.00
rmat_s20_ef48_0.25_0.25_0.25_0.25_uni MRepLM random 8 128 2 1048576 392669 49936577 11.895551 3.599602 103 4148284 1932882318310.00
rmat_s20_ef48_0.25_0.25_0.25_0.25_uni MRepLM random 8 64 0 1048576 786329 49542917 4.770348 2.451080 103 4148307 1932885919581.00
rmat_s20_ef48_0.25_0.25_0.25_0.25_uni MRepLM random 8 64 1 1048576 787902 49541344 4.835410 2.470692 103 4148276 1932883873148.00
rmat_s20_ef48_0.25_0.25_0.25_0.25_uni MRepLM random 8 64 2 1048576 785855 49543391 4.796924 2.433328 103 4148284 1932882318310.00
rmat_s20_ef48_0.45_0.15_0.15_0.25_exp MRepLM random 16 128 0 1048576 393172 49742116 10.805871 7.853197 261 7497885 572596935248.00
rmat_s20_ef48_0.45_0.15_0.15_0.25_exp MRepLM random 16 128 1 1048576 392070 49743218 12.760361 8.058197 261 7497897 572597509104.00
rmat_s20_ef48_0.45_0.15_0.15_0.25_exp MRepLM random 16 128 2 1048576 391073 49744215 10.986038 7.804049 261 7497882 572598146477.00
rmat_s20_ef48_0.45_0.15_0.15_0.25_exp MRepLM random 16 64 0 1048576 785104 49350184 6.012854 10.302099 261 7497885 572596935248.00
rmat_s20_ef48_0.45_0.15_0.15_0.25_exp MRepLM random 16 64 1 1048576 784029 49351259 7.653049 9.332307 261 7497897 572597509104.00
rmat_s20_ef48_0.45_0.15_0.15_0.25_exp MRepLM random 16 64 2 1048576 782200 49353088 6.140552 10.753858 261 7497882 572598146477.00
rmat_s20_ef48_0.45_0.15_0.15_0.25_exp MRepLM random 32 128 0 1048576 393172 49742116 11.016727 17.966271 594 13657301 839436410219.00
rmat_s20_ef48_0.45_0.15_0.15_0.25_exp MRepLM random 32 128 1 1048576 392070 49743218 12.757319 18.878798 593 13657175 839436688702.00
rmat_s20_ef48_0.45_0.15_0.15_0.25_exp MRepLM random 32 128 2 1048576 391073 49744215 12.750589 17.662296 590 13657172 839436041944.00
rmat_s20_ef48_0.45_0.15_0.15_0.25_exp MRepLM random 32 64 0 1048576 785104 49350184 5.998883 26.354047 594 13657301 839436410219.00
rmat_s20_ef48_0.45_0.15_0.15_0.25_exp MRepLM random 32 64 1 1048576 784029 49351259 6.522581 26.491533 593 13657175 839436688702.00
rmat_s20_ef48_0.45_0.15_0.15_0.25_exp MRepLM random 32 64 2 1048576 782200 49353088 7.686320 24.019201 590 13657172 839436041944.00
rmat_s20_ef48_0.45_0.15_0.15_0.25_exp MRepLM random 4 128 0 1048576 393172 49742116 11.581587 1.102365 54 1983092 215865217323.00
rmat_s20_ef48_0.45_0.15_0.15_0.25_exp MRepLM random 4 128 1 1048576 392070 49743218 9.255090 1.119677 54 1983090 215865320242.00
rmat_s20_ef48_0.45_0.15_0.15_0.25_exp MRepLM random 4 128 2 1048576 391073 49744215 12.294424 1.606624 54 1983087 215865200523.00
rmat_s20_ef48_0.45_0.15_0.15_0.25_exp MRepLM random 4 64 0 1048576 785104 49350184 4.947447 1.202568 54 1983092 215865217323.00
rmat_s20_ef48_0.45_0.15_0.15_0.25_exp MRepLM random 4 64 1 1048576 784029 49351259 4.747953 1.209154 54 1983090 215865320242.00
rmat_s20_ef48_0.45_0.15_0.15_0.25_exp MRepLM random 4 64 2 1048576 782200 49353088 4.693868 1.202729 54 1983087 215865200523.00
rmat_s20_ef48_0.45_0.15_0.15_0.25_exp MRepLM random 8 128 0 1048576 393172 49742116 12.791768 3.568642 117 3903477 362537978756.00
rmat_s20_ef48_0.45_0.15_0.15_0.25_exp MRepLM random 8 128 1 1048576 392070 49743218 12.695495 3.699630 117 3903481 362538224402.00
rmat_s20_ef48_0.45_0.15_0.15_0.25_exp MRepLM random 8 128 2 1048576 391073 49744215 13.115138 3.387757 117 3903479 362538061718.00
rmat_s20_ef48_0.45_0.15_0.15_0.25_exp MRepLM random 8 64 0 1048576 785104 49350184 7.185266 3.919649 117 3903477 362537978756.00
rmat_s20_ef48_0.45_0.15_0.15_0.25_exp MRepLM random 8 64 1 1048576 784029 49351259 5.912958 4.328848 117 3903481 362538224402.00
rmat_s20_ef48_0.45_0.15_0.15_0.25_exp MRepLM random 8 64 2 1048576 782200 49353088 6.106064 4.420856 117 3903479 362538061718.00
rmat_s20_ef48_0.45_0.15_0.15_0.25_uni MRepLM random 16 128 0 1048576 392575 49743064 11.769564 7.583792 258 7499992 3039039830489.00
rmat_s20_ef48_0.45_0.15_0.15_0.25_uni MRepLM random 16 128 1 1048576 391756 49743883 9.158530 6.179344 258 7500146 3039056451853.00
rmat_s20_ef48_0.45_0.15_0.15_0.25_uni MRepLM random 16 128 2 1048576 391413 49744226 9.213370 6.201433 257 7500147 3039056045365.00
rmat_s20_ef48_0.45_0.15_0.15_0.25_uni MRepLM random 16 64 0 1048576 784128 49351511 4.763250 6.817055 258 7499992 3039039830489.00
rmat_s20_ef48_0.45_0.15_0.15_0.25_uni MRepLM random 16 64 1 1048576 783380 49352259 5.011934 7.979918 258 7500146 3039056451853.00
rmat_s20_ef48_0.45_0.15_0.15_0.25_uni MRepLM random 16 64 2 1048576 782185 49353454 4.642661 6.719849 257 7500147 3039056045365.00
rmat_s20_ef48_0.45_0.15_0.15_0.25_uni MRepLM random 32 128 0 1048576 392575 49743064 8.979629 18.122328 594 13661183 5046504919493.00
rmat_s20_ef48_0.45_0.15_0.15_0.25_uni MRepLM random 32 128 1 1048576 391756 49743883 9.292333 18.825544 592 13661209 5046499832379.00
rmat_s20_ef48_0.45_0.15_0.15_0.25_uni MRepLM random 32 128 2 1048576 391413 49744226 9.041372 18.328145 592 13661145 5046498442235.00
rmat_s20_ef48_0.45_0.15_0.15_0.25_uni MRepLM random 32 64 0 1048576 784128 49351511 8.792010 34.669111 594 13661183 5046504919493.00
rmat_s20_ef48_0.45_0.15_0.15_0.25_uni MRepLM random 32 64 1 1048576 783380 49352259 9.044559 32.113657 592 13661209 5046499832379.00
rmat_s20_ef48_0.45_0.15_0.15_0.25_uni MRepLM random 32 64 2 1048576 782185 49353454 5.883121 32.756571 592 13661145 5046498442235.00
rmat_s20_ef48_0.45_0.15_0.15_0.25_uni MRepLM random 4 128 0 1048576 392575 49743064 9.170754 1.149811 53 1983302 891721252789.00
rmat_s20_ef48_0.45_0.15_0.15_0.25_uni MRepLM random 4 128 1 1048576 391756 49743883 9.161613 1.120711 53 1983324 891727253300.00
rmat_s20_ef48_0.45_0.15_0.15_0.25_uni MRepLM random 4 128 2 1048576 391413 49744226 13.525088 1.151495 53 1983334 891726347515.00
rmat_s20_ef48_0.45_0.15_0.15_0.25_uni MRepLM random 4 64 0 1048576 784128 49351511 4.631653 1.209863 53 1983302 891721252789.00
rmat_s20_ef48_0.45_0.15_0.15_0.25_uni MRepLM random 4 64 1 1048576 783380 49352259 4.694155 1.222152 53 1983324 891727253300.00
rmat_s20_ef48_0.45_0.15_0.15_0.25_uni MRepLM random 4 64 2 1048576 782185 49353454 4.652559 1.254201 53 1983334 891726347515.00
rmat_s20_ef48_0.45_0.15_0.15_0.25_uni MRepLM random 8 128 0 1048576 392575 49743064 9.177546 2.566560 114 3904146 1689080712987.00
rmat_s20_ef48_0.45_0.15_0.15_0.25_uni MRepLM random 8 128 1 1048576 391756 49743883 9.211181 2.556835 114 3904173 1689083114502.00
rmat_s20_ef48_0.45_0.15_0.15_0.25_uni MRepLM random 8 128 2 1048576 391413 49744226 7.819893 2.584073 114 3904208 1689089361428.00
rmat_s20_ef48_0.45_0.15_0.15_0.25_uni MRepLM random 8 64 0 1048576 784128 49351511 5.932018 4.324004 114 3904146 1689080712987.00
rmat_s20_ef48_0.45_0.15_0.15_0.25_uni MRepLM random 8 64 1 1048576 783380 49352259 5.309076 3.445079 114 3904173 1689083114502.00
rmat_s20_ef48_0.45_0.15_0.15_0.25_uni MRepLM random 8 64 2 1048576 782185 49353454 6.542821 2.832532 114 3904208 1689089361428.00
rmat_s20_ef48_0.55_0.15_0.15_0.15_exp MRepLM random 16 128 0 1048576 375490 47746001 9.250762 5.942006 279 4086011 294533022121.00
rmat_s20_ef48_0.55_0.15_0.15_0.15_exp MRepLM random 16 128 1 1048576 375509 47745982 8.814918 5.946260 279 4086022 294533171922.00
rmat_s20_ef48_0.55_0.15_0.15_0.15_exp MRepLM random 16 128 2 1048576 376623 47744868 8.805332 5.932197 279 4086002 294532960411.00
rmat_s20_ef48_0.55_0.15_0.15_0.15_exp MRepLM random 16 64 0 1048576 752109 47369382 4.545360 6.364377 279 4086011 294533022121.00
rmat_s20_ef48_0.55_0.15_0.15_0.15_exp MRepLM random 16 64 1 1048576 751279 47370212 4.493588 6.363032 279 4086022 294533171922.00
rmat_s20_ef48_0.55_0.15_0.15_0.15_exp MRepLM random 16 64 2 1048576 752202 47369289 4.518513 6.385892 279 4086002 294532960411.00
rmat_s20_ef48_0.55_0.15_0.15_0.15_exp MRepLM random 32 128 0 1048576 375490 47746001 8.904933 14.444244 652 6744776 428175152616.00
rmat_s20_ef48_0.55_0.15_0.15_0.15_exp MRepLM random 32 128 1 1048576 375509 47745982 8.634112 14.439835 652 6744779 428174981681.00
rmat_s20_ef48_0.55_0.15_0.15_0.15_exp MRepLM random 32 128 2 1048576 376623 47744868 8.713583 14.351643 652 6744769 428174978257.00
rmat_s20_ef48_0.55_0.15_0.15_0.15_exp MRepLM random 32 64 0 1048576 752109 47369382 4.410093 15.197851 652 6744776 428175152616.00
rmat_s20_ef48_0.55_0.15_0.15_0.15_exp MRepLM random 32 64 1 1048576 751279 47370212 4.422634 15.292973 652 6744779 428174981681.00
rmat_s20_ef48_0.55_0.15_0.15_0.15_exp MRepLM random 32 64 2 1048576 752202 47369289 4.438852 15.182693 652 6744769 428174978257.00
rmat_s20_ef48_0.55_0.15_0.15_0.15_exp MRepLM random 4 128 0 1048576 375490 47746001 10.960950 1.121701 54 1324974 120664660066.00
rmat_s20_ef48_0.55_0.15_0.15_0.15_exp MRepLM random 4 128 1 1048576 375509 47745982 8.808937 1.058606 54 1324972 120664710751.00
rmat_s20_ef48_0.55_0.15_0.15_0.15_exp MRepLM random 4 128 2 1048576 376623 47744868 9.292173 1.058663 54 1324971 120664667499.00
rmat_s20_ef48_0.55_0.15_0.15_0.15_exp MRepLM random 4 64 0 1048576 752109 47369382 4.494467 1.081742 54 1324974 120664660066.00
rmat_s20_ef48_0.55_0.15_0.15_0.15_exp MRepLM random 4 64 1 1048576 751279 47370212 4.486934 1.070066 54 1324972 120664710751.00
rmat_s20_ef48_0.55_0.15_0.15_0.15_exp MRepLM random 4 64 2 1048576 752202 47369289 4.537064 1.060274 54 1324971 120664667499.00
rmat_s20_ef48_0.55_0.15_0.15_0.15_exp MRepLM random 8 128 0 1048576 375490 47746001 9.001311 2.471199 121 2384064 193423280598.00
rmat_s20_ef48_0.55_0.15_0.15_0.15_exp MRepLM random 8 128 1 1048576 375509 47745982 8.974860 2.430134 121 2384063 193423300800.00
rmat_s20_ef48_0.55_0.15_0.15_0.15_exp MRepLM random 8 128 2 1048576 376623 47744868 8.735189 2.460406 121 2384066 193423377848.00
rmat_s20_ef48_0.55_0.15_0.15_0.15_exp MRepLM random 8 64 0 1048576 752109 47369382 4.422480 2.559790 121 2384064 193423280598.00
rmat_s20_ef48_0.55_0.15_0.15_0.15_exp MRepLM random 8 64 1 1048576 751279 47370212 4.401177 2.592424 121 2384063 193423300800.00
rmat_s20_ef48_0.55_0.15_0.15_0.15_exp MRepLM random 8 64 2 1048576 752202 47369289 4.390682 2.478669 121 2384066 193423377848.00
rmat_s20_ef48_0.55_0.15_0.15_0.15_uni MRepLM random 16 128 0 1048576 375784 47750018 8.771006 5.953286 279 4088393 1533134944541.00
rmat_s20_ef48_0.55_0.15_0.15_0.15_uni MRepLM random 16 128 1 1048576 376394 47749408 8.732426 5.952746 280 4088398 1533137453373.00
rmat_s20_ef48_0.55_0.15_0.15_0.15_uni MRepLM random 16 128 2 1048576 374372 47751430 12.262564 7.775472 281 4088408 1533141083820.00
rmat_s20_ef48_0.55_0.15_0.15_0.15_uni MRepLM random 16 64 0 1048576 751789 47374013 4.441031 6.422290 279 4088393 1533134944541.00
rmat_s20_ef48_0.55_0.15_0.15_0.15_uni MRepLM random 16 64 1 1048576 753536 47372266 6.862437 6.267196 280 4088398 1533137453373.00
rmat_s20_ef48_0.55_0.15_0.15_0.15_uni MRepLM random 16 64 2 1048576 751236 47374566 4.449430 6.326880 281 4088408 1533141083820.00
rmat_s20_ef48_0.55_0.15_0.15_0.15_uni MRepLM random 32 128 0 1048576 375784 47750018 8.851294 14.358306 647 6747094 2402174580870.00
rmat_s20_ef48_0.55_0.15_0.15_0.15_uni MRepLM random 32 128 1 1048576 376394 47749408 8.731900 14.318797 650 6747086 2402178908332.00
rmat_s20_ef48_0.55_0.15_0.15_0.15_uni MRepLM random 32 128 2 1048576 374372 47751430 8.765947 14.336568 650 6747109 2402176017098.00
rmat_s20_ef48_0.55_0.15_0.15_0.15_uni MRepLM random 32 64 0 1048576 751789 47374013 4.466740 14.925929 647 6747094 2402174580870.00
rmat_s20_ef48_0.55_0.15_0.15_0.15_uni MRepLM random 32 64 1 1048576 753536 47372266 4.429798 14.952272 650 6747086 2402178908332.00
rmat_s20_ef48_0.55_0.15_0.15_0.15_uni MRepLM random 32 64 2 1048576 751236 47374566 4.527762 15.140960 650 6747109 2402176017098.00
rmat_s20_ef48_0.55_0.15_0.15_0.15_uni MRepLM random 4 128 0 1048576 375784 47750018 10.949138 1.126995 55 1325450 536860829420.00
rmat_s20_ef48_0.55_0.15_0.15_0.15_uni MRepLM random 4 128 1 1048576 376394 47749408 8.975347 1.058760 55 1325441 536858612103.00
rmat_s20_ef48_0.55_0.15_0.15_0.15_uni MRepLM random 4 128 2 1048576 374372 47751430 12.209369 1.464010 55 1325449 536857435151.00
rmat_s20_ef48_0.55_0.15_0.15_0.15_uni MRepLM random 4 64 0 1048576 751789 47374013 4.445789 1.076504 55 1325450 536860829420.00
rmat_s20_ef48_0.55_0.15_0.15_0.15_uni MRepLM random 4 64 1 1048576 753536 47372266 4.537935 1.072586 55 1325441 536858612103.00
rmat_s20_ef48_0.55_0.15_0.15_0.15_uni MRepLM random 4 64 2 1048576 751236 47374566 4.463528 1.064321 55 1325449 536857435151.00
rmat_s20_ef48_0.55_0.15_0.15_0.15_uni MRepLM random 8 128 0 1048576 375784 47750018 8.826301 2.449528 124 2384795 931777130568.00
rmat_s20_ef48_0.55_0.15_0.15_0.15_uni MRepLM random 8 128 1 1048576 376394 47749408 8.760715 2.448805 124 2384733 931769922735.00
rmat_s20_ef48_0.55_0.15_0.15_0.15_uni MRepLM random 8 128 2 1048576 374372 47751430 12.163859 3.216644 124 2384753 931766839917.00
rmat_s20_ef48_0.55_0.15_0.15_0.15_uni MRepLM random 8 64 0 1048576 751789 47374013 4.464379 2.581113 124 2384795 931777130568.00
rmat_s20_ef48_0.55_0.15_0.15_0.15_uni MRepLM random 8 64 1 1048576 753536 47372266 4.457827 2.533066 124 2384733 931769922735.00
rmat_s20_ef48_0.55_0.15_0.15_0.15_uni MRepLM random 8 64 2 1048576 751236 47374566 4.476832 2.504191 124 2384753 931766839917.00
fbA MRepS random 16 128 0 357059 337337 42720174 8.474973 2.978281 1076 62610 47847442517.00
fbA MRepS random 16 128 1 357059 336570 42720941 8.001354 3.034444 1066 62607 47847430676.00
fbA MRepS random 16 128 2 357059 336516 42720995 8.391671 2.972878 1078 62610 47847436079.00
fbA MRepS random 32 128 0 357059 337337 42720174 7.988556 6.560706 2305 120240 79337815405.00
fbA MRepS random 32 128 1 357059 336570 42720941 7.976373 6.658300 2296 120246 79337820105.00
fbA MRepS random 32 128 2 357059 336516 42720995 7.973636 6.578633 2293 120252 79337813976.00
fbA MRepS random 4 128 0 357059 337337 42720174 7.955301 0.703150 220 16324 17915577116.00
fbA MRepS random 4 128 1 357059 336570 42720941 7.992219 0.697841 206 16316 17915554149.00
fbA MRepS random 4 128 2 357059 336516 42720995 7.969525 0.666678 214 16321 17915580105.00
fbA MRepS random 8 128 0 357059 337337 42720174 7.978300 1.434704 488 32298 29135367040.00
fbA MRepS random 8 128 1 357059 336570 42720941 7.997257 1.438447 469 32305 29135359363.00
fbA MRepS random 8 128 2 357059 336516 42720995 8.410834 1.398065 487 32293 29135358011.00
fbC MRepS random 16 128 0 990023 317443 40337268 6.644025 3.429984 904 59379 369196110795.00
fbC MRepS random 16 128 1 990023 318251 40336460 6.526955 3.364605 898 59380 369195416020.00
fbC MRepS random 16 128 2 990023 317933 40336778 6.642146 3.346668 907 59380 369196062604.00
fbC MRepS random 32 128 0 990023 317443 40337268 6.148766 7.835249 2073 116163 414694531434.00
fbC MRepS random 32 128 1 990023 318251 40336460 6.098794 7.570748 2058 116161 414693888846.00
fbC MRepS random 32 128 2 990023 317933 40336778 6.243241 7.697849 2083 116161 414694904034.00
fbC MRepS random 4 128 0 990023 317443 40337268 6.611577 0.808442 192 16760 138331289724.00
fbC MRepS random 4 128 1 990023 318251 40336460 6.578904 0.774486 191 16761 138331247551.00
fbC MRepS random 4 128 2 990023 317933 40336778 6.962489 0.799639 194 16762 138331290691.00
fbC MRepS random 8 128 0 990023 317443 40337268 6.669543 1.642155 424 31001 239913210946.00
fbC MRepS random 8 128 1 990023 318251 40336460 6.504051 1.589824 424 30999 239913208117.00
fbC MRepS random 8 128 2 990023 317933 40336778 6.476228 1.625377 427 31000 239913214155.00
rmat_s20_ef48_0.25_0.25_0.25_0.25_exp MRepS random 16 128 0 1048576 392454 49936902 9.354687 3.379980 423 8289694 717952339318.00
rmat_s20_ef48_0.25_0.25_0.25_0.25_exp MRepS random 16 128 1 1048576 393152 49936204 9.548279 3.363829 425 8289616 717951202140.00
rmat_s20_ef48_0.25_0.25_0.25_0.25_exp MRepS random 16 128 2 1048576 393210 49936146 10.007117 3.334793 422 8289608 717953470947.00
rmat_s20_ef48_0.25_0.25_0.25_0.25_exp MRepS random 32 128 0 1048576 392454 49936902 10.098843 6.368798 872 16545143 1095275806901.00
rmat_s20_ef48_0.25_0.25_0.25_0.25_exp MRepS random 32 128 1 1048576 393152 49936204 9.507271 6.388115 873 16544828 1095272436987.00
rmat_s20_ef48_0.25_0.25_0.25_0.25_exp MRepS random 32 128 2 1048576 393210 49936146 9.547672 6.443818 866 16544789 1095276261800.00
rmat_s20_ef48_0.25_0.25_0.25_0.25_exp MRepS random 4 128 0 1048576 392454 49936902 9.344863 0.969163 101 2074901 254876588544.00
rmat_s20_ef48_0.25_0.25_0.25_0.25_exp MRepS random 4 128 1 1048576 393152 49936204 9.882344 0.864589 101 2074903 254876558431.00
rmat_s20_ef48_0.25_0.25_0.25_0.25_exp MRepS random 4 128 2 1048576 393210 49936146 9.340780 0.941296 101 2074895 254876505045.00
rmat_s20_ef48_0.25_0.25_0.25_0.25_exp MRepS random 8 128 0 1048576 392454 49936902 9.936133 1.678511 206 4148176 438656359195.00
rmat_s20_ef48_0.25_0.25_0.25_0.25_exp MRepS random 8 128 1 1048576 393152 49936204 10.049812 1.719950 206 4148173 438656969067.00
rmat_s20_ef48_0.25_0.25_0.25_0.25_exp MRepS random 8 128 2 1048576 393210 49936146 10.404487 1.786671 204 4148162 438656721325.00
rmat_s20_ef48_0.25_0.25_0.25_0.25_uni MRepS random 16 128 0 1048576 393759 49935487 10.048577 3.301574 429 8289803 3708185772652.00
rmat_s20_ef48_0.25_0.25_0.25_0.25_uni MRepS random 16 128 1 1048576 394692 49934554 10.239212 3.408848 429 8289761 3708157803811.00
rmat_s20_ef48_0.25_0.25_0.25_0.25_uni MRepS random 16 128 2 1048576 392669 49936577 9.684124 3.407859 426 8289766 3708162046923.00
rmat_s20_ef48_0.25_0.25_0.25_0.25_uni MRepS random 32 128 0 1048576 393759 49935487 10.236592 6.307269 879 16545360 6765924491298.00
rmat_s20_ef48_0.25_0.25_0.25_0.25_uni MRepS random 32 128 1 1048576 394692 49934554 9.567973 6.361374 878 16544871 6765869315740.00
rmat_s20_ef48_0.25_0.25_0.25_0.25_uni MRepS random 32 128 2 1048576 392669 49936577 9.610096 6.445910 877 16544881 6765921838632.00
rmat_s20_ef48_0.25_0.25_0.25_0.25_uni MRepS random 4 128 0 1048576 393759 49935487 9.568985 0.951529 102 2074731 985248043274.00
rmat_s20_ef48_0.25_0.25_0.25_0.25_uni MRepS random 4 128 1 1048576 394692 49934554 9.528641 0.921089 102 2074744 985250340296.00
rmat_s20_ef48_0.25_0.25_0.25_0.25_uni MRepS random 4 128 2 1048576 392669 49936577 9.582735 0.943298 101 2074729 985251187877.00
rmat_s20_ef48_0.25_0.25_0.25_0.25_uni MRepS random 8 128 0 1048576 393759 49935487 10.200708 1.699228 209 4148291 1932889605303.00
rmat_s20_ef48_0.25_0.25_0.25_0.25_uni MRepS random 8 128 1 1048576 394692 49934554 10.182414 1.643296 209 4148315 1932889975893.00
rmat_s20_ef48_0.25_0.25_0.25_0.25_uni MRepS random 8 128 2 1048576 392669 49936577 9.580158 1.674495 207 4148301 1932891248795.00
rmat_s20_ef48_0.45_0.15_0.15_0.25_exp MRepS random 16 128 0 1048576 393172 49742116 9.238929 3.185667 527 7497865 572598093143.00
rmat_s20_ef48_0.45_0.15_0.15_0.25_exp MRepS random 16 128 1 1048576 392070 49743218 9.246060 3.197968 528 7497859 572597574781.00
rmat_s20_ef48_0.45_0.15_0.15_0.25_exp MRepS random 16 128 2 1048576 391073 49744215 9.285105 3.240026 528 7497869 572596922466.00
rmat_s20_ef48_0.45_0.15_0.15_0.25_exp MRepS random 32 128 0 1048576 393172 49742116 9.251995 6.752714 1196 13657152 839436589245.00
rmat_s20_ef48_0.45_0.15_0.15_0.25_exp MRepS random 32 128 1 1048576 392070 49743218 9.397289 7.870718 1193 13657236 839436009807.00
rmat_s20_ef48_0.45_0.15_0.15_0.25_exp MRepS random 32 128 2 1048576 391073 49744215 9.319129 6.941821 1198 13657241 839436814907.00
rmat_s20_ef48_0.45_0.15_0.15_0.25_exp MRepS random 4 128 0 1048576 393172 49742116 9.347839 0.756018 108 1983088 215865331351.00
rmat_s20_ef48_0.45_0.15_0.15_0.25_exp MRepS random 4 128 1 1048576 392070 49743218 9.293001 0.791850 109 1983090 215865228432.00
rmat_s20_ef48_0.45_0.15_0.15_0.25_exp MRepS random 4 128 2 1048576 391073 49744215 9.279211 0.777978 109 1983093 215865348151.00
rmat_s20_ef48_0.45_0.15_0.15_0.25_exp MRepS random 8 128 0 1048576 393172 49742116 9.250868 1.538752 235 3903505 362538726581.00
rmat_s20_ef48_0.45_0.15_0.15_0.25_exp MRepS random 8 128 1 1048576 392070 49743218 9.250932 1.492188 236 3903502 362538487536.00
rmat_s20_ef48_0.45_0.15_0.15_0.25_exp MRepS random 8 128 2 1048576 391073 49744215 9.852311 1.525520 236 3903504 362538651240.00
rmat_s20_ef48_0.45_0.15_0.15_0.25_uni MRepS random 16 128 0 1048576 392575 49743064 7.822765 3.243715 521 7500249 3039072419552.00
rmat_s20_ef48_0.45_0.15_0.15_0.25_uni MRepS random 16 128 1 1048576 391756 49743883 7.804834 3.260787 523 7500097 3039059562419.00
rmat_s20_ef48_0.45_0.15_0.15_0.25_uni MRepS random 16 128 2 1048576 391413 49744226 7.835881 3.310613 524 7500096 3039064321603.00
rmat_s20_ef48_0.45_0.15_0.15_0.25_uni MRepS random 32 128 0 1048576 392575 49743064 7.754306 6.723950 1206 13661239 5046498212181.00
rmat_s20_ef48_0.45_0.15_0.15_0.25_uni MRepS random 32 128 1 1048576 391756 49743883 7.736408 6.739392 1207 13661070 5046494581880.00
rmat_s20_ef48_0.45_0.15_0.15_0.25_uni MRepS random 32 128 2 1048576 391413 49744226 7.404180 6.782438 1208 13661194 5046498746792.00
rmat_s20_ef48_0.45_0.15_0.15_0.25_uni MRepS random 4 128 0 1048576 392575 49743064 7.889840 0.791895 109 1983336 891730428308.00
rmat_s20_ef48_0.45_0.15_0.15_0.25_uni MRepS random 4 128 1 1048576 391756 49743883 7.899723 0.802842 109 1983315 891724534377.00
rmat_s20_ef48_0.45_0.15_0.15_0.25_uni MRepS random 4 128 2 1048576 391413 49744226 7.896633 0.804893 109 1983306 891725587516.00
rmat_s20_ef48_0.45_0.15_0.15_0.25_uni MRepS random 8 128 0 1048576 392575 49743064 7.433113 1.609689 232 3904212 1689093604396.00
rmat_s20_ef48_0.45_0.15_0.15_0.25_uni MRepS random 8 128 1 1048576 391756 49743883 7.722962 1.584013 233 3904188 1689092347497.00
rmat_s20_ef48_0.45_0.15_0.15_0.25_uni MRepS random 8 128 2 1048576 391413 49744226 7.916757 1.603628 233 3904159 1689086479759.00
rmat_s20_ef48_0.55_0.15_0.15_0.15_exp MRepS random 16 128 0 1048576 375490 47746001 8.756150 2.641972 569 4086018 294533256708.00
rmat_s20_ef48_0.55_0.15_0.15_0.15_exp MRepS random 16 128 1 1048576 375509 47745982 9.258123 2.626570 569 4086005 294532984924.00
rmat_s20_ef48_0.55_0.15_0.15_0.15_exp MRepS random 16 128 2 1048576 376623 47744868 8.648055 2.646764 569 4086027 294533320334.00
rmat_s20_ef48_0.55_0.15_0.15_0.15_exp MRepS random 32 128 0 1048576 375490 47746001 10.486594 5.856218 1326 6744780 428174911435.00
rmat_s20_ef48_0.55_0.15_0.15_0.15_exp MRepS random 32 128 1 1048576 375509 47745982 8.751912 5.843801 1321 6744776 428175011066.00
rmat_s20_ef48_0.55_0.15_0.15_0.15_exp MRepS random 32 128 2 1048576 376623 47744868 8.674575 5.835861 1326 6744782 428175056530.00
rmat_s20_ef48_0.55_0.15_0.15_0.15_exp MRepS random 4 128 0 1048576 375490 47746001 8.685995 0.618961 111 1324968 120664678742.00
rmat_s20_ef48_0.55_0.15_0.15_0.15_exp MRepS random 4 128 1 1048576 375509 47745982 8.701124 0.606392 111 1324970 120664628057.00
rmat_s20_ef48_0.55_0.15_0.15_0.15_exp MRepS random 4 128 2 1048576 376623 47744868 8.687390 0.591263 111 1324971 120664671309.00
rmat_s20_ef48_0.55_0.15_0.15_0.15_exp MRepS random 8 128 0 1048576 375490 47746001 8.656993 1.276665 249 2384060 193423407917.00
rmat_s20_ef48_0.55_0.15_0.15_0.15_exp MRepS random 8 128 1 1048576 375509 47745982 8.650971 1.252256 249 2384061 193423387715.00
rmat_s20_ef48_0.55_0.15_0.15_0.15_exp MRepS random 8 128 2 1048576 376623 47744868 8.672933 1.243836 249 2384058 193423310667.00
rmat_s20_ef48_0.55_0.15_0.15_0.15_uni MRepS random 16 128 0 1048576 375784 47750018 8.689371 2.611119 571 4088384 1533137444269.00
rmat_s20_ef48_0.55_0.15_0.15_0.15_uni MRepS random 16 128 1 1048576 376394 47749408 8.681786 2.624421 569 4088369 1533129676616.00
rmat_s20_ef48_0.55_0.15_0.15_0.15_uni MRepS random 16 128 2 1048576 374372 47751430 8.710824 2.621834 569 4088375 1533130192718.00
rmat_s20_ef48_0.55_0.15_0.15_0.15_uni MRepS random 32 128 0 1048576 375784 47750018 8.766536 5.862501 1324 6747112 2402178672880.00
rmat_s20_ef48_0.55_0.15_0.15_0.15_uni MRepS random 32 128 1 1048576 376394 47749408 8.678679 5.776974 1318 6747113 2402173426423.00
rmat_s20_ef48_0.55_0.15_0.15_0.15_uni MRepS random 32 128 2 1048576 374372 47751430 9.243924 5.734049 1323 6747092 2402176835499.00
rmat_s20_ef48_0.55_0.15_0.15_0.15_uni MRepS random 4 128 0 1048576 375784 47750018 9.272774 0.594370 112 1325444 536854983343.00
rmat_s20_ef48_0.55_0.15_0.15_0.15_uni MRepS random 4 128 1 1048576 376394 47749408 8.674573 0.636402 111 1325452 536857595768.00
rmat_s20_ef48_0.55_0.15_0.15_0.15_uni MRepS random 4 128 2 1048576 374372 47751430 8.712103 0.610653 112 1325443 536857954924.00
rmat_s20_ef48_0.55_0.15_0.15_0.15_uni MRepS random 8 128 0 1048576 375784 47750018 8.705772 1.270066 251 2384724 931767256300.00
rmat_s20_ef48_0.55_0.15_0.15_0.15_uni MRepS random 8 128 1 1048576 376394 47749408 9.105378 1.233841 250 2384788 931772678205.00
rmat_s20_ef48_0.55_0.15_0.15_0.15_uni MRepS random 8 128 2 1048576 374372 47751430 8.692983 1.213075 251 2384764 931775934348.00
fbA kMM random 16 64 0 357059 674509 42383002 4.077127 1.629382 69 62705 47759325883.00
fbA kMM random 16 64 1 357059 672958 42384553 4.114297 1.578018 67 62696 47758239378.00
fbA kMM random 16 64 2 357059 673754 42383757 4.172465 1.603303 67 62697 47752821273.00
fbA kMM random 32 64 0 357059 674509 42383002 4.100872 2.492542 78 120322 79203710518.00
fbA kMM random 32 64 1 357059 672958 42384553 4.182774 2.732273 79 120322 79214527712.00
fbA kMM random 32 64 2 357059 673754 42383757 4.129526 2.629134 78 120324 79211446071.00
fbA kMM random 4 64 0 357059 674509 42383002 4.155361 0.777775 36 16339 17860318543.00
fbA kMM random 4 64 1 357059 672958 42384553 4.098551 0.739126 34 16332 17852984686.00
fbA kMM random 4 64 2 357059 673754 42383757 4.130674 0.740034 34 16338 17817297287.00
fbA kMM random 8 64 0 357059 674509 42383002 4.119462 1.077202 48 32337 29100457599.00
fbA kMM random 8 64 1 357059 672958 42384553 4.112319 1.091736 51 32342 29105818226.00
fbA kMM random 8 64 2 357059 673754 42383757 4.095172 1.105694 49 32338 29103511445.00
fbC kMM random 16 64 0 990023 634986 40019725 3.221298 3.458756 88 59446 364374597111.00
fbC kMM random 16 64 1 990023 636691 40018020 3.219518 3.245324 78 59448 364589692589.00
fbC kMM random 16 64 2 990023 635401 40019310 3.207029 3.189593 85 59442 364663683259.00
fbC kMM random 32 64 0 990023 634986 40019725 3.179541 4.237477 93 116274 414586153197.00
fbC kMM random 32 64 1 990023 636691 40018020 3.147044 4.103665 93 116290 414583396217.00
fbC kMM random 32 64 2 990023 635401 40019310 3.254606 3.808932 91 116286 414574768318.00
fbC kMM random 4 64 0 990023 634986 40019725 3.234000 1.726227 43 16762 137383004957.00
fbC kMM random 4 64 1 990023 636691 40018020 3.170073 1.461405 42 16758 137344416340.00
fbC kMM random 4 64 2 990023 635401 40019310 3.199891 1.388706 41 16752 137253737691.00
fbC kMM random 8 64 0 990023 634986 40019725 3.140029 2.653123 61 31018 238039801017.00
fbC kMM random 8 64 1 990023 636691 40018020 3.160686 2.575039 65 31023 238055886556.00
fbC kMM random 8 64 2 990023 635401 40019310 3.251536 2.374405 67 31016 237977849272.00
rmat_s20_ef48_0.25_0.25_0.25_0.25_exp kMM random 16 64 0 1048576 785972 49543384 4.837997 27.920136 41 8287281 712835850804.00
rmat_s20_ef48_0.25_0.25_0.25_0.25_exp kMM random 16 64 1 1048576 787006 49542350 4.857398 27.826204 40 8287294 712838876511.00
rmat_s20_ef48_0.25_0.25_0.25_0.25_exp kMM random 16 64 2 1048576 786038 49543318 4.870235 27.681414 40 8287086 712830297748.00
rmat_s20_ef48_0.25_0.25_0.25_0.25_exp kMM random 32 64 0 1048576 785972 49543384 4.769302 53.315073 48 16526985 1088275673133.00
rmat_s20_ef48_0.25_0.25_0.25_0.25_exp kMM random 32 64 1 1048576 787006 49542350 4.861585 53.191195 48 16527299 1088278682842.00
rmat_s20_ef48_0.25_0.25_0.25_0.25_exp kMM random 32 64 2 1048576 786038 49543318 4.788553 53.185862 47 16527530 1088283694878.00
rmat_s20_ef48_0.25_0.25_0.25_0.25_exp kMM random 4 64 0 1048576 785972 49543384 4.816617 7.722284 25 2075005 252717376257.00
rmat_s20_ef48_0.25_0.25_0.25_0.25_exp kMM random 4 64 1 1048576 787006 49542350 4.812392 7.685842 25 2075076 252694048530.00
rmat_s20_ef48_0.25_0.25_0.25_0.25_exp kMM random 4 64 2 1048576 786038 49543318 4.791173 7.675723 25 2074950 252695729531.00
rmat_s20_ef48_0.25_0.25_0.25_0.25_exp kMM random 8 64 0 1048576 785972 49543384 4.815860 14.631450 33 4147962 435179947665.00
rmat_s20_ef48_0.25_0.25_0.25_0.25_exp kMM random 8 64 1 1048576 787006 49542350 4.856420 14.640807 34 4147863 435162626721.00
rmat_s20_ef48_0.25_0.25_0.25_0.25_exp kMM random 8 64 2 1048576 786038 49543318 4.894085 14.666055 33 4147810 435193145587.00
rmat_s20_ef48_0.25_0.25_0.25_0.25_uni kMM random 16 64 0 1048576 786329 49542917 4.882674 26.342975 28 8287187 3682309715397.00
rmat_s20_ef48_0.25_0.25_0.25_0.25_uni kMM random 16 64 1 1048576 787902 49541344 4.755427 26.303175 26 8287413 3682318821867.00
rmat_s20_ef48_0.25_0.25_0.25_0.25_uni kMM random 16 64 2 1048576 785855 49543391 4.777243 26.222683 26 8287551 3682367084277.00
rmat_s20_ef48_0.25_0.25_0.25_0.25_uni kMM random 32 64 0 1048576 786329 49542917 4.878110 51.825164 32 16527386 6717955044892.00
rmat_s20_ef48_0.25_0.25_0.25_0.25_uni kMM random 32 64 1 1048576 787902 49541344 4.848322 51.565894 33 16526850 6717919090212.00
rmat_s20_ef48_0.25_0.25_0.25_0.25_uni kMM random 32 64 2 1048576 785855 49543391 4.843300 51.373506 33 16527237 6717734680681.00
rmat_s20_ef48_0.25_0.25_0.25_0.25_uni kMM random 4 64 0 1048576 786329 49542917 4.810251 6.963592 17 2075255 963328709394.00
rmat_s20_ef48_0.25_0.25_0.25_0.25_uni kMM random 4 64 1 1048576 787902 49541344 7.272397 6.960362 15 2075275 963251247790.00
rmat_s20_ef48_0.25_0.25_0.25_0.25_uni kMM random 4 64 2 1048576 785855 49543391 4.799972 6.904822 16 2075169 963200434527.00
rmat_s20_ef48_0.25_0.25_0.25_0.25_uni kMM random 8 64 0 1048576 786329 49542917 4.805454 13.459770 20 4147937 1908411615783.00
rmat_s20_ef48_0.25_0.25_0.25_0.25_uni kMM random 8 64 1 1048576 787902 49541344 4.791270 13.420007 22 4148076 1908477553298.00
rmat_s20_ef48_0.25_0.25_0.25_0.25_uni kMM random 8 64 2 1048576 785855 49543391 4.734996 13.377860 21 4148130 1908541028024.00
rmat_s20_ef48_0.45_0.15_0.15_0.25_exp kMM random 16 64 0 1048576 785104 49350184 4.704781 25.502438 38 7502711 571913322234.00
rmat_s20_ef48_0.45_0.15_0.15_0.25_exp kMM random 16 64 1 1048576 784029 49351259 4.754129 25.600452 38 7502623 571923946138.00
rmat_s20_ef48_0.45_0.15_0.15_0.25_exp kMM random 16 64 2 1048576 782200 49353088 4.694902 25.510494 38 7502552 571914592009.00
rmat_s20_ef48_0.45_0.15_0.15_0.25_exp kMM random 32 64 0 1048576 785104 49350184 4.681562 45.111029 45 13699311 840446363646.00
rmat_s20_ef48_0.45_0.15_0.15_0.25_exp kMM random 32 64 1 1048576 784029 49351259 4.646867 45.024051 45 13699541 840467664239.00
rmat_s20_ef48_0.45_0.15_0.15_0.25_exp kMM random 32 64 2 1048576 782200 49353088 4.726655 44.908399 46 13698804 840441944991.00
rmat_s20_ef48_0.45_0.15_0.15_0.25_exp kMM random 4 64 0 1048576 785104 49350184 4.662093 7.436487 26 1983577 214702168453.00
rmat_s20_ef48_0.45_0.15_0.15_0.25_exp kMM random 4 64 1 1048576 784029 49351259 4.660172 7.443141 24 1983435 214707515024.00
rmat_s20_ef48_0.45_0.15_0.15_0.25_exp kMM random 4 64 2 1048576 782200 49353088 4.653251 7.452475 26 1983494 214704711806.00
rmat_s20_ef48_0.45_0.15_0.15_0.25_exp kMM random 8 64 0 1048576 785104 49350184 4.671354 13.838536 33 3903201 361116881046.00
rmat_s20_ef48_0.45_0.15_0.15_0.25_exp kMM random 8 64 1 1048576 784029 49351259 4.709430 13.821525 33 3902858 361091061275.00
rmat_s20_ef48_0.45_0.15_0.15_0.25_exp kMM random 8 64 2 1048576 782200 49353088 4.643696 13.905275 32 3903056 361118979946.00
rmat_s20_ef48_0.45_0.15_0.15_0.25_uni kMM random 16 64 0 1048576 784128 49351511 3.714078 24.130767 23 7499855 3022772578854.00
rmat_s20_ef48_0.45_0.15_0.15_0.25_uni kMM random 16 64 1 1048576 783380 49352259 3.688796 24.035555 24 7499667 3022991803211.00
rmat_s20_ef48_0.45_0.15_0.15_0.25_uni kMM random 16 64 2 1048576 782185 49353454 3.804981 24.005711 23 7499850 3022893777269.00
rmat_s20_ef48_0.45_0.15_0.15_0.25_uni kMM random 32 64 0 1048576 784128 49351511 3.703006 43.197993 27 13698475 5046709839745.00
rmat_s20_ef48_0.45_0.15_0.15_0.25_uni kMM random 32 64 1 1048576 783380 49352259 3.743923 43.013482 27 13698135 5046629800815.00
rmat_s20_ef48_0.45_0.15_0.15_0.25_uni kMM random 32 64 2 1048576 782185 49353454 3.719087 43.161313 27 13697983 5046606826124.00
rmat_s20_ef48_0.45_0.15_0.15_0.25_uni kMM random 4 64 0 1048576 784128 49351511 3.817166 6.730839 15 1981480 877421793406.00
rmat_s20_ef48_0.45_0.15_0.15_0.25_uni kMM random 4 64 1 1048576 783380 49352259 3.775220 6.707902 15 1982205 877478463145.00
rmat_s20_ef48_0.45_0.15_0.15_0.25_uni kMM random 4 64 2 1048576 782185 49353454 3.703484 6.726465 15 1981813 877472048587.00
rmat_s20_ef48_0.45_0.15_0.15_0.25_uni kMM random 8 64 0 1048576 784128 49351511 3.742193 12.849434 20 3899228 1669149879707.00
rmat_s20_ef48_0.45_0.15_0.15_0.25_uni kMM random 8 64 1 1048576 783380 49352259 3.723937 12.796190 20 3899214 1669369626495.00
rmat_s20_ef48_0.45_0.15_0.15_0.25_uni kMM random 8 64 2 1048576 782185 49353454 3.737042 12.869161 19 3899544 1669217391081.00
rmat_s20_ef48_0.55_0.15_0.15_0.15_exp kMM random 16 64 0 1048576 752109 47369382 4.443649 14.815953 36 4109583 295542508154.00
rmat_s20_ef48_0.55_0.15_0.15_0.15_exp kMM random 16 64 1 1048576 751279 47370212 4.412904 14.796498 37 4109355 295537894190.00
rmat_s20_ef48_0.55_0.15_0.15_0.15_exp kMM random 16 64 2 1048576 752202 47369289 4.358598 14.757564 36 4109691 295552996040.00
rmat_s20_ef48_0.55_0.15_0.15_0.15_exp kMM random 32 64 0 1048576 752109 47369382 4.435680 23.603351 45 6777249 429580550176.00
rmat_s20_ef48_0.55_0.15_0.15_0.15_exp kMM random 32 64 1 1048576 751279 47370212 4.498556 23.671126 45 6777711 429605692626.00
rmat_s20_ef48_0.55_0.15_0.15_0.15_exp kMM random 32 64 2 1048576 752202 47369289 4.400713 23.674096 45 6777181 429595800495.00
rmat_s20_ef48_0.55_0.15_0.15_0.15_exp kMM random 4 64 0 1048576 752109 47369382 4.433565 5.323509 23 1327336 120519922727.00
rmat_s20_ef48_0.55_0.15_0.15_0.15_exp kMM random 4 64 1 1048576 751279 47370212 4.405870 5.246924 25 1327289 120521492541.00
rmat_s20_ef48_0.55_0.15_0.15_0.15_exp kMM random 4 64 2 1048576 752202 47369289 4.395687 5.346559 23 1327176 120523247038.00
rmat_s20_ef48_0.55_0.15_0.15_0.15_exp kMM random 8 64 0 1048576 752109 47369382 4.414183 9.059313 30 2391182 193677330669.00
rmat_s20_ef48_0.55_0.15_0.15_0.15_exp kMM random 8 64 1 1048576 751279 47370212 4.434981 9.054949 30 2391402 193669284007.00
rmat_s20_ef48_0.55_0.15_0.15_0.15_exp kMM random 8 64 2 1048576 752202 47369289 4.473010 9.022856 30 2391439 193664913592.00
rmat_s20_ef48_0.55_0.15_0.15_0.15_uni kMM random 16 64 0 1048576 751789 47374013 4.454629 13.745006 21 4104820 1528983566842.00
rmat_s20_ef48_0.55_0.15_0.15_0.15_uni kMM random 16 64 1 1048576 753536 47372266 4.451047 13.650172 21 4104388 1528950103453.00
rmat_s20_ef48_0.55_0.15_0.15_0.15_uni kMM random 16 64 2 1048576 751236 47374566 4.459024 13.684577 20 4104644 1529057230864.00
rmat_s20_ef48_0.55_0.15_0.15_0.15_uni kMM random 32 64 0 1048576 751789 47374013 4.450571 22.286781 26 6775633 2402467650714.00
rmat_s20_ef48_0.55_0.15_0.15_0.15_uni kMM random 32 64 1 1048576 753536 47372266 4.511012 22.220443 26 6775209 2402260017452.00
rmat_s20_ef48_0.55_0.15_0.15_0.15_uni kMM random 32 64 2 1048576 751236 47374566 5.018302 22.296614 25 6775359 2402329170532.00
rmat_s20_ef48_0.55_0.15_0.15_0.15_uni kMM random 4 64 0 1048576 751789 47374013 4.515296 4.671302 13 1323437 530121758741.00
rmat_s20_ef48_0.55_0.15_0.15_0.15_uni kMM random 4 64 1 1048576 753536 47372266 4.444652 4.656504 13 1323469 530209323160.00
rmat_s20_ef48_0.55_0.15_0.15_0.15_uni kMM random 4 64 2 1048576 751236 47374566 4.431932 4.654144 13 1323193 530048583998.00
rmat_s20_ef48_0.55_0.15_0.15_0.15_uni kMM random 8 64 0 1048576 751789 47374013 4.407426 8.211767 17 2385799 923968613653.00
rmat_s20_ef48_0.55_0.15_0.15_0.15_uni kMM random 8 64 1 1048576 753536 47372266 4.506854 8.144806 18 2385845 924045377654.00
rmat_s20_ef48_0.55_0.15_0.15_0.15_uni kMM random 8 64 2 1048576 751236 47374566 4.444992 8.140853 18 2385527 923971398583.00
fbA kMM random 16 128 0 357059 337337 42720174 8.138648 2.175684 66 62702 47749420970.00
fbA kMM random 16 128 1 357059 336570 42720941 8.131938 2.254991 69 62695 47746940952.00
fbA kMM random 16 128 2 357059 336516 42720995 8.109291 2.213568 65 62695 47765611888.00
fbA kMM random 32 128 0 357059 337337 42720174 8.075437 3.488899 81 120309 79209682691.00
fbA kMM random 32 128 1 357059 336570 42720941 8.102935 3.627514 80 120318 79206743349.00
fbA kMM random 32 128 2 357059 336516 42720995 8.104277 3.551258 79 120348 79216706495.00
fbA kMM random 4 128 0 357059 337337 42720174 8.088478 0.999561 36 16331 17852424706.00
fbA kMM random 4 128 1 357059 336570 42720941 8.132600 1.054596 37 16341 17850641232.00
fbA kMM random 4 128 2 357059 336516 42720995 8.090287 1.038343 35 16330 17832660959.00
fbA kMM random 8 128 0 357059 337337 42720174 8.119927 1.435747 48 32344 29106630753.00
fbA kMM random 8 128 1 357059 336570 42720941 8.109519 1.556488 49 32341 29112002871.00
fbA kMM random 8 128 2 357059 336516 42720995 8.101357 1.456153 49 32350 29110495185.00
fbC kMM random 16 128 0 990023 317443 40337268 6.838597 4.838449 86 59432 364521659874.00
fbC kMM random 16 128 1 990023 318251 40336460 6.770405 4.749340 86 59426 364554860187.00
fbC kMM random 16 128 2 990023 317933 40336778 6.276403 4.463907 80 59435 364389559211.00
fbC kMM random 32 128 0 990023 317443 40337268 6.847749 6.342694 94 116280 414578540232.00
fbC kMM random 32 128 1 990023 318251 40336460 6.915648 5.987833 90 116289 414579178894.00
fbC kMM random 32 128 2 990023 317933 40336778 6.729547 5.921321 95 116276 414589451130.00
fbC kMM random 4 128 0 990023 317443 40337268 6.762817 2.519183 46 16754 137243811629.00
fbC kMM random 4 128 1 990023 318251 40336460 6.746062 2.654721 47 16754 137186003889.00
fbC kMM random 4 128 2 990023 317933 40336778 6.815032 1.975087 38 16756 137235518514.00
fbC kMM random 8 128 0 990023 317443 40337268 7.302518 4.510229 69 31017 238208783922.00
fbC kMM random 8 128 1 990023 318251 40336460 6.719918 4.203034 69 31018 238175841077.00
fbC kMM random 8 128 2 990023 317933 40336778 6.685540 3.665847 67 31010 238180153043.00
rmat_s20_ef48_0.25_0.25_0.25_0.25_exp kMM random 16 128 0 1048576 392454 49936902 9.359553 29.478553 40 8287247 712844126362.00
rmat_s20_ef48_0.25_0.25_0.25_0.25_exp kMM random 16 128 1 1048576 393152 49936204 9.940386 29.440931 40 8286998 712844457182.00
rmat_s20_ef48_0.25_0.25_0.25_0.25_exp kMM random 16 128 2 1048576 393210 49936146 9.389493 29.416646 40 8287540 712829247383.00
rmat_s20_ef48_0.25_0.25_0.25_0.25_exp kMM random 32 128 0 1048576 392454 49936902 9.340651 55.867315 48 16527312 1088245600925.00
rmat_s20_ef48_0.25_0.25_0.25_0.25_exp kMM random 32 128 1 1048576 393152 49936204 9.392642 56.105480 47 16526962 1088254409902.00
rmat_s20_ef48_0.25_0.25_0.25_0.25_exp kMM random 32 128 2 1048576 393210 49936146 9.287765 56.012961 47 16526728 1088257004938.00
rmat_s20_ef48_0.25_0.25_0.25_0.25_exp kMM random 4 128 0 1048576 392454 49936902 9.918793 8.488176 27 2074940 252698943242.00
rmat_s20_ef48_0.25_0.25_0.25_0.25_exp kMM random 4 128 1 1048576 393152 49936204 9.936122 8.427869 25 2075011 252709818253.00
rmat_s20_ef48_0.25_0.25_0.25_0.25_exp kMM random 4 128 2 1048576 393210 49936146 9.375185 8.521532 26 2075011 252696166870.00
rmat_s20_ef48_0.25_0.25_0.25_0.25_exp kMM random 8 128 0 1048576 392454 49936902 9.963252 15.739785 34 4148204 435184408066.00
rmat_s20_ef48_0.25_0.25_0.25_0.25_exp kMM random 8 128 1 1048576 393152 49936204 9.356465 15.740533 33 4147884 435189216236.00
rmat_s20_ef48_0.25_0.25_0.25_0.25_exp kMM random 8 128 2 1048576 393210 49936146 9.338305 15.708426 33 4148083 435168116920.00
rmat_s20_ef48_0.25_0.25_0.25_0.25_uni kMM random 16 128 0 1048576 393759 49935487 10.226665 26.988575 27 8286950 3682315430834.00
rmat_s20_ef48_0.25_0.25_0.25_0.25_uni kMM random 16 128 1 1048576 394692 49934554 10.125545 27.022426 26 8287399 3682329046173.00
rmat_s20_ef48_0.25_0.25_0.25_0.25_uni kMM random 16 128 2 1048576 392669 49936577 9.582531 27.033486 26 8287339 3682407677576.00
rmat_s20_ef48_0.25_0.25_0.25_0.25_uni kMM random 32 128 0 1048576 393759 49935487 10.091974 53.203635 33 16527420 6717805650344.00
rmat_s20_ef48_0.25_0.25_0.25_0.25_uni kMM random 32 128 1 1048576 394692 49934554 10.265858 53.074272 33 16526375 6717673768763.00
rmat_s20_ef48_0.25_0.25_0.25_0.25_uni kMM random 32 128 2 1048576 392669 49936577 9.577033 53.292562 33 16527022 6717776256739.00
rmat_s20_ef48_0.25_0.25_0.25_0.25_uni kMM random 4 128 0 1048576 393759 49935487 10.112274 7.261140 15 2075213 963223781721.00
rmat_s20_ef48_0.25_0.25_0.25_0.25_uni kMM random 4 128 1 1048576 394692 49934554 9.611853 7.251858 15 2075283 963255282837.00
rmat_s20_ef48_0.25_0.25_0.25_0.25_uni kMM random 4 128 2 1048576 392669 49936577 9.605664 7.243853 15 2075170 963226364092.00
rmat_s20_ef48_0.25_0.25_0.25_0.25_uni kMM random 8 128 0 1048576 393759 49935487 9.589267 13.775214 21 4148153 1908472033376.00
rmat_s20_ef48_0.25_0.25_0.25_0.25_uni kMM random 8 128 1 1048576 394692 49934554 10.218512 13.833243 22 4148120 1908478824755.00
rmat_s20_ef48_0.25_0.25_0.25_0.25_uni kMM random 8 128 2 1048576 392669 49936577 9.623228 13.831117 21 4148033 1908459206913.00
rmat_s20_ef48_0.45_0.15_0.15_0.25_exp kMM random 16 128 0 1048576 393172 49742116 9.292163 27.341218 39 7502890 571923855224.00
rmat_s20_ef48_0.45_0.15_0.15_0.25_exp kMM random 16 128 1 1048576 392070 49743218 9.300109 27.477723 39 7502685 571920331616.00
rmat_s20_ef48_0.45_0.15_0.15_0.25_exp kMM random 16 128 2 1048576 391073 49744215 9.297921 27.241588 39 7502893 571895830208.00
rmat_s20_ef48_0.45_0.15_0.15_0.25_exp kMM random 32 128 0 1048576 393172 49742116 9.304420 47.301357 45 13699033 840456202100.00
rmat_s20_ef48_0.45_0.15_0.15_0.25_exp kMM random 32 128 1 1048576 392070 49743218 9.299409 47.542258 44 13698124 840455585847.00
rmat_s20_ef48_0.45_0.15_0.15_0.25_exp kMM random 32 128 2 1048576 391073 49744215 9.315448 47.525989 45 13699236 840456948589.00
rmat_s20_ef48_0.45_0.15_0.15_0.25_exp kMM random 4 128 0 1048576 393172 49742116 9.448335 8.257522 25 1983279 214696747841.00
rmat_s20_ef48_0.45_0.15_0.15_0.25_exp kMM random 4 128 1 1048576 392070 49743218 9.854084 8.213596 25 1983671 214716834693.00
rmat_s20_ef48_0.45_0.15_0.15_0.25_exp kMM random 4 128 2 1048576 391073 49744215 9.266036 8.163443 25 1983424 214709194031.00
rmat_s20_ef48_0.45_0.15_0.15_0.25_exp kMM random 8 128 0 1048576 393172 49742116 9.353400 14.998217 32 3902913 361109533702.00
rmat_s20_ef48_0.45_0.15_0.15_0.25_exp kMM random 8 128 1 1048576 392070 49743218 9.292155 15.076417 32 3902987 361111844448.00
rmat_s20_ef48_0.45_0.15_0.15_0.25_exp kMM random 8 128 2 1048576 391073 49744215 9.328712 15.103692 33 3903537 361112758512.00
rmat_s20_ef48_0.45_0.15_0.15_0.25_uni kMM random 16 128 0 1048576 392575 49743064 7.899917 24.809419 23 7499987 3022883595170.00
rmat_s20_ef48_0.45_0.15_0.15_0.25_uni kMM random 16 128 1 1048576 391756 49743883 7.801093 24.787907 23 7499916 3022736607856.00
rmat_s20_ef48_0.45_0.15_0.15_0.25_uni kMM random 16 128 2 1048576 391413 49744226 7.910673 24.899974 23 7499929 3022748437053.00
rmat_s20_ef48_0.45_0.15_0.15_0.25_uni kMM random 32 128 0 1048576 392575 49743064 7.792401 44.590009 27 13698943 5046722883468.00
rmat_s20_ef48_0.45_0.15_0.15_0.25_uni kMM random 32 128 1 1048576 391756 49743883 7.885625 44.514757 28 13698086 5046553301747.00
rmat_s20_ef48_0.45_0.15_0.15_0.25_uni kMM random 32 128 2 1048576 391413 49744226 7.955028 44.533917 27 13697957 5046620294422.00
rmat_s20_ef48_0.45_0.15_0.15_0.25_uni kMM random 4 128 0 1048576 392575 49743064 7.837483 7.022310 16 1982055 877420233861.00
rmat_s20_ef48_0.45_0.15_0.15_0.25_uni kMM random 4 128 1 1048576 391756 49743883 7.646234 6.923473 15 1981623 877286186274.00
rmat_s20_ef48_0.45_0.15_0.15_0.25_uni kMM random 4 128 2 1048576 391413 49744226 7.930073 6.980111 16 1981996 877434252649.00
rmat_s20_ef48_0.45_0.15_0.15_0.25_uni kMM random 8 128 0 1048576 392575 49743064 7.923070 13.375284 19 3899614 1669242458196.00
rmat_s20_ef48_0.45_0.15_0.15_0.25_uni kMM random 8 128 1 1048576 391756 49743883 7.837464 13.392899 18 3899692 1669182127091.00
rmat_s20_ef48_0.45_0.15_0.15_0.25_uni kMM random 8 128 2 1048576 391413 49744226 7.783745 13.363569 19 3899841 1669262362875.00
rmat_s20_ef48_0.55_0.15_0.15_0.15_exp kMM random 16 128 0 1048576 375490 47746001 9.260661 16.332089 36 4109936 295558327164.00
rmat_s20_ef48_0.55_0.15_0.15_0.15_exp kMM random 16 128 1 1048576 375509 47745982 8.767849 16.356961 37 4109445 295548519391.00
rmat_s20_ef48_0.55_0.15_0.15_0.15_exp kMM random 16 128 2 1048576 376623 47744868 8.690570 16.331395 36 4109572 295549529884.00
rmat_s20_ef48_0.55_0.15_0.15_0.15_exp kMM random 32 128 0 1048576 375490 47746001 8.675278 25.680492 45 6777227 429613018903.00
rmat_s20_ef48_0.55_0.15_0.15_0.15_exp kMM random 32 128 1 1048576 375509 47745982 8.656530 25.456068 45 6777313 429610306117.00
rmat_s20_ef48_0.55_0.15_0.15_0.15_exp kMM random 32 128 2 1048576 376623 47744868 9.300445 25.701741 45 6777206 429589022422.00
rmat_s20_ef48_0.55_0.15_0.15_0.15_exp kMM random 4 128 0 1048576 375490 47746001 8.738921 6.014736 24 1326993 120521846985.00
rmat_s20_ef48_0.55_0.15_0.15_0.15_exp kMM random 4 128 1 1048576 375509 47745982 9.299718 6.002330 23 1327323 120524145265.00
rmat_s20_ef48_0.55_0.15_0.15_0.15_exp kMM random 4 128 2 1048576 376623 47744868 8.682435 5.953253 25 1327302 120512142187.00
rmat_s20_ef48_0.55_0.15_0.15_0.15_exp kMM random 8 128 0 1048576 375490 47746001 8.767848 10.046111 30 2391591 193676301130.00
rmat_s20_ef48_0.55_0.15_0.15_0.15_exp kMM random 8 128 1 1048576 375509 47745982 8.737546 10.202724 31 2391540 193671063332.00
rmat_s20_ef48_0.55_0.15_0.15_0.15_exp kMM random 8 128 2 1048576 376623 47744868 8.646595 10.193558 30 2391272 193673750939.00
rmat_s20_ef48_0.55_0.15_0.15_0.15_uni kMM random 16 128 0 1048576 375784 47750018 8.699188 14.642724 20 4104260 1528808185352.00
rmat_s20_ef48_0.55_0.15_0.15_0.15_uni kMM random 16 128 1 1048576 376394 47749408 8.691986 14.550548 21 4104715 1528945101653.00
rmat_s20_ef48_0.55_0.15_0.15_0.15_uni kMM random 16 128 2 1048576 374372 47751430 8.691240 14.522126 20 4104732 1528896908381.00
rmat_s20_ef48_0.55_0.15_0.15_0.15_uni kMM random 32 128 0 1048576 375784 47750018 9.262646 23.520664 26 6775400 2402276566906.00
rmat_s20_ef48_0.55_0.15_0.15_0.15_uni kMM random 32 128 1 1048576 376394 47749408 8.671601 23.395263 25 6775008 2402106047579.00
rmat_s20_ef48_0.55_0.15_0.15_0.15_uni kMM random 32 128 2 1048576 374372 47751430 9.266431 23.322947 25 6775611 2402155131165.00
rmat_s20_ef48_0.55_0.15_0.15_0.15_uni kMM random 4 128 0 1048576 375784 47750018 9.262138 4.956403 13 1323668 530050967330.00
rmat_s20_ef48_0.55_0.15_0.15_0.15_uni kMM random 4 128 1 1048576 376394 47749408 8.792513 5.035912 13 1323235 530022390347.00
rmat_s20_ef48_0.55_0.15_0.15_0.15_uni kMM random 4 128 2 1048576 374372 47751430 8.687336 5.019540 14 1323220 529998631889.00
rmat_s20_ef48_0.55_0.15_0.15_0.15_uni kMM random 8 128 0 1048576 375784 47750018 8.695935 8.729394 17 2385594 923898381043.00
rmat_s20_ef48_0.55_0.15_0.15_0.15_uni kMM random 8 128 1 1048576 376394 47749408 8.678109 8.680554 16 2385965 923898548733.00
rmat_s20_ef48_0.55_0.15_0.15_0.15_uni kMM random 8 128 2 1048576 374372 47751430 8.668584 8.653823 17 2385587 923891542786.00
fbA kCS random 16 128 0 357059 337337 42720174 8.112018 1.243489 580 62610 47847442517.00
fbA kCS random 16 128 1 357059 336570 42720941 8.137694 1.274703 583 62607 47847430676.00
fbA kCS random 16 128 2 357059 336516 42720995 8.138658 1.256033 579 62610 47847436079.00
fbA kCS random 32 128 0 357059 337337 42720174 8.103946 2.370507 985 120240 79337815405.00
fbA kCS random 32 128 1 357059 336570 42720941 8.094892 2.335284 960 120246 79337820105.00
fbA kCS random 32 128 2 357059 336516 42720995 8.180593 2.401372 998 120252 79337813976.00
fbA kCS random 4 128 0 357059 337337 42720174 8.098777 0.443417 180 16324 17915577116.00
fbA kCS random 4 128 1 357059 336570 42720941 8.082956 0.444858 174 16316 17915554149.00
fbA kCS random 4 128 2 357059 336516 42720995 9.405586 0.428939 177 16321 17915580105.00
fbA kCS random 8 128 0 357059 337337 42720174 8.112678 0.734824 334 32298 29135367040.00
fbA kCS random 8 128 1 357059 336570 42720941 8.645292 0.734118 330 32305 29135359363.00
fbA kCS random 8 128 2 357059 336516 42720995 8.071376 0.741744 333 32293 29135358011.00
fbC kCS random 16 128 0 990023 317443 40337268 6.812407 2.148063 641 59379 369196110795.00
fbC kCS random 16 128 1 990023 318251 40336460 6.823351 2.071405 627 59380 369195416020.00
fbC kCS random 16 128 2 990023 317933 40336778 6.909443 1.993079 634 59380 369196062604.00
fbC kCS random 32 128 0 990023 317443 40337268 6.437798 3.539076 1084 116163 414694531434.00
fbC kCS random 32 128 1 990023 318251 40336460 7.253913 3.621563 1100 116161 414693888846.00
fbC kCS random 32 128 2 990023 317933 40336778 6.696435 3.239434 1070 116161 414694904034.00
fbC kCS random 4 128 0 990023 317443 40337268 6.255417 0.576671 161 16760 138331289724.00
fbC kCS random 4 128 1 990023 318251 40336460 6.849967 0.561042 163 16761 138331247551.00
fbC kCS random 4 128 2 990023 317933 40336778 6.347287 0.567259 160 16762 138331290691.00
fbC kCS random 8 128 0 990023 317443 40337268 6.619651 1.018933 337 31001 239913210946.00
fbC kCS random 8 128 1 990023 318251 40336460 6.834507 1.035852 318 30999 239913208117.00
fbC kCS random 8 128 2 990023 317933 40336778 6.775621 1.009826 333 31000 239913214155.00
rmat_s20_ef48_0.25_0.25_0.25_0.25_exp kCS random 16 128 0 1048576 392454 49936902 9.347382 0.674512 173 8289694 717952339318.00
rmat_s20_ef48_0.25_0.25_0.25_0.25_exp kCS random 16 128 1 1048576 393152 49936204 9.920311 0.650315 173 8289616 717951202140.00
rmat_s20_ef48_0.25_0.25_0.25_0.25_exp kCS random 16 128 2 1048576 393210 49936146 9.918250 0.656882 173 8289608 717953470947.00
rmat_s20_ef48_0.25_0.25_0.25_0.25_exp kCS random 32 128 0 1048576 392454 49936902 9.384504 0.960362 254 16545143 1095275806901.00
rmat_s20_ef48_0.25_0.25_0.25_0.25_exp kCS random 32 128 1 1048576 393152 49936204 9.311326 0.997920 252 16544828 1095272436987.00
rmat_s20_ef48_0.25_0.25_0.25_0.25_exp kCS random 32 128 2 1048576 393210 49936146 9.323375 0.966421 253 16544789 1095276261800.00
rmat_s20_ef48_0.25_0.25_0.25_0.25_exp kCS random 4 128 0 1048576 392454 49936902 9.304404 0.339172 67 2074901 254876588544.00
rmat_s20_ef48_0.25_0.25_0.25_0.25_exp kCS random 4 128 1 1048576 393152 49936204 9.906487 0.323343 67 2074903 254876558431.00
rmat_s20_ef48_0.25_0.25_0.25_0.25_exp kCS random 4 128 2 1048576 393210 49936146 9.291541 0.333669 67 2074895 254876505045.00
rmat_s20_ef48_0.25_0.25_0.25_0.25_exp kCS random 8 128 0 1048576 392454 49936902 9.873263 0.492315 111 4148176 438656359195.00
rmat_s20_ef48_0.25_0.25_0.25_0.25_exp kCS random 8 128 1 1048576 393152 49936204 9.922333 0.451216 113 4148173 438656969067.00
rmat_s20_ef48_0.25_0.25_0.25_0.25_exp kCS random 8 128 2 1048576 393210 49936146 9.378887 0.464405 112 4148162 438656721325.00
rmat_s20_ef48_0.25_0.25_0.25_0.25_uni kCS random 16 128 0 1048576 393759 49935487 9.367913 0.674785 169 8289803 3708185772652.00
rmat_s20_ef48_0.25_0.25_0.25_0.25_uni kCS random 16 128 1 1048576 394692 49934554 9.883985 0.621925 172 8289761 3708157803811.00
rmat_s20_ef48_0.25_0.25_0.25_0.25_uni kCS random 16 128 2 1048576 392669 49936577 9.885421 0.644174 171 8289766 3708162046923.00
rmat_s20_ef48_0.25_0.25_0.25_0.25_uni kCS random 32 128 0 1048576 393759 49935487 9.364028 1.015579 253 16545360 6765924491298.00
rmat_s20_ef48_0.25_0.25_0.25_0.25_uni kCS random 32 128 1 1048576 394692 49934554 9.431415 1.000351 255 16544871 6765869315740.00
rmat_s20_ef48_0.25_0.25_0.25_0.25_uni kCS random 32 128 2 1048576 392669 49936577 9.350129 0.974168 252 16544881 6765921838632.00
rmat_s20_ef48_0.25_0.25_0.25_0.25_uni kCS random 4 128 0 1048576 393759 49935487 9.341500 0.340666 69 2074731 985248043274.00
rmat_s20_ef48_0.25_0.25_0.25_0.25_uni kCS random 4 128 1 1048576 394692 49934554 9.313833 0.339430 69 2074744 985250340296.00
rmat_s20_ef48_0.25_0.25_0.25_0.25_uni kCS random 4 128 2 1048576 392669 49936577 9.369610 0.329591 69 2074729 985251187877.00
rmat_s20_ef48_0.25_0.25_0.25_0.25_uni kCS random 8 128 0 1048576 393759 49935487 9.329927 0.454976 108 4148291 1932889605303.00
rmat_s20_ef48_0.25_0.25_0.25_0.25_uni kCS random 8 128 1 1048576 394692 49934554 9.321839 0.464507 108 4148315 1932889975893.00
rmat_s20_ef48_0.25_0.25_0.25_0.25_uni kCS random 8 128 2 1048576 392669 49936577 9.347806 0.464009 107 4148301 1932891248795.00
rmat_s20_ef48_0.45_0.15_0.15_0.25_exp kCS random 16 128 0 1048576 393172 49742116 9.305134 0.632844 164 7497865 572598093143.00
rmat_s20_ef48_0.45_0.15_0.15_0.25_exp kCS random 16 128 1 1048576 392070 49743218 9.369722 0.642241 163 7497859 572597574781.00
rmat_s20_ef48_0.45_0.15_0.15_0.25_exp kCS random 16 128 2 1048576 391073 49744215 9.311592 0.617988 163 7497869 572596922466.00
rmat_s20_ef48_0.45_0.15_0.15_0.25_exp kCS random 32 128 0 1048576 393172 49742116 9.234009 1.024382 264 13657152 839436589245.00
rmat_s20_ef48_0.45_0.15_0.15_0.25_exp kCS random 32 128 1 1048576 392070 49743218 9.225694 0.972076 264 13657236 839436009807.00
rmat_s20_ef48_0.45_0.15_0.15_0.25_exp kCS random 32 128 2 1048576 391073 49744215 9.282967 0.974983 265 13657241 839436814907.00
rmat_s20_ef48_0.45_0.15_0.15_0.25_exp kCS random 4 128 0 1048576 393172 49742116 9.393938 0.302422 65 1983088 215865331351.00
rmat_s20_ef48_0.45_0.15_0.15_0.25_exp kCS random 4 128 1 1048576 392070 49743218 9.289988 0.316788 65 1983090 215865228432.00
rmat_s20_ef48_0.45_0.15_0.15_0.25_exp kCS random 4 128 2 1048576 391073 49744215 9.300486 0.305668 65 1983093 215865348151.00
rmat_s20_ef48_0.45_0.15_0.15_0.25_exp kCS random 8 128 0 1048576 393172 49742116 11.205982 0.441649 105 3903505 362538726581.00
rmat_s20_ef48_0.45_0.15_0.15_0.25_exp kCS random 8 128 1 1048576 392070 49743218 9.288134 0.448271 105 3903502 362538487536.00
rmat_s20_ef48_0.45_0.15_0.15_0.25_exp kCS random 8 128 2 1048576 391073 49744215 9.389135 0.419784 105 3903504 362538651240.00
rmat_s20_ef48_0.45_0.15_0.15_0.25_uni kCS random 16 128 0 1048576 392575 49743064 7.829826 0.636814 166 7500249 3039072419552.00
rmat_s20_ef48_0.45_0.15_0.15_0.25_uni kCS random 16 128 1 1048576 391756 49743883 7.821393 0.635132 167 7500097 3039059562419.00
rmat_s20_ef48_0.45_0.15_0.15_0.25_uni kCS random 16 128 2 1048576 391413 49744226 7.428524 0.650935 167 7500096 3039064321603.00
rmat_s20_ef48_0.45_0.15_0.15_0.25_uni kCS random 32 128 0 1048576 392575 49743064 8.087866 1.059337 274 13661239 5046498212181.00
rmat_s20_ef48_0.45_0.15_0.15_0.25_uni kCS random 32 128 1 1048576 391756 49743883 7.830124 1.077344 275 13661070 5046494581880.00
rmat_s20_ef48_0.45_0.15_0.15_0.25_uni kCS random 32 128 2 1048576 391413 49744226 7.475380 1.002117 275 13661194 5046498746792.00
rmat_s20_ef48_0.45_0.15_0.15_0.25_uni kCS random 4 128 0 1048576 392575 49743064 7.920556 0.300168 64 1983336 891730428308.00
rmat_s20_ef48_0.45_0.15_0.15_0.25_uni kCS random 4 128 1 1048576 391756 49743883 7.450287 0.327565 64 1983315 891724534377.00
rmat_s20_ef48_0.45_0.15_0.15_0.25_uni kCS random 4 128 2 1048576 391413 49744226 7.966219 0.302862 64 1983306 891725587516.00
rmat_s20_ef48_0.45_0.15_0.15_0.25_uni kCS random 8 128 0 1048576 392575 49743064 7.814033 0.426854 104 3904212 1689093604396.00
rmat_s20_ef48_0.45_0.15_0.15_0.25_uni kCS random 8 128 1 1048576 391756 49743883 7.839488 0.424459 104 3904188 1689092347497.00
rmat_s20_ef48_0.45_0.15_0.15_0.25_uni kCS random 8 128 2 1048576 391413 49744226 7.875169 0.417850 104 3904159 1689086479759.00
rmat_s20_ef48_0.55_0.15_0.15_0.15_exp kCS random 16 128 0 1048576 375490 47746001 8.753835 0.593529 175 4086018 294533256708.00
rmat_s20_ef48_0.55_0.15_0.15_0.15_exp kCS random 16 128 1 1048576 375509 47745982 8.636842 0.610646 174 4086005 294532984924.00
rmat_s20_ef48_0.55_0.15_0.15_0.15_exp kCS random 16 128 2 1048576 376623 47744868 8.679150 0.601958 175 4086027 294533320334.00
rmat_s20_ef48_0.55_0.15_0.15_0.15_exp kCS random 32 128 0 1048576 375490 47746001 9.223718 1.024234 320 6744780 428174911435.00
rmat_s20_ef48_0.55_0.15_0.15_0.15_exp kCS random 32 128 1 1048576 375509 47745982 8.889891 1.036131 320 6744776 428175011066.00
rmat_s20_ef48_0.55_0.15_0.15_0.15_exp kCS random 32 128 2 1048576 376623 47744868 8.649860 1.005829 320 6744782 428175056530.00
rmat_s20_ef48_0.55_0.15_0.15_0.15_exp kCS random 4 128 0 1048576 375490 47746001 8.617263 0.286804 62 1324968 120664678742.00
rmat_s20_ef48_0.55_0.15_0.15_0.15_exp kCS random 4 128 1 1048576 375509 47745982 8.633782 0.263204 62 1324970 120664628057.00
rmat_s20_ef48_0.55_0.15_0.15_0.15_exp kCS random 4 128 2 1048576 376623 47744868 8.692967 0.259375 62 1324971 120664671309.00
rmat_s20_ef48_0.55_0.15_0.15_0.15_exp kCS random 8 128 0 1048576 375490 47746001 8.654019 0.388899 101 2384060 193423407917.00
rmat_s20_ef48_0.55_0.15_0.15_0.15_exp kCS random 8 128 1 1048576 375509 47745982 8.619452 0.383507 101 2384061 193423387715.00
rmat_s20_ef48_0.55_0.15_0.15_0.15_exp kCS random 8 128 2 1048576 376623 47744868 8.649702 0.384938 100 2384058 193423310667.00
rmat_s20_ef48_0.55_0.15_0.15_0.15_uni kCS random 16 128 0 1048576 375784 47750018 8.555664 0.614869 174 4088384 1533137444269.00
rmat_s20_ef48_0.55_0.15_0.15_0.15_uni kCS random 16 128 1 1048576 376394 47749408 8.508073 0.623770 174 4088369 1533129676616.00
rmat_s20_ef48_0.55_0.15_0.15_0.15_uni kCS random 16 128 2 1048576 374372 47751430 9.104189 0.608931 173 4088375 1533130192718.00
rmat_s20_ef48_0.55_0.15_0.15_0.15_uni kCS random 32 128 0 1048576 375784 47750018 8.567082 1.041565 320 6747112 2402178672880.00
rmat_s20_ef48_0.55_0.15_0.15_0.15_uni kCS random 32 128 1 1048576 376394 47749408 8.534262 1.040944 320 6747113 2402173426423.00
rmat_s20_ef48_0.55_0.15_0.15_0.15_uni kCS random 32 128 2 1048576 374372 47751430 8.542626 1.052264 320 6747092 2402176835499.00
rmat_s20_ef48_0.55_0.15_0.15_0.15_uni kCS random 4 128 0 1048576 375784 47750018 9.031592 0.269983 63 1325444 536854983343.00
rmat_s20_ef48_0.55_0.15_0.15_0.15_uni kCS random 4 128 1 1048576 376394 47749408 9.133167 0.262007 63 1325452 536857595768.00
rmat_s20_ef48_0.55_0.15_0.15_0.15_uni kCS random 4 128 2 1048576 374372 47751430 9.137026 0.281247 62 1325443 536857954924.00
rmat_s20_ef48_0.55_0.15_0.15_0.15_uni kCS random 8 128 0 1048576 375784 47750018 9.168498 0.385049 100 2384724 931767256300.00
rmat_s20_ef48_0.55_0.15_0.15_0.15_uni kCS random 8 128 1 1048576 376394 47749408 8.611875 0.415045 100 2384788 931772678205.00
rmat_s20_ef48_0.55_0.15_0.15_0.15_uni kCS random 8 128 2 1048576 374372 47751430 8.557047 0.380045 100 2384764 931775934348.00
fbA kCS random 16 2 0 357059 21518468 21539043 4.874401 7.238865 569 62610 47847442517.00
fbA kCS random 16 2 1 357059 21533735 21523776 4.871474 7.336698 576 62607 47847430676.00
fbA kCS random 16 2 2 357059 21530347 21527164 4.830711 7.289299 570 62610 47847436079.00
fbA kCS random 32 2 0 357059 21518468 21539043 4.835764 10.626269 979 120240 79337815405.00
fbA kCS random 32 2 1 357059 21533735 21523776 4.829289 10.598547 951 120246 79337820105.00
fbA kCS random 32 2 2 357059 21530347 21527164 4.931067 10.640789 985 120252 79337813976.00
fbA kCS random 4 2 0 357059 21518468 21539043 4.917989 5.835236 173 16324 17915577116.00
fbA kCS random 4 2 1 357059 21533735 21523776 4.812052 5.924082 165 16316 17915554149.00
fbA kCS random 4 2 2 357059 21530347 21527164 4.921836 5.921882 169 16321 17915580105.00
fbA kCS random 8 2 0 357059 21518468 21539043 4.912187 6.306408 325 32298 29135367040.00
fbA kCS random 8 2 1 357059 21533735 21523776 4.785558 6.379820 314 32305 29135359363.00
fbA kCS random 8 2 2 357059 21530347 21527164 4.789873 6.357450 326 32293 29135358011.00
fbA kMM random 16 2 0 357059 21518468 21539043 4.398464 6.025047 66 62675 47741996961.00
fbA kMM random 16 2 1 357059 21533735 21523776 4.394562 6.061967 65 62689 47750790460.00
fbA kMM random 16 2 2 357059 21530347 21527164 4.355641 6.186201 65 62688 47752464600.00
fbA kMM random 32 2 0 357059 21518468 21539043 4.548810 7.858152 76 120325 79205605551.00
fbA kMM random 32 2 1 357059 21533735 21523776 4.317830 7.815756 75 120321 79206330030.00
fbA kMM random 32 2 2 357059 21530347 21527164 4.379965 8.231218 77 120321 79208777423.00
fbA kMM random 4 2 0 357059 21518468 21539043 4.380827 3.335520 34 16330 17822200422.00
fbA kMM random 4 2 1 357059 21533735 21523776 4.366868 3.260542 34 16332 17842186387.00
fbA kMM random 4 2 2 357059 21530347 21527164 4.374491 3.355842 34 16339 17844268047.00
fbA kMM random 8 2 0 357059 21518468 21539043 4.346255 4.585336 47 32340 29105210810.00
fbA kMM random 8 2 1 357059 21533735 21523776 4.383803 4.575818 46 32345 29109644372.00
fbA kMM random 8 2 2 357059 21530347 21527164 4.327450 4.421425 49 32344 29095446512.00
fbA MRepLM random 16 2 0 357059 21518468 21539043 4.921371 81.064260 529 62610 47847421547.00
fbA MRepLM random 16 2 1 357059 21533735 21523776 4.808148 81.637666 538 62616 47847416673.00
fbA MRepLM random 16 2 2 357059 21530347 21527164 4.861779 80.252292 540 62615 47847421052.00
fbA MRepLM random 32 2 0 357059 21518468 21539043 4.798940 164.988928 1136 120250 79337836537.00
fbA MRepLM random 32 2 1 357059 21533735 21523776 4.826780 165.771629 1142 120245 79337826719.00
fbA MRepLM random 32 2 2 357059 21530347 21527164 4.845744 165.564875 1151 120234 79337833562.00
fbA MRepLM random 4 2 0 357059 21518468 21539043 4.870871 15.653462 103 16318 17915566457.00
fbA MRepLM random 4 2 1 357059 21533735 21523776 4.786565 15.894232 107 16320 17915564289.00
fbA MRepLM random 4 2 2 357059 21530347 21527164 4.796430 15.896751 106 16324 17915560919.00
fbA MRepLM random 8 2 0 357059 21518468 21539043 4.796987 36.647851 235 32302 29135365247.00
fbA MRepLM random 8 2 1 357059 21533735 21523776 4.886539 37.029403 240 32311 29135360668.00
fbA MRepLM random 8 2 2 357059 21530347 21527164 4.824619 37.361788 240 32314 29135361192.00
fbA MRepS random 16 2 0 357059 21518468 21539043 4.798879 46.799960 895 62610 47847442517.00
fbA MRepS random 16 2 1 357059 21533735 21523776 4.896609 47.150449 882 62607 47847430676.00
fbA MRepS random 16 2 2 357059 21530347 21527164 4.811720 46.942112 886 62610 47847436079.00
fbA MRepS random 32 2 0 357059 21518468 21539043 4.823164 92.811817 1904 120240 79337815405.00
fbA MRepS random 32 2 1 357059 21533735 21523776 4.827300 92.619344 1913 120246 79337820105.00
fbA MRepS random 32 2 2 357059 21530347 21527164 4.865775 93.318273 1909 120252 79337813976.00
fbA MRepS random 4 2 0 357059 21518468 21539043 4.844318 13.688030 186 16324 17915577116.00
fbA MRepS random 4 2 1 357059 21533735 21523776 4.919834 13.823078 177 16316 17915554149.00
fbA MRepS random 4 2 2 357059 21530347 21527164 4.882976 13.744825 177 16321 17915580105.00
fbA MRepS random 8 2 0 357059 21518468 21539043 4.835442 24.571047 409 32298 29135367040.00
fbA MRepS random 8 2 1 357059 21533735 21523776 4.859648 24.850833 398 32305 29135359363.00
fbA MRepS random 8 2 2 357059 21530347 21527164 4.960397 24.925463 401 32293 29135358011.00
fbC kCS random 16 2 0 990023 20325086 20329625 5.297890 15.124136 629 59379 369196110795.00
fbC kCS random 16 2 1 990023 20321877 20332834 5.403804 14.984616 613 59380 369195416020.00
fbC kCS random 16 2 2 990023 20330339 20324372 5.527577 15.198276 628 59380 369196062604.00
fbC kCS random 32 2 0 990023 20325086 20329625 5.298839 24.627453 1075 116163 414694531434.00
fbC kCS random 32 2 1 990023 20321877 20332834 5.467969 24.517486 1090 116161 414693888846.00
fbC kCS random 32 2 2 990023 20330339 20324372 5.280556 24.487024 1062 116161 414694904034.00
fbC kCS random 4 2 0 990023 20325086 20329625 5.248253 5.737064 148 16760 138331289724.00
fbC kCS random 4 2 1 990023 20321877 20332834 5.230082 5.736064 154 16761 138331247551.00
fbC kCS random 4 2 2 990023 20330339 20324372 5.286628 5.744207 148 16762 138331290691.00
fbC kCS random 8 2 0 990023 20325086 20329625 5.233146 8.931422 323 31001 239913210946.00
fbC kCS random 8 2 1 990023 20321877 20332834 5.260307 8.875272 304 30999 239913208117.00
fbC kCS random 8 2 2 990023 20330339 20324372 5.284987 8.854491 316 31000 239913214155.00
fbC kMM random 16 2 0 990023 20325086 20329625 4.549612 9.935986 81 59454 364582923896.00
fbC kMM random 16 2 1 990023 20321877 20332834 4.476972 9.582579 79 59434 364662111082.00
fbC kMM random 16 2 2 990023 20330339 20324372 4.504099 9.683636 78 59432 364472597738.00
fbC kMM random 32 2 0 990023 20325086 20329625 4.476469 13.285646 89 116274 414577248009.00
fbC kMM random 32 2 1 990023 20321877 20332834 4.514879 13.248688 87 116268 414577470642.00
fbC kMM random 32 2 2 990023 20330339 20324372 4.511118 13.053427 87 116283 414574179151.00
fbC kMM random 4 2 0 990023 20325086 20329625 4.544677 2.877927 43 16761 137323247373.00
fbC kMM random 4 2 1 990023 20321877 20332834 4.500139 2.901285 37 16757 137363099079.00
fbC kMM random 4 2 2 990023 20330339 20324372 4.469933 3.016898 45 16755 137283719443.00
fbC kMM random 8 2 0 990023 20325086 20329625 4.508587 4.613311 59 31016 237831902167.00
fbC kMM random 8 2 1 990023 20321877 20332834 4.473940 4.494840 59 31017 238107760130.00
fbC kMM random 8 2 2 990023 20330339 20324372 4.456902 4.465399 64 31010 237962604032.00
fbC MRepLM random 16 2 0 990023 20325086 20329625 5.020485 40.916219 442 59381 369195345045.00
fbC MRepLM random 16 2 1 990023 20321877 20332834 4.992800 41.262358 443 59380 369196061679.00
fbC MRepLM random 16 2 2 990023 20330339 20324372 5.085805 41.125481 444 59381 369195411760.00
fbC MRepLM random 32 2 0 990023 20325086 20329625 4.994840 126.135663 1016 116167 414694084603.00
fbC MRepLM random 32 2 1 990023 20321877 20332834 5.022525 127.687493 1024 116162 414695332947.00
fbC MRepLM random 32 2 2 990023 20330339 20324372 5.026168 126.538030 1010 116164 414693847747.00
fbC MRepLM random 4 2 0 990023 20325086 20329625 5.005157 10.360969 93 16761 138331248029.00
fbC MRepLM random 4 2 1 990023 20321877 20332834 5.036835 10.174775 95 16762 138331291088.00
fbC MRepLM random 4 2 2 990023 20330339 20324372 4.996946 10.062119 94 16761 138331248431.00
fbC MRepLM random 8 2 0 990023 20325086 20329625 5.058687 21.199032 207 31001 239913210021.00
fbC MRepLM random 8 2 1 990023 20321877 20332834 4.975718 21.120985 209 30999 239913211156.00
fbC MRepLM random 8 2 2 990023 20330339 20324372 5.058015 21.184720 211 31002 239913206430.00
fbC MRepS random 16 2 0 990023 20325086 20329625 5.304224 37.994362 745 59379 369196110795.00
fbC MRepS random 16 2 1 990023 20321877 20332834 5.409708 37.720999 750 59380 369195416020.00
fbC MRepS random 16 2 2 990023 20330339 20324372 5.298503 37.539100 747 59380 369196062604.00
fbC MRepS random 32 2 0 990023 20325086 20329625 5.268483 78.793395 1718 116163 414694531434.00
fbC MRepS random 32 2 1 990023 20321877 20332834 5.295803 78.593043 1735 116161 414693888846.00
fbC MRepS random 32 2 2 990023 20330339 20324372 5.264320 77.783165 1712 116161 414694904034.00
fbC MRepS random 4 2 0 990023 20325086 20329625 5.247797 10.891194 158 16760 138331289724.00
fbC MRepS random 4 2 1 990023 20321877 20332834 5.208273 10.842464 156 16761 138331247551.00
fbC MRepS random 4 2 2 990023 20330339 20324372 5.325311 10.932681 159 16762 138331290691.00
fbC MRepS random 8 2 0 990023 20325086 20329625 5.344836 19.847553 346 31001 239913210946.00
fbC MRepS random 8 2 1 990023 20321877 20332834 5.302899 19.754064 349 30999 239913208117.00
fbC MRepS random 8 2 2 990023 20330339 20324372 5.394686 19.865671 350 31000 239913214155.00
rmat_s20_ef48_0.25_0.25_0.25_0.25_exp kCS random 16 2 0 1048576 25158138 25171218 13.912692 9.407150 172 8289694 717952339318.00
rmat_s20_ef48_0.25_0.25_0.25_0.25_exp kCS random 16 2 1 1048576 25161224 25168132 13.953544 9.449302 171 8289616 717951202140.00
rmat_s20_ef48_0.25_0.25_0.25_0.25_exp kCS random 16 2 2 1048576 25159967 25169389 13.852162 9.444612 172 8289608 717953470947.00
rmat_s20_ef48_0.25_0.25_0.25_0.25_exp kCS random 32 2 0 1048576 25158138 25171218 14.067340 15.033531 253 16545143 1095275806901.00
rmat_s20_ef48_0.25_0.25_0.25_0.25_exp kCS random 32 2 1 1048576 25161224 25168132 14.027052 14.967424 252 16544828 1095272436987.00
rmat_s20_ef48_0.25_0.25_0.25_0.25_exp kCS random 32 2 2 1048576 25159967 25169389 13.927395 14.790248 252 16544789 1095276261800.00
rmat_s20_ef48_0.25_0.25_0.25_0.25_exp kCS random 4 2 0 1048576 25158138 25171218 13.875644 4.025581 63 2074901 254876588544.00
rmat_s20_ef48_0.25_0.25_0.25_0.25_exp kCS random 4 2 1 1048576 25161224 25168132 13.867676 4.017850 63 2074903 254876558431.00
rmat_s20_ef48_0.25_0.25_0.25_0.25_exp kCS random 4 2 2 1048576 25159967 25169389 13.857103 4.081075 64 2074895 254876505045.00
rmat_s20_ef48_0.25_0.25_0.25_0.25_exp kCS random 8 2 0 1048576 25158138 25171218 13.858354 6.007852 110 4148176 438656359195.00
rmat_s20_ef48_0.25_0.25_0.25_0.25_exp kCS random 8 2 1 1048576 25161224 25168132 13.992615 5.987927 108 4148173 438656969067.00
rmat_s20_ef48_0.25_0.25_0.25_0.25_exp kCS random 8 2 2 1048576 25159967 25169389 13.895394 5.980378 108 4148162 438656721325.00
rmat_s20_ef48_0.25_0.25_0.25_0.25_exp kMM random 16 2 0 1048576 25158138 25171218 7.546229 48.591679 40 8287515 712860649259.00
rmat_s20_ef48_0.25_0.25_0.25_0.25_exp kMM random 16 2 1 1048576 25161224 25168132 7.591173 48.607637 41 8287523 712853584415.00
rmat_s20_ef48_0.25_0.25_0.25_0.25_exp kMM random 16 2 2 1048576 25159967 25169389 7.555377 48.792517 41 8287218 712845925041.00
rmat_s20_ef48_0.25_0.25_0.25_0.25_exp kMM random 32 2 0 1048576 25158138 25171218 7.533793 89.522286 49 16527165 1088288087454.00
rmat_s20_ef48_0.25_0.25_0.25_0.25_exp kMM random 32 2 1 1048576 25161224 25168132 7.527886 89.124868 47 16527335 1088297120315.00
rmat_s20_ef48_0.25_0.25_0.25_0.25_exp kMM random 32 2 2 1048576 25159967 25169389 7.542151 89.468977 48 16527157 1088277742200.00
rmat_s20_ef48_0.25_0.25_0.25_0.25_exp kMM random 4 2 0 1048576 25158138 25171218 7.540348 14.477322 27 2074855 252711971957.00
rmat_s20_ef48_0.25_0.25_0.25_0.25_exp kMM random 4 2 1 1048576 25161224 25168132 7.511843 14.503508 25 2075038 252713756129.00
rmat_s20_ef48_0.25_0.25_0.25_0.25_exp kMM random 4 2 2 1048576 25159967 25169389 7.548763 14.503257 26 2074893 252678372243.00
rmat_s20_ef48_0.25_0.25_0.25_0.25_exp kMM random 8 2 0 1048576 25158138 25171218 7.539754 26.706321 33 4148061 435185974110.00
rmat_s20_ef48_0.25_0.25_0.25_0.25_exp kMM random 8 2 1 1048576 25161224 25168132 7.545796 26.743027 33 4147812 435189464177.00
rmat_s20_ef48_0.25_0.25_0.25_0.25_exp kMM random 8 2 2 1048576 25159967 25169389 7.610824 26.398752 33 4148108 435216369270.00
rmat_s20_ef48_0.25_0.25_0.25_0.25_exp MRepLM random 16 2 0 1048576 25158138 25171218 7.008416 55.210624 209 8289581 717952547138.00
rmat_s20_ef48_0.25_0.25_0.25_0.25_exp MRepLM random 16 2 1 1048576 25161224 25168132 7.070446 55.450821 208 8289657 717954120997.00
rmat_s20_ef48_0.25_0.25_0.25_0.25_exp MRepLM random 16 2 2 1048576 25159967 25169389 6.996921 55.255443 209 8289645 717951658629.00
rmat_s20_ef48_0.25_0.25_0.25_0.25_exp MRepLM random 32 2 0 1048576 25158138 25171218 6.949569 107.196329 423 16544850 1095270143931.00
rmat_s20_ef48_0.25_0.25_0.25_0.25_exp MRepLM random 32 2 1 1048576 25161224 25168132 6.996691 108.647675 426 16545016 1095273898362.00
rmat_s20_ef48_0.25_0.25_0.25_0.25_exp MRepLM random 32 2 2 1048576 25159967 25169389 7.062107 108.944304 426 16545040 1095270219211.00
rmat_s20_ef48_0.25_0.25_0.25_0.25_exp MRepLM random 4 2 0 1048576 25158138 25171218 6.935231 12.984379 49 2074897 254876530529.00
rmat_s20_ef48_0.25_0.25_0.25_0.25_exp MRepLM random 4 2 1 1048576 25161224 25168132 7.025500 12.926140 49 2074895 254876560642.00
rmat_s20_ef48_0.25_0.25_0.25_0.25_exp MRepLM random 4 2 2 1048576 25159967 25169389 7.067033 13.008000 49 2074903 254876614028.00
rmat_s20_ef48_0.25_0.25_0.25_0.25_exp MRepLM random 8 2 0 1048576 25158138 25171218 7.075908 27.190029 101 4148167 438656394434.00
rmat_s20_ef48_0.25_0.25_0.25_0.25_exp MRepLM random 8 2 1 1048576 25161224 25168132 6.993180 26.745373 101 4148170 438655797382.00
rmat_s20_ef48_0.25_0.25_0.25_0.25_exp MRepLM random 8 2 2 1048576 25159967 25169389 7.009774 27.261454 101 4148181 438656033207.00
rmat_s20_ef48_0.25_0.25_0.25_0.25_exp MRepS random 16 2 0 1048576 25158138 25171218 13.896214 24.532404 363 8289694 717952339318.00
rmat_s20_ef48_0.25_0.25_0.25_0.25_exp MRepS random 16 2 1 1048576 25161224 25168132 14.190361 24.503578 360 8289616 717951202140.00
rmat_s20_ef48_0.25_0.25_0.25_0.25_exp MRepS random 16 2 2 1048576 25159967 25169389 13.843859 24.235415 357 8289608 717953470947.00
rmat_s20_ef48_0.25_0.25_0.25_0.25_exp MRepS random 32 2 0 1048576 25158138 25171218 13.939949 49.394206 743 16545143 1095275806901.00
rmat_s20_ef48_0.25_0.25_0.25_0.25_exp MRepS random 32 2 1 1048576 25161224 25168132 13.924803 49.429585 735 16544828 1095272436987.00
rmat_s20_ef48_0.25_0.25_0.25_0.25_exp MRepS random 32 2 2 1048576 25159967 25169389 14.040610 49.351660 740 16544789 1095276261800.00
rmat_s20_ef48_0.25_0.25_0.25_0.25_exp MRepS random 4 2 0 1048576 25158138 25171218 14.076357 7.097340 88 2074901 254876588544.00
rmat_s20_ef48_0.25_0.25_0.25_0.25_exp MRepS random 4 2 1 1048576 25161224 25168132 13.895651 7.316089 87 2074903 254876558431.00
rmat_s20_ef48_0.25_0.25_0.25_0.25_exp MRepS random 4 2 2 1048576 25159967 25169389 14.030958 7.015405 87 2074895 254876505045.00
rmat_s20_ef48_0.25_0.25_0.25_0.25_exp MRepS random 8 2 0 1048576 25158138 25171218 13.829965 12.799355 178 4148176 438656359195.00
rmat_s20_ef48_0.25_0.25_0.25_0.25_exp MRepS random 8 2 1 1048576 25161224 25168132 13.823592 13.158118 178 4148173 438656969067.00
rmat_s20_ef48_0.25_0.25_0.25_0.25_exp MRepS random 8 2 2 1048576 25159967 25169389 13.983666 12.866052 176 4148162 438656721325.00
rmat_s20_ef48_0.25_0.25_0.25_0.25_uni kCS random 16 2 0 1048576 25165098 25164148 13.971279 9.413111 168 8289803 3708185772652.00
rmat_s20_ef48_0.25_0.25_0.25_0.25_uni kCS random 16 2 1 1048576 25166624 25162622 13.826427 9.556084 167 8289761 3708157803811.00
rmat_s20_ef48_0.25_0.25_0.25_0.25_uni kCS random 16 2 2 1048576 25166258 25162988 13.873901 9.321730 168 8289766 3708162046923.00
rmat_s20_ef48_0.25_0.25_0.25_0.25_uni kCS random 32 2 0 1048576 25165098 25164148 14.041115 14.928602 251 16545360 6765924491298.00
rmat_s20_ef48_0.25_0.25_0.25_0.25_uni kCS random 32 2 1 1048576 25166624 25162622 13.953440 14.839494 255 16544871 6765869315740.00
rmat_s20_ef48_0.25_0.25_0.25_0.25_uni kCS random 32 2 2 1048576 25166258 25162988 13.999698 14.988801 251 16544881 6765921838632.00
rmat_s20_ef48_0.25_0.25_0.25_0.25_uni kCS random 4 2 0 1048576 25165098 25164148 13.996441 4.023420 65 2074731 985248043274.00
rmat_s20_ef48_0.25_0.25_0.25_0.25_uni kCS random 4 2 1 1048576 25166624 25162622 13.974772 4.049184 64 2074744 985250340296.00
rmat_s20_ef48_0.25_0.25_0.25_0.25_uni kCS random 4 2 2 1048576 25166258 25162988 13.893039 4.036903 65 2074729 985251187877.00
rmat_s20_ef48_0.25_0.25_0.25_0.25_uni kCS random 8 2 0 1048576 25165098 25164148 13.838203 6.001121 107 4148291 1932889605303.00
rmat_s20_ef48_0.25_0.25_0.25_0.25_uni kCS random 8 2 1 1048576 25166624 25162622 14.288843 6.006961 106 4148315 1932889975893.00
rmat_s20_ef48_0.25_0.25_0.25_0.25_uni kCS random 8 2 2 1048576 25166258 25162988 13.876525 5.949586 105 4148301 1932891248795.00
rmat_s20_ef48_0.25_0.25_0.25_0.25_uni kMM random 16 2 0 1048576 25165098 25164148 7.519992 41.805363 27 8287444 3682440001881.00
rmat_s20_ef48_0.25_0.25_0.25_0.25_uni kMM random 16 2 1 1048576 25166624 25162622 7.507876 41.679045 26 8287388 3682413674200.00
rmat_s20_ef48_0.25_0.25_0.25_0.25_uni kMM random 16 2 2 1048576 25166258 25162988 7.432821 41.902292 27 8287279 3682464623587.00
rmat_s20_ef48_0.25_0.25_0.25_0.25_uni kMM random 32 2 0 1048576 25165098 25164148 7.541584 81.085768 32 16527757 6718219165651.00
rmat_s20_ef48_0.25_0.25_0.25_0.25_uni kMM random 32 2 1 1048576 25166624 25162622 7.525284 81.513589 32 16526823 6718053980010.00
rmat_s20_ef48_0.25_0.25_0.25_0.25_uni kMM random 32 2 2 1048576 25166258 25162988 7.583889 81.019719 32 16527483 6718094501915.00
rmat_s20_ef48_0.25_0.25_0.25_0.25_uni kMM random 4 2 0 1048576 25165098 25164148 7.550655 11.813870 15 2075168 962865280540.00
rmat_s20_ef48_0.25_0.25_0.25_0.25_uni kMM random 4 2 1 1048576 25166624 25162622 7.567800 11.776351 16 2074957 962830735843.00
rmat_s20_ef48_0.25_0.25_0.25_0.25_uni kMM random 4 2 2 1048576 25166258 25162988 7.529149 11.817357 14 2075203 962872130759.00
rmat_s20_ef48_0.25_0.25_0.25_0.25_uni kMM random 8 2 0 1048576 25165098 25164148 7.630681 21.754628 20 4147915 1908210641047.00
rmat_s20_ef48_0.25_0.25_0.25_0.25_uni kMM random 8 2 1 1048576 25166624 25162622 7.578128 21.775388 20 4147925 1908307173576.00
rmat_s20_ef48_0.25_0.25_0.25_0.25_uni kMM random 8 2 2 1048576 25166258 25162988 7.558619 21.769906 21 4147932 1908273684435.00
rmat_s20_ef48_0.25_0.25_0.25_0.25_uni MRepLM random 16 2 0 1048576 25165098 25164148 7.060262 55.666906 211 8289748 3708133222735.00
rmat_s20_ef48_0.25_0.25_0.25_0.25_uni MRepLM random 16 2 1 1048576 25166624 25162622 7.014057 55.443312 212 8289731 3708151965658.00
rmat_s20_ef48_0.25_0.25_0.25_0.25_uni MRepLM random 16 2 2 1048576 25166258 25162988 6.977585 55.978039 213 8289744 3708154228378.00
rmat_s20_ef48_0.25_0.25_0.25_0.25_uni MRepLM random 32 2 0 1048576 25165098 25164148 7.022174 109.314131 431 16544997 6765827758615.00
rmat_s20_ef48_0.25_0.25_0.25_0.25_uni MRepLM random 32 2 1 1048576 25166624 25162622 7.008264 109.332707 431 16545063 6765870553874.00
rmat_s20_ef48_0.25_0.25_0.25_0.25_uni MRepLM random 32 2 2 1048576 25166258 25162988 6.973662 108.151968 436 16545239 6765897608251.00
rmat_s20_ef48_0.25_0.25_0.25_0.25_uni MRepLM random 4 2 0 1048576 25165098 25164148 6.927802 13.226834 50 2074750 985248918177.00
rmat_s20_ef48_0.25_0.25_0.25_0.25_uni MRepLM random 4 2 1 1048576 25166624 25162622 6.979008 13.032059 50 2074736 985246478786.00
rmat_s20_ef48_0.25_0.25_0.25_0.25_uni MRepLM random 4 2 2 1048576 25166258 25162988 6.997857 12.945081 50 2074749 985245084802.00
rmat_s20_ef48_0.25_0.25_0.25_0.25_uni MRepLM random 8 2 0 1048576 25165098 25164148 7.041102 27.204012 103 4148307 1932885919581.00
rmat_s20_ef48_0.25_0.25_0.25_0.25_uni MRepLM random 8 2 1 1048576 25166624 25162622 6.982943 26.882984 103 4148276 1932883873148.00
rmat_s20_ef48_0.25_0.25_0.25_0.25_uni MRepLM random 8 2 2 1048576 25166258 25162988 7.045949 27.142428 103 4148284 1932882318310.00
rmat_s20_ef48_0.25_0.25_0.25_0.25_uni MRepS random 16 2 0 1048576 25165098 25164148 13.917579 23.833251 357 8289803 3708185772652.00
rmat_s20_ef48_0.25_0.25_0.25_0.25_uni MRepS random 16 2 1 1048576 25166624 25162622 14.234660 24.541190 359 8289761 3708157803811.00
rmat_s20_ef48_0.25_0.25_0.25_0.25_uni MRepS random 16 2 2 1048576 25166258 25162988 13.847865 24.554587 356 8289766 3708162046923.00
rmat_s20_ef48_0.25_0.25_0.25_0.25_uni MRepS random 32 2 0 1048576 25165098 25164148 13.946916 48.034168 736 16545360 6765924491298.00
rmat_s20_ef48_0.25_0.25_0.25_0.25_uni MRepS random 32 2 1 1048576 25166624 25162622 13.768052 49.604900 738 16544871 6765869315740.00
rmat_s20_ef48_0.25_0.25_0.25_0.25_uni MRepS random 32 2 2 1048576 25166258 25162988 14.046492 49.198371 740 16544881 6765921838632.00
rmat_s20_ef48_0.25_0.25_0.25_0.25_uni MRepS random 4 2 0 1048576 25165098 25164148 14.008236 6.967707 86 2074731 985248043274.00
rmat_s20_ef48_0.25_0.25_0.25_0.25_uni MRepS random 4 2 1 1048576 25166624 25162622 14.178367 7.037895 84 2074744 985250340296.00
rmat_s20_ef48_0.25_0.25_0.25_0.25_uni MRepS random 4 2 2 1048576 25166258 25162988 13.976630 7.024551 84 2074729 985251187877.00
rmat_s20_ef48_0.25_0.25_0.25_0.25_uni MRepS random 8 2 0 1048576 25165098 25164148 14.385129 12.557624 174 4148291 1932889605303.00
rmat_s20_ef48_0.25_0.25_0.25_0.25_uni MRepS random 8 2 1 1048576 25166624 25162622 14.078727 12.829354 176 4148315 1932889975893.00
rmat_s20_ef48_0.25_0.25_0.25_0.25_uni MRepS random 8 2 2 1048576 25166258 25162988 13.830801 12.772110 176 4148301 1932891248795.00
rmat_s20_ef48_0.45_0.15_0.15_0.25_exp kCS random 16 2 0 1048576 25070612 25064676 12.626276 10.227488 159 7497865 572598093143.00
rmat_s20_ef48_0.45_0.15_0.15_0.25_exp kCS random 16 2 1 1048576 25068784 25066504 12.273843 10.173849 161 7497859 572597574781.00
rmat_s20_ef48_0.45_0.15_0.15_0.25_exp kCS random 16 2 2 1048576 25068389 25066899 12.199930 10.243960 162 7497869 572596922466.00
rmat_s20_ef48_0.45_0.15_0.15_0.25_exp kCS random 32 2 0 1048576 25070612 25064676 12.532240 16.175429 261 13657152 839436589245.00
rmat_s20_ef48_0.45_0.15_0.15_0.25_exp kCS random 32 2 1 1048576 25068784 25066504 12.869025 16.143463 263 13657236 839436009807.00
rmat_s20_ef48_0.45_0.15_0.15_0.25_exp kCS random 32 2 2 1048576 25068389 25066899 12.113588 16.263728 262 13657241 839436814907.00
rmat_s20_ef48_0.45_0.15_0.15_0.25_exp kCS random 4 2 0 1048576 25070612 25064676 12.721828 4.552194 61 1983088 215865331351.00
rmat_s20_ef48_0.45_0.15_0.15_0.25_exp kCS random 4 2 1 1048576 25068784 25066504 12.464703 4.622390 60 1983090 215865228432.00
rmat_s20_ef48_0.45_0.15_0.15_0.25_exp kCS random 4 2 2 1048576 25068389 25066899 12.724267 4.600138 61 1983093 215865348151.00
rmat_s20_ef48_0.45_0.15_0.15_0.25_exp kCS random 8 2 0 1048576 25070612 25064676 12.195445 6.761283 103 3903505 362538726581.00
rmat_s20_ef48_0.45_0.15_0.15_0.25_exp kCS random 8 2 1 1048576 25068784 25066504 12.698119 6.734608 102 3903502 362538487536.00
rmat_s20_ef48_0.45_0.15_0.15_0.25_exp kCS random 8 2 2 1048576 25068389 25066899 12.269156 6.850878 104 3903504 362538651240.00
rmat_s20_ef48_0.45_0.15_0.15_0.25_exp kMM random 16 2 0 1048576 25070612 25064676 7.417457 44.119290 39 7502593 571959847930.00
rmat_s20_ef48_0.45_0.15_0.15_0.25_exp kMM random 16 2 1 1048576 25068784 25066504 7.285006 44.210021 38 7502980 571957953268.00
rmat_s20_ef48_0.45_0.15_0.15_0.25_exp kMM random 16 2 2 1048576 25068389 25066899 7.326306 43.429205 40 7503330 571966764714.00
rmat_s20_ef48_0.45_0.15_0.15_0.25_exp kMM random 32 2 0 1048576 25070612 25064676 7.385520 75.374726 45 13699195 840510523279.00
rmat_s20_ef48_0.45_0.15_0.15_0.25_exp kMM random 32 2 1 1048576 25068784 25066504 7.353579 75.686166 46 13699040 840529759417.00
rmat_s20_ef48_0.45_0.15_0.15_0.25_exp kMM random 32 2 2 1048576 25068389 25066899 7.369811 75.262032 45 13699863 840526699568.00
rmat_s20_ef48_0.45_0.15_0.15_0.25_exp kMM random 4 2 0 1048576 25070612 25064676 7.320442 13.934333 25 1983535 214729779439.00
rmat_s20_ef48_0.45_0.15_0.15_0.25_exp kMM random 4 2 1 1048576 25068784 25066504 7.370438 13.933942 25 1983674 214722834829.00
rmat_s20_ef48_0.45_0.15_0.15_0.25_exp kMM random 4 2 2 1048576 25068389 25066899 7.346576 13.961442 26 1983961 214736704722.00
rmat_s20_ef48_0.45_0.15_0.15_0.25_exp kMM random 8 2 0 1048576 25070612 25064676 7.354922 25.288813 33 3903045 361136829495.00
rmat_s20_ef48_0.45_0.15_0.15_0.25_exp kMM random 8 2 1 1048576 25068784 25066504 7.327551 24.966576 31 3903541 361147710802.00
rmat_s20_ef48_0.45_0.15_0.15_0.25_exp kMM random 8 2 2 1048576 25068389 25066899 7.264369 25.104870 32 3903128 361151799614.00
rmat_s20_ef48_0.45_0.15_0.15_0.25_exp MRepLM random 16 2 0 1048576 25070612 25064676 6.787585 73.673839 261 7497885 572596935248.00
rmat_s20_ef48_0.45_0.15_0.15_0.25_exp MRepLM random 16 2 1 1048576 25068784 25066504 6.876210 74.373334 261 7497897 572597509104.00
rmat_s20_ef48_0.45_0.15_0.15_0.25_exp MRepLM random 16 2 2 1048576 25068389 25066899 6.843493 74.232578 261 7497882 572598146477.00
rmat_s20_ef48_0.45_0.15_0.15_0.25_exp MRepLM random 32 2 0 1048576 25070612 25064676 6.829854 175.883186 594 13657301 839436410219.00
rmat_s20_ef48_0.45_0.15_0.15_0.25_exp MRepLM random 32 2 1 1048576 25068784 25066504 6.773055 175.511885 593 13657175 839436688702.00
rmat_s20_ef48_0.45_0.15_0.15_0.25_exp MRepLM random 32 2 2 1048576 25068389 25066899 6.844066 175.007751 590 13657172 839436041944.00
rmat_s20_ef48_0.45_0.15_0.15_0.25_exp MRepLM random 4 2 0 1048576 25070612 25064676 6.817377 13.903378 54 1983092 215865217323.00
rmat_s20_ef48_0.45_0.15_0.15_0.25_exp MRepLM random 4 2 1 1048576 25068784 25066504 6.852670 13.792931 54 1983090 215865320242.00
rmat_s20_ef48_0.45_0.15_0.15_0.25_exp MRepLM random 4 2 2 1048576 25068389 25066899 6.804422 13.962228 54 1983087 215865200523.00
rmat_s20_ef48_0.45_0.15_0.15_0.25_exp MRepLM random 8 2 0 1048576 25070612 25064676 6.757990 31.467889 117 3903477 362537978756.00
rmat_s20_ef48_0.45_0.15_0.15_0.25_exp MRepLM random 8 2 1 1048576 25068784 25066504 6.832024 31.425688 117 3903481 362538224402.00
rmat_s20_ef48_0.45_0.15_0.15_0.25_exp MRepLM random 8 2 2 1048576 25068389 25066899 6.761332 31.374283 117 3903479 362538061718.00
rmat_s20_ef48_0.45_0.15_0.15_0.25_exp MRepS random 16 2 0 1048576 25070612 25064676 12.218234 31.763173 440 7497865 572598093143.00
rmat_s20_ef48_0.45_0.15_0.15_0.25_exp MRepS random 16 2 1 1048576 25068784 25066504 12.073448 31.693897 440 7497859 572597574781.00
rmat_s20_ef48_0.45_0.15_0.15_0.25_exp MRepS random 16 2 2 1048576 25068389 25066899 12.068579 32.066899 435 7497869 572596922466.00
rmat_s20_ef48_0.45_0.15_0.15_0.25_exp MRepS random 32 2 0 1048576 25070612 25064676 12.585582 69.188752 992 13657152 839436589245.00
rmat_s20_ef48_0.45_0.15_0.15_0.25_exp MRepS random 32 2 1 1048576 25068784 25066504 12.646521 69.495069 1006 13657236 839436009807.00
rmat_s20_ef48_0.45_0.15_0.15_0.25_exp MRepS random 32 2 2 1048576 25068389 25066899 12.446279 69.209385 994 13657241 839436814907.00
rmat_s20_ef48_0.45_0.15_0.15_0.25_exp MRepS random 4 2 0 1048576 25070612 25064676 12.724176 7.971257 92 1983088 215865331351.00
rmat_s20_ef48_0.45_0.15_0.15_0.25_exp MRepS random 4 2 1 1048576 25068784 25066504 12.194252 7.866822 92 1983090 215865228432.00
rmat_s20_ef48_0.45_0.15_0.15_0.25_exp MRepS random 4 2 2 1048576 25068389 25066899 12.116770 7.871264 89 1983093 215865348151.00
rmat_s20_ef48_0.45_0.15_0.15_0.25_exp MRepS random 8 2 0 1048576 25070612 25064676 12.802585 15.290510 200 3903505 362538726581.00
rmat_s20_ef48_0.45_0.15_0.15_0.25_exp MRepS random 8 2 1 1048576 25068784 25066504 12.497597 15.216862 201 3903502 362538487536.00
rmat_s20_ef48_0.45_0.15_0.15_0.25_exp MRepS random 8 2 2 1048576 25068389 25066899 12.663380 15.640281 193 3903504 362538651240.00
rmat_s20_ef48_0.45_0.15_0.15_0.25_uni kCS random 16 2 0 1048576 25063135 25072504 12.234106 10.345187 163 7500249 3039072419552.00
rmat_s20_ef48_0.45_0.15_0.15_0.25_uni kCS random 16 2 1 1048576 25067561 25068078 12.180424 10.478837 164 7500097 3039059562419.00
rmat_s20_ef48_0.45_0.15_0.15_0.25_uni kCS random 16 2 2 1048576 25063046 25072593 12.748195 10.539633 162 7500096 3039064321603.00
rmat_s20_ef48_0.45_0.15_0.15_0.25_uni kCS random 32 2 0 1048576 25063135 25072504 12.627501 16.664771 271 13661239 5046498212181.00
rmat_s20_ef48_0.45_0.15_0.15_0.25_uni kCS random 32 2 1 1048576 25067561 25068078 12.685979 16.483245 269 13661070 5046494581880.00
rmat_s20_ef48_0.45_0.15_0.15_0.25_uni kCS random 32 2 2 1048576 25063046 25072593 12.481670 16.599437 274 13661194 5046498746792.00
rmat_s20_ef48_0.45_0.15_0.15_0.25_uni kCS random 4 2 0 1048576 25063135 25072504 12.766402 4.620386 60 1983336 891730428308.00
rmat_s20_ef48_0.45_0.15_0.15_0.25_uni kCS random 4 2 1 1048576 25067561 25068078 12.730134 4.579129 61 1983315 891724534377.00
rmat_s20_ef48_0.45_0.15_0.15_0.25_uni kCS random 4 2 2 1048576 25063046 25072593 12.110478 4.576364 62 1983306 891725587516.00
rmat_s20_ef48_0.45_0.15_0.15_0.25_uni kCS random 8 2 0 1048576 25063135 25072504 12.455263 6.774380 99 3904212 1689093604396.00
rmat_s20_ef48_0.45_0.15_0.15_0.25_uni kCS random 8 2 1 1048576 25067561 25068078 12.102462 6.736404 98 3904188 1689092347497.00
rmat_s20_ef48_0.45_0.15_0.15_0.25_uni kCS random 8 2 2 1048576 25063046 25072593 12.563093 6.808093 99 3904159 1689086479759.00
rmat_s20_ef48_0.45_0.15_0.15_0.25_uni kMM random 16 2 0 1048576 25063135 25072504 7.339014 37.300064 23 7499645 3025905060931.00
rmat_s20_ef48_0.45_0.15_0.15_0.25_uni kMM random 16 2 1 1048576 25067561 25068078 7.413393 37.395243 24 7500300 3026021107254.00
rmat_s20_ef48_0.45_0.15_0.15_0.25_uni kMM random 16 2 2 1048576 25063046 25072593 7.340475 37.651641 22 7499272 3025847283908.00
rmat_s20_ef48_0.45_0.15_0.15_0.25_uni kMM random 32 2 0 1048576 25063135 25072504 7.410465 66.654400 28 13699431 5048730707960.00
rmat_s20_ef48_0.45_0.15_0.15_0.25_uni kMM random 32 2 1 1048576 25067561 25068078 7.268900 67.017582 28 13699081 5048898988163.00
rmat_s20_ef48_0.45_0.15_0.15_0.25_uni kMM random 32 2 2 1048576 25063046 25072593 7.357945 67.008919 28 13698979 5048786538077.00
rmat_s20_ef48_0.45_0.15_0.15_0.25_uni kMM random 4 2 0 1048576 25063135 25072504 7.337674 11.321162 14 1982341 879924912642.00
rmat_s20_ef48_0.45_0.15_0.15_0.25_uni kMM random 4 2 1 1048576 25067561 25068078 7.314059 11.336146 15 1982271 879942801299.00
rmat_s20_ef48_0.45_0.15_0.15_0.25_uni kMM random 4 2 2 1048576 25063046 25072593 7.444516 11.284654 14 1982250 879955621178.00
rmat_s20_ef48_0.45_0.15_0.15_0.25_uni kMM random 8 2 0 1048576 25063135 25072504 7.528782 20.524006 19 3899485 1672558153068.00
rmat_s20_ef48_0.45_0.15_0.15_0.25_uni kMM random 8 2 1 1048576 25067561 25068078 7.262964 20.377529 19 3900151 1672713166396.00
rmat_s20_ef48_0.45_0.15_0.15_0.25_uni kMM random 8 2 2 1048576 25063046 25072593 7.258151 20.390884 19 3899534 1672580816605.00
rmat_s20_ef48_0.45_0.15_0.15_0.25_uni MRepLM random 16 2 0 1048576 25063135 25072504 6.811742 74.285347 258 7499992 3039039830489.00
rmat_s20_ef48_0.45_0.15_0.15_0.25_uni MRepLM random 16 2 1 1048576 25067561 25068078 6.776354 74.956708 258 7500146 3039056451853.00
rmat_s20_ef48_0.45_0.15_0.15_0.25_uni MRepLM random 16 2 2 1048576 25063046 25072593 6.869430 74.763517 257 7500147 3039056045365.00
rmat_s20_ef48_0.45_0.15_0.15_0.25_uni MRepLM random 32 2 0 1048576 25063135 25072504 6.843282 176.951765 594 13661183 5046504919493.00
rmat_s20_ef48_0.45_0.15_0.15_0.25_uni MRepLM random 32 2 1 1048576 25067561 25068078 6.839329 175.371216 592 13661209 5046499832379.00
rmat_s20_ef48_0.45_0.15_0.15_0.25_uni MRepLM random 32 2 2 1048576 25063046 25072593 7.316604 177.199487 592 13661145 5046498442235.00
rmat_s20_ef48_0.45_0.15_0.15_0.25_uni MRepLM random 4 2 0 1048576 25063135 25072504 6.782204 13.847795 53 1983302 891721252789.00
rmat_s20_ef48_0.45_0.15_0.15_0.25_uni MRepLM random 4 2 1 1048576 25067561 25068078 6.798571 13.871364 53 1983324 891727253300.00
rmat_s20_ef48_0.45_0.15_0.15_0.25_uni MRepLM random 4 2 2 1048576 25063046 25072593 6.766007 13.781857 53 1983334 891726347515.00
rmat_s20_ef48_0.45_0.15_0.15_0.25_uni MRepLM random 8 2 0 1048576 25063135 25072504 6.833319 31.689805 114 3904146 1689080712987.00
rmat_s20_ef48_0.45_0.15_0.15_0.25_uni MRepLM random 8 2 1 1048576 25067561 25068078 6.760616 31.109699 114 3904173 1689083114502.00
rmat_s20_ef48_0.45_0.15_0.15_0.25_uni MRepLM random 8 2 2 1048576 25063046 25072593 6.733317 31.529591 114 3904208 1689089361428.00
rmat_s20_ef48_0.45_0.15_0.15_0.25_uni MRepS random 16 2 0 1048576 25063135 25072504 12.098990 31.279420 439 7500249 3039072419552.00
rmat_s20_ef48_0.45_0.15_0.15_0.25_uni MRepS random 16 2 1 1048576 25067561 25068078 12.122244 31.203354 436 7500097 3039059562419.00
rmat_s20_ef48_0.45_0.15_0.15_0.25_uni MRepS random 16 2 2 1048576 25063046 25072593 12.158098 31.355574 442 7500096 3039064321603.00
rmat_s20_ef48_0.45_0.15_0.15_0.25_uni MRepS random 32 2 0 1048576 25063135 25072504 12.103605 69.108119 1003 13661239 5046498212181.00
rmat_s20_ef48_0.45_0.15_0.15_0.25_uni MRepS random 32 2 1 1048576 25067561 25068078 12.245030 68.671226 1001 13661070 5046494581880.00
rmat_s20_ef48_0.45_0.15_0.15_0.25_uni MRepS random 32 2 2 1048576 25063046 25072593 12.167840 68.716009 1004 13661194 5046498746792.00
rmat_s20_ef48_0.45_0.15_0.15_0.25_uni MRepS random 4 2 0 1048576 25063135 25072504 12.276181 8.106169 91 1983336 891730428308.00
rmat_s20_ef48_0.45_0.15_0.15_0.25_uni MRepS random 4 2 1 1048576 25067561 25068078 12.402632 7.851451 90 1983315 891724534377.00
rmat_s20_ef48_0.45_0.15_0.15_0.25_uni MRepS random 4 2 2 1048576 25063046 25072593 12.325706 7.793118 89 1983306 891725587516.00
rmat_s20_ef48_0.45_0.15_0.15_0.25_uni MRepS random 8 2 0 1048576 25063135 25072504 12.162556 14.984039 197 3904212 1689093604396.00
rmat_s20_ef48_0.45_0.15_0.15_0.25_uni MRepS random 8 2 1 1048576 25067561 25068078 12.746047 15.167469 193 3904188 1689092347497.00
rmat_s20_ef48_0.45_0.15_0.15_0.25_uni MRepS random 8 2 2 1048576 25063046 25072593 12.661650 14.831644 194 3904159 1689086479759.00
rmat_s20_ef48_0.55_0.15_0.15_0.15_exp kCS random 16 2 0 1048576 24063168 24058323 9.858972 10.099847 170 4086018 294533256708.00
rmat_s20_ef48_0.55_0.15_0.15_0.15_exp kCS random 16 2 1 1048576 24067675 24053816 10.105075 10.244847 171 4086005 294532984924.00
rmat_s20_ef48_0.55_0.15_0.15_0.15_exp kCS random 16 2 2 1048576 24060305 24061186 10.212976 10.196278 170 4086027 294533320334.00
rmat_s20_ef48_0.55_0.15_0.15_0.15_exp kCS random 32 2 0 1048576 24063168 24058323 10.095406 17.148936 317 6744780 428174911435.00
rmat_s20_ef48_0.55_0.15_0.15_0.15_exp kCS random 32 2 1 1048576 24067675 24053816 9.893947 16.936151 312 6744776 428175011066.00
rmat_s20_ef48_0.55_0.15_0.15_0.15_exp kCS random 32 2 2 1048576 24060305 24061186 10.332023 17.070786 315 6744782 428175056530.00
rmat_s20_ef48_0.55_0.15_0.15_0.15_exp kCS random 4 2 0 1048576 24063168 24058323 9.920291 4.768659 58 1324968 120664678742.00
rmat_s20_ef48_0.55_0.15_0.15_0.15_exp kCS random 4 2 1 1048576 24067675 24053816 9.993094 4.778280 58 1324970 120664628057.00
rmat_s20_ef48_0.55_0.15_0.15_0.15_exp kCS random 4 2 2 1048576 24060305 24061186 10.100834 4.742772 59 1324971 120664671309.00
rmat_s20_ef48_0.55_0.15_0.15_0.15_exp kCS random 8 2 0 1048576 24063168 24058323 10.162136 6.655588 96 2384060 193423407917.00
rmat_s20_ef48_0.55_0.15_0.15_0.15_exp kCS random 8 2 1 1048576 24067675 24053816 10.131439 6.665807 96 2384061 193423387715.00
rmat_s20_ef48_0.55_0.15_0.15_0.15_exp kCS random 8 2 2 1048576 24060305 24061186 9.976403 6.663354 96 2384058 193423310667.00
rmat_s20_ef48_0.55_0.15_0.15_0.15_exp kMM random 16 2 0 1048576 24063168 24058323 6.781751 26.245900 36 4109770 295593453416.00
rmat_s20_ef48_0.55_0.15_0.15_0.15_exp kMM random 16 2 1 1048576 24067675 24053816 6.701729 26.417281 36 4110030 295597489878.00
rmat_s20_ef48_0.55_0.15_0.15_0.15_exp kMM random 16 2 2 1048576 24060305 24061186 6.782319 26.292050 37 4109562 295588063584.00
rmat_s20_ef48_0.55_0.15_0.15_0.15_exp kMM random 32 2 0 1048576 24063168 24058323 6.804491 40.637301 44 6777363 429636415254.00
rmat_s20_ef48_0.55_0.15_0.15_0.15_exp kMM random 32 2 1 1048576 24067675 24053816 6.864586 40.506584 45 6777273 429649578571.00
rmat_s20_ef48_0.55_0.15_0.15_0.15_exp kMM random 32 2 2 1048576 24060305 24061186 6.841496 39.839277 44 6777678 429652509849.00
rmat_s20_ef48_0.55_0.15_0.15_0.15_exp kMM random 4 2 0 1048576 24063168 24058323 6.825303 10.000433 23 1327379 120545780248.00
rmat_s20_ef48_0.55_0.15_0.15_0.15_exp kMM random 4 2 1 1048576 24067675 24053816 6.785036 10.036658 24 1327119 120543993528.00
rmat_s20_ef48_0.55_0.15_0.15_0.15_exp kMM random 4 2 2 1048576 24060305 24061186 6.747585 10.146422 24 1327633 120544995801.00
rmat_s20_ef48_0.55_0.15_0.15_0.15_exp kMM random 8 2 0 1048576 24063168 24058323 6.755659 17.231424 29 2390924 193687516080.00
rmat_s20_ef48_0.55_0.15_0.15_0.15_exp kMM random 8 2 1 1048576 24067675 24053816 6.813751 16.634468 30 2391624 193690366518.00
rmat_s20_ef48_0.55_0.15_0.15_0.15_exp kMM random 8 2 2 1048576 24060305 24061186 6.824979 16.802943 30 2391473 193700239043.00
rmat_s20_ef48_0.55_0.15_0.15_0.15_exp MRepLM random 16 2 0 1048576 24063168 24058323 6.337761 73.180131 279 4086011 294533022121.00
rmat_s20_ef48_0.55_0.15_0.15_0.15_exp MRepLM random 16 2 1 1048576 24067675 24053816 6.425004 74.016787 279 4086022 294533171922.00
rmat_s20_ef48_0.55_0.15_0.15_0.15_exp MRepLM random 16 2 2 1048576 24060305 24061186 6.498005 74.414763 279 4086002 294532960411.00
rmat_s20_ef48_0.55_0.15_0.15_0.15_exp MRepLM random 32 2 0 1048576 24063168 24058323 6.303677 176.871671 652 6744776 428175152616.00
rmat_s20_ef48_0.55_0.15_0.15_0.15_exp MRepLM random 32 2 1 1048576 24067675 24053816 6.249218 177.777897 652 6744779 428174981681.00
rmat_s20_ef48_0.55_0.15_0.15_0.15_exp MRepLM random 32 2 2 1048576 24060305 24061186 6.346321 176.733368 652 6744769 428174978257.00
rmat_s20_ef48_0.55_0.15_0.15_0.15_exp MRepLM random 4 2 0 1048576 24063168 24058323 6.344872 12.961393 54 1324974 120664660066.00
rmat_s20_ef48_0.55_0.15_0.15_0.15_exp MRepLM random 4 2 1 1048576 24067675 24053816 6.223566 13.033635 54 1324972 120664710751.00
rmat_s20_ef48_0.55_0.15_0.15_0.15_exp MRepLM random 4 2 2 1048576 24060305 24061186 6.266009 13.394187 54 1324971 120664667499.00
rmat_s20_ef48_0.55_0.15_0.15_0.15_exp MRepLM random 8 2 0 1048576 24063168 24058323 6.280185 30.507594 121 2384064 193423280598.00
rmat_s20_ef48_0.55_0.15_0.15_0.15_exp MRepLM random 8 2 1 1048576 24067675 24053816 6.267447 30.932896 121 2384063 193423300800.00
rmat_s20_ef48_0.55_0.15_0.15_0.15_exp MRepLM random 8 2 2 1048576 24060305 24061186 6.473897 30.326751 121 2384066 193423377848.00
rmat_s20_ef48_0.55_0.15_0.15_0.15_exp MRepS random 16 2 0 1048576 24063168 24058323 9.631602 33.154079 485 4086018 294533256708.00
rmat_s20_ef48_0.55_0.15_0.15_0.15_exp MRepS random 16 2 1 1048576 24067675 24053816 9.596855 33.345902 476 4086005 294532984924.00
rmat_s20_ef48_0.55_0.15_0.15_0.15_exp MRepS random 16 2 2 1048576 24060305 24061186 10.083877 33.405304 474 4086027 294533320334.00
rmat_s20_ef48_0.55_0.15_0.15_0.15_exp MRepS random 32 2 0 1048576 24063168 24058323 10.270255 71.541997 1125 6744780 428174911435.00
rmat_s20_ef48_0.55_0.15_0.15_0.15_exp MRepS random 32 2 1 1048576 24067675 24053816 9.851833 70.794867 1104 6744776 428175011066.00
rmat_s20_ef48_0.55_0.15_0.15_0.15_exp MRepS random 32 2 2 1048576 24060305 24061186 10.329351 71.582301 1108 6744782 428175056530.00
rmat_s20_ef48_0.55_0.15_0.15_0.15_exp MRepS random 4 2 0 1048576 24063168 24058323 10.193433 8.493555 97 1324968 120664678742.00
rmat_s20_ef48_0.55_0.15_0.15_0.15_exp MRepS random 4 2 1 1048576 24067675 24053816 10.282302 8.496416 95 1324970 120664628057.00
rmat_s20_ef48_0.55_0.15_0.15_0.15_exp MRepS random 4 2 2 1048576 24060305 24061186 10.199531 8.477030 93 1324971 120664671309.00
rmat_s20_ef48_0.55_0.15_0.15_0.15_exp MRepS random 8 2 0 1048576 24063168 24058323 9.990027 16.339002 211 2384060 193423407917.00
rmat_s20_ef48_0.55_0.15_0.15_0.15_exp MRepS random 8 2 1 1048576 24067675 24053816 9.931881 16.211328 211 2384061 193423387715.00
rmat_s20_ef48_0.55_0.15_0.15_0.15_exp MRepS random 8 2 2 1048576 24060305 24061186 10.140370 16.135633 209 2384058 193423310667.00
rmat_s20_ef48_0.55_0.15_0.15_0.15_uni kCS random 16 2 0 1048576 24056023 24069779 9.840171 10.157504 168 4088384 1533137444269.00
rmat_s20_ef48_0.55_0.15_0.15_0.15_uni kCS random 16 2 1 1048576 24066811 24058991 10.320951 10.191578 168 4088369 1533129676616.00
rmat_s20_ef48_0.55_0.15_0.15_0.15_uni kCS random 16 2 2 1048576 24062508 24063294 10.090836 10.176229 169 4088375 1533130192718.00
rmat_s20_ef48_0.55_0.15_0.15_0.15_uni kCS random 32 2 0 1048576 24056023 24069779 9.792977 17.160980 315 6747112 2402178672880.00
rmat_s20_ef48_0.55_0.15_0.15_0.15_uni kCS random 32 2 1 1048576 24066811 24058991 10.216255 17.093392 317 6747113 2402173426423.00
rmat_s20_ef48_0.55_0.15_0.15_0.15_uni kCS random 32 2 2 1048576 24062508 24063294 10.300870 17.102739 315 6747092 2402176835499.00
rmat_s20_ef48_0.55_0.15_0.15_0.15_uni kCS random 4 2 0 1048576 24056023 24069779 9.915949 4.742211 58 1325444 536854983343.00
rmat_s20_ef48_0.55_0.15_0.15_0.15_uni kCS random 4 2 1 1048576 24066811 24058991 10.252268 4.795607 57 1325452 536857595768.00
rmat_s20_ef48_0.55_0.15_0.15_0.15_uni kCS random 4 2 2 1048576 24062508 24063294 9.919612 4.753691 58 1325443 536857954924.00
rmat_s20_ef48_0.55_0.15_0.15_0.15_uni kCS random 8 2 0 1048576 24056023 24069779 9.880163 6.654694 96 2384724 931767256300.00
rmat_s20_ef48_0.55_0.15_0.15_0.15_uni kCS random 8 2 1 1048576 24066811 24058991 9.781299 6.678963 97 2384788 931772678205.00
rmat_s20_ef48_0.55_0.15_0.15_0.15_uni kCS random 8 2 2 1048576 24062508 24063294 10.556333 6.757072 98 2384764 931775934348.00
rmat_s20_ef48_0.55_0.15_0.15_0.15_uni kMM random 16 2 0 1048576 24056023 24069779 6.781983 21.286593 20 4109064 1533894332011.00
rmat_s20_ef48_0.55_0.15_0.15_0.15_uni kMM random 16 2 1 1048576 24066811 24058991 7.078247 21.348079 21 4109338 1533994486294.00
rmat_s20_ef48_0.55_0.15_0.15_0.15_uni kMM random 16 2 2 1048576 24062508 24063294 6.836357 21.207301 20 4109358 1534111341456.00
rmat_s20_ef48_0.55_0.15_0.15_0.15_uni kMM random 32 2 0 1048576 24056023 24069779 6.988736 34.108187 25 6780791 2407933640962.00
rmat_s20_ef48_0.55_0.15_0.15_0.15_uni kMM random 32 2 1 1048576 24066811 24058991 6.748985 34.157643 25 6781054 2408016724015.00
rmat_s20_ef48_0.55_0.15_0.15_0.15_uni kMM random 32 2 2 1048576 24062508 24063294 6.779748 34.085453 25 6781643 2408135037565.00
rmat_s20_ef48_0.55_0.15_0.15_0.15_uni kMM random 4 2 0 1048576 24056023 24069779 6.808563 8.039706 14 1325298 532410555001.00
rmat_s20_ef48_0.55_0.15_0.15_0.15_uni kMM random 4 2 1 1048576 24066811 24058991 6.810000 8.128115 13 1325527 532436863576.00
rmat_s20_ef48_0.55_0.15_0.15_0.15_uni kMM random 4 2 2 1048576 24062508 24063294 6.800733 8.142526 13 1325631 532529625678.00
rmat_s20_ef48_0.55_0.15_0.15_0.15_uni kMM random 8 2 0 1048576 24056023 24069779 6.712016 13.020842 17 2389102 927783724488.00
rmat_s20_ef48_0.55_0.15_0.15_0.15_uni kMM random 8 2 1 1048576 24066811 24058991 6.975277 13.042684 16 2389208 927846595405.00
rmat_s20_ef48_0.55_0.15_0.15_0.15_uni kMM random 8 2 2 1048576 24062508 24063294 6.826005 13.132238 17 2389024 927753766452.00
rmat_s20_ef48_0.55_0.15_0.15_0.15_uni MRepLM random 16 2 0 1048576 24056023 24069779 6.249008 73.989348 279 4088393 1533134944541.00
rmat_s20_ef48_0.55_0.15_0.15_0.15_uni MRepLM random 16 2 1 1048576 24066811 24058991 6.253817 73.333446 280 4088398 1533137453373.00
rmat_s20_ef48_0.55_0.15_0.15_0.15_uni MRepLM random 16 2 2 1048576 24062508 24063294 6.334834 74.195511 281 4088408 1533141083820.00
rmat_s20_ef48_0.55_0.15_0.15_0.15_uni MRepLM random 32 2 0 1048576 24056023 24069779 6.370439 176.444391 647 6747094 2402174580870.00
rmat_s20_ef48_0.55_0.15_0.15_0.15_uni MRepLM random 32 2 1 1048576 24066811 24058991 6.293603 176.748171 650 6747086 2402178908332.00
rmat_s20_ef48_0.55_0.15_0.15_0.15_uni MRepLM random 32 2 2 1048576 24062508 24063294 6.214179 176.404501 650 6747109 2402176017098.00
rmat_s20_ef48_0.55_0.15_0.15_0.15_uni MRepLM random 4 2 0 1048576 24056023 24069779 6.246316 13.255548 55 1325450 536860829420.00
rmat_s20_ef48_0.55_0.15_0.15_0.15_uni MRepLM random 4 2 1 1048576 24066811 24058991 6.365753 12.751898 55 1325441 536858612103.00
rmat_s20_ef48_0.55_0.15_0.15_0.15_uni MRepLM random 4 2 2 1048576 24062508 24063294 6.334440 13.236377 55 1325449 536857435151.00
rmat_s20_ef48_0.55_0.15_0.15_0.15_uni MRepLM random 8 2 0 1048576 24056023 24069779 6.269930 30.667181 124 2384795 931777130568.00
rmat_s20_ef48_0.55_0.15_0.15_0.15_uni MRepLM random 8 2 1 1048576 24066811 24058991 6.429724 31.010287 124 2384733 931769922735.00
rmat_s20_ef48_0.55_0.15_0.15_0.15_uni MRepLM random 8 2 2 1048576 24062508 24063294 6.223331 30.806532 124 2384753 931766839917.00
rmat_s20_ef48_0.55_0.15_0.15_0.15_uni MRepS random 16 2 0 1048576 24056023 24069779 10.275023 32.922732 477 4088384 1533137444269.00
rmat_s20_ef48_0.55_0.15_0.15_0.15_uni MRepS random 16 2 1 1048576 24066811 24058991 9.916780 33.210310 483 4088369 1533129676616.00
rmat_s20_ef48_0.55_0.15_0.15_0.15_uni MRepS random 16 2 2 1048576 24062508 24063294 9.760386 33.044311 482 4088375 1533130192718.00
rmat_s20_ef48_0.55_0.15_0.15_0.15_uni MRepS random 32 2 0 1048576 24056023 24069779 10.106905 70.384921 1106 6747112 2402178672880.00
rmat_s20_ef48_0.55_0.15_0.15_0.15_uni MRepS random 32 2 1 1048576 24066811 24058991 10.385925 70.418443 1112 6747113 2402173426423.00
rmat_s20_ef48_0.55_0.15_0.15_0.15_uni MRepS random 32 2 2 1048576 24062508 24063294 10.180678 70.182476 1107 6747092 2402176835499.00
rmat_s20_ef48_0.55_0.15_0.15_0.15_uni MRepS random 4 2 0 1048576 24056023 24069779 9.931326 8.341001 92 1325444 536854983343.00
rmat_s20_ef48_0.55_0.15_0.15_0.15_uni MRepS random 4 2 1 1048576 24066811 24058991 10.298107 8.365353 97 1325452 536857595768.00
rmat_s20_ef48_0.55_0.15_0.15_0.15_uni MRepS random 4 2 2 1048576 24062508 24063294 9.662057 8.390140 94 1325443 536857954924.00
rmat_s20_ef48_0.55_0.15_0.15_0.15_uni MRepS random 8 2 0 1048576 24056023 24069779 9.980528 15.929306 208 2384724 931767256300.00
rmat_s20_ef48_0.55_0.15_0.15_0.15_uni MRepS random 8 2 1 1048576 24066811 24058991 9.735761 15.953145 216 2384788 931772678205.00
rmat_s20_ef48_0.55_0.15_0.15_0.15_uni MRepS random 8 2 2 1048576 24062508 24063294 9.963722 15.937870 212 2384764 931775934348.00
