graph,algo,k,seed,n,m,read_time,running_time,matching_size,matching_weight
rmat_s20_ef48_0.25_0.25_0.25_0.25_exp,kMM_1,16,0,1048576,50329356,32.406142,31.527854,8287329,712885453983.00
rmat_s20_ef48_0.25_0.25_0.25_0.25_exp,kMM_1,16,1,1048576,50329356,32.406375,31.453879,8287329,712885453983.00
rmat_s20_ef48_0.25_0.25_0.25_0.25_exp,kMM_1,16,2,1048576,50329356,20.157228,18.581779,8287329,712885453983.00
rmat_s20_ef48_0.25_0.25_0.25_0.25_exp,MRepLM_1,16,0,1048576,50329356,32.403843,60.930405,8289581,717952547138.00
rmat_s20_ef48_0.25_0.25_0.25_0.25_exp,MRepLM_1,16,1,1048576,50329356,33.199319,62.315585,8289657,717954120997.00
rmat_s20_ef48_0.25_0.25_0.25_0.25_exp,MRepLM_1,16,2,1048576,50329356,33.315081,46.137227,8289645,717951658629.00
rmat_s23_ef24_0.25_0.25_0.25_0.25_exp,kMM_1,16,0,8388608,201325970,132.148887,277.566183,65185914,4246050403506.00
rmat_s23_ef24_0.25_0.25_0.25_0.25_exp,kMM_1,16,1,8388608,201325970,142.240964,275.231667,65185914,4246050403506.00
rmat_s23_ef24_0.25_0.25_0.25_0.25_exp,kMM_1,16,2,8388608,201325970,101.554046,197.269344,65185914,4246050403506.00
rmat_s23_ef24_0.25_0.25_0.25_0.25_exp,MRepLM_1,16,0,8388608,201325970,140.020120,436.943023,65289634,4282541926662.00
rmat_s23_ef24_0.25_0.25_0.25_0.25_exp,MRepLM_1,16,1,8388608,201325970,142.052012,436.506718,65289564,4282543106040.00
rmat_s23_ef24_0.25_0.25_0.25_0.25_exp,MRepLM_1,16,2,8388608,201325970,141.919333,339.893841,65289751,4282542627180.00
rmat_s18_ef48_0.55_0.15_0.15_0.15_exp,kMM_1,16,0,262144,11686498,4.326021,1.848639,1108576,79828930977.00
rmat_s18_ef48_0.55_0.15_0.15_0.15_exp,kMM_1,16,1,262144,11686498,4.331260,1.804183,1108576,79828930977.00
rmat_s18_ef48_0.55_0.15_0.15_0.15_exp,kMM_1,16,2,262144,11686498,4.425859,1.837118,1108576,79828930977.00
rmat_s18_ef48_0.55_0.15_0.15_0.15_exp,MRepLM_1,16,0,262144,11686498,4.329180,10.451162,1103417,79547834746.00
rmat_s18_ef48_0.55_0.15_0.15_0.15_exp,MRepLM_1,16,1,262144,11686498,4.289711,13.070593,1103411,79547981138.00
rmat_s18_ef48_0.55_0.15_0.15_0.15_exp,MRepLM_1,16,2,262144,11686498,7.559172,11.767587,1103410,79547966909.00
rmat_s18_ef48_0.25_0.25_0.25_0.25_exp,kMM_1,16,0,262144,12580565,7.048816,3.566179,2071718,178319261413.00
rmat_s18_ef48_0.25_0.25_0.25_0.25_exp,kMM_1,16,1,262144,12580565,8.149902,3.350113,2071718,178319261413.00
rmat_s18_ef48_0.25_0.25_0.25_0.25_exp,kMM_1,16,2,262144,12580565,5.715828,2.926309,2071718,178319261413.00
rmat_s18_ef48_0.25_0.25_0.25_0.25_exp,MRepLM_1,16,0,262144,12580565,7.569816,10.675431,2072426,179595923736.00
rmat_s18_ef48_0.25_0.25_0.25_0.25_exp,MRepLM_1,16,1,262144,12580565,8.015136,10.603095,2072411,179595903606.00
rmat_s18_ef48_0.25_0.25_0.25_0.25_exp,MRepLM_1,16,2,262144,12580565,5.337143,7.381160,2072441,179597106698.00
rmat_s22_ef24_0.55_0.15_0.15_0.15_uni,kMM_1,16,0,4194304,99003497,66.805089,21.315575,12374282,4417899443527.00
rmat_s22_ef24_0.55_0.15_0.15_0.15_uni,kMM_1,16,1,4194304,99003497,66.651804,21.513867,12374282,4417899443527.00
rmat_s22_ef24_0.55_0.15_0.15_0.15_uni,kMM_1,16,2,4194304,99003497,42.882235,18.935322,12374282,4417899443527.00
rmat_s22_ef24_0.55_0.15_0.15_0.15_uni,MRepLM_1,16,0,4194304,99003497,67.896786,355.522652,12283783,4379631777183.00
rmat_s22_ef24_0.55_0.15_0.15_0.15_uni,MRepLM_1,16,1,4194304,99003497,68.652675,359.253799,12283790,4379619390535.00
rmat_s22_ef24_0.55_0.15_0.15_0.15_uni,MRepLM_1,16,2,4194304,99003497,45.650049,268.218352,12283800,4379626734307.00
rmat_s18_ef48_0.45_0.15_0.15_0.25_uni,kMM_1,16,0,262144,12465402,7.382575,1.782749,1902201,773394214567.00
rmat_s18_ef48_0.45_0.15_0.15_0.25_uni,kMM_1,16,1,262144,12465402,7.668759,1.681504,1902201,773394214567.00
rmat_s18_ef48_0.45_0.15_0.15_0.25_uni,kMM_1,16,2,262144,12465402,7.424016,1.592713,1902201,773394214567.00
rmat_s18_ef48_0.45_0.15_0.15_0.25_uni,MRepLM_1,16,0,262144,12465402,7.572878,14.257050,1902692,775840355326.00
rmat_s18_ef48_0.45_0.15_0.15_0.25_uni,MRepLM_1,16,1,262144,12465402,7.326076,18.204906,1902666,775846327415.00
rmat_s18_ef48_0.45_0.15_0.15_0.25_uni,MRepLM_1,16,2,262144,12465402,7.456898,9.901933,1902697,775847295751.00
rmat_s24_ef24_0.25_0.25_0.25_0.25_uni,kMM_1,16,0,16777216,402652592,316.246134,268.120399,130374831,52256283027919.00
rmat_s24_ef24_0.25_0.25_0.25_0.25_uni,kMM_1,16,1,16777216,402652592,319.462850,268.167022,130374831,52256283027919.00
rmat_s24_ef24_0.25_0.25_0.25_0.25_uni,kMM_1,16,2,16777216,402652592,189.195602,203.962405,130374831,52256283027919.00
rmat_s24_ef24_0.25_0.25_0.25_0.25_uni,MRepLM_1,16,0,16777216,402652592,301.367672,962.196415,130582695,52727143374649.00
rmat_s24_ef24_0.25_0.25_0.25_0.25_uni,MRepLM_1,16,1,16777216,402652592,296.259834,965.425947,130582583,52727098924453.00
rmat_s24_ef24_0.25_0.25_0.25_0.25_uni,MRepLM_1,16,2,16777216,402652592,276.112752,650.401883,130582662,52727104865721.00
rmat_s16_ef48_0.55_0.15_0.15_0.15_exp,kMM_1,16,0,65536,2788534,1.028804,0.391363,299519,21601585622.00
rmat_s16_ef48_0.55_0.15_0.15_0.15_exp,kMM_1,16,1,65536,2788534,1.035562,0.419781,299519,21601585622.00
rmat_s16_ef48_0.55_0.15_0.15_0.15_exp,kMM_1,16,2,65536,2788534,1.252758,0.355099,299519,21601585622.00
rmat_s16_ef48_0.55_0.15_0.15_0.15_exp,MRepLM_1,16,0,65536,2788534,1.488245,2.481398,298189,21533983268.00
rmat_s16_ef48_0.55_0.15_0.15_0.15_exp,MRepLM_1,16,1,65536,2788534,1.817305,2.397747,298184,21534013304.00
rmat_s16_ef48_0.55_0.15_0.15_0.15_exp,MRepLM_1,16,2,65536,2788534,1.537261,2.023835,298187,21534042085.00
rmat_s23_ef24_0.55_0.15_0.15_0.15_uni,kMM_1,16,0,8388608,198780869,135.685090,50.541285,23838035,8498454816111.00
rmat_s23_ef24_0.55_0.15_0.15_0.15_uni,kMM_1,16,1,8388608,198780869,135.675712,50.529013,23838035,8498454816111.00
rmat_s23_ef24_0.55_0.15_0.15_0.15_uni,kMM_1,16,2,8388608,198780869,84.947168,40.835285,23838035,8498454816111.00
rmat_s23_ef24_0.55_0.15_0.15_0.15_uni,MRepLM_1,16,0,8388608,198780869,135.324663,809.680333,23645801,8423773405709.00
rmat_s23_ef24_0.55_0.15_0.15_0.15_uni,MRepLM_1,16,1,8388608,198780869,134.633742,814.266156,23645781,8423770392344.00
rmat_s23_ef24_0.55_0.15_0.15_0.15_uni,MRepLM_1,16,2,8388608,198780869,91.756286,660.580721,23645856,8423779248959.00
rmat_s24_ef24_0.45_0.15_0.15_0.25_uni,kMM_1,16,0,16777216,402479213,289.320453,178.299631,103035301,37730711776915.00
rmat_s24_ef24_0.45_0.15_0.15_0.25_uni,kMM_1,16,1,16777216,402479213,282.001877,176.697300,103035301,37730711776915.00
rmat_s24_ef24_0.45_0.15_0.15_0.25_uni,kMM_1,16,2,16777216,402479213,285.096020,176.260207,103035301,37730711776915.00
rmat_s24_ef24_0.45_0.15_0.15_0.25_uni,MRepLM_1,16,0,16777216,402479213,284.305218,1478.145604,102940220,37775918401589.00
rmat_s24_ef24_0.45_0.15_0.15_0.25_uni,MRepLM_1,16,1,16777216,402479213,279.522525,1485.349707,102940235,37775900701342.00
rmat_s24_ef24_0.45_0.15_0.15_0.25_uni,MRepLM_1,16,2,16777216,402479213,284.566065,1093.245013,102940340,37775940578944.00
rmat_s18_ef48_0.25_0.25_0.25_0.25_uni,kMM_1,16,0,262144,12580633,7.897858,1.546591,2071770,920655955643.00
rmat_s18_ef48_0.25_0.25_0.25_0.25_uni,kMM_1,16,1,262144,12580633,6.932961,1.672556,2071770,920655955643.00
rmat_s18_ef48_0.25_0.25_0.25_0.25_uni,kMM_1,16,2,262144,12580633,7.382793,2.260642,2071770,920655955643.00
rmat_s18_ef48_0.25_0.25_0.25_0.25_uni,MRepLM_1,16,0,262144,12580633,6.994320,11.765793,2072346,926983831260.00
rmat_s18_ef48_0.25_0.25_0.25_0.25_uni,MRepLM_1,16,1,262144,12580633,6.994216,9.849287,2072352,926986378352.00
rmat_s18_ef48_0.25_0.25_0.25_0.25_uni,MRepLM_1,16,2,262144,12580633,7.911297,10.258971,2072341,926983337217.00
rmat_s22_ef24_0.25_0.25_0.25_0.25_uni,kMM_1,16,0,4194304,100662701,70.917439,54.229163,32593469,13063923888705.00
rmat_s22_ef24_0.25_0.25_0.25_0.25_uni,kMM_1,16,1,4194304,100662701,67.480958,51.020377,32593469,13063923888705.00
rmat_s22_ef24_0.25_0.25_0.25_0.25_uni,kMM_1,16,2,4194304,100662701,69.977530,48.029218,32593469,13063923888705.00
rmat_s22_ef24_0.25_0.25_0.25_0.25_uni,MRepLM_1,16,0,4194304,100662701,68.035557,197.536776,32644567,13181495903751.00
rmat_s22_ef24_0.25_0.25_0.25_0.25_uni,MRepLM_1,16,1,4194304,100662701,69.419284,198.401727,32644407,13181484824774.00
rmat_s22_ef24_0.25_0.25_0.25_0.25_uni,MRepLM_1,16,2,4194304,100662701,69.533088,138.682673,32644432,13181476020181.00
rmat_s16_ef48_0.45_0.15_0.15_0.25_exp,kMM_1,16,0,65536,3076205,1.912721,0.604058,482323,37256557434.00
rmat_s16_ef48_0.45_0.15_0.15_0.25_exp,kMM_1,16,1,65536,3076205,1.110253,0.492345,482323,37256557434.00
rmat_s16_ef48_0.45_0.15_0.15_0.25_exp,kMM_1,16,2,65536,3076205,1.112810,0.502354,482323,37256557434.00
rmat_s16_ef48_0.45_0.15_0.15_0.25_exp,MRepLM_1,16,0,65536,3076205,1.931678,3.158175,482204,37326658944.00
rmat_s16_ef48_0.45_0.15_0.15_0.25_exp,MRepLM_1,16,1,65536,3076205,1.931567,3.139310,482207,37326699512.00
rmat_s16_ef48_0.45_0.15_0.15_0.25_exp,MRepLM_1,16,2,65536,3076205,1.230054,2.082452,482214,37326597890.00
rmat_s14_ef48_0.45_0.15_0.15_0.25_uni,kMM_1,16,0,16384,746906,0.469599,0.055351,122166,50343988272.00
rmat_s14_ef48_0.45_0.15_0.15_0.25_uni,kMM_1,16,1,16384,746906,0.327615,0.055880,122166,50343988272.00
rmat_s14_ef48_0.45_0.15_0.15_0.25_uni,kMM_1,16,2,16384,746906,0.344673,0.042498,122166,50343988272.00
rmat_s14_ef48_0.45_0.15_0.15_0.25_uni,MRepLM_1,16,0,16384,746906,0.364390,0.590912,122346,50566354973.00
rmat_s14_ef48_0.45_0.15_0.15_0.25_uni,MRepLM_1,16,1,16384,746906,0.470887,0.549080,122350,50566380247.00
rmat_s14_ef48_0.45_0.15_0.15_0.25_uni,MRepLM_1,16,2,16384,746906,0.300304,0.436834,122345,50565897747.00
rmat_s17_ef48_0.55_0.15_0.15_0.15_uni,kMM_1,16,0,131072,5725537,3.296183,0.401452,575756,217842155496.00
rmat_s17_ef48_0.55_0.15_0.15_0.15_uni,kMM_1,16,1,131072,5725537,3.358285,0.352944,575756,217842155496.00
rmat_s17_ef48_0.55_0.15_0.15_0.15_uni,kMM_1,16,2,131072,5725537,2.629830,0.313903,575756,217842155496.00
rmat_s17_ef48_0.55_0.15_0.15_0.15_uni,MRepLM_1,16,0,131072,5725537,3.654444,6.984835,571349,215901434696.00
rmat_s17_ef48_0.55_0.15_0.15_0.15_uni,MRepLM_1,16,1,131072,5725537,3.654826,7.018935,571330,215898446593.00
rmat_s17_ef48_0.55_0.15_0.15_0.15_uni,MRepLM_1,16,2,131072,5725537,2.278028,4.607731,571342,215901948291.00
rmat_s23_ef24_0.55_0.15_0.15_0.15_exp,kMM_1,16,0,8388608,198780903,133.329365,186.813607,23779741,1520522324340.00
rmat_s23_ef24_0.55_0.15_0.15_0.15_exp,kMM_1,16,1,8388608,198780903,135.611764,187.884115,23779741,1520522324340.00
rmat_s23_ef24_0.55_0.15_0.15_0.15_exp,kMM_1,16,2,8388608,198780903,85.748395,125.005749,23779741,1520522324340.00
rmat_s23_ef24_0.55_0.15_0.15_0.15_exp,MRepLM_1,16,0,8388608,198780903,131.991670,798.230855,23648167,1515184507867.00
rmat_s23_ef24_0.55_0.15_0.15_0.15_exp,MRepLM_1,16,1,8388608,198780903,132.483574,804.484863,23648193,1515185555712.00
rmat_s23_ef24_0.55_0.15_0.15_0.15_exp,MRepLM_1,16,2,8388608,198780903,131.864237,592.444488,23648174,1515184267822.00
rmat_s15_ef48_0.55_0.15_0.15_0.15_uni,kMM_1,16,0,32768,1349809,0.800501,0.145104,155564,59250713361.00
rmat_s15_ef48_0.55_0.15_0.15_0.15_uni,kMM_1,16,1,32768,1349809,0.991942,0.126355,155564,59250713361.00
rmat_s15_ef48_0.55_0.15_0.15_0.15_uni,kMM_1,16,2,32768,1349809,0.740603,0.084976,155564,59250713361.00
rmat_s15_ef48_0.55_0.15_0.15_0.15_uni,MRepLM_1,16,0,32768,1349809,0.930095,1.060987,154517,58735362083.00
rmat_s15_ef48_0.55_0.15_0.15_0.15_uni,MRepLM_1,16,1,32768,1349809,0.750214,1.228396,154519,58735346070.00
rmat_s15_ef48_0.55_0.15_0.15_0.15_uni,MRepLM_1,16,2,32768,1349809,0.819080,1.164979,154519,58735198824.00
rmat_s19_ef48_0.55_0.15_0.15_0.15_exp,kMM_1,16,0,524288,23756720,14.953610,6.951046,2136702,153681147889.00
rmat_s19_ef48_0.55_0.15_0.15_0.15_exp,kMM_1,16,1,524288,23756720,14.258385,7.325155,2136702,153681147889.00
rmat_s19_ef48_0.55_0.15_0.15_0.15_exp,kMM_1,16,2,524288,23756720,14.426847,6.438015,2136702,153681147889.00
rmat_s19_ef48_0.55_0.15_0.15_0.15_exp,MRepLM_1,16,0,524288,23756720,14.396570,38.913858,2124880,153137801341.00
rmat_s19_ef48_0.55_0.15_0.15_0.15_exp,MRepLM_1,16,1,524288,23756720,15.150004,39.406787,2124869,153137731512.00
rmat_s19_ef48_0.55_0.15_0.15_0.15_exp,MRepLM_1,16,2,524288,23756720,10.754336,24.591355,2124868,153137877724.00
rmat_s15_ef48_0.45_0.15_0.15_0.25_exp,kMM_1,16,0,32768,1520003,0.810543,0.314314,243060,18763506638.00
rmat_s15_ef48_0.45_0.15_0.15_0.25_exp,kMM_1,16,1,32768,1520003,0.945834,0.235614,243060,18763506638.00
rmat_s15_ef48_0.45_0.15_0.15_0.25_exp,kMM_1,16,2,32768,1520003,0.627243,0.248262,243060,18763506638.00
rmat_s15_ef48_0.45_0.15_0.15_0.25_exp,MRepLM_1,16,0,32768,1520003,0.785825,1.326383,243033,18803882840.00
rmat_s15_ef48_0.45_0.15_0.15_0.25_exp,MRepLM_1,16,1,32768,1520003,0.956827,1.252341,243031,18803880322.00
rmat_s15_ef48_0.45_0.15_0.15_0.25_exp,MRepLM_1,16,2,32768,1520003,0.633562,0.999697,243034,18803881799.00
rmat_s20_ef48_0.45_0.15_0.15_0.25_uni,kMM_1,16,0,1048576,50135639,32.413007,8.594950,7499238,3030596943800.00
rmat_s20_ef48_0.45_0.15_0.15_0.25_uni,kMM_1,16,1,1048576,50135639,32.885062,8.857674,7499238,3030596943800.00
rmat_s20_ef48_0.45_0.15_0.15_0.25_uni,kMM_1,16,2,1048576,50135639,19.805629,8.835416,7499238,3030596943800.00
rmat_s20_ef48_0.45_0.15_0.15_0.25_uni,MRepLM_1,16,0,1048576,50135639,32.204578,106.782555,7499992,3039039830489.00
rmat_s20_ef48_0.45_0.15_0.15_0.25_uni,MRepLM_1,16,1,1048576,50135639,32.573558,108.440213,7500146,3039056451853.00
rmat_s20_ef48_0.45_0.15_0.15_0.25_uni,MRepLM_1,16,2,1048576,50135639,21.618019,69.736705,7500147,3039056045365.00
rmat_s23_ef24_0.45_0.15_0.15_0.25_uni,kMM_1,16,0,8388608,201194109,139.919300,82.592895,52083291,19099643739271.00
rmat_s23_ef24_0.45_0.15_0.15_0.25_uni,kMM_1,16,1,8388608,201194109,138.060995,82.886003,52083291,19099643739271.00
rmat_s23_ef24_0.45_0.15_0.15_0.25_uni,kMM_1,16,2,8388608,201194109,95.057611,68.251219,52083291,19099643739271.00
rmat_s23_ef24_0.45_0.15_0.15_0.25_uni,MRepLM_1,16,0,8388608,201194109,134.622937,679.027070,52045557,19126240866104.00
rmat_s23_ef24_0.45_0.15_0.15_0.25_uni,MRepLM_1,16,1,8388608,201194109,137.186038,681.792753,52045535,19126262990837.00
rmat_s23_ef24_0.45_0.15_0.15_0.25_uni,MRepLM_1,16,2,8388608,201194109,111.428578,525.701788,52045570,19126256447857.00
rmat_s21_ef24_0.45_0.15_0.15_0.25_exp,kMM_1,16,0,2097152,50253000,32.717299,40.393136,13314829,818492020899.00
rmat_s21_ef24_0.45_0.15_0.15_0.25_exp,kMM_1,16,1,2097152,50253000,32.544076,41.462888,13314829,818492020899.00
rmat_s21_ef24_0.45_0.15_0.15_0.25_exp,kMM_1,16,2,2097152,50253000,32.275313,40.257115,13314829,818492020899.00
rmat_s21_ef24_0.45_0.15_0.15_0.25_exp,MRepLM_1,16,0,2097152,50253000,31.732283,129.264753,13303774,819276464210.00
rmat_s21_ef24_0.45_0.15_0.15_0.25_exp,MRepLM_1,16,1,2097152,50253000,32.792112,131.011394,13303750,819276403094.00
rmat_s21_ef24_0.45_0.15_0.15_0.25_exp,MRepLM_1,16,2,2097152,50253000,26.784192,88.289528,13303772,819276898112.00
rmat_s17_ef48_0.55_0.15_0.15_0.15_exp,kMM_1,16,0,131072,5724931,3.508684,1.118808,575461,41479132860.00
rmat_s17_ef48_0.55_0.15_0.15_0.15_exp,kMM_1,16,1,131072,5724931,3.529085,1.220476,575461,41479132860.00
rmat_s17_ef48_0.55_0.15_0.15_0.15_exp,kMM_1,16,2,131072,5724931,3.470918,1.156961,575461,41479132860.00
rmat_s17_ef48_0.55_0.15_0.15_0.15_exp,MRepLM_1,16,0,131072,5724931,3.619654,5.695955,572091,41340460574.00
rmat_s17_ef48_0.55_0.15_0.15_0.15_exp,MRepLM_1,16,1,131072,5724931,3.690804,5.754151,572086,41340418583.00
rmat_s17_ef48_0.55_0.15_0.15_0.15_exp,MRepLM_1,16,2,131072,5724931,3.708807,4.490257,572085,41340463619.00
rmat_s15_ef48_0.55_0.15_0.15_0.15_exp,kMM_1,16,0,32768,1349417,0.693419,0.229420,155170,11203594610.00
rmat_s15_ef48_0.55_0.15_0.15_0.15_exp,kMM_1,16,1,32768,1349417,0.754921,0.192291,155170,11203594610.00
rmat_s15_ef48_0.55_0.15_0.15_0.15_exp,kMM_1,16,2,32768,1349417,0.651321,0.177911,155170,11203594610.00
rmat_s15_ef48_0.55_0.15_0.15_0.15_exp,MRepLM_1,16,0,32768,1349417,0.850235,1.325330,154450,11167319597.00
rmat_s15_ef48_0.55_0.15_0.15_0.15_exp,MRepLM_1,16,1,32768,1349417,0.851548,1.332423,154450,11167338966.00
rmat_s15_ef48_0.55_0.15_0.15_0.15_exp,MRepLM_1,16,2,32768,1349417,0.590890,0.876915,154450,11167319597.00
rmat_s24_ef24_0.55_0.15_0.15_0.15_exp,kMM_1,16,0,16777216,398753197,273.388769,410.540139,45628372,2928633505174.00
rmat_s24_ef24_0.55_0.15_0.15_0.15_exp,kMM_1,16,1,16777216,398753197,273.393839,408.611511,45628372,2928633505174.00
rmat_s24_ef24_0.55_0.15_0.15_0.15_exp,kMM_1,16,2,16777216,398753197,176.852631,279.074385,45628372,2928633505174.00
rmat_s24_ef24_0.55_0.15_0.15_0.15_exp,MRepLM_1,16,0,16777216,398753197,267.977273,1785.452577,45347498,2917789568929.00
rmat_s24_ef24_0.55_0.15_0.15_0.15_exp,MRepLM_1,16,1,16777216,398753197,269.089365,1783.300551,45347491,2917789490291.00
rmat_s24_ef24_0.55_0.15_0.15_0.15_exp,MRepLM_1,16,2,16777216,398753197,270.631159,1396.132987,45347509,2917789437540.00
rmat_s14_ef48_0.55_0.15_0.15_0.15_exp,kMM_1,16,0,16384,647435,0.451543,0.135677,81051,5823906276.00
rmat_s14_ef48_0.55_0.15_0.15_0.15_exp,kMM_1,16,1,16384,647435,0.429675,0.102087,81051,5823906276.00
rmat_s14_ef48_0.55_0.15_0.15_0.15_exp,kMM_1,16,2,16384,647435,0.344453,0.098242,81051,5823906276.00
rmat_s14_ef48_0.55_0.15_0.15_0.15_exp,MRepLM_1,16,0,16384,647435,0.338160,0.442750,80665,5809379256.00
rmat_s14_ef48_0.55_0.15_0.15_0.15_exp,MRepLM_1,16,1,16384,647435,0.437474,0.629535,80665,5809331192.00
rmat_s14_ef48_0.55_0.15_0.15_0.15_exp,MRepLM_1,16,2,16384,647435,0.352270,0.451501,80666,5809321472.00
rmat_s17_ef48_0.25_0.25_0.25_0.25_exp,kMM_1,16,0,131072,6289109,3.897018,1.568342,1035920,89131344920.00
rmat_s17_ef48_0.25_0.25_0.25_0.25_exp,kMM_1,16,1,131072,6289109,3.368412,1.527314,1035920,89131344920.00
rmat_s17_ef48_0.25_0.25_0.25_0.25_exp,kMM_1,16,2,131072,6289109,3.352293,1.556759,1035920,89131344920.00
rmat_s17_ef48_0.25_0.25_0.25_0.25_exp,MRepLM_1,16,0,131072,6289109,4.454961,4.404906,1036080,89761663433.00
rmat_s17_ef48_0.25_0.25_0.25_0.25_exp,MRepLM_1,16,1,131072,6289109,3.317199,5.597019,1036086,89761542186.00
rmat_s17_ef48_0.25_0.25_0.25_0.25_exp,MRepLM_1,16,2,131072,6289109,3.401062,4.429343,1036090,89761826427.00
rmat_s22_ef24_0.55_0.15_0.15_0.15_exp,kMM_1,16,0,4194304,99005401,64.939854,73.948562,12348892,789366317466.00
rmat_s22_ef24_0.55_0.15_0.15_0.15_exp,kMM_1,16,1,4194304,99005401,65.090164,74.475428,12348892,789366317466.00
rmat_s22_ef24_0.55_0.15_0.15_0.15_exp,kMM_1,16,2,4194304,99005401,66.170362,74.618358,12348892,789366317466.00
rmat_s22_ef24_0.55_0.15_0.15_0.15_exp,MRepLM_1,16,0,4194304,99005401,67.141432,346.758186,12288355,786534993263.00
rmat_s22_ef24_0.55_0.15_0.15_0.15_exp,MRepLM_1,16,1,4194304,99005401,65.015283,347.164915,12288359,786535553813.00
rmat_s22_ef24_0.55_0.15_0.15_0.15_exp,MRepLM_1,16,2,4194304,99005401,64.577556,261.588860,12288358,786535634674.00
rmat_s15_ef48_0.25_0.25_0.25_0.25_uni,kMM_1,16,0,32768,1570612,0.964050,0.173065,258949,115046307834.00
rmat_s15_ef48_0.25_0.25_0.25_0.25_uni,kMM_1,16,1,32768,1570612,0.844504,0.162331,258949,115046307834.00
rmat_s15_ef48_0.25_0.25_0.25_0.25_uni,kMM_1,16,2,32768,1570612,0.866690,0.189118,258949,115046307834.00
rmat_s15_ef48_0.25_0.25_0.25_0.25_uni,MRepLM_1,16,0,32768,1570612,0.888844,1.283553,259019,115840964429.00
rmat_s15_ef48_0.25_0.25_0.25_0.25_uni,MRepLM_1,16,1,32768,1570612,0.838036,0.936559,259021,115841163129.00
rmat_s15_ef48_0.25_0.25_0.25_0.25_uni,MRepLM_1,16,2,32768,1570612,1.070215,1.068897,259020,115840859469.00
rmat_s20_ef48_0.25_0.25_0.25_0.25_uni,kMM_1,16,0,1048576,50329246,33.419493,9.144189,8287431,3682773648927.00
rmat_s20_ef48_0.25_0.25_0.25_0.25_uni,kMM_1,16,1,1048576,50329246,32.502645,9.044083,8287431,3682773648927.00
rmat_s20_ef48_0.25_0.25_0.25_0.25_uni,kMM_1,16,2,1048576,50329246,32.957320,8.305189,8287431,3682773648927.00
rmat_s20_ef48_0.25_0.25_0.25_0.25_uni,MRepLM_1,16,0,1048576,50329246,32.880591,59.455081,8289748,3708133222735.00
rmat_s20_ef48_0.25_0.25_0.25_0.25_uni,MRepLM_1,16,1,1048576,50329246,33.982161,61.168037,8289731,3708151965658.00
rmat_s20_ef48_0.25_0.25_0.25_0.25_uni,MRepLM_1,16,2,1048576,50329246,34.480705,44.615063,8289744,3708154228378.00
rmat_s21_ef24_0.55_0.15_0.15_0.15_exp,kMM_1,16,0,2097152,49251994,27.651426,24.311127,6420439,410139808502.00
rmat_s21_ef24_0.55_0.15_0.15_0.15_exp,kMM_1,16,1,2097152,49251994,30.893985,24.665167,6420439,410139808502.00
rmat_s21_ef24_0.55_0.15_0.15_0.15_exp,kMM_1,16,2,2097152,49251994,31.406937,20.917337,6420439,410139808502.00
rmat_s21_ef24_0.55_0.15_0.15_0.15_exp,MRepLM_1,16,0,2097152,49251994,31.533191,145.648532,6380549,408751662383.00
rmat_s21_ef24_0.55_0.15_0.15_0.15_exp,MRepLM_1,16,1,2097152,49251994,31.776637,147.279757,6380546,408751588457.00
rmat_s21_ef24_0.55_0.15_0.15_0.15_exp,MRepLM_1,16,2,2097152,49251994,27.506342,105.711596,6380537,408751506455.00
rmat_s22_ef24_0.45_0.15_0.15_0.25_exp,kMM_1,16,0,4194304,100561270,67.559564,100.258781,26337491,1618161187094.00
rmat_s22_ef24_0.45_0.15_0.15_0.25_exp,kMM_1,16,1,4194304,100561270,66.572049,99.428820,26337491,1618161187094.00
rmat_s22_ef24_0.45_0.15_0.15_0.25_exp,kMM_1,16,2,4194304,100561270,57.003422,78.926424,26337491,1618161187094.00
rmat_s22_ef24_0.45_0.15_0.15_0.25_exp,MRepLM_1,16,0,4194304,100561270,64.432519,296.606537,26309608,1619459274473.00
rmat_s22_ef24_0.45_0.15_0.15_0.25_exp,MRepLM_1,16,1,4194304,100561270,66.527661,299.970741,26309620,1619459490010.00
rmat_s22_ef24_0.45_0.15_0.15_0.25_exp,MRepLM_1,16,2,4194304,100561270,67.702969,209.127645,26309613,1619460155763.00
rmat_s22_ef24_0.25_0.25_0.25_0.25_exp,kMM_1,16,0,4194304,100662680,68.474471,118.523750,32593786,2123058961266.00
rmat_s22_ef24_0.25_0.25_0.25_0.25_exp,kMM_1,16,1,4194304,100662680,69.344134,117.708555,32593786,2123058961266.00
rmat_s22_ef24_0.25_0.25_0.25_0.25_exp,kMM_1,16,2,4194304,100662680,55.242128,87.574358,32593786,2123058961266.00
rmat_s22_ef24_0.25_0.25_0.25_0.25_exp,MRepLM_1,16,0,4194304,100662680,68.652652,199.068433,32645562,2141286747491.00
rmat_s22_ef24_0.25_0.25_0.25_0.25_exp,MRepLM_1,16,1,4194304,100662680,69.819257,196.772955,32645460,2141288493635.00
rmat_s22_ef24_0.25_0.25_0.25_0.25_exp,MRepLM_1,16,2,4194304,100662680,69.696486,159.383041,32645514,2141287644501.00
rmat_s24_ef24_0.55_0.15_0.15_0.15_uni,kMM_1,16,0,16777216,398754887,257.249729,98.085975,45747034,16327778390660.00
rmat_s24_ef24_0.55_0.15_0.15_0.15_uni,kMM_1,16,1,16777216,398754887,276.267845,98.814645,45747034,16327778390660.00
rmat_s24_ef24_0.55_0.15_0.15_0.15_uni,kMM_1,16,2,16777216,398754887,194.232094,84.214848,45747034,16327778390660.00
rmat_s24_ef24_0.55_0.15_0.15_0.15_uni,MRepLM_1,16,0,16777216,398754887,273.129570,1822.254895,45346019,16176210113192.00
rmat_s24_ef24_0.55_0.15_0.15_0.15_uni,MRepLM_1,16,1,16777216,398754887,274.931860,1822.432637,45346040,16176228517325.00
rmat_s24_ef24_0.55_0.15_0.15_0.15_uni,MRepLM_1,16,2,16777216,398754887,193.727269,1390.346789,45346044,16176222156136.00
rmat_s14_ef48_0.25_0.25_0.25_0.25_uni,kMM_1,16,0,16384,784163,0.414196,0.061983,129506,57512060176.00
rmat_s14_ef48_0.25_0.25_0.25_0.25_uni,kMM_1,16,1,16384,784163,0.408557,0.062434,129506,57512060176.00
rmat_s14_ef48_0.25_0.25_0.25_0.25_uni,kMM_1,16,2,16384,784163,0.409995,0.061733,129506,57512060176.00
rmat_s14_ef48_0.25_0.25_0.25_0.25_uni,MRepLM_1,16,0,16384,784163,0.420931,0.451760,129527,57898922484.00
rmat_s14_ef48_0.25_0.25_0.25_0.25_uni,MRepLM_1,16,1,16384,784163,0.410300,0.432791,129528,57897344961.00
rmat_s14_ef48_0.25_0.25_0.25_0.25_uni,MRepLM_1,16,2,16384,784163,0.407406,0.500963,129528,57897344961.00
rmat_s19_ef48_0.55_0.15_0.15_0.15_uni,kMM_1,16,0,524288,23757244,14.937330,2.414867,2143549,806290477818.00
rmat_s19_ef48_0.55_0.15_0.15_0.15_uni,kMM_1,16,1,524288,23757244,13.504437,3.412859,2143549,806290477818.00
rmat_s19_ef48_0.55_0.15_0.15_0.15_uni,kMM_1,16,2,524288,23757244,14.704149,2.270743,2143549,806290477818.00
rmat_s19_ef48_0.55_0.15_0.15_0.15_uni,MRepLM_1,16,0,524288,23757244,14.691445,36.221379,2126399,798295897544.00
rmat_s19_ef48_0.55_0.15_0.15_0.15_uni,MRepLM_1,16,1,524288,23757244,15.230868,38.804726,2126402,798300323405.00
rmat_s19_ef48_0.55_0.15_0.15_0.15_uni,MRepLM_1,16,2,524288,23757244,14.375844,37.932986,2126394,798293303968.00
rmat_s17_ef48_0.45_0.15_0.15_0.25_exp,kMM_1,16,0,131072,6201300,3.638735,2.279922,958757,73806768610.00
rmat_s17_ef48_0.45_0.15_0.15_0.25_exp,kMM_1,16,1,131072,6201300,4.101980,1.396318,958757,73806768610.00
rmat_s17_ef48_0.45_0.15_0.15_0.25_exp,kMM_1,16,2,131072,6201300,3.329453,1.391204,958757,73806768610.00
rmat_s17_ef48_0.45_0.15_0.15_0.25_exp,MRepLM_1,16,0,131072,6201300,3.762550,6.108667,958632,73922289327.00
rmat_s17_ef48_0.45_0.15_0.15_0.25_exp,MRepLM_1,16,1,131072,6201300,3.592681,5.438326,958625,73922458183.00
rmat_s17_ef48_0.45_0.15_0.15_0.25_exp,MRepLM_1,16,2,131072,6201300,3.256471,5.501849,958639,73922469038.00
rmat_s19_ef48_0.25_0.25_0.25_0.25_exp,kMM_1,16,0,524288,25163507,15.176886,10.220450,4143533,356354675140.00
rmat_s19_ef48_0.25_0.25_0.25_0.25_exp,kMM_1,16,1,524288,25163507,16.052983,10.727524,4143533,356354675140.00
rmat_s19_ef48_0.25_0.25_0.25_0.25_exp,kMM_1,16,2,524288,25163507,15.452623,10.523764,4143533,356354675140.00
rmat_s19_ef48_0.25_0.25_0.25_0.25_exp,MRepLM_1,16,0,524288,25163507,16.385011,23.784490,4144856,358910424871.00
rmat_s19_ef48_0.25_0.25_0.25_0.25_exp,MRepLM_1,16,1,524288,25163507,15.431168,25.045044,4144873,358910790892.00
rmat_s19_ef48_0.25_0.25_0.25_0.25_exp,MRepLM_1,16,2,524288,25163507,16.010271,21.962763,4144905,358911269040.00
rmat_s16_ef48_0.45_0.15_0.15_0.25_uni,kMM_1,16,0,65536,3076208,2.238906,0.318522,482209,197317665547.00
rmat_s16_ef48_0.45_0.15_0.15_0.25_uni,kMM_1,16,1,65536,3076208,1.724491,0.249383,482209,197317665547.00
rmat_s16_ef48_0.45_0.15_0.15_0.25_uni,kMM_1,16,2,65536,3076208,1.649108,0.249082,482209,197317665547.00
rmat_s16_ef48_0.45_0.15_0.15_0.25_uni,MRepLM_1,16,0,65536,3076208,2.017140,2.467576,482478,198025211175.00
rmat_s16_ef48_0.45_0.15_0.15_0.25_uni,MRepLM_1,16,1,65536,3076208,1.738989,3.294933,482502,198023527788.00
rmat_s16_ef48_0.45_0.15_0.15_0.25_uni,MRepLM_1,16,2,65536,3076208,1.662156,3.134387,482503,198025330813.00
rmat_s19_ef48_0.45_0.15_0.15_0.25_uni,kMM_1,16,0,524288,25014129,14.605134,3.008542,3777219,1531631724076.00
rmat_s19_ef48_0.45_0.15_0.15_0.25_uni,kMM_1,16,1,524288,25014129,15.805434,3.145197,3777219,1531631724076.00
rmat_s19_ef48_0.45_0.15_0.15_0.25_uni,kMM_1,16,2,524288,25014129,16.094721,3.135809,3777219,1531631724076.00
rmat_s19_ef48_0.45_0.15_0.15_0.25_uni,MRepLM_1,16,0,524288,25014129,16.118397,31.276186,3777653,1536096294478.00
rmat_s19_ef48_0.45_0.15_0.15_0.25_uni,MRepLM_1,16,1,524288,25014129,16.799086,31.758272,3777640,1536100930530.00
rmat_s19_ef48_0.45_0.15_0.15_0.25_uni,MRepLM_1,16,2,524288,25014129,16.636383,23.040520,3777702,1536109098107.00
rmat_s16_ef48_0.25_0.25_0.25_0.25_exp,kMM_1,16,0,65536,3143475,1.996381,0.667735,517945,44491963702.00
rmat_s16_ef48_0.25_0.25_0.25_0.25_exp,kMM_1,16,1,65536,3143475,1.145291,0.545526,517945,44491963702.00
rmat_s16_ef48_0.25_0.25_0.25_0.25_exp,kMM_1,16,2,65536,3143475,1.129345,0.538060,517945,44491963702.00
rmat_s16_ef48_0.25_0.25_0.25_0.25_exp,MRepLM_1,16,0,65536,3143475,1.647891,2.185926,518082,44807572977.00
rmat_s16_ef48_0.25_0.25_0.25_0.25_exp,MRepLM_1,16,1,65536,3143475,1.984300,2.097908,518105,44807799505.00
rmat_s16_ef48_0.25_0.25_0.25_0.25_exp,MRepLM_1,16,2,65536,3143475,1.383657,1.637673,518102,44807759834.00
rmat_s21_ef24_0.25_0.25_0.25_0.25_exp,kMM_1,16,0,2097152,50331039,33.703069,54.232260,16296897,1061302631721.00
rmat_s21_ef24_0.25_0.25_0.25_0.25_exp,kMM_1,16,1,2097152,50331039,33.684840,53.962834,16296897,1061302631721.00
rmat_s21_ef24_0.25_0.25_0.25_0.25_exp,kMM_1,16,2,2097152,50331039,20.914145,37.476703,16296897,1061302631721.00
rmat_s21_ef24_0.25_0.25_0.25_0.25_exp,MRepLM_1,16,0,2097152,50331039,33.428447,83.565732,16323025,1070414518871.00
rmat_s21_ef24_0.25_0.25_0.25_0.25_exp,MRepLM_1,16,1,2097152,50331039,34.099040,83.511569,16322987,1070415963784.00
rmat_s21_ef24_0.25_0.25_0.25_0.25_exp,MRepLM_1,16,2,2097152,50331039,34.455451,67.735092,16323057,1070415038209.00
rmat_s22_ef24_0.45_0.15_0.15_0.25_uni,kMM_1,16,0,4194304,100560801,57.206002,35.169563,26328077,9669389940609.00
rmat_s22_ef24_0.45_0.15_0.15_0.25_uni,kMM_1,16,1,4194304,100560801,67.750243,35.110327,26328077,9669389940609.00
rmat_s22_ef24_0.45_0.15_0.15_0.25_uni,kMM_1,16,2,4194304,100560801,52.595696,30.558909,26328077,9669389940609.00
rmat_s22_ef24_0.45_0.15_0.15_0.25_uni,MRepLM_1,16,0,4194304,100560801,67.026126,305.888973,26310596,9684036741404.00
rmat_s22_ef24_0.45_0.15_0.15_0.25_uni,MRepLM_1,16,1,4194304,100560801,68.249722,308.793745,26310616,9684048646929.00
rmat_s22_ef24_0.45_0.15_0.15_0.25_uni,MRepLM_1,16,2,4194304,100560801,46.296064,218.368609,26310630,9684043124474.00
rmat_s19_ef48_0.25_0.25_0.25_0.25_uni,kMM_1,16,0,524288,25163518,15.683395,4.497486,4143741,1841436505094.00
rmat_s19_ef48_0.25_0.25_0.25_0.25_uni,kMM_1,16,1,524288,25163518,16.036393,4.214470,4143741,1841436505094.00
rmat_s19_ef48_0.25_0.25_0.25_0.25_uni,kMM_1,16,2,524288,25163518,15.935385,4.408537,4143741,1841436505094.00
rmat_s19_ef48_0.25_0.25_0.25_0.25_uni,MRepLM_1,16,0,524288,25163518,15.808046,22.697570,4144909,1854134773254.00
rmat_s19_ef48_0.25_0.25_0.25_0.25_uni,MRepLM_1,16,1,524288,25163518,16.736889,23.284992,4144940,1854135032795.00
rmat_s19_ef48_0.25_0.25_0.25_0.25_uni,MRepLM_1,16,2,524288,25163518,14.171116,16.372029,4144920,1854133123583.00
rmat_s16_ef48_0.25_0.25_0.25_0.25_uni,kMM_1,16,0,65536,3143381,1.166143,0.259234,518031,230218347044.00
rmat_s16_ef48_0.25_0.25_0.25_0.25_uni,kMM_1,16,1,65536,3143381,1.151348,0.259178,518031,230218347044.00
rmat_s16_ef48_0.25_0.25_0.25_0.25_uni,kMM_1,16,2,65536,3143381,1.173567,0.258196,518031,230218347044.00
rmat_s16_ef48_0.25_0.25_0.25_0.25_uni,MRepLM_1,16,0,65536,3143381,1.992863,2.430379,518121,231793071166.00
rmat_s16_ef48_0.25_0.25_0.25_0.25_uni,MRepLM_1,16,1,65536,3143381,1.992226,2.419764,518131,231793938320.00
rmat_s16_ef48_0.25_0.25_0.25_0.25_uni,MRepLM_1,16,2,65536,3143381,1.331159,1.613085,518127,231789616936.00
rmat_s20_ef48_0.55_0.15_0.15_0.15_exp,kMM_1,16,0,1048576,48121491,30.921060,20.231830,4109687,295642505100.00
rmat_s20_ef48_0.55_0.15_0.15_0.15_exp,kMM_1,16,1,1048576,48121491,30.951101,20.475715,4109687,295642505100.00
rmat_s20_ef48_0.55_0.15_0.15_0.15_exp,kMM_1,16,2,1048576,48121491,18.583223,13.180697,4109687,295642505100.00
rmat_s20_ef48_0.55_0.15_0.15_0.15_exp,MRepLM_1,16,0,1048576,48121491,30.512007,109.521482,4086011,294533022121.00
rmat_s20_ef48_0.55_0.15_0.15_0.15_exp,MRepLM_1,16,1,1048576,48121491,30.886724,110.827959,4086022,294533171922.00
rmat_s20_ef48_0.55_0.15_0.15_0.15_exp,MRepLM_1,16,2,1048576,48121491,24.596923,79.434359,4086002,294532960411.00
rmat_s19_ef48_0.45_0.15_0.15_0.25_exp,kMM_1,16,0,524288,25014316,15.884611,9.884825,3780033,289022211640.00
rmat_s19_ef48_0.45_0.15_0.15_0.25_exp,kMM_1,16,1,524288,25014316,15.567472,9.124882,3780033,289022211640.00
rmat_s19_ef48_0.45_0.15_0.15_0.25_exp,kMM_1,16,2,524288,25014316,16.075192,8.746305,3780033,289022211640.00
rmat_s19_ef48_0.45_0.15_0.15_0.25_exp,MRepLM_1,16,0,524288,25014316,15.869053,31.598446,3777986,289363650476.00
rmat_s19_ef48_0.45_0.15_0.15_0.25_exp,MRepLM_1,16,1,524288,25014316,16.705879,31.634029,3777993,289363987164.00
rmat_s19_ef48_0.45_0.15_0.15_0.25_exp,MRepLM_1,16,2,524288,25014316,16.494649,24.864809,3778012,289364156661.00
rmat_s21_ef24_0.45_0.15_0.15_0.25_uni,kMM_1,16,0,2097152,50253908,29.819163,15.404796,13311536,4896576981952.00
rmat_s21_ef24_0.45_0.15_0.15_0.25_uni,kMM_1,16,1,2097152,50253908,33.730103,15.373760,13311536,4896576981952.00
rmat_s21_ef24_0.45_0.15_0.15_0.25_uni,kMM_1,16,2,2097152,50253908,24.075815,13.917436,13311536,4896576981952.00
rmat_s21_ef24_0.45_0.15_0.15_0.25_uni,MRepLM_1,16,0,2097152,50253908,32.783712,130.656375,13304770,4904799602895.00
rmat_s21_ef24_0.45_0.15_0.15_0.25_uni,MRepLM_1,16,1,2097152,50253908,33.487107,131.980571,13304806,4904798186086.00
rmat_s21_ef24_0.45_0.15_0.15_0.25_uni,MRepLM_1,16,2,2097152,50253908,23.140728,91.515813,13304824,4904800891228.00
rmat_s21_ef24_0.25_0.25_0.25_0.25_uni,kMM_1,16,0,2097152,50331056,34.613148,19.361884,16297159,6531896721002.00
rmat_s21_ef24_0.25_0.25_0.25_0.25_uni,kMM_1,16,1,2097152,50331056,33.267994,19.497839,16297159,6531896721002.00
rmat_s21_ef24_0.25_0.25_0.25_0.25_uni,kMM_1,16,2,2097152,50331056,33.362455,17.232819,16297159,6531896721002.00
rmat_s21_ef24_0.25_0.25_0.25_0.25_uni,MRepLM_1,16,0,2097152,50331056,33.603114,86.723936,16323162,6590991171676.00
rmat_s21_ef24_0.25_0.25_0.25_0.25_uni,MRepLM_1,16,1,2097152,50331056,34.082938,87.504141,16323041,6590984058775.00
rmat_s21_ef24_0.25_0.25_0.25_0.25_uni,MRepLM_1,16,2,2097152,50331056,29.778563,59.994656,16323117,6590991978252.00
rmat_s18_ef48_0.55_0.15_0.15_0.15_uni,kMM_1,16,0,262144,11687806,4.416540,0.767027,1111874,419125102268.00
rmat_s18_ef48_0.55_0.15_0.15_0.15_uni,kMM_1,16,1,262144,11687806,6.355855,0.877076,1111874,419125102268.00
rmat_s18_ef48_0.55_0.15_0.15_0.15_uni,kMM_1,16,2,262144,11687806,6.824979,0.745442,1111874,419125102268.00
rmat_s18_ef48_0.55_0.15_0.15_0.15_uni,MRepLM_1,16,0,262144,11687806,7.049727,14.245458,1103839,415099121690.00
rmat_s18_ef48_0.55_0.15_0.15_0.15_uni,MRepLM_1,16,1,262144,11687806,7.661371,13.992181,1103865,415103239280.00
rmat_s18_ef48_0.55_0.15_0.15_0.15_uni,MRepLM_1,16,2,262144,11687806,7.067281,10.031498,1103832,415101515492.00
rmat_s14_ef48_0.55_0.15_0.15_0.15_uni,kMM_1,16,0,16384,647545,0.262567,0.033089,80790,30859034965.00
rmat_s14_ef48_0.55_0.15_0.15_0.15_uni,kMM_1,16,1,16384,647545,0.237332,0.032460,80790,30859034965.00
rmat_s14_ef48_0.55_0.15_0.15_0.15_uni,kMM_1,16,2,16384,647545,0.237815,0.032578,80790,30859034965.00
rmat_s14_ef48_0.55_0.15_0.15_0.15_uni,MRepLM_1,16,0,16384,647545,0.335894,0.393693,80189,30598907810.00
rmat_s14_ef48_0.55_0.15_0.15_0.15_uni,MRepLM_1,16,1,16384,647545,0.295168,0.415737,80188,30598767435.00
rmat_s14_ef48_0.55_0.15_0.15_0.15_uni,MRepLM_1,16,2,16384,647545,0.337893,0.363869,80189,30598907810.00
rmat_s20_ef48_0.55_0.15_0.15_0.15_uni,kMM_1,16,0,1048576,48125802,31.184916,5.898298,4122989,1548896527192.00
rmat_s20_ef48_0.55_0.15_0.15_0.15_uni,kMM_1,16,1,1048576,48125802,31.525197,6.020758,4122989,1548896527192.00
rmat_s20_ef48_0.55_0.15_0.15_0.15_uni,kMM_1,16,2,1048576,48125802,19.524074,5.435328,4122989,1548896527192.00
rmat_s20_ef48_0.55_0.15_0.15_0.15_uni,MRepLM_1,16,0,1048576,48125802,31.152150,113.527438,4088393,1533134944541.00
rmat_s20_ef48_0.55_0.15_0.15_0.15_uni,MRepLM_1,16,1,1048576,48125802,31.214521,114.095655,4088398,1533137453373.00
rmat_s20_ef48_0.55_0.15_0.15_0.15_uni,MRepLM_1,16,2,1048576,48125802,18.659845,77.683669,4088408,1533141083820.00
rmat_s24_ef24_0.45_0.15_0.15_0.25_exp,kMM_1,16,0,16777216,214611454,152.497902,253.796684,48391873,3145594355543.00
rmat_s24_ef24_0.45_0.15_0.15_0.25_exp,kMM_1,16,1,16777216,214611454,150.524587,249.887998,48391873,3145594355543.00
rmat_s24_ef24_0.45_0.15_0.15_0.25_exp,kMM_1,16,2,16777216,214611454,106.739876,177.254902,48391873,3145594355543.00
rmat_s24_ef24_0.45_0.15_0.15_0.25_exp,MRepLM_1,16,0,16777216,214611454,150.734580,659.687599,47827990,3130654616853.00
rmat_s24_ef24_0.45_0.15_0.15_0.25_exp,MRepLM_1,16,1,16777216,214611454,149.111953,668.370568,47828006,3130655193963.00
rmat_s24_ef24_0.45_0.15_0.15_0.25_exp,MRepLM_1,16,2,16777216,214611454,149.725179,494.026468,47827991,3130654896597.00
rmat_s14_ef48_0.25_0.25_0.25_0.25_exp,kMM_1,16,0,16384,784053,0.461010,0.195007,129470,11130646562.00
rmat_s14_ef48_0.25_0.25_0.25_0.25_exp,kMM_1,16,1,16384,784053,0.556755,0.217174,129470,11130646562.00
rmat_s14_ef48_0.25_0.25_0.25_0.25_exp,kMM_1,16,2,16384,784053,0.534504,0.157423,129470,11130646562.00
rmat_s14_ef48_0.25_0.25_0.25_0.25_exp,MRepLM_1,16,0,16384,784053,0.431114,0.414973,129492,11210781437.00
rmat_s14_ef48_0.25_0.25_0.25_0.25_exp,MRepLM_1,16,1,16384,784053,0.401234,0.412683,129495,11210736055.00
rmat_s14_ef48_0.25_0.25_0.25_0.25_exp,MRepLM_1,16,2,16384,784053,0.402278,0.413441,129487,11210509125.00
rmat_s14_ef48_0.45_0.15_0.15_0.25_exp,kMM_1,16,0,16384,746669,0.462566,0.171560,122201,9449539667.00
rmat_s14_ef48_0.45_0.15_0.15_0.25_exp,kMM_1,16,1,16384,746669,0.464519,0.171153,122201,9449539667.00
rmat_s14_ef48_0.45_0.15_0.15_0.25_exp,kMM_1,16,2,16384,746669,0.345979,0.115918,122201,9449539667.00
rmat_s14_ef48_0.45_0.15_0.15_0.25_exp,MRepLM_1,16,0,16384,746669,0.457736,0.653861,122287,9475611276.00
rmat_s14_ef48_0.45_0.15_0.15_0.25_exp,MRepLM_1,16,1,16384,746669,0.458369,0.649425,122290,9475607309.00
rmat_s14_ef48_0.45_0.15_0.15_0.25_exp,MRepLM_1,16,2,16384,746669,0.320004,0.472525,122290,9475585852.00
rmat_s24_ef24_0.25_0.25_0.25_0.25_exp,kMM_1,16,0,16777216,402652618,289.256564,607.732800,130371965,8491687465305.00
rmat_s24_ef24_0.25_0.25_0.25_0.25_exp,kMM_1,16,1,16777216,402652618,290.335172,610.124929,130371965,8491687465305.00
rmat_s24_ef24_0.25_0.25_0.25_0.25_exp,kMM_1,16,2,16777216,402652618,193.452808,419.902896,130371965,8491687465305.00
rmat_s24_ef24_0.25_0.25_0.25_0.25_exp,MRepLM_1,16,0,16777216,402652618,286.958514,950.706299,130583742,8564621014360.00
rmat_s24_ef24_0.25_0.25_0.25_0.25_exp,MRepLM_1,16,1,16777216,402652618,285.192082,951.096598,130583670,8564626500912.00
rmat_s24_ef24_0.25_0.25_0.25_0.25_exp,MRepLM_1,16,2,16777216,402652618,285.746573,745.174580,130583810,8564627304637.00
rmat_s17_ef48_0.25_0.25_0.25_0.25_uni,kMM_1,16,0,131072,6289081,2.345538,0.477617,1035946,460348762331.00
rmat_s17_ef48_0.25_0.25_0.25_0.25_uni,kMM_1,16,1,131072,6289081,2.352271,0.483901,1035946,460348762331.00
rmat_s17_ef48_0.25_0.25_0.25_0.25_uni,kMM_1,16,2,131072,6289081,2.366818,0.498447,1035946,460348762331.00
rmat_s17_ef48_0.25_0.25_0.25_0.25_uni,MRepLM_1,16,0,131072,6289081,2.304020,3.231459,1036250,463531749882.00
rmat_s17_ef48_0.25_0.25_0.25_0.25_uni,MRepLM_1,16,1,131072,6289081,2.303776,3.234228,1036233,463529374805.00
rmat_s17_ef48_0.25_0.25_0.25_0.25_uni,MRepLM_1,16,2,131072,6289081,2.309132,3.243081,1036220,463523417865.00
rmat_s23_ef24_0.25_0.25_0.25_0.25_uni,kMM_1,16,0,8388608,201325985,88.187086,98.934466,65186982,26128064150948.00
rmat_s23_ef24_0.25_0.25_0.25_0.25_uni,kMM_1,16,1,8388608,201325985,139.135106,112.913841,65186982,26128064150948.00
rmat_s23_ef24_0.25_0.25_0.25_0.25_uni,kMM_1,16,2,8388608,201325985,141.263795,105.840764,65186982,26128064150948.00
rmat_s23_ef24_0.25_0.25_0.25_0.25_uni,MRepLM_1,16,0,8388608,201325985,139.241199,440.970931,65292746,26363268061800.00
rmat_s23_ef24_0.25_0.25_0.25_0.25_uni,MRepLM_1,16,1,8388608,201325985,142.132409,442.494350,65292681,26363246544575.00
rmat_s23_ef24_0.25_0.25_0.25_0.25_uni,MRepLM_1,16,2,8388608,201325985,140.937140,305.031654,65292807,26363249237214.00
rmat_s17_ef48_0.45_0.15_0.15_0.25_uni,kMM_1,16,0,131072,6201533,2.328634,0.424977,957820,390902984603.00
rmat_s17_ef48_0.45_0.15_0.15_0.25_uni,kMM_1,16,1,131072,6201533,2.321732,0.415162,957820,390902984603.00
rmat_s17_ef48_0.45_0.15_0.15_0.25_uni,kMM_1,16,2,131072,6201533,2.299630,0.413238,957820,390902984603.00
rmat_s17_ef48_0.45_0.15_0.15_0.25_uni,MRepLM_1,16,0,131072,6201533,3.948408,7.030083,958461,392256954664.00
rmat_s17_ef48_0.45_0.15_0.15_0.25_uni,MRepLM_1,16,1,131072,6201533,3.948771,7.067565,958480,392258509047.00
rmat_s17_ef48_0.45_0.15_0.15_0.25_uni,MRepLM_1,16,2,131072,6201533,2.468569,4.535703,958518,392261796184.00
rmat_s15_ef48_0.45_0.15_0.15_0.25_uni,kMM_1,16,0,32768,1520529,0.730160,0.116218,242638,99653861439.00
rmat_s15_ef48_0.45_0.15_0.15_0.25_uni,kMM_1,16,1,32768,1520529,0.555562,0.089502,242638,99653861439.00
rmat_s15_ef48_0.45_0.15_0.15_0.25_uni,kMM_1,16,2,32768,1520529,0.554477,0.107985,242638,99653861439.00
rmat_s15_ef48_0.45_0.15_0.15_0.25_uni,MRepLM_1,16,0,32768,1520529,0.617895,1.193079,242776,100007704185.00
rmat_s15_ef48_0.45_0.15_0.15_0.25_uni,MRepLM_1,16,1,32768,1520529,0.976070,1.068212,242739,100005945805.00
rmat_s15_ef48_0.45_0.15_0.15_0.25_uni,MRepLM_1,16,2,32768,1520529,0.628420,1.068989,242785,100010332673.00
rmat_s20_ef48_0.45_0.15_0.15_0.25_exp,kMM_1,16,0,1048576,50135288,32.216945,27.425609,7503573,572053786976.00
rmat_s20_ef48_0.45_0.15_0.15_0.25_exp,kMM_1,16,1,1048576,50135288,32.694373,27.526555,7503573,572053786976.00
rmat_s20_ef48_0.45_0.15_0.15_0.25_exp,kMM_1,16,2,1048576,50135288,19.873354,19.442881,7503573,572053786976.00
rmat_s20_ef48_0.45_0.15_0.15_0.25_exp,MRepLM_1,16,0,1048576,50135288,31.371372,97.833195,7497885,572596935248.00
rmat_s20_ef48_0.45_0.15_0.15_0.25_exp,MRepLM_1,16,1,1048576,50135288,32.251791,98.458757,7497897,572597509104.00
rmat_s20_ef48_0.45_0.15_0.15_0.25_exp,MRepLM_1,16,2,1048576,50135288,31.852524,66.165748,7497882,572598146477.00
rmat_s18_ef48_0.45_0.15_0.15_0.25_exp,kMM_1,16,0,262144,12465578,7.173630,3.143914,1903515,146003899623.00
rmat_s18_ef48_0.45_0.15_0.15_0.25_exp,kMM_1,16,1,262144,12465578,7.687327,3.010143,1903515,146003899623.00
rmat_s18_ef48_0.45_0.15_0.15_0.25_exp,kMM_1,16,2,262144,12465578,6.174876,2.406576,1903515,146003899623.00
rmat_s18_ef48_0.45_0.15_0.15_0.25_exp,MRepLM_1,16,0,262144,12465578,7.489421,14.700028,1903409,146206330794.00
rmat_s18_ef48_0.45_0.15_0.15_0.25_exp,MRepLM_1,16,1,262144,12465578,7.908298,14.682453,1903424,146206396241.00
rmat_s18_ef48_0.45_0.15_0.15_0.25_exp,MRepLM_1,16,2,262144,12465578,5.783328,9.813396,1903387,146205710338.00
rmat_s15_ef48_0.25_0.25_0.25_0.25_exp,kMM_1,16,0,32768,1570537,0.571099,0.243671,258969,22253480849.00
rmat_s15_ef48_0.25_0.25_0.25_0.25_exp,kMM_1,16,1,32768,1570537,0.562942,0.237076,258969,22253480849.00
rmat_s15_ef48_0.25_0.25_0.25_0.25_exp,kMM_1,16,2,32768,1570537,0.562634,0.247981,258969,22253480849.00
rmat_s15_ef48_0.25_0.25_0.25_0.25_exp,MRepLM_1,16,0,32768,1570537,0.810014,0.887995,259034,22409102181.00
rmat_s15_ef48_0.25_0.25_0.25_0.25_exp,MRepLM_1,16,1,32768,1570537,0.759983,0.908772,259051,22409354883.00
rmat_s15_ef48_0.25_0.25_0.25_0.25_exp,MRepLM_1,16,2,32768,1570537,0.802021,0.825275,259052,22409327310.00
rmat_s21_ef24_0.55_0.15_0.15_0.15_uni,kMM_1,16,0,2097152,49253582,32.363831,9.510843,6434174,2301406529016.00
rmat_s21_ef24_0.55_0.15_0.15_0.15_uni,kMM_1,16,1,2097152,49253582,32.858912,9.753718,6434174,2301406529016.00
rmat_s21_ef24_0.55_0.15_0.15_0.15_uni,kMM_1,16,2,2097152,49253582,19.952408,8.844145,6434174,2301406529016.00
rmat_s21_ef24_0.55_0.15_0.15_0.15_uni,MRepLM_1,16,0,2097152,49253582,32.244418,150.003577,6380358,2282028743013.00
rmat_s21_ef24_0.55_0.15_0.15_0.15_uni,MRepLM_1,16,1,2097152,49253582,32.632392,150.853586,6380398,2282027913325.00
rmat_s21_ef24_0.55_0.15_0.15_0.15_uni,MRepLM_1,16,2,2097152,49253582,20.672650,104.515857,6380350,2282023974993.00
rmat_s16_ef48_0.55_0.15_0.15_0.15_uni,kMM_1,16,0,65536,2788673,1.691049,0.245279,300011,113563876240.00
rmat_s16_ef48_0.55_0.15_0.15_0.15_uni,kMM_1,16,1,65536,2788673,1.751864,0.202392,300011,113563876240.00
rmat_s16_ef48_0.55_0.15_0.15_0.15_uni,kMM_1,16,2,65536,2788673,1.718931,0.184000,300011,113563876240.00
rmat_s16_ef48_0.55_0.15_0.15_0.15_uni,MRepLM_1,16,0,65536,2788673,1.656034,2.703911,297905,112558878457.00
rmat_s16_ef48_0.55_0.15_0.15_0.15_uni,MRepLM_1,16,1,65536,2788673,1.663998,2.644643,297909,112560115683.00
rmat_s16_ef48_0.55_0.15_0.15_0.15_uni,MRepLM_1,16,2,65536,2788673,1.660374,2.791352,297896,112558165244.00
rmat_s23_ef24_0.45_0.15_0.15_0.25_exp,kMM_1,16,0,8388608,201192583,138.140425,251.105046,52103310,3201217902537.00
rmat_s23_ef24_0.45_0.15_0.15_0.25_exp,kMM_1,16,1,8388608,201192583,138.419884,251.774434,52103310,3201217902537.00
rmat_s23_ef24_0.45_0.15_0.15_0.25_exp,kMM_1,16,2,8388608,201192583,93.309840,174.379907,52103310,3201217902537.00
rmat_s23_ef24_0.45_0.15_0.15_0.25_exp,MRepLM_1,16,0,8388608,201192583,137.436315,666.864128,52042320,3203301239432.00
rmat_s23_ef24_0.45_0.15_0.15_0.25_exp,MRepLM_1,16,1,8388608,201192583,135.407240,667.117774,52042373,3203301645678.00
rmat_s23_ef24_0.45_0.15_0.15_0.25_exp,MRepLM_1,16,2,8388608,201192583,137.288565,494.417004,52042311,3203301714058.00
rmat_s20_ef48_0.25_0.25_0.25_0.25_exp,stk,16,0,1048576,50329356,0.000000,13.506084,7629891,659805281561.000000
rmat_s20_ef48_0.25_0.25_0.25_0.25_exp,stk,16,1,1048576,50329356,0.000000,13.497499,7629891,659805281561.000000
rmat_s20_ef48_0.25_0.25_0.25_0.25_exp,stk,16,2,1048576,50329356,0.000000,13.539303,7629891,659805281561.000000
rmat_s20_ef48_0.25_0.25_0.25_0.25_exp,kEC,16,0,1048576,50329356,94.0337,70.352928,0,720062282352
rmat_s20_ef48_0.25_0.25_0.25_0.25_exp,kEC,16,1,1048576,50329356,93.469,69.295414,0,720062282352
rmat_s20_ef48_0.25_0.25_0.25_0.25_exp,kEC,16,2,1048576,50329356,92.4289,69.403064,0,720062282352
rmat_s20_ef48_0.25_0.25_0.25_0.25_exp,stk-dp,16,0,1048576,50329356,0.000000,23.608004,7716711,669826141933.000000
rmat_s20_ef48_0.25_0.25_0.25_0.25_exp,stk-dp,16,1,1048576,50329356,0.000000,23.814656,7716711,669826141933.000000
rmat_s20_ef48_0.25_0.25_0.25_0.25_exp,stk-dp,16,2,1048576,50329356,0.000000,23.729092,7716711,669826141933.000000
rmat_s23_ef24_0.25_0.25_0.25_0.25_exp,stk,16,0,8388608,201325970,0.000000,79.151676,59249014,3975207555729.000000
rmat_s23_ef24_0.25_0.25_0.25_0.25_exp,stk,16,1,8388608,201325970,0.000000,80.293324,59249014,3975207555729.000000
rmat_s23_ef24_0.25_0.25_0.25_0.25_exp,stk,16,2,8388608,201325970,0.000000,79.962050,59249014,3975207555729.000000
rmat_s23_ef24_0.25_0.25_0.25_0.25_exp,kEC,16,0,8388608,201325970,388.898,387.582644,0,4296647812243
rmat_s23_ef24_0.25_0.25_0.25_0.25_exp,kEC,16,1,8388608,201325970,393.52,401.410402,0,4296647812243
rmat_s23_ef24_0.25_0.25_0.25_0.25_exp,kEC,16,2,8388608,201325970,391.08,392.436948,0,4296647812243
rmat_s23_ef24_0.25_0.25_0.25_0.25_exp,stk-dp,16,0,8388608,201325970,0.000000,126.056966,60224847,4034982640619.000000
rmat_s23_ef24_0.25_0.25_0.25_0.25_exp,stk-dp,16,1,8388608,201325970,0.000000,125.223714,60224847,4034982640619.000000
rmat_s23_ef24_0.25_0.25_0.25_0.25_exp,stk-dp,16,2,8388608,201325970,0.000000,126.576364,60224847,4034982640619.000000
rmat_s18_ef48_0.55_0.15_0.15_0.15_exp,stk,16,0,262144,11686498,0.000000,1.379916,1082100,77402239548.000000
rmat_s18_ef48_0.55_0.15_0.15_0.15_exp,stk,16,1,262144,11686498,0.000000,1.327607,1082100,77402239548.000000
rmat_s18_ef48_0.55_0.15_0.15_0.15_exp,stk,16,2,262144,11686498,0.000000,1.421826,1082100,77402239548.000000
rmat_s18_ef48_0.55_0.15_0.15_0.15_exp,kEC,16,0,249987,11686498,27.639,5.582992,0,79538925241
rmat_s18_ef48_0.55_0.15_0.15_0.15_exp,kEC,16,1,249987,11686498,27.8996,5.666852,0,79538925241
rmat_s18_ef48_0.55_0.15_0.15_0.15_exp,kEC,16,2,249987,11686498,27.5288,5.616244,0,79538925241
rmat_s18_ef48_0.55_0.15_0.15_0.15_exp,stk-dp,16,0,262144,11686498,0.000000,2.864894,1093427,78646147622.000000
rmat_s18_ef48_0.55_0.15_0.15_0.15_exp,stk-dp,16,1,262144,11686498,0.000000,3.229046,1093427,78646147622.000000
rmat_s18_ef48_0.55_0.15_0.15_0.15_exp,stk-dp,16,2,262144,11686498,0.000000,3.224333,1093427,78646147622.000000
rmat_s18_ef48_0.25_0.25_0.25_0.25_exp,stk,16,0,262144,12580565,0.000000,1.798496,1907906,165071138696.000000
rmat_s18_ef48_0.25_0.25_0.25_0.25_exp,stk,16,1,262144,12580565,0.000000,1.814427,1907906,165071138696.000000
rmat_s18_ef48_0.25_0.25_0.25_0.25_exp,stk,16,2,262144,12580565,0.000000,1.956849,1907906,165071138696.000000
rmat_s18_ef48_0.25_0.25_0.25_0.25_exp,kEC,16,0,262144,12580565,20.2378,14.111061,0,180126561285
rmat_s18_ef48_0.25_0.25_0.25_0.25_exp,kEC,16,1,262144,12580565,20.2277,14.251735,0,180126561285
rmat_s18_ef48_0.25_0.25_0.25_0.25_exp,kEC,16,2,262144,12580565,20.5628,14.329313,0,180126561285
rmat_s18_ef48_0.25_0.25_0.25_0.25_exp,stk-dp,16,0,262144,12580565,0.000000,3.596780,1929219,167570937352.000000
rmat_s18_ef48_0.25_0.25_0.25_0.25_exp,stk-dp,16,1,262144,12580565,0.000000,3.684937,1929219,167570937352.000000
rmat_s18_ef48_0.25_0.25_0.25_0.25_exp,stk-dp,16,2,262144,12580565,0.000000,3.699422,1929219,167570937352.000000
rmat_s22_ef24_0.55_0.15_0.15_0.15_uni,stk,16,0,4194304,99003497,0.000000,25.072127,13209992,4483201434065.000000
rmat_s22_ef24_0.55_0.15_0.15_0.15_uni,stk,16,1,4194304,99003497,0.000000,25.726970,13209992,4483201434065.000000
rmat_s22_ef24_0.55_0.15_0.15_0.15_uni,stk,16,2,4194304,99003497,0.000000,25.586994,13209992,4483201434065.000000
rmat_s22_ef24_0.55_0.15_0.15_0.15_uni,kEC,16,0,3605564,99003497,282.311,76.800479,0,4379029202240
rmat_s22_ef24_0.55_0.15_0.15_0.15_uni,kEC,16,1,3605564,99003497,285.786,77.797111,0,4379029202240
rmat_s22_ef24_0.55_0.15_0.15_0.15_uni,kEC,16,2,3605564,99003497,286.205,78.153520,0,4379029202240
rmat_s22_ef24_0.55_0.15_0.15_0.15_uni,stk-dp,16,0,4194304,99003497,0.000000,51.057385,13281821,4574052369368.000000
rmat_s22_ef24_0.55_0.15_0.15_0.15_uni,stk-dp,16,1,4194304,99003497,0.000000,50.125264,13281821,4574052369368.000000
rmat_s22_ef24_0.55_0.15_0.15_0.15_uni,stk-dp,16,2,4194304,99003497,0.000000,50.327453,13281821,4574052369368.000000
rmat_s18_ef48_0.45_0.15_0.15_0.25_uni,stk,16,0,262144,12465402,0.000000,1.631582,1907719,720427998106.000000
rmat_s18_ef48_0.45_0.15_0.15_0.25_uni,stk,16,1,262144,12465402,0.000000,1.597203,1907719,720427998106.000000
rmat_s18_ef48_0.45_0.15_0.15_0.25_uni,stk,16,2,262144,12465402,0.000000,1.635177,1907719,720427998106.000000
rmat_s18_ef48_0.45_0.15_0.15_0.25_uni,kEC,16,0,262135,12465402,20.9353,8.332160,0,776599739198
rmat_s18_ef48_0.45_0.15_0.15_0.25_uni,kEC,16,1,262135,12465402,21.137,8.476657,0,776599739198
rmat_s18_ef48_0.45_0.15_0.15_0.25_uni,kEC,16,2,262135,12465402,20.9723,8.325742,0,776599739198
rmat_s18_ef48_0.45_0.15_0.15_0.25_uni,stk-dp,16,0,262144,12465402,0.000000,3.535553,1908707,735341381674.000000
rmat_s18_ef48_0.45_0.15_0.15_0.25_uni,stk-dp,16,1,262144,12465402,0.000000,3.613993,1908707,735341381674.000000
rmat_s18_ef48_0.45_0.15_0.15_0.25_uni,stk-dp,16,2,262144,12465402,0.000000,3.426898,1908707,735341381674.000000
rmat_s24_ef24_0.25_0.25_0.25_0.25_uni,stk,16,0,16777216,402652592,0.000000,191.220329,122491198,47051609386094.000000
rmat_s24_ef24_0.25_0.25_0.25_0.25_uni,stk,16,1,16777216,402652592,0.000000,164.384484,122491198,47051609386094.000000
rmat_s24_ef24_0.25_0.25_0.25_0.25_uni,stk,16,2,16777216,402652592,0.000000,163.435731,122491198,47051609386094.000000
rmat_s24_ef24_0.25_0.25_0.25_0.25_uni,kEC,16,0,16777216,402652592,971.778,907.623873,0,52949982810288
rmat_s24_ef24_0.25_0.25_0.25_0.25_uni,kEC,16,1,16777216,402652592,814.729,892.763851,0,52949982810288
rmat_s24_ef24_0.25_0.25_0.25_0.25_uni,kEC,16,2,16777216,402652592,819.903,895.370431,0,52949982810288
rmat_s24_ef24_0.25_0.25_0.25_0.25_uni,stk-dp,16,0,16777216,402652592,0.000000,259.660008,124429082,48333075799615.000000
rmat_s24_ef24_0.25_0.25_0.25_0.25_uni,stk-dp,16,1,16777216,402652592,0.000000,256.186004,124429082,48333075799615.000000
rmat_s24_ef24_0.25_0.25_0.25_0.25_uni,stk-dp,16,2,16777216,402652592,0.000000,255.642428,124429082,48333075799615.000000
rmat_s16_ef48_0.55_0.15_0.15_0.15_exp,stk,16,0,65536,2788534,0.000000,0.246922,290762,20882569637.000000
rmat_s16_ef48_0.55_0.15_0.15_0.15_exp,stk,16,1,65536,2788534,0.000000,0.245801,290762,20882569637.000000
rmat_s16_ef48_0.55_0.15_0.15_0.15_exp,stk,16,2,65536,2788534,0.000000,0.250534,290762,20882569637.000000
rmat_s16_ef48_0.55_0.15_0.15_0.15_exp,kEC,16,0,63421,2788534,4.8063,1.038894,0,21534966423
rmat_s16_ef48_0.55_0.15_0.15_0.15_exp,kEC,16,1,63421,2788534,4.75484,1.038116,0,21534966423
rmat_s16_ef48_0.55_0.15_0.15_0.15_exp,kEC,16,2,63421,2788534,4.76962,1.042140,0,21534966423
rmat_s16_ef48_0.55_0.15_0.15_0.15_exp,stk-dp,16,0,65536,2788534,0.000000,0.516684,293878,21217273615.000000
rmat_s16_ef48_0.55_0.15_0.15_0.15_exp,stk-dp,16,1,65536,2788534,0.000000,0.529911,293878,21217273615.000000
rmat_s16_ef48_0.55_0.15_0.15_0.15_exp,stk-dp,16,2,65536,2788534,0.000000,0.524172,293878,21217273615.000000
rmat_s23_ef24_0.55_0.15_0.15_0.15_uni,stk,16,0,8388608,198780869,0.000000,68.739204,25446704,8634565983602.000000
rmat_s23_ef24_0.55_0.15_0.15_0.15_uni,stk,16,1,8388608,198780869,0.000000,66.929076,25446704,8634565983602.000000
rmat_s23_ef24_0.55_0.15_0.15_0.15_uni,stk,16,2,8388608,198780869,0.000000,68.944037,25446704,8634565983602.000000
rmat_s23_ef24_0.55_0.15_0.15_0.15_uni,kEC,16,0,7104880,198780869,729.829,180.816776,0,8422827666536
rmat_s23_ef24_0.55_0.15_0.15_0.15_uni,kEC,16,1,7104880,198780869,652.008,179.892960,0,8422827666536
rmat_s23_ef24_0.55_0.15_0.15_0.15_uni,kEC,16,2,7104880,198780869,649.068,175.810195,0,8422827666536
rmat_s23_ef24_0.55_0.15_0.15_0.15_uni,stk-dp,16,0,8388608,198780869,0.000000,130.418220,25584180,8807334832667.000000
rmat_s23_ef24_0.55_0.15_0.15_0.15_uni,stk-dp,16,1,8388608,198780869,0.000000,132.150064,25584180,8807334832667.000000
rmat_s23_ef24_0.55_0.15_0.15_0.15_uni,stk-dp,16,2,8388608,198780869,0.000000,129.794257,25584180,8807334832667.000000
rmat_s24_ef24_0.45_0.15_0.15_0.25_uni,stk,16,0,16777216,402479213,0.000000,156.718495,103524418,35945323474875.000000
rmat_s24_ef24_0.45_0.15_0.15_0.25_uni,stk,16,1,16777216,402479213,0.000000,157.808920,103524418,35945323474875.000000
rmat_s24_ef24_0.45_0.15_0.15_0.25_uni,stk,16,2,16777216,402479213,0.000000,157.204121,103524418,35945323474875.000000
rmat_s24_ef24_0.45_0.15_0.15_0.25_uni,kEC,16,0,16745616,402479213,872.247,568.359981,0,37794857432382
rmat_s24_ef24_0.45_0.15_0.15_0.25_uni,kEC,16,1,16745616,402479213,864.605,574.785728,0,37794857432382
rmat_s24_ef24_0.45_0.15_0.15_0.25_uni,kEC,16,2,16745616,402479213,881.715,637.066436,0,37794857432382
rmat_s24_ef24_0.45_0.15_0.15_0.25_uni,stk-dp,16,0,16777216,402479213,0.000000,267.238288,104076619,36666986005527.000000
rmat_s24_ef24_0.45_0.15_0.15_0.25_uni,stk-dp,16,1,16777216,402479213,0.000000,265.569526,104076619,36666986005527.000000
rmat_s24_ef24_0.45_0.15_0.15_0.25_uni,stk-dp,16,2,16777216,402479213,0.000000,266.865313,104076619,36666986005527.000000
rmat_s18_ef48_0.25_0.25_0.25_0.25_uni,stk,16,0,262144,12580633,0.000000,1.741704,1955757,795245113719.000000
rmat_s18_ef48_0.25_0.25_0.25_0.25_uni,stk,16,1,262144,12580633,0.000000,1.840996,1955757,795245113719.000000
rmat_s18_ef48_0.25_0.25_0.25_0.25_uni,stk,16,2,262144,12580633,0.000000,1.925012,1955757,795245113719.000000
rmat_s18_ef48_0.25_0.25_0.25_0.25_uni,kEC,16,0,262144,12580633,20.1385,14.211836,0,929616428939
rmat_s18_ef48_0.25_0.25_0.25_0.25_uni,kEC,16,1,262144,12580633,19.7567,14.074469,0,929616428939
rmat_s18_ef48_0.25_0.25_0.25_0.25_uni,kEC,16,2,262144,12580633,20.2552,14.201840,0,929616428939
rmat_s18_ef48_0.25_0.25_0.25_0.25_uni,stk-dp,16,0,262144,12580633,0.000000,3.620245,1980958,823378051135.000000
rmat_s18_ef48_0.25_0.25_0.25_0.25_uni,stk-dp,16,1,262144,12580633,0.000000,3.509518,1980958,823378051135.000000
rmat_s18_ef48_0.25_0.25_0.25_0.25_uni,stk-dp,16,2,262144,12580633,0.000000,3.430114,1980958,823378051135.000000
rmat_s22_ef24_0.25_0.25_0.25_0.25_uni,stk,16,0,4194304,100662701,0.000000,32.261715,30623116,11762577522639.000000
rmat_s22_ef24_0.25_0.25_0.25_0.25_uni,stk,16,1,4194304,100662701,0.000000,32.499050,30623116,11762577522639.000000
rmat_s22_ef24_0.25_0.25_0.25_0.25_uni,stk,16,2,4194304,100662701,0.000000,32.238050,30623116,11762577522639.000000
rmat_s22_ef24_0.25_0.25_0.25_0.25_uni,kEC,16,0,4194304,100662701,189.122,209.201263,0,13237586117939
rmat_s22_ef24_0.25_0.25_0.25_0.25_uni,kEC,16,1,4194304,100662701,205.839,183.388867,0,13237586117939
rmat_s22_ef24_0.25_0.25_0.25_0.25_uni,kEC,16,2,4194304,100662701,194.688,184.863121,0,13237586117939
rmat_s22_ef24_0.25_0.25_0.25_0.25_uni,stk-dp,16,0,4194304,100662701,0.000000,52.069644,31107000,12083105995947.000000
rmat_s22_ef24_0.25_0.25_0.25_0.25_uni,stk-dp,16,1,4194304,100662701,0.000000,52.620467,31107000,12083105995947.000000
rmat_s22_ef24_0.25_0.25_0.25_0.25_uni,stk-dp,16,2,4194304,100662701,0.000000,52.585567,31107000,12083105995947.000000
rmat_s16_ef48_0.45_0.15_0.15_0.25_exp,stk,16,0,65536,3076205,0.000000,0.310646,449523,34937216721.000000
rmat_s16_ef48_0.45_0.15_0.15_0.25_exp,stk,16,1,65536,3076205,0.000000,0.315727,449523,34937216721.000000
rmat_s16_ef48_0.45_0.15_0.15_0.25_exp,stk,16,2,65536,3076205,0.000000,0.312591,449523,34937216721.000000
rmat_s16_ef48_0.45_0.15_0.15_0.25_exp,kEC,16,0,65536,3076205,4.29882,1.616158,0,37353007806
rmat_s16_ef48_0.45_0.15_0.15_0.25_exp,kEC,16,1,65536,3076205,4.2629,1.615304,0,37353007806
rmat_s16_ef48_0.45_0.15_0.15_0.25_exp,kEC,16,2,65536,3076205,4.21894,1.607092,0,37353007806
rmat_s16_ef48_0.45_0.15_0.15_0.25_exp,stk-dp,16,0,65536,3076205,0.000000,0.624577,455043,35511019452.000000
rmat_s16_ef48_0.45_0.15_0.15_0.25_exp,stk-dp,16,1,65536,3076205,0.000000,0.608082,455043,35511019452.000000
rmat_s16_ef48_0.45_0.15_0.15_0.25_exp,stk-dp,16,2,65536,3076205,0.000000,0.621786,455043,35511019452.000000
rmat_s14_ef48_0.45_0.15_0.15_0.25_uni,stk,16,0,16384,746906,0.000000,0.064294,121444,46387312201.000000
rmat_s14_ef48_0.45_0.15_0.15_0.25_uni,stk,16,1,16384,746906,0.000000,0.064250,121444,46387312201.000000
rmat_s14_ef48_0.45_0.15_0.15_0.25_uni,stk,16,2,16384,746906,0.000000,0.066306,121444,46387312201.000000
rmat_s14_ef48_0.45_0.15_0.15_0.25_uni,kEC,16,0,16384,746906,0.791273,0.291064,0,50628147496
rmat_s14_ef48_0.45_0.15_0.15_0.25_uni,kEC,16,1,16384,746906,0.810921,0.291708,0,50628147496
rmat_s14_ef48_0.45_0.15_0.15_0.25_uni,kEC,16,2,16384,746906,0.812487,0.291555,0,50628147496
rmat_s14_ef48_0.45_0.15_0.15_0.25_uni,stk-dp,16,0,16384,746906,0.000000,0.128797,121566,47395448642.000000
rmat_s14_ef48_0.45_0.15_0.15_0.25_uni,stk-dp,16,1,16384,746906,0.000000,0.128550,121566,47395448642.000000
rmat_s14_ef48_0.45_0.15_0.15_0.25_uni,stk-dp,16,2,16384,746906,0.000000,0.129179,121566,47395448642.000000
rmat_s17_ef48_0.55_0.15_0.15_0.15_uni,stk,16,0,131072,5725537,0.000000,0.543570,617275,218795929424.000000
rmat_s17_ef48_0.55_0.15_0.15_0.15_uni,stk,16,1,131072,5725537,0.000000,0.536045,617275,218795929424.000000
rmat_s17_ef48_0.55_0.15_0.15_0.15_uni,stk,16,2,131072,5725537,0.000000,0.552102,617275,218795929424.000000
rmat_s17_ef48_0.55_0.15_0.15_0.15_uni,kEC,16,0,125934,5725537,11.7188,2.552351,0,215873565006
rmat_s17_ef48_0.55_0.15_0.15_0.15_uni,kEC,16,1,125934,5725537,11.8034,2.560061,0,215873565006
rmat_s17_ef48_0.55_0.15_0.15_0.15_uni,kEC,16,2,125934,5725537,11.7672,2.551545,0,215873565006
rmat_s17_ef48_0.55_0.15_0.15_0.15_uni,stk-dp,16,0,131072,5725537,0.000000,1.169426,619650,223708432675.000000
rmat_s17_ef48_0.55_0.15_0.15_0.15_uni,stk-dp,16,1,131072,5725537,0.000000,1.167696,619650,223708432675.000000
rmat_s17_ef48_0.55_0.15_0.15_0.15_uni,stk-dp,16,2,131072,5725537,0.000000,1.169427,619650,223708432675.000000
rmat_s23_ef24_0.55_0.15_0.15_0.15_exp,stk,16,0,8388608,198780903,0.000000,68.902085,23391218,1489502046434.000000
rmat_s23_ef24_0.55_0.15_0.15_0.15_exp,stk,16,1,8388608,198780903,0.000000,67.650889,23391218,1489502046434.000000
rmat_s23_ef24_0.55_0.15_0.15_0.15_exp,stk,16,2,8388608,198780903,0.000000,69.232397,23391218,1489502046434.000000
rmat_s23_ef24_0.55_0.15_0.15_0.15_exp,kEC,16,0,7103290,198780903,668.394,176.741822,0,1515041816173
rmat_s23_ef24_0.55_0.15_0.15_0.15_exp,kEC,16,1,7103290,198780903,651.876,175.078564,0,1515041816173
rmat_s23_ef24_0.55_0.15_0.15_0.15_exp,kEC,16,2,7103290,198780903,649.471,172.500161,0,1515041816173
rmat_s23_ef24_0.55_0.15_0.15_0.15_exp,stk-dp,16,0,8388608,198780903,0.000000,133.168587,23627169,1509518405423.000000
rmat_s23_ef24_0.55_0.15_0.15_0.15_exp,stk-dp,16,1,8388608,198780903,0.000000,132.941926,23627169,1509518405423.000000
rmat_s23_ef24_0.55_0.15_0.15_0.15_exp,stk-dp,16,2,8388608,198780903,0.000000,133.624215,23627169,1509518405423.000000
rmat_s15_ef48_0.55_0.15_0.15_0.15_uni,stk,16,0,32768,1349809,0.000000,0.117670,165678,58989593142.000000
rmat_s15_ef48_0.55_0.15_0.15_0.15_uni,stk,16,1,32768,1349809,0.000000,0.117237,165678,58989593142.000000
rmat_s15_ef48_0.55_0.15_0.15_0.15_uni,stk,16,2,32768,1349809,0.000000,0.118938,165678,58989593142.000000
rmat_s15_ef48_0.55_0.15_0.15_0.15_uni,kEC,16,0,31884,1349809,1.93133,0.463076,0,58726681844
rmat_s15_ef48_0.55_0.15_0.15_0.15_uni,kEC,16,1,31884,1349809,1.92963,0.463264,0,58726681844
rmat_s15_ef48_0.55_0.15_0.15_0.15_uni,kEC,16,2,31884,1349809,1.93549,0.459594,0,58726681844
rmat_s15_ef48_0.55_0.15_0.15_0.15_uni,stk-dp,16,0,32768,1349809,0.000000,0.236150,166267,60304839466.000000
rmat_s15_ef48_0.55_0.15_0.15_0.15_uni,stk-dp,16,1,32768,1349809,0.000000,0.235782,166267,60304839466.000000
rmat_s15_ef48_0.55_0.15_0.15_0.15_uni,stk-dp,16,2,32768,1349809,0.000000,0.240404,166267,60304839466.000000
rmat_s19_ef48_0.55_0.15_0.15_0.15_exp,stk,16,0,524288,23756720,0.000000,3.813822,2088768,149213900130.000000
rmat_s19_ef48_0.55_0.15_0.15_0.15_exp,stk,16,1,524288,23756720,0.000000,3.609776,2088768,149213900130.000000
rmat_s19_ef48_0.55_0.15_0.15_0.15_exp,stk,16,2,524288,23756720,0.000000,3.654959,2088768,149213900130.000000
rmat_s19_ef48_0.55_0.15_0.15_0.15_exp,kEC,16,0,495585,23756720,63.3674,13.360884,0,153123726551
rmat_s19_ef48_0.55_0.15_0.15_0.15_exp,kEC,16,1,495585,23756720,64.6593,13.385545,0,153123726551
rmat_s19_ef48_0.55_0.15_0.15_0.15_exp,kEC,16,2,495585,23756720,64.6365,13.473094,0,153123726551
rmat_s19_ef48_0.55_0.15_0.15_0.15_exp,stk-dp,16,0,524288,23756720,0.000000,7.627168,2109408,151600336943.000000
rmat_s19_ef48_0.55_0.15_0.15_0.15_exp,stk-dp,16,1,524288,23756720,0.000000,7.710441,2109408,151600336943.000000
rmat_s19_ef48_0.55_0.15_0.15_0.15_exp,stk-dp,16,2,524288,23756720,0.000000,7.003346,2109408,151600336943.000000
rmat_s15_ef48_0.45_0.15_0.15_0.25_exp,stk,16,0,32768,1520003,0.000000,0.144477,226232,17580347518.000000
rmat_s15_ef48_0.45_0.15_0.15_0.25_exp,stk,16,1,32768,1520003,0.000000,0.144316,226232,17580347518.000000
rmat_s15_ef48_0.45_0.15_0.15_0.25_exp,stk,16,2,32768,1520003,0.000000,0.144281,226232,17580347518.000000
rmat_s15_ef48_0.45_0.15_0.15_0.25_exp,kEC,16,0,32768,1520003,1.87742,0.664310,0,18821355947
rmat_s15_ef48_0.45_0.15_0.15_0.25_exp,kEC,16,1,32768,1520003,1.85636,0.666858,0,18821355947
rmat_s15_ef48_0.45_0.15_0.15_0.25_exp,kEC,16,2,32768,1520003,1.85512,0.659900,0,18821355947
rmat_s15_ef48_0.45_0.15_0.15_0.25_exp,stk-dp,16,0,32768,1520003,0.000000,0.281511,228858,17868551981.000000
rmat_s15_ef48_0.45_0.15_0.15_0.25_exp,stk-dp,16,1,32768,1520003,0.000000,0.282986,228858,17868551981.000000
rmat_s15_ef48_0.45_0.15_0.15_0.25_exp,stk-dp,16,2,32768,1520003,0.000000,0.283304,228858,17868551981.000000
rmat_s20_ef48_0.45_0.15_0.15_0.25_uni,stk,16,0,1048576,50135639,0.000000,10.645642,7546805,2836104534329.000000
rmat_s20_ef48_0.45_0.15_0.15_0.25_uni,stk,16,1,1048576,50135639,0.000000,10.591463,7546805,2836104534329.000000
rmat_s20_ef48_0.45_0.15_0.15_0.25_uni,stk,16,2,1048576,50135639,0.000000,10.625514,7546805,2836104534329.000000
rmat_s20_ef48_0.45_0.15_0.15_0.25_uni,kEC,16,0,1048512,50135639,97.8374,42.815772,0,3041534567632
rmat_s20_ef48_0.45_0.15_0.15_0.25_uni,kEC,16,1,1048512,50135639,97.8672,43.196773,0,3041534567632
rmat_s20_ef48_0.45_0.15_0.15_0.25_uni,kEC,16,2,1048512,50135639,98.3136,43.328270,0,3041534567632
rmat_s20_ef48_0.45_0.15_0.15_0.25_uni,stk-dp,16,0,1048576,50135639,0.000000,20.998713,7552433,2894610097611.000000
rmat_s20_ef48_0.45_0.15_0.15_0.25_uni,stk-dp,16,1,1048576,50135639,0.000000,21.032871,7552433,2894610097611.000000
rmat_s20_ef48_0.45_0.15_0.15_0.25_uni,stk-dp,16,2,1048576,50135639,0.000000,20.840830,7552433,2894610097611.000000
rmat_s23_ef24_0.45_0.15_0.15_0.25_uni,stk,16,0,8388608,201194109,0.000000,74.904130,52253271,18168795782908.000000
rmat_s23_ef24_0.45_0.15_0.15_0.25_uni,stk,16,1,8388608,201194109,0.000000,74.229401,52253271,18168795782908.000000
rmat_s23_ef24_0.45_0.15_0.15_0.25_uni,stk,16,2,8388608,201194109,0.000000,75.652655,52253271,18168795782908.000000
rmat_s23_ef24_0.45_0.15_0.15_0.25_uni,kEC,16,0,8375485,201194109,415.093,245.404958,0,19136478353438
rmat_s23_ef24_0.45_0.15_0.15_0.25_uni,kEC,16,1,8375485,201194109,413.952,245.999328,0,19136478353438
rmat_s23_ef24_0.45_0.15_0.15_0.25_uni,kEC,16,2,8375485,201194109,410.178,239.915734,0,19136478353438
rmat_s23_ef24_0.45_0.15_0.15_0.25_uni,stk-dp,16,0,8388608,201194109,0.000000,126.941107,52533912,18534584552730.000000
rmat_s23_ef24_0.45_0.15_0.15_0.25_uni,stk-dp,16,1,8388608,201194109,0.000000,125.982190,52533912,18534584552730.000000
rmat_s23_ef24_0.45_0.15_0.15_0.25_uni,stk-dp,16,2,8388608,201194109,0.000000,125.334242,52533912,18534584552730.000000
rmat_s21_ef24_0.45_0.15_0.15_0.25_exp,stk,16,0,2097152,50253000,0.000000,13.210534,12503904,779430373144.000000
rmat_s21_ef24_0.45_0.15_0.15_0.25_exp,stk,16,1,2097152,50253000,0.000000,13.465585,12503904,779430373144.000000
rmat_s21_ef24_0.45_0.15_0.15_0.25_exp,stk,16,2,2097152,50253000,0.000000,13.458558,12503904,779430373144.000000
rmat_s21_ef24_0.45_0.15_0.15_0.25_exp,kEC,16,0,2095150,50253000,93.336,47.073219,0,819635294290
rmat_s21_ef24_0.45_0.15_0.15_0.25_exp,kEC,16,1,2095150,50253000,90.5715,46.498628,0,819635294290
rmat_s21_ef24_0.45_0.15_0.15_0.25_exp,kEC,16,2,2095150,50253000,93.0291,47.074673,0,819635294290
rmat_s21_ef24_0.45_0.15_0.15_0.25_exp,stk-dp,16,0,2097152,50253000,0.000000,23.752599,12675885,790555480459.000000
rmat_s21_ef24_0.45_0.15_0.15_0.25_exp,stk-dp,16,1,2097152,50253000,0.000000,23.653702,12675885,790555480459.000000
rmat_s21_ef24_0.45_0.15_0.15_0.25_exp,stk-dp,16,2,2097152,50253000,0.000000,23.608794,12675885,790555480459.000000
rmat_s17_ef48_0.55_0.15_0.15_0.15_exp,stk,16,0,131072,5724931,0.000000,0.534047,561332,40167681523.000000
rmat_s17_ef48_0.55_0.15_0.15_0.15_exp,stk,16,1,131072,5724931,0.000000,0.531400,561332,40167681523.000000
rmat_s17_ef48_0.55_0.15_0.15_0.15_exp,stk,16,2,131072,5724931,0.000000,0.540672,561332,40167681523.000000
rmat_s17_ef48_0.55_0.15_0.15_0.15_exp,kEC,16,0,125971,5724931,11.6691,2.485807,0,41334907664
rmat_s17_ef48_0.55_0.15_0.15_0.15_exp,kEC,16,1,125971,5724931,11.7771,2.508855,0,41334907664
rmat_s17_ef48_0.55_0.15_0.15_0.15_exp,kEC,16,2,125971,5724931,11.7553,2.500311,0,41334907664
rmat_s17_ef48_0.55_0.15_0.15_0.15_exp,stk-dp,16,0,131072,5724931,0.000000,1.174556,567089,40816957787.000000
rmat_s17_ef48_0.55_0.15_0.15_0.15_exp,stk-dp,16,1,131072,5724931,0.000000,1.166520,567089,40816957787.000000
rmat_s17_ef48_0.55_0.15_0.15_0.15_exp,stk-dp,16,2,131072,5724931,0.000000,1.137851,567089,40816957787.000000
rmat_s15_ef48_0.55_0.15_0.15_0.15_exp,stk,16,0,32768,1349417,0.000000,0.117090,150589,10818176293.000000
rmat_s15_ef48_0.55_0.15_0.15_0.15_exp,stk,16,1,32768,1349417,0.000000,0.115070,150589,10818176293.000000
rmat_s15_ef48_0.55_0.15_0.15_0.15_exp,stk,16,2,32768,1349417,0.000000,0.114653,150589,10818176293.000000
rmat_s15_ef48_0.55_0.15_0.15_0.15_exp,kEC,16,0,31913,1349417,1.91309,0.413056,0,11166164182
rmat_s15_ef48_0.55_0.15_0.15_0.15_exp,kEC,16,1,31913,1349417,1.92858,0.408553,0,11166164182
rmat_s15_ef48_0.55_0.15_0.15_0.15_exp,kEC,16,2,31913,1349417,1.92418,0.410513,0,11166164182
rmat_s15_ef48_0.55_0.15_0.15_0.15_exp,stk-dp,16,0,32768,1349417,0.000000,0.234130,152393,10993849374.000000
rmat_s15_ef48_0.55_0.15_0.15_0.15_exp,stk-dp,16,1,32768,1349417,0.000000,0.234910,152393,10993849374.000000
rmat_s15_ef48_0.55_0.15_0.15_0.15_exp,stk-dp,16,2,32768,1349417,0.000000,0.236357,152393,10993849374.000000
rmat_s24_ef24_0.55_0.15_0.15_0.15_exp,stk,16,0,16777216,398753197,0.000000,154.073321,45059342,2871585024920.000000
rmat_s24_ef24_0.55_0.15_0.15_0.15_exp,stk,16,1,16777216,398753197,0.000000,150.147349,45059342,2871585024920.000000
rmat_s24_ef24_0.55_0.15_0.15_0.15_exp,stk,16,2,16777216,398753197,0.000000,150.609441,45059342,2871585024920.000000
rmat_s24_ef24_0.55_0.15_0.15_0.15_exp,kEC,16,0,13987030,398753197,1501.27,406.351466,0,2917461984374
rmat_s24_ef24_0.55_0.15_0.15_0.15_exp,kEC,16,1,13987030,398753197,1544.45,409.053704,0,2917461984374
rmat_s24_ef24_0.55_0.15_0.15_0.15_exp,kEC,16,2,13987030,398753197,1582.67,403.911823,0,2917461984374
rmat_s24_ef24_0.55_0.15_0.15_0.15_exp,stk-dp,16,0,16777216,398753197,0.000000,283.047302,45509337,2909993915517.000000
rmat_s24_ef24_0.55_0.15_0.15_0.15_exp,stk-dp,16,1,16777216,398753197,0.000000,285.210975,45509337,2909993915517.000000
rmat_s24_ef24_0.55_0.15_0.15_0.15_exp,stk-dp,16,2,16777216,398753197,0.000000,288.394948,45509337,2909993915517.000000
rmat_s14_ef48_0.55_0.15_0.15_0.15_exp,stk,16,0,16384,647435,0.000000,0.050305,78280,5605743286.000000
rmat_s14_ef48_0.55_0.15_0.15_0.15_exp,stk,16,1,16384,647435,0.000000,0.049978,78280,5605743286.000000
rmat_s14_ef48_0.55_0.15_0.15_0.15_exp,stk,16,2,16384,647435,0.000000,0.049353,78280,5605743286.000000
rmat_s14_ef48_0.55_0.15_0.15_0.15_exp,kEC,16,0,16039,647435,0.742703,0.172301,0,5809337553
rmat_s14_ef48_0.55_0.15_0.15_0.15_exp,kEC,16,1,16039,647435,0.746776,0.173939,0,5809337553
rmat_s14_ef48_0.55_0.15_0.15_0.15_exp,kEC,16,2,16039,647435,0.751187,0.172976,0,5809337553
rmat_s14_ef48_0.55_0.15_0.15_0.15_exp,stk-dp,16,0,16384,647435,0.000000,0.102313,79203,5699045229.000000
rmat_s14_ef48_0.55_0.15_0.15_0.15_exp,stk-dp,16,1,16384,647435,0.000000,0.101764,79203,5699045229.000000
rmat_s14_ef48_0.55_0.15_0.15_0.15_exp,stk-dp,16,2,16384,647435,0.000000,0.102114,79203,5699045229.000000
rmat_s17_ef48_0.25_0.25_0.25_0.25_exp,stk,16,0,131072,6289109,0.000000,0.721848,953542,82472217559.000000
rmat_s17_ef48_0.25_0.25_0.25_0.25_exp,stk,16,1,131072,6289109,0.000000,0.712700,953542,82472217559.000000
rmat_s17_ef48_0.25_0.25_0.25_0.25_exp,stk,16,2,131072,6289109,0.000000,0.720718,953542,82472217559.000000
rmat_s17_ef48_0.25_0.25_0.25_0.25_exp,kEC,16,0,131072,6289109,9.47981,6.329670,0,90027494856
rmat_s17_ef48_0.25_0.25_0.25_0.25_exp,kEC,16,1,131072,6289109,9.46241,6.278824,0,90027494856
rmat_s17_ef48_0.25_0.25_0.25_0.25_exp,kEC,16,2,131072,6289109,9.47406,6.315588,0,90027494856
rmat_s17_ef48_0.25_0.25_0.25_0.25_exp,stk-dp,16,0,131072,6289109,0.000000,1.288069,964341,83729476685.000000
rmat_s17_ef48_0.25_0.25_0.25_0.25_exp,stk-dp,16,1,131072,6289109,0.000000,1.314423,964341,83729476685.000000
rmat_s17_ef48_0.25_0.25_0.25_0.25_exp,stk-dp,16,2,131072,6289109,0.000000,1.332115,964341,83729476685.000000
rmat_s22_ef24_0.55_0.15_0.15_0.15_exp,stk,16,0,4194304,99005401,0.000000,25.872506,12150745,772754824787.000000
rmat_s22_ef24_0.55_0.15_0.15_0.15_exp,stk,16,1,4194304,99005401,0.000000,25.973092,12150745,772754824787.000000
rmat_s22_ef24_0.55_0.15_0.15_0.15_exp,stk,16,2,4194304,99005401,0.000000,27.002829,12150745,772754824787.000000
rmat_s22_ef24_0.55_0.15_0.15_0.15_exp,kEC,16,0,3606047,99005401,285.749,77.001039,0,786447123640
rmat_s22_ef24_0.55_0.15_0.15_0.15_exp,kEC,16,1,3606047,99005401,278.803,75.814228,0,786447123640
rmat_s22_ef24_0.55_0.15_0.15_0.15_exp,kEC,16,2,3606047,99005401,286.769,76.570179,0,786447123640
rmat_s22_ef24_0.55_0.15_0.15_0.15_exp,stk-dp,16,0,4194304,99005401,0.000000,50.993528,12277735,783147979994.000000
rmat_s22_ef24_0.55_0.15_0.15_0.15_exp,stk-dp,16,1,4194304,99005401,0.000000,51.843253,12277735,783147979994.000000
rmat_s22_ef24_0.55_0.15_0.15_0.15_exp,stk-dp,16,2,4194304,99005401,0.000000,51.309060,12277735,783147979994.000000
rmat_s15_ef48_0.25_0.25_0.25_0.25_uni,stk,16,0,32768,1570612,0.000000,0.154837,244403,99406091850.000000
rmat_s15_ef48_0.25_0.25_0.25_0.25_uni,stk,16,1,32768,1570612,0.000000,0.156162,244403,99406091850.000000
rmat_s15_ef48_0.25_0.25_0.25_0.25_uni,stk,16,2,32768,1570612,0.000000,0.155134,244403,99406091850.000000
rmat_s15_ef48_0.25_0.25_0.25_0.25_uni,kEC,16,0,32768,1570612,1.9248,1.179782,0,116158092032
rmat_s15_ef48_0.25_0.25_0.25_0.25_uni,kEC,16,1,32768,1570612,1.92358,1.173292,0,116158092032
rmat_s15_ef48_0.25_0.25_0.25_0.25_uni,kEC,16,2,32768,1570612,1.93805,1.164997,0,116158092032
rmat_s15_ef48_0.25_0.25_0.25_0.25_uni,stk-dp,16,0,32768,1570612,0.000000,0.276465,247664,102935917673.000000
rmat_s15_ef48_0.25_0.25_0.25_0.25_uni,stk-dp,16,1,32768,1570612,0.000000,0.277350,247664,102935917673.000000
rmat_s15_ef48_0.25_0.25_0.25_0.25_uni,stk-dp,16,2,32768,1570612,0.000000,0.275248,247664,102935917673.000000
rmat_s20_ef48_0.25_0.25_0.25_0.25_uni,stk,16,0,1048576,50329246,0.000000,13.272629,7823572,3181130746152.000000
rmat_s20_ef48_0.25_0.25_0.25_0.25_uni,stk,16,1,1048576,50329246,0.000000,13.253853,7823572,3181130746152.000000
rmat_s20_ef48_0.25_0.25_0.25_0.25_uni,stk,16,2,1048576,50329246,0.000000,13.034429,7823572,3181130746152.000000
rmat_s20_ef48_0.25_0.25_0.25_0.25_uni,kEC,16,0,1048576,50329246,94.2254,70.344347,0,3718717815454
rmat_s20_ef48_0.25_0.25_0.25_0.25_uni,kEC,16,1,1048576,50329246,94.0174,70.101434,0,3718717815454
rmat_s20_ef48_0.25_0.25_0.25_0.25_uni,kEC,16,2,1048576,50329246,92.7539,69.455659,0,3718717815454
rmat_s20_ef48_0.25_0.25_0.25_0.25_uni,stk-dp,16,0,1048576,50329246,0.000000,23.306369,7924889,3293332249404.000000
rmat_s20_ef48_0.25_0.25_0.25_0.25_uni,stk-dp,16,1,1048576,50329246,0.000000,22.971355,7924889,3293332249404.000000
rmat_s20_ef48_0.25_0.25_0.25_0.25_uni,stk-dp,16,2,1048576,50329246,0.000000,23.117601,7924889,3293332249404.000000
rmat_s21_ef24_0.55_0.15_0.15_0.15_exp,stk,16,0,2097152,49251994,0.000000,11.110502,6312542,401001641676.000000
rmat_s21_ef24_0.55_0.15_0.15_0.15_exp,stk,16,1,2097152,49251994,0.000000,11.079766,6312542,401001641676.000000
rmat_s21_ef24_0.55_0.15_0.15_0.15_exp,stk,16,2,2097152,49251994,0.000000,11.134907,6312542,401001641676.000000
rmat_s21_ef24_0.55_0.15_0.15_0.15_exp,kEC,16,0,1829637,49251994,126.246,32.607852,0,408708335131
rmat_s21_ef24_0.55_0.15_0.15_0.15_exp,kEC,16,1,1829637,49251994,127.493,32.704714,0,408708335131
rmat_s21_ef24_0.55_0.15_0.15_0.15_exp,kEC,16,2,1829637,49251994,126.603,32.895311,0,408708335131
rmat_s21_ef24_0.55_0.15_0.15_0.15_exp,stk-dp,16,0,2097152,49251994,0.000000,22.792602,6377329,406409619191.000000
rmat_s21_ef24_0.55_0.15_0.15_0.15_exp,stk-dp,16,1,2097152,49251994,0.000000,22.610976,6377329,406409619191.000000
rmat_s21_ef24_0.55_0.15_0.15_0.15_exp,stk-dp,16,2,2097152,49251994,0.000000,22.702600,6377329,406409619191.000000
rmat_s22_ef24_0.45_0.15_0.15_0.25_exp,stk,16,0,4194304,100561270,0.000000,30.003794,24763365,1541868335722.000000
rmat_s22_ef24_0.45_0.15_0.15_0.25_exp,stk,16,1,4194304,100561270,0.000000,29.983348,24763365,1541868335722.000000
rmat_s22_ef24_0.45_0.15_0.15_0.25_exp,stk,16,2,4194304,100561270,0.000000,29.994932,24763365,1541868335722.000000
rmat_s22_ef24_0.45_0.15_0.15_0.25_exp,kEC,16,0,4188894,100561270,192.747,106.186929,0,1620104085095
rmat_s22_ef24_0.45_0.15_0.15_0.25_exp,kEC,16,1,4188894,100561270,198.433,108.120557,0,1620104085095
rmat_s22_ef24_0.45_0.15_0.15_0.25_exp,kEC,16,2,4188894,100561270,196.373,107.548683,0,1620104085095
rmat_s22_ef24_0.45_0.15_0.15_0.25_exp,stk-dp,16,0,4194304,100561270,0.000000,52.222261,25101884,1563797849912.000000
rmat_s22_ef24_0.45_0.15_0.15_0.25_exp,stk-dp,16,1,4194304,100561270,0.000000,52.294567,25101884,1563797849912.000000
rmat_s22_ef24_0.45_0.15_0.15_0.25_exp,stk-dp,16,2,4194304,100561270,0.000000,52.253052,25101884,1563797849912.000000
rmat_s22_ef24_0.25_0.25_0.25_0.25_exp,stk,16,0,4194304,100662680,0.000000,33.467795,29627307,1987595698343.000000
rmat_s22_ef24_0.25_0.25_0.25_0.25_exp,stk,16,1,4194304,100662680,0.000000,33.346865,29627307,1987595698343.000000
rmat_s22_ef24_0.25_0.25_0.25_0.25_exp,stk,16,2,4194304,100662680,0.000000,33.349177,29627307,1987595698343.000000
rmat_s22_ef24_0.25_0.25_0.25_0.25_exp,kEC,16,0,4194304,100662680,191.011,182.236059,0,2148322611955
rmat_s22_ef24_0.25_0.25_0.25_0.25_exp,kEC,16,1,4194304,100662680,190.786,182.947170,0,2148322611955
rmat_s22_ef24_0.25_0.25_0.25_0.25_exp,kEC,16,2,4194304,100662680,186.333,179.082875,0,2148322611955
rmat_s22_ef24_0.25_0.25_0.25_0.25_exp,stk-dp,16,0,4194304,100662680,0.000000,53.807419,30114778,2017476634226.000000
rmat_s22_ef24_0.25_0.25_0.25_0.25_exp,stk-dp,16,1,4194304,100662680,0.000000,53.102630,30114778,2017476634226.000000
rmat_s22_ef24_0.25_0.25_0.25_0.25_exp,stk-dp,16,2,4194304,100662680,0.000000,53.797795,30114778,2017476634226.000000
rmat_s24_ef24_0.55_0.15_0.15_0.15_uni,stk,16,0,16777216,398754887,0.000000,149.468851,49039638,16628322309211.000000
rmat_s24_ef24_0.55_0.15_0.15_0.15_uni,stk,16,1,16777216,398754887,0.000000,153.852571,49039638,16628322309211.000000
rmat_s24_ef24_0.55_0.15_0.15_0.15_uni,stk,16,2,16777216,398754887,0.000000,154.256015,49039638,16628322309211.000000
rmat_s24_ef24_0.55_0.15_0.15_0.15_uni,kEC,16,0,13987807,398754887,1516.52,514.307446,0,16173810985944
rmat_s24_ef24_0.55_0.15_0.15_0.15_uni,kEC,16,1,13987807,398754887,1516.61,411.138582,0,16173810985944
rmat_s24_ef24_0.55_0.15_0.15_0.15_uni,kEC,16,2,13987807,398754887,1503.17,526.323588,0,16173810985944
rmat_s24_ef24_0.55_0.15_0.15_0.15_uni,stk-dp,16,0,16777216,398754887,0.000000,283.906070,49315096,16962890042630.000000
rmat_s24_ef24_0.55_0.15_0.15_0.15_uni,stk-dp,16,1,16777216,398754887,0.000000,285.708895,49315096,16962890042630.000000
rmat_s24_ef24_0.55_0.15_0.15_0.15_uni,stk-dp,16,2,16777216,398754887,0.000000,284.166727,49315096,16962890042630.000000
rmat_s14_ef48_0.25_0.25_0.25_0.25_uni,stk,16,0,16384,784163,0.000000,0.070449,122222,49648262008.000000
rmat_s14_ef48_0.25_0.25_0.25_0.25_uni,stk,16,1,16384,784163,0.000000,0.069700,122222,49648262008.000000
rmat_s14_ef48_0.25_0.25_0.25_0.25_uni,stk,16,2,16384,784163,0.000000,0.069139,122222,49648262008.000000
rmat_s14_ef48_0.25_0.25_0.25_0.25_uni,kEC,16,0,16384,784163,0.845662,0.465216,0,58055733152
rmat_s14_ef48_0.25_0.25_0.25_0.25_uni,kEC,16,1,16384,784163,0.827526,0.460948,0,58055733152
rmat_s14_ef48_0.25_0.25_0.25_0.25_uni,kEC,16,2,16384,784163,0.826967,0.462921,0,58055733152
rmat_s14_ef48_0.25_0.25_0.25_0.25_uni,stk-dp,16,0,16384,784163,0.000000,0.128479,123779,51393683273.000000
rmat_s14_ef48_0.25_0.25_0.25_0.25_uni,stk-dp,16,1,16384,784163,0.000000,0.126241,123779,51393683273.000000
rmat_s14_ef48_0.25_0.25_0.25_0.25_uni,stk-dp,16,2,16384,784163,0.000000,0.126983,123779,51393683273.000000
rmat_s19_ef48_0.55_0.15_0.15_0.15_uni,stk,16,0,524288,23757244,0.000000,3.707230,2304039,814402967050.000000
rmat_s19_ef48_0.55_0.15_0.15_0.15_uni,stk,16,1,524288,23757244,0.000000,3.173661,2304039,814402967050.000000
rmat_s19_ef48_0.55_0.15_0.15_0.15_uni,stk,16,2,524288,23757244,0.000000,3.203010,2304039,814402967050.000000
rmat_s19_ef48_0.55_0.15_0.15_0.15_uni,kEC,16,0,495583,23757244,64.6132,13.633864,0,798228468499
rmat_s19_ef48_0.55_0.15_0.15_0.15_uni,kEC,16,1,495583,23757244,64.5697,13.635146,0,798228468499
rmat_s19_ef48_0.55_0.15_0.15_0.15_uni,kEC,16,2,495583,23757244,64.371,13.643602,0,798228468499
rmat_s19_ef48_0.55_0.15_0.15_0.15_uni,stk-dp,16,0,524288,23757244,0.000000,6.786892,2313164,832306429487.000000
rmat_s19_ef48_0.55_0.15_0.15_0.15_uni,stk-dp,16,1,524288,23757244,0.000000,7.306306,2313164,832306429487.000000
rmat_s19_ef48_0.55_0.15_0.15_0.15_uni,stk-dp,16,2,524288,23757244,0.000000,6.953929,2313164,832306429487.000000
rmat_s17_ef48_0.45_0.15_0.15_0.25_exp,stk,16,0,131072,6201300,0.000000,0.641661,893856,69250783266.000000
rmat_s17_ef48_0.45_0.15_0.15_0.25_exp,stk,16,1,131072,6201300,0.000000,0.631603,893856,69250783266.000000
rmat_s17_ef48_0.45_0.15_0.15_0.25_exp,stk,16,2,131072,6201300,0.000000,0.635550,893856,69250783266.000000
rmat_s17_ef48_0.45_0.15_0.15_0.25_exp,kEC,16,0,131071,6201300,9.31444,3.750047,0,73974561210
rmat_s17_ef48_0.45_0.15_0.15_0.25_exp,kEC,16,1,131071,6201300,9.31698,3.723300,0,73974561210
rmat_s17_ef48_0.45_0.15_0.15_0.25_exp,kEC,16,2,131071,6201300,9.6771,3.805106,0,73974561210
rmat_s17_ef48_0.45_0.15_0.15_0.25_exp,stk-dp,16,0,131072,6201300,0.000000,1.355409,904676,70392800159.000000
rmat_s17_ef48_0.45_0.15_0.15_0.25_exp,stk-dp,16,1,131072,6201300,0.000000,1.334586,904676,70392800159.000000
rmat_s17_ef48_0.45_0.15_0.15_0.25_exp,stk-dp,16,2,131072,6201300,0.000000,1.348098,904676,70392800159.000000
rmat_s19_ef48_0.25_0.25_0.25_0.25_exp,stk,16,0,524288,25163507,0.000000,4.897677,3815445,329803597534.000000
rmat_s19_ef48_0.25_0.25_0.25_0.25_exp,stk,16,1,524288,25163507,0.000000,4.690235,3815445,329803597534.000000
rmat_s19_ef48_0.25_0.25_0.25_0.25_exp,stk,16,2,524288,25163507,0.000000,5.578825,3815445,329803597534.000000
rmat_s19_ef48_0.25_0.25_0.25_0.25_exp,kEC,16,0,524288,25163507,42.4713,30.852375,0,359955610500
rmat_s19_ef48_0.25_0.25_0.25_0.25_exp,kEC,16,1,524288,25163507,43.7163,31.581850,0,359955610500
rmat_s19_ef48_0.25_0.25_0.25_0.25_exp,kEC,16,2,524288,25163507,43.037,31.257217,0,359955610500
rmat_s19_ef48_0.25_0.25_0.25_0.25_exp,stk-dp,16,0,524288,25163507,0.000000,8.971554,3858640,334813027350.000000
rmat_s19_ef48_0.25_0.25_0.25_0.25_exp,stk-dp,16,1,524288,25163507,0.000000,9.419122,3858640,334813027350.000000
rmat_s19_ef48_0.25_0.25_0.25_0.25_exp,stk-dp,16,2,524288,25163507,0.000000,9.341003,3858640,334813027350.000000
rmat_s16_ef48_0.45_0.15_0.15_0.25_uni,stk,16,0,65536,3076208,0.000000,0.318420,482011,182964382636.000000
rmat_s16_ef48_0.45_0.15_0.15_0.25_uni,stk,16,1,65536,3076208,0.000000,0.321946,482011,182964382636.000000
rmat_s16_ef48_0.45_0.15_0.15_0.25_uni,stk,16,2,65536,3076208,0.000000,0.316247,482011,182964382636.000000
rmat_s16_ef48_0.45_0.15_0.15_0.25_uni,kEC,16,0,65536,3076208,4.22967,1.640044,0,198261568166
rmat_s16_ef48_0.45_0.15_0.15_0.25_uni,kEC,16,1,65536,3076208,4.17577,1.653085,0,198261568166
rmat_s16_ef48_0.45_0.15_0.15_0.25_uni,kEC,16,2,65536,3076208,4.24316,1.646738,0,198261568166
rmat_s16_ef48_0.45_0.15_0.15_0.25_uni,stk-dp,16,0,65536,3076208,0.000000,0.623020,482193,186786244774.000000
rmat_s16_ef48_0.45_0.15_0.15_0.25_uni,stk-dp,16,1,65536,3076208,0.000000,0.619348,482193,186786244774.000000
rmat_s16_ef48_0.45_0.15_0.15_0.25_uni,stk-dp,16,2,65536,3076208,0.000000,0.617347,482193,186786244774.000000
rmat_s19_ef48_0.45_0.15_0.15_0.25_uni,stk,16,0,524288,25014129,0.000000,4.013244,3794765,1429942699169.000000
rmat_s19_ef48_0.45_0.15_0.15_0.25_uni,stk,16,1,524288,25014129,0.000000,4.252959,3794765,1429942699169.000000
rmat_s19_ef48_0.45_0.15_0.15_0.25_uni,stk,16,2,524288,25014129,0.000000,4.244268,3794765,1429942699169.000000
rmat_s19_ef48_0.45_0.15_0.15_0.25_uni,kEC,16,0,524271,25014129,45.5046,19.442911,0,1537411363922
rmat_s19_ef48_0.45_0.15_0.15_0.25_uni,kEC,16,1,524271,25014129,45.8925,19.505022,0,1537411363922
rmat_s19_ef48_0.45_0.15_0.15_0.25_uni,kEC,16,2,524271,25014129,45.7622,19.343133,0,1537411363922
rmat_s19_ef48_0.45_0.15_0.15_0.25_uni,stk-dp,16,0,524288,25014129,0.000000,8.789949,3796867,1459480164537.000000
rmat_s19_ef48_0.45_0.15_0.15_0.25_uni,stk-dp,16,1,524288,25014129,0.000000,8.091021,3796867,1459480164537.000000
rmat_s19_ef48_0.45_0.15_0.15_0.25_uni,stk-dp,16,2,524288,25014129,0.000000,8.893430,3796867,1459480164537.000000
rmat_s16_ef48_0.25_0.25_0.25_0.25_exp,stk,16,0,65536,3143475,0.000000,0.327155,476870,41169540797.000000
rmat_s16_ef48_0.25_0.25_0.25_0.25_exp,stk,16,1,65536,3143475,0.000000,0.329725,476870,41169540797.000000
rmat_s16_ef48_0.25_0.25_0.25_0.25_exp,stk,16,2,65536,3143475,0.000000,0.332302,476870,41169540797.000000
rmat_s16_ef48_0.25_0.25_0.25_0.25_exp,kEC,16,0,65536,3143475,4.19576,2.738996,0,44943758889
rmat_s16_ef48_0.25_0.25_0.25_0.25_exp,kEC,16,1,65536,3143475,4.18956,2.712151,0,44943758889
rmat_s16_ef48_0.25_0.25_0.25_0.25_exp,kEC,16,2,65536,3143475,4.2923,2.723600,0,44943758889
rmat_s16_ef48_0.25_0.25_0.25_0.25_exp,stk-dp,16,0,65536,3143475,0.000000,0.611168,482367,41793551618.000000
rmat_s16_ef48_0.25_0.25_0.25_0.25_exp,stk-dp,16,1,65536,3143475,0.000000,0.612730,482367,41793551618.000000
rmat_s16_ef48_0.25_0.25_0.25_0.25_exp,stk-dp,16,2,65536,3143475,0.000000,0.610251,482367,41793551618.000000
rmat_s21_ef24_0.25_0.25_0.25_0.25_exp,stk,16,0,2097152,50331039,0.000000,15.178078,14811683,993537806422.000000
rmat_s21_ef24_0.25_0.25_0.25_0.25_exp,stk,16,1,2097152,50331039,0.000000,15.377903,14811683,993537806422.000000
rmat_s21_ef24_0.25_0.25_0.25_0.25_exp,stk,16,2,2097152,50331039,0.000000,15.408007,14811683,993537806422.000000
rmat_s21_ef24_0.25_0.25_0.25_0.25_exp,kEC,16,0,2097152,50331039,91.1516,81.939924,0,1073913647271
rmat_s21_ef24_0.25_0.25_0.25_0.25_exp,kEC,16,1,2097152,50331039,90.5784,81.550699,0,1073913647271
rmat_s21_ef24_0.25_0.25_0.25_0.25_exp,kEC,16,2,2097152,50331039,91.8025,81.891809,0,1073913647271
rmat_s21_ef24_0.25_0.25_0.25_0.25_exp,stk-dp,16,0,2097152,50331039,0.000000,25.100769,15055151,1008475637225.000000
rmat_s21_ef24_0.25_0.25_0.25_0.25_exp,stk-dp,16,1,2097152,50331039,0.000000,24.792332,15055151,1008475637225.000000
rmat_s21_ef24_0.25_0.25_0.25_0.25_exp,stk-dp,16,2,2097152,50331039,0.000000,24.898421,15055151,1008475637225.000000
rmat_s22_ef24_0.45_0.15_0.15_0.25_uni,stk,16,0,4194304,100560801,0.000000,29.980279,26371932,9182661441282.000000
rmat_s22_ef24_0.45_0.15_0.15_0.25_uni,stk,16,1,4194304,100560801,0.000000,29.625678,26371932,9182661441282.000000
rmat_s22_ef24_0.45_0.15_0.15_0.25_uni,stk,16,2,4194304,100560801,0.000000,29.383281,26371932,9182661441282.000000
rmat_s22_ef24_0.45_0.15_0.15_0.25_uni,kEC,16,0,4188969,100560801,198.109,108.889615,0,9689499214030
rmat_s22_ef24_0.45_0.15_0.15_0.25_uni,kEC,16,1,4188969,100560801,196.493,108.904167,0,9689499214030
rmat_s22_ef24_0.45_0.15_0.15_0.25_uni,kEC,16,2,4188969,100560801,196.093,108.609999,0,9689499214030
rmat_s22_ef24_0.45_0.15_0.15_0.25_uni,stk-dp,16,0,4194304,100560801,0.000000,52.218901,26515373,9368653084235.000000
rmat_s22_ef24_0.45_0.15_0.15_0.25_uni,stk-dp,16,1,4194304,100560801,0.000000,51.741327,26515373,9368653084235.000000
rmat_s22_ef24_0.45_0.15_0.15_0.25_uni,stk-dp,16,2,4194304,100560801,0.000000,51.871501,26515373,9368653084235.000000
rmat_s19_ef48_0.25_0.25_0.25_0.25_uni,stk,16,0,524288,25163518,0.000000,4.712811,3911976,1590821998173.000000
rmat_s19_ef48_0.25_0.25_0.25_0.25_uni,stk,16,1,524288,25163518,0.000000,4.630607,3911976,1590821998173.000000
rmat_s19_ef48_0.25_0.25_0.25_0.25_uni,stk,16,2,524288,25163518,0.000000,5.085530,3911976,1590821998173.000000
rmat_s19_ef48_0.25_0.25_0.25_0.25_uni,kEC,16,0,524288,25163518,43.6739,31.762558,0,1859429575820
rmat_s19_ef48_0.25_0.25_0.25_0.25_uni,kEC,16,1,524288,25163518,43.1557,31.159459,0,1859429575820
rmat_s19_ef48_0.25_0.25_0.25_0.25_uni,kEC,16,2,524288,25163518,43.7926,31.647775,0,1859429575820
rmat_s19_ef48_0.25_0.25_0.25_0.25_uni,stk-dp,16,0,524288,25163518,0.000000,9.082775,3962118,1646923266300.000000
rmat_s19_ef48_0.25_0.25_0.25_0.25_uni,stk-dp,16,1,524288,25163518,0.000000,8.906925,3962118,1646923266300.000000
rmat_s19_ef48_0.25_0.25_0.25_0.25_uni,stk-dp,16,2,524288,25163518,0.000000,8.985284,3962118,1646923266300.000000
rmat_s16_ef48_0.25_0.25_0.25_0.25_uni,stk,16,0,65536,3143381,0.000000,0.326846,489077,198843644661.000000
rmat_s16_ef48_0.25_0.25_0.25_0.25_uni,stk,16,1,65536,3143381,0.000000,0.328031,489077,198843644661.000000
rmat_s16_ef48_0.25_0.25_0.25_0.25_uni,stk,16,2,65536,3143381,0.000000,0.327623,489077,198843644661.000000
rmat_s16_ef48_0.25_0.25_0.25_0.25_uni,kEC,16,0,65536,3143381,4.33446,2.812519,0,232448368150
rmat_s16_ef48_0.25_0.25_0.25_0.25_uni,kEC,16,1,65536,3143381,4.33216,2.839874,0,232448368150
rmat_s16_ef48_0.25_0.25_0.25_0.25_uni,kEC,16,2,65536,3143381,4.34411,2.794903,0,232448368150
rmat_s16_ef48_0.25_0.25_0.25_0.25_uni,stk-dp,16,0,65536,3143381,0.000000,0.591119,495323,205851982378.000000
rmat_s16_ef48_0.25_0.25_0.25_0.25_uni,stk-dp,16,1,65536,3143381,0.000000,0.594413,495323,205851982378.000000
rmat_s16_ef48_0.25_0.25_0.25_0.25_uni,stk-dp,16,2,65536,3143381,0.000000,0.586176,495323,205851982378.000000
rmat_s20_ef48_0.55_0.15_0.15_0.15_exp,stk,16,0,1048576,48121491,0.000000,8.736495,4031695,287326838482.000000
rmat_s20_ef48_0.55_0.15_0.15_0.15_exp,stk,16,1,1048576,48121491,0.000000,8.729552,4031695,287326838482.000000
rmat_s20_ef48_0.55_0.15_0.15_0.15_exp,stk,16,2,1048576,48121491,0.000000,8.563863,4031695,287326838482.000000
rmat_s20_ef48_0.55_0.15_0.15_0.15_exp,kEC,16,0,982458,48121491,149.018,30.843031,0,294501567128
rmat_s20_ef48_0.55_0.15_0.15_0.15_exp,kEC,16,1,982458,48121491,147.251,30.427802,0,294501567128
rmat_s20_ef48_0.55_0.15_0.15_0.15_exp,kEC,16,2,982458,48121491,148.861,30.997535,0,294501567128
rmat_s20_ef48_0.55_0.15_0.15_0.15_exp,stk-dp,16,0,1048576,48121491,0.000000,19.045167,4071583,291943914613.000000
rmat_s20_ef48_0.55_0.15_0.15_0.15_exp,stk-dp,16,1,1048576,48121491,0.000000,19.261289,4071583,291943914613.000000
rmat_s20_ef48_0.55_0.15_0.15_0.15_exp,stk-dp,16,2,1048576,48121491,0.000000,19.206206,4071583,291943914613.000000
rmat_s19_ef48_0.45_0.15_0.15_0.25_exp,stk,16,0,524288,25014316,0.000000,4.532779,3533308,271627744330.000000
rmat_s19_ef48_0.45_0.15_0.15_0.25_exp,stk,16,1,524288,25014316,0.000000,4.440297,3533308,271627744330.000000
rmat_s19_ef48_0.45_0.15_0.15_0.25_exp,stk,16,2,524288,25014316,0.000000,4.415191,3533308,271627744330.000000
rmat_s19_ef48_0.45_0.15_0.15_0.25_exp,kEC,16,0,524259,25014316,46.6924,19.028937,0,289550654262
rmat_s19_ef48_0.45_0.15_0.15_0.25_exp,kEC,16,1,524259,25014316,45.2997,18.751404,0,289550654262
rmat_s19_ef48_0.45_0.15_0.15_0.25_exp,kEC,16,2,524259,25014316,46.3395,19.114631,0,289550654262
rmat_s19_ef48_0.45_0.15_0.15_0.25_exp,stk-dp,16,0,524288,25014316,0.000000,8.651477,3573978,276096378044.000000
rmat_s19_ef48_0.45_0.15_0.15_0.25_exp,stk-dp,16,1,524288,25014316,0.000000,8.361784,3573978,276096378044.000000
rmat_s19_ef48_0.45_0.15_0.15_0.25_exp,stk-dp,16,2,524288,25014316,0.000000,8.128239,3573978,276096378044.000000
rmat_s21_ef24_0.45_0.15_0.15_0.25_uni,stk,16,0,2097152,50253908,0.000000,13.253971,13311104,4642286242476.000000
rmat_s21_ef24_0.45_0.15_0.15_0.25_uni,stk,16,1,2097152,50253908,0.000000,12.999279,13311104,4642286242476.000000
rmat_s21_ef24_0.45_0.15_0.15_0.25_uni,stk,16,2,2097152,50253908,0.000000,13.158777,13311104,4642286242476.000000
rmat_s21_ef24_0.45_0.15_0.15_0.25_uni,kEC,16,0,2094992,50253908,92.049,47.209734,0,4907739937193
rmat_s21_ef24_0.45_0.15_0.15_0.25_uni,kEC,16,1,2094992,50253908,92.6224,47.903601,0,4907739937193
rmat_s21_ef24_0.45_0.15_0.15_0.25_uni,kEC,16,2,2094992,50253908,91.9548,47.542971,0,4907739937193
rmat_s21_ef24_0.45_0.15_0.15_0.25_uni,stk-dp,16,0,2097152,50253908,0.000000,23.357448,13384527,4736658479763.000000
rmat_s21_ef24_0.45_0.15_0.15_0.25_uni,stk-dp,16,1,2097152,50253908,0.000000,22.961518,13384527,4736658479763.000000
rmat_s21_ef24_0.45_0.15_0.15_0.25_uni,stk-dp,16,2,2097152,50253908,0.000000,23.100012,13384527,4736658479763.000000
rmat_s21_ef24_0.25_0.25_0.25_0.25_uni,stk,16,0,2097152,50331056,0.000000,14.872754,15311304,5881852472230.000000
rmat_s21_ef24_0.25_0.25_0.25_0.25_uni,stk,16,1,2097152,50331056,0.000000,14.949610,15311304,5881852472230.000000
rmat_s21_ef24_0.25_0.25_0.25_0.25_uni,stk,16,2,2097152,50331056,0.000000,14.965232,15311304,5881852472230.000000
rmat_s21_ef24_0.25_0.25_0.25_0.25_uni,kEC,16,0,2097152,50331056,89.412,82.867454,0,6618811895398
rmat_s21_ef24_0.25_0.25_0.25_0.25_uni,kEC,16,1,2097152,50331056,90.5141,83.955553,0,6618811895398
rmat_s21_ef24_0.25_0.25_0.25_0.25_uni,kEC,16,2,2097152,50331056,90.7635,84.797366,0,6618811895398
rmat_s21_ef24_0.25_0.25_0.25_0.25_uni,stk-dp,16,0,2097152,50331056,0.000000,24.069137,15553123,6041977775346.000000
rmat_s21_ef24_0.25_0.25_0.25_0.25_uni,stk-dp,16,1,2097152,50331056,0.000000,24.149323,15553123,6041977775346.000000
rmat_s21_ef24_0.25_0.25_0.25_0.25_uni,stk-dp,16,2,2097152,50331056,0.000000,24.346363,15553123,6041977775346.000000
rmat_s18_ef48_0.55_0.15_0.15_0.15_uni,stk,16,0,262144,11687806,0.000000,1.351292,1192730,422206587075.000000
rmat_s18_ef48_0.55_0.15_0.15_0.15_uni,stk,16,1,262144,11687806,0.000000,1.350219,1192730,422206587075.000000
rmat_s18_ef48_0.55_0.15_0.15_0.15_uni,stk,16,2,262144,11687806,0.000000,1.349703,1192730,422206587075.000000
rmat_s18_ef48_0.55_0.15_0.15_0.15_uni,kEC,16,0,249753,11687806,27.9747,6.010950,0,415020278689
rmat_s18_ef48_0.55_0.15_0.15_0.15_uni,kEC,16,1,249753,11687806,27.7055,5.920944,0,415020278689
rmat_s18_ef48_0.55_0.15_0.15_0.15_uni,kEC,16,2,249753,11687806,27.9421,5.969721,0,415020278689
rmat_s18_ef48_0.55_0.15_0.15_0.15_uni,stk-dp,16,0,262144,11687806,0.000000,2.955206,1197240,431594390742.000000
rmat_s18_ef48_0.55_0.15_0.15_0.15_uni,stk-dp,16,1,262144,11687806,0.000000,3.204283,1197240,431594390742.000000
rmat_s18_ef48_0.55_0.15_0.15_0.15_uni,stk-dp,16,2,262144,11687806,0.000000,3.026502,1197240,431594390742.000000
rmat_s14_ef48_0.55_0.15_0.15_0.15_uni,stk,16,0,16384,647545,0.000000,0.051893,85683,30580830120.000000
rmat_s14_ef48_0.55_0.15_0.15_0.15_uni,stk,16,1,16384,647545,0.000000,0.051420,85683,30580830120.000000
rmat_s14_ef48_0.55_0.15_0.15_0.15_uni,stk,16,2,16384,647545,0.000000,0.051813,85683,30580830120.000000
rmat_s14_ef48_0.55_0.15_0.15_0.15_uni,kEC,16,0,16068,647545,0.750755,0.181520,0,30598896062
rmat_s14_ef48_0.55_0.15_0.15_0.15_uni,kEC,16,1,16068,647545,0.739946,0.180746,0,30598896062
rmat_s14_ef48_0.55_0.15_0.15_0.15_uni,kEC,16,2,16068,647545,0.758317,0.184428,0,30598896062
rmat_s14_ef48_0.55_0.15_0.15_0.15_uni,stk-dp,16,0,16384,647545,0.000000,0.105174,86073,31261509695.000000
rmat_s14_ef48_0.55_0.15_0.15_0.15_uni,stk-dp,16,1,16384,647545,0.000000,0.104390,86073,31261509695.000000
rmat_s14_ef48_0.55_0.15_0.15_0.15_uni,stk-dp,16,2,16384,647545,0.000000,0.104070,86073,31261509695.000000
rmat_s20_ef48_0.55_0.15_0.15_0.15_uni,stk,16,0,1048576,48125802,0.000000,8.662308,4448477,1569651387706.000000
rmat_s20_ef48_0.55_0.15_0.15_0.15_uni,stk,16,1,1048576,48125802,0.000000,8.699998,4448477,1569651387706.000000
rmat_s20_ef48_0.55_0.15_0.15_0.15_uni,stk,16,2,1048576,48125802,0.000000,8.594848,4448477,1569651387706.000000
rmat_s20_ef48_0.55_0.15_0.15_0.15_uni,kEC,16,0,982457,48125802,146.574,30.602651,0,1532907660239
rmat_s20_ef48_0.55_0.15_0.15_0.15_uni,kEC,16,1,982457,48125802,147.228,30.678234,0,1532907660239
rmat_s20_ef48_0.55_0.15_0.15_0.15_uni,kEC,16,2,982457,48125802,149.134,30.984267,0,1532907660239
rmat_s20_ef48_0.55_0.15_0.15_0.15_uni,stk-dp,16,0,1048576,48125802,0.000000,19.105972,4467064,1604468853210.000000
rmat_s20_ef48_0.55_0.15_0.15_0.15_uni,stk-dp,16,1,1048576,48125802,0.000000,19.015617,4467064,1604468853210.000000
rmat_s20_ef48_0.55_0.15_0.15_0.15_uni,stk-dp,16,2,1048576,48125802,0.000000,18.807012,4467064,1604468853210.000000
rmat_s24_ef24_0.45_0.15_0.15_0.25_exp,stk,16,0,402478388,,,0.000000,,
rmat_s24_ef24_0.45_0.15_0.15_0.25_exp,stk,16,1,402478388,,,0.000000,,
rmat_s24_ef24_0.45_0.15_0.15_0.25_exp,stk,16,2,402478388,,,0.000000,,
rmat_s24_ef24_0.45_0.15_0.15_0.25_exp,kEC,16,0,15943183,214611454,465.25,215.950257,0,3130876869788
rmat_s24_ef24_0.45_0.15_0.15_0.25_exp,kEC,16,1,15943183,214611454,468.863,212.561130,0,3130876869788
rmat_s24_ef24_0.45_0.15_0.15_0.25_exp,kEC,16,2,15943183,214611454,456.846,210.661659,0,3130876869788
rmat_s24_ef24_0.45_0.15_0.15_0.25_exp,stk-dp,16,0,402478388,,,0.000000,,
rmat_s24_ef24_0.45_0.15_0.15_0.25_exp,stk-dp,16,1,402478388,,,0.000000,,
rmat_s24_ef24_0.45_0.15_0.15_0.25_exp,stk-dp,16,2,402478388,,,0.000000,,
rmat_s14_ef48_0.25_0.25_0.25_0.25_exp,stk,16,0,16384,784053,0.000000,0.070296,119140,10299671726.000000
rmat_s14_ef48_0.25_0.25_0.25_0.25_exp,stk,16,1,16384,784053,0.000000,0.070517,119140,10299671726.000000
rmat_s14_ef48_0.25_0.25_0.25_0.25_exp,stk,16,2,16384,784053,0.000000,0.070066,119140,10299671726.000000
rmat_s14_ef48_0.25_0.25_0.25_0.25_exp,kEC,16,0,16384,784053,0.828483,0.446314,0,11242595071
rmat_s14_ef48_0.25_0.25_0.25_0.25_exp,kEC,16,1,16384,784053,0.839575,0.434375,0,11242595071
rmat_s14_ef48_0.25_0.25_0.25_0.25_exp,kEC,16,2,16384,784053,0.843775,0.433068,0,11242595071
rmat_s14_ef48_0.25_0.25_0.25_0.25_exp,stk-dp,16,0,16384,784053,0.000000,0.128299,120543,10455105680.000000
rmat_s14_ef48_0.25_0.25_0.25_0.25_exp,stk-dp,16,1,16384,784053,0.000000,0.129289,120543,10455105680.000000
rmat_s14_ef48_0.25_0.25_0.25_0.25_exp,stk-dp,16,2,16384,784053,0.000000,0.128770,120543,10455105680.000000
rmat_s14_ef48_0.45_0.15_0.15_0.25_exp,stk,16,0,16384,746669,0.000000,0.064879,113650,8841599761.000000
rmat_s14_ef48_0.45_0.15_0.15_0.25_exp,stk,16,1,16384,746669,0.000000,0.064930,113650,8841599761.000000
rmat_s14_ef48_0.45_0.15_0.15_0.25_exp,stk,16,2,16384,746669,0.000000,0.062750,113650,8841599761.000000
rmat_s14_ef48_0.45_0.15_0.15_0.25_exp,kEC,16,0,16384,746669,0.791597,0.271315,0,9483443716
rmat_s14_ef48_0.45_0.15_0.15_0.25_exp,kEC,16,1,16384,746669,0.783061,0.269031,0,9483443716
rmat_s14_ef48_0.45_0.15_0.15_0.25_exp,kEC,16,2,16384,746669,0.800204,0.269319,0,9483443716
rmat_s14_ef48_0.45_0.15_0.15_0.25_exp,stk-dp,16,0,16384,746669,0.000000,0.125521,114974,8988008708.000000
rmat_s14_ef48_0.45_0.15_0.15_0.25_exp,stk-dp,16,1,16384,746669,0.000000,0.126516,114974,8988008708.000000
rmat_s14_ef48_0.45_0.15_0.15_0.25_exp,stk-dp,16,2,16384,746669,0.000000,0.124819,114974,8988008708.000000
rmat_s24_ef24_0.25_0.25_0.25_0.25_exp,stk,16,0,16777216,402652618,0.000000,167.177075,118498622,7949953315890.000000
rmat_s24_ef24_0.25_0.25_0.25_0.25_exp,stk,16,1,16777216,402652618,0.000000,169.982226,118498622,7949953315890.000000
rmat_s24_ef24_0.25_0.25_0.25_0.25_exp,stk,16,2,16777216,402652618,0.000000,168.410367,118498622,7949953315890.000000
rmat_s24_ef24_0.25_0.25_0.25_0.25_exp,kEC,16,0,16777216,402652618,823.018,894.183627,0,8592781356036
rmat_s24_ef24_0.25_0.25_0.25_0.25_exp,kEC,16,1,16777216,402652618,838.057,897.717284,0,8592781356036
rmat_s24_ef24_0.25_0.25_0.25_0.25_exp,kEC,16,2,16777216,402652618,988.019,910.833278,0,8592781356036
rmat_s24_ef24_0.25_0.25_0.25_0.25_exp,stk-dp,16,0,16777216,402652618,0.000000,261.422210,120449312,8069304056918.000000
rmat_s24_ef24_0.25_0.25_0.25_0.25_exp,stk-dp,16,1,16777216,402652618,0.000000,296.015783,120449312,8069304056918.000000
rmat_s24_ef24_0.25_0.25_0.25_0.25_exp,stk-dp,16,2,16777216,402652618,0.000000,262.339600,120449312,8069304056918.000000
rmat_s17_ef48_0.25_0.25_0.25_0.25_uni,stk,16,0,131072,6289081,0.000000,0.690756,977904,397849744116.000000
rmat_s17_ef48_0.25_0.25_0.25_0.25_uni,stk,16,1,131072,6289081,0.000000,0.687174,977904,397849744116.000000
rmat_s17_ef48_0.25_0.25_0.25_0.25_uni,stk,16,2,131072,6289081,0.000000,0.696432,977904,397849744116.000000
rmat_s17_ef48_0.25_0.25_0.25_0.25_uni,kEC,16,0,131072,6289081,9.40586,6.427381,0,464852209813
rmat_s17_ef48_0.25_0.25_0.25_0.25_uni,kEC,16,1,131072,6289081,9.45114,6.434379,0,464852209813
rmat_s17_ef48_0.25_0.25_0.25_0.25_uni,kEC,16,2,131072,6289081,9.50248,6.509978,0,464852209813
rmat_s17_ef48_0.25_0.25_0.25_0.25_uni,stk-dp,16,0,131072,6289081,0.000000,1.269426,990590,411762748979.000000
rmat_s17_ef48_0.25_0.25_0.25_0.25_uni,stk-dp,16,1,131072,6289081,0.000000,1.258730,990590,411762748979.000000
rmat_s17_ef48_0.25_0.25_0.25_0.25_uni,stk-dp,16,2,131072,6289081,0.000000,1.271889,990590,411762748979.000000
rmat_s23_ef24_0.25_0.25_0.25_0.25_uni,stk,16,0,8388608,201325985,0.000000,78.692443,61246123,23526451179080.000000
rmat_s23_ef24_0.25_0.25_0.25_0.25_uni,stk,16,1,8388608,201325985,0.000000,77.039353,61246123,23526451179080.000000
rmat_s23_ef24_0.25_0.25_0.25_0.25_uni,stk,16,2,8388608,201325985,0.000000,79.080450,61246123,23526451179080.000000
rmat_s23_ef24_0.25_0.25_0.25_0.25_uni,kEC,16,0,8388608,201325985,394.871,395.669349,0,26475189082522
rmat_s23_ef24_0.25_0.25_0.25_0.25_uni,kEC,16,1,8388608,201325985,395.081,396.722569,0,26475189082522
rmat_s23_ef24_0.25_0.25_0.25_0.25_uni,kEC,16,2,8388608,201325985,395.681,397.040682,0,26475189082522
rmat_s23_ef24_0.25_0.25_0.25_0.25_uni,stk-dp,16,0,8388608,201325985,0.000000,123.817339,62215438,24166877584219.000000
rmat_s23_ef24_0.25_0.25_0.25_0.25_uni,stk-dp,16,1,8388608,201325985,0.000000,122.289959,62215438,24166877584219.000000
rmat_s23_ef24_0.25_0.25_0.25_0.25_uni,stk-dp,16,2,8388608,201325985,0.000000,123.101573,62215438,24166877584219.000000
rmat_s17_ef48_0.45_0.15_0.15_0.25_uni,stk,16,0,131072,6201533,0.000000,0.681763,959013,363208067934.000000
rmat_s17_ef48_0.45_0.15_0.15_0.25_uni,stk,16,1,131072,6201533,0.000000,0.682879,959013,363208067934.000000
rmat_s17_ef48_0.45_0.15_0.15_0.25_uni,stk,16,2,131072,6201533,0.000000,0.678552,959013,363208067934.000000
rmat_s17_ef48_0.45_0.15_0.15_0.25_uni,kEC,16,0,131071,6201533,9.60511,3.878008,0,392662196143
rmat_s17_ef48_0.45_0.15_0.15_0.25_uni,kEC,16,1,131071,6201533,9.60557,3.852782,0,392662196143
rmat_s17_ef48_0.45_0.15_0.15_0.25_uni,kEC,16,2,131071,6201533,9.5086,3.805088,0,392662196143
rmat_s17_ef48_0.45_0.15_0.15_0.25_uni,stk-dp,16,0,131072,6201533,0.000000,1.334813,959491,370797536987.000000
rmat_s17_ef48_0.45_0.15_0.15_0.25_uni,stk-dp,16,1,131072,6201533,0.000000,1.321480,959491,370797536987.000000
rmat_s17_ef48_0.45_0.15_0.15_0.25_uni,stk-dp,16,2,131072,6201533,0.000000,1.338762,959491,370797536987.000000
rmat_s15_ef48_0.45_0.15_0.15_0.25_uni,stk,16,0,32768,1520529,0.000000,0.147193,241921,92043197482.000000
rmat_s15_ef48_0.45_0.15_0.15_0.25_uni,stk,16,1,32768,1520529,0.000000,0.145998,241921,92043197482.000000
rmat_s15_ef48_0.45_0.15_0.15_0.25_uni,stk,16,2,32768,1520529,0.000000,0.148440,241921,92043197482.000000
rmat_s15_ef48_0.45_0.15_0.15_0.25_uni,kEC,16,0,32767,1520529,1.84805,0.708686,0,100109329844
rmat_s15_ef48_0.45_0.15_0.15_0.25_uni,kEC,16,1,32767,1520529,1.86802,0.711067,0,100109329844
rmat_s15_ef48_0.45_0.15_0.15_0.25_uni,kEC,16,2,32767,1520529,1.86796,0.716731,0,100109329844
rmat_s15_ef48_0.45_0.15_0.15_0.25_uni,stk-dp,16,0,32768,1520529,0.000000,0.283841,242047,94007624078.000000
rmat_s15_ef48_0.45_0.15_0.15_0.25_uni,stk-dp,16,1,32768,1520529,0.000000,0.285025,242047,94007624078.000000
rmat_s15_ef48_0.45_0.15_0.15_0.25_uni,stk-dp,16,2,32768,1520529,0.000000,0.283890,242047,94007624078.000000
rmat_s20_ef48_0.45_0.15_0.15_0.25_exp,stk,16,0,1048576,50135288,0.000000,10.499426,7018388,538022775495.000000
rmat_s20_ef48_0.45_0.15_0.15_0.25_exp,stk,16,1,1048576,50135288,0.000000,10.719803,7018388,538022775495.000000
rmat_s20_ef48_0.45_0.15_0.15_0.25_exp,stk,16,2,1048576,50135288,0.000000,10.572788,7018388,538022775495.000000
rmat_s20_ef48_0.45_0.15_0.15_0.25_exp,kEC,16,0,1048515,50135288,98.4474,41.932400,0,572925476960
rmat_s20_ef48_0.45_0.15_0.15_0.25_exp,kEC,16,1,1048515,50135288,100.335,42.307823,0,572925476960
rmat_s20_ef48_0.45_0.15_0.15_0.25_exp,kEC,16,2,1048515,50135288,99.5425,42.151677,0,572925476960
rmat_s20_ef48_0.45_0.15_0.15_0.25_exp,stk-dp,16,0,1048576,50135288,0.000000,21.496447,7100851,546900505972.000000
rmat_s20_ef48_0.45_0.15_0.15_0.25_exp,stk-dp,16,1,1048576,50135288,0.000000,21.408428,7100851,546900505972.000000
rmat_s20_ef48_0.45_0.15_0.15_0.25_exp,stk-dp,16,2,1048576,50135288,0.000000,21.548401,7100851,546900505972.000000
rmat_s18_ef48_0.45_0.15_0.15_0.25_exp,stk,16,0,262144,12465578,0.000000,1.623368,1777486,137105369399.000000
rmat_s18_ef48_0.45_0.15_0.15_0.25_exp,stk,16,1,262144,12465578,0.000000,1.618732,1777486,137105369399.000000
rmat_s18_ef48_0.45_0.15_0.15_0.25_exp,stk,16,2,262144,12465578,0.000000,1.608681,1777486,137105369399.000000
rmat_s18_ef48_0.45_0.15_0.15_0.25_exp,kEC,16,0,262136,12465578,21.2708,8.418688,0,146301741117
rmat_s18_ef48_0.45_0.15_0.15_0.25_exp,kEC,16,1,262136,12465578,21.256,8.351996,0,146301741117
rmat_s18_ef48_0.45_0.15_0.15_0.25_exp,kEC,16,2,262136,12465578,21.4521,8.347585,0,146301741117
rmat_s18_ef48_0.45_0.15_0.15_0.25_exp,stk-dp,16,0,262144,12465578,0.000000,3.603563,1798379,139363981723.000000
rmat_s18_ef48_0.45_0.15_0.15_0.25_exp,stk-dp,16,1,262144,12465578,0.000000,3.611987,1798379,139363981723.000000
rmat_s18_ef48_0.45_0.15_0.15_0.25_exp,stk-dp,16,2,262144,12465578,0.000000,3.548827,1798379,139363981723.000000
rmat_s15_ef48_0.25_0.25_0.25_0.25_exp,stk,16,0,32768,1570537,0.000000,0.157391,238368,20578509039.000000
rmat_s15_ef48_0.25_0.25_0.25_0.25_exp,stk,16,1,32768,1570537,0.000000,0.156915,238368,20578509039.000000
rmat_s15_ef48_0.25_0.25_0.25_0.25_exp,stk,16,2,32768,1570537,0.000000,0.156120,238368,20578509039.000000
rmat_s15_ef48_0.25_0.25_0.25_0.25_exp,kEC,16,0,32768,1570537,1.92636,1.117797,0,22475168359
rmat_s15_ef48_0.25_0.25_0.25_0.25_exp,kEC,16,1,32768,1570537,1.93003,1.117906,0,22475168359
rmat_s15_ef48_0.25_0.25_0.25_0.25_exp,kEC,16,2,32768,1570537,1.96777,1.125163,0,22475168359
rmat_s15_ef48_0.25_0.25_0.25_0.25_exp,stk-dp,16,0,32768,1570537,0.000000,0.284771,241087,20891216666.000000
rmat_s15_ef48_0.25_0.25_0.25_0.25_exp,stk-dp,16,1,32768,1570537,0.000000,0.285330,241087,20891216666.000000
rmat_s15_ef48_0.25_0.25_0.25_0.25_exp,stk-dp,16,2,32768,1570537,0.000000,0.286357,241087,20891216666.000000
rmat_s21_ef24_0.55_0.15_0.15_0.15_uni,stk,16,0,2097152,49253582,0.000000,11.166647,6861812,2328912418869.000000
rmat_s21_ef24_0.55_0.15_0.15_0.15_uni,stk,16,1,2097152,49253582,0.000000,10.963576,6861812,2328912418869.000000
rmat_s21_ef24_0.55_0.15_0.15_0.15_uni,stk,16,2,2097152,49253582,0.000000,11.014750,6861812,2328912418869.000000
rmat_s21_ef24_0.55_0.15_0.15_0.15_uni,kEC,16,0,1830031,49253582,125.672,33.209596,0,2281750061723
rmat_s21_ef24_0.55_0.15_0.15_0.15_uni,kEC,16,1,1830031,49253582,126.735,33.349899,0,2281750061723
rmat_s21_ef24_0.55_0.15_0.15_0.15_uni,kEC,16,2,1830031,49253582,125.813,33.375394,0,2281750061723
rmat_s21_ef24_0.55_0.15_0.15_0.15_uni,stk-dp,16,0,2097152,49253582,0.000000,22.106556,6899065,2375670701065.000000
rmat_s21_ef24_0.55_0.15_0.15_0.15_uni,stk-dp,16,1,2097152,49253582,0.000000,22.293888,6899065,2375670701065.000000
rmat_s21_ef24_0.55_0.15_0.15_0.15_uni,stk-dp,16,2,2097152,49253582,0.000000,22.293152,6899065,2375670701065.000000
rmat_s16_ef48_0.55_0.15_0.15_0.15_uni,stk,16,0,65536,2788673,0.000000,0.250874,319744,113595783995.000000
rmat_s16_ef48_0.55_0.15_0.15_0.15_uni,stk,16,1,65536,2788673,0.000000,0.249576,319744,113595783995.000000
rmat_s16_ef48_0.55_0.15_0.15_0.15_uni,stk,16,2,65536,2788673,0.000000,0.249091,319744,113595783995.000000
rmat_s16_ef48_0.55_0.15_0.15_0.15_uni,kEC,16,0,63467,2788673,4.7145,1.087894,0,112546874681
rmat_s16_ef48_0.55_0.15_0.15_0.15_uni,kEC,16,1,63467,2788673,4.77916,1.094500,0,112546874681
rmat_s16_ef48_0.55_0.15_0.15_0.15_uni,kEC,16,2,63467,2788673,4.72483,1.087358,0,112546874681
rmat_s16_ef48_0.55_0.15_0.15_0.15_uni,stk-dp,16,0,65536,2788673,0.000000,0.521291,321018,116154103025.000000
rmat_s16_ef48_0.55_0.15_0.15_0.15_uni,stk-dp,16,1,65536,2788673,0.000000,0.513384,321018,116154103025.000000
rmat_s16_ef48_0.55_0.15_0.15_0.15_uni,stk-dp,16,2,65536,2788673,0.000000,0.526271,321018,116154103025.000000
rmat_s23_ef24_0.45_0.15_0.15_0.25_exp,stk,16,0,8388608,201192583,0.000000,74.970846,49048258,3052336273370.000000
rmat_s23_ef24_0.45_0.15_0.15_0.25_exp,stk,16,1,8388608,201192583,0.000000,75.424262,49048258,3052336273370.000000
rmat_s23_ef24_0.45_0.15_0.15_0.25_exp,stk,16,2,8388608,201192583,0.000000,76.524649,49048258,3052336273370.000000
rmat_s23_ef24_0.45_0.15_0.15_0.25_exp,kEC,16,0,8375594,201192583,416.607,240.701104,0,3204487000373
rmat_s23_ef24_0.45_0.15_0.15_0.25_exp,kEC,16,1,8375594,201192583,410.974,238.035482,0,3204487000373
rmat_s23_ef24_0.45_0.15_0.15_0.25_exp,kEC,16,2,8375594,201192583,409.442,237.513605,0,3204487000373
rmat_s23_ef24_0.45_0.15_0.15_0.25_exp,stk-dp,16,0,8388608,201192583,0.000000,131.893217,49712790,3095650473950.000000
rmat_s23_ef24_0.45_0.15_0.15_0.25_exp,stk-dp,16,1,8388608,201192583,0.000000,128.961643,49712790,3095650473950.000000
rmat_s23_ef24_0.45_0.15_0.15_0.25_exp,stk-dp,16,2,8388608,201192583,0.000000,128.735193,49712790,3095650473950.000000
rmat_s18_ef48_0.45_0.15_0.15_0.25_exp,MRepLM_32,16,0,262144,12465578,8.333882,3.833321,1903409,146206330794.00
rmat_s18_ef48_0.45_0.15_0.15_0.25_exp,MRepLM_32,16,1,262144,12465578,8.333558,4.134495,1903424,146206396241.00
rmat_s18_ef48_0.45_0.15_0.15_0.25_exp,MRepLM_32,16,2,262144,12465578,8.350502,4.177132,1903387,146205710338.00
rmat_s18_ef48_0.45_0.15_0.15_0.25_exp,kMM_32,16,0,262144,12465578,5.687760,9.770728,1903539,145969316265.00
rmat_s18_ef48_0.45_0.15_0.15_0.25_exp,kMM_32,16,1,262144,12465578,8.073760,9.614826,1903652,145955904030.00
rmat_s18_ef48_0.45_0.15_0.15_0.25_exp,kMM_32,16,2,262144,12465578,8.015785,9.527323,1903855,145964476928.00
rmat_s18_ef48_0.45_0.15_0.15_0.25_uni,MRepLM_32,16,0,262144,12465402,8.099148,2.999918,1902692,775840355326.00
rmat_s18_ef48_0.45_0.15_0.15_0.25_uni,MRepLM_32,16,1,262144,12465402,7.901171,2.592366,1902666,775846327415.00
rmat_s18_ef48_0.45_0.15_0.15_0.25_uni,MRepLM_32,16,2,262144,12465402,6.554908,3.132964,1902697,775847295751.00
rmat_s18_ef48_0.45_0.15_0.15_0.25_uni,kMM_32,16,0,262144,12465402,6.148305,9.797645,1902434,771666327713.00
rmat_s18_ef48_0.45_0.15_0.15_0.25_uni,kMM_32,16,1,262144,12465402,6.368903,9.556814,1902011,771632954647.00
rmat_s18_ef48_0.45_0.15_0.15_0.25_uni,kMM_32,16,2,262144,12465402,7.926741,9.193804,1902630,771737914625.00
rmat_s21_ef24_0.55_0.15_0.15_0.15_exp,MRepLM_32,16,0,2097152,49251994,26.137318,17.070574,6380549,408751662383.00
rmat_s21_ef24_0.55_0.15_0.15_0.15_exp,MRepLM_32,16,1,2097152,49251994,31.407981,20.314910,6380546,408751588457.00
rmat_s21_ef24_0.55_0.15_0.15_0.15_exp,MRepLM_32,16,2,2097152,49251994,33.848108,19.772643,6380537,408751506455.00
rmat_s21_ef24_0.55_0.15_0.15_0.15_exp,kMM_32,16,0,2097152,49251994,32.798409,34.758180,6419643,410031146449.00
rmat_s21_ef24_0.55_0.15_0.15_0.15_exp,kMM_32,16,1,2097152,49251994,30.309836,34.661792,6419859,410041712266.00
rmat_s21_ef24_0.55_0.15_0.15_0.15_exp,kMM_32,16,2,2097152,49251994,32.873957,33.932695,6420057,410052769269.00
rmat_s24_ef24_0.55_0.15_0.15_0.15_exp,MRepLM_32,16,0,16777216,398753197,279.400694,267.517069,45347498,2917789568929.00
rmat_s24_ef24_0.55_0.15_0.15_0.15_exp,MRepLM_32,16,1,16777216,398753197,296.790801,278.433363,45347491,2917789490291.00
rmat_s24_ef24_0.55_0.15_0.15_0.15_exp,MRepLM_32,16,2,16777216,398753197,266.061871,273.140366,45347509,2917789437540.00
rmat_s24_ef24_0.55_0.15_0.15_0.15_exp,kMM_32,16,0,16777216,398753197,297.413182,255.955900,45624082,2927925465557.00
rmat_s24_ef24_0.55_0.15_0.15_0.15_exp,kMM_32,16,1,16777216,398753197,289.928948,261.595423,45622077,2927830895430.00
rmat_s24_ef24_0.55_0.15_0.15_0.15_exp,kMM_32,16,2,16777216,398753197,283.900730,258.365184,45623052,2927874162147.00
rmat_s23_ef24_0.25_0.25_0.25_0.25_uni,MRepLM_32,16,0,8388608,201325985,156.365918,75.833809,65292746,26363268061800.00
rmat_s23_ef24_0.25_0.25_0.25_0.25_uni,MRepLM_32,16,1,8388608,201325985,152.116760,76.509818,65292681,26363246544575.00
rmat_s23_ef24_0.25_0.25_0.25_0.25_uni,MRepLM_32,16,2,8388608,201325985,150.962318,71.780002,65292807,26363249237214.00
rmat_s23_ef24_0.25_0.25_0.25_0.25_uni,kMM_32,16,0,8388608,201325985,151.146570,324.270199,65189708,26128662957502.00
rmat_s23_ef24_0.25_0.25_0.25_0.25_uni,kMM_32,16,1,8388608,201325985,137.293359,315.254428,65187459,26128032819946.00
rmat_s23_ef24_0.25_0.25_0.25_0.25_uni,kMM_32,16,2,8388608,201325985,152.010922,314.535287,65187317,26128150467371.00
rmat_s23_ef24_0.45_0.15_0.15_0.25_uni,MRepLM_32,16,0,8388608,201194109,148.932078,93.224301,52045557,19126240866104.00
rmat_s23_ef24_0.45_0.15_0.15_0.25_uni,MRepLM_32,16,1,8388608,201194109,143.186276,89.297584,52045535,19126262990837.00
rmat_s23_ef24_0.45_0.15_0.15_0.25_uni,MRepLM_32,16,2,8388608,201194109,141.922356,89.132860,52045570,19126256447857.00
rmat_s23_ef24_0.45_0.15_0.15_0.25_uni,kMM_32,16,0,8388608,201194109,145.331862,260.090823,52076113,19077348708426.00
rmat_s23_ef24_0.45_0.15_0.15_0.25_uni,kMM_32,16,1,8388608,201194109,143.618885,252.839416,52073977,19077434575114.00
rmat_s23_ef24_0.45_0.15_0.15_0.25_uni,kMM_32,16,2,8388608,201194109,146.220196,253.690058,52076572,19077465975685.00
rmat_s19_ef48_0.55_0.15_0.15_0.15_exp,MRepLM_32,16,0,524288,23756720,14.076584,5.530615,2124880,153137801341.00
rmat_s19_ef48_0.55_0.15_0.15_0.15_exp,MRepLM_32,16,1,524288,23756720,14.321189,6.665209,2124869,153137731512.00
rmat_s19_ef48_0.55_0.15_0.15_0.15_exp,MRepLM_32,16,2,524288,23756720,14.645509,6.212870,2124868,153137877724.00
rmat_s19_ef48_0.55_0.15_0.15_0.15_exp,kMM_32,16,0,524288,23756720,14.307391,11.559878,2136355,153639845313.00
rmat_s19_ef48_0.55_0.15_0.15_0.15_exp,kMM_32,16,1,524288,23756720,14.612106,11.633132,2136474,153633068893.00
rmat_s19_ef48_0.55_0.15_0.15_0.15_exp,kMM_32,16,2,524288,23756720,14.028345,11.701628,2136504,153639867268.00
rmat_s22_ef24_0.25_0.25_0.25_0.25_exp,MRepLM_32,16,0,4194304,100662680,69.714533,34.445407,32645562,2141286747491.00
rmat_s22_ef24_0.25_0.25_0.25_0.25_exp,MRepLM_32,16,1,4194304,100662680,72.499206,33.404973,32645460,2141288493635.00
rmat_s22_ef24_0.25_0.25_0.25_0.25_exp,MRepLM_32,16,2,4194304,100662680,73.020974,32.562912,32645514,2141287644501.00
rmat_s22_ef24_0.25_0.25_0.25_0.25_exp,kMM_32,16,0,4194304,100662680,69.698592,164.593615,32593375,2123002254195.00
rmat_s22_ef24_0.25_0.25_0.25_0.25_exp,kMM_32,16,1,4194304,100662680,62.240878,164.472013,32593751,2123047225750.00
rmat_s22_ef24_0.25_0.25_0.25_0.25_exp,kMM_32,16,2,4194304,100662680,61.557976,167.618094,32593013,2123006768871.00
rmat_s15_ef48_0.55_0.15_0.15_0.15_uni,MRepLM_32,16,0,32768,1349809,0.885361,0.372148,154517,58735362083.00
rmat_s15_ef48_0.55_0.15_0.15_0.15_uni,MRepLM_32,16,1,32768,1349809,0.874514,0.373296,154519,58735346070.00
rmat_s15_ef48_0.55_0.15_0.15_0.15_uni,MRepLM_32,16,2,32768,1349809,0.873378,0.366037,154519,58735198824.00
rmat_s15_ef48_0.55_0.15_0.15_0.15_uni,kMM_32,16,0,32768,1349809,0.833060,0.839631,155099,58623825704.00
rmat_s15_ef48_0.55_0.15_0.15_0.15_uni,kMM_32,16,1,32768,1349809,0.833099,0.810336,154970,58571546488.00
rmat_s15_ef48_0.55_0.15_0.15_0.15_uni,kMM_32,16,2,32768,1349809,0.815961,0.844718,154996,58573425407.00
rmat_s20_ef48_0.55_0.15_0.15_0.15_uni,MRepLM_32,16,0,1048576,48125802,30.862285,18.280279,4088393,1533134944541.00
rmat_s20_ef48_0.55_0.15_0.15_0.15_uni,MRepLM_32,16,1,1048576,48125802,31.796140,18.844087,4088398,1533137453373.00
rmat_s20_ef48_0.55_0.15_0.15_0.15_uni,MRepLM_32,16,2,1048576,48125802,31.982744,14.291256,4088408,1533141083820.00
rmat_s20_ef48_0.55_0.15_0.15_0.15_uni,kMM_32,16,0,1048576,48125802,31.443977,20.709663,4104657,1529231444218.00
rmat_s20_ef48_0.55_0.15_0.15_0.15_uni,kMM_32,16,1,1048576,48125802,30.941957,20.383208,4104539,1529148088707.00
rmat_s20_ef48_0.55_0.15_0.15_0.15_uni,kMM_32,16,2,1048576,48125802,27.544940,20.134548,4104621,1529150323738.00
rmat_s17_ef48_0.25_0.25_0.25_0.25_uni,MRepLM_32,16,0,131072,6289081,4.183875,1.265299,1036250,463531749882.00
rmat_s17_ef48_0.25_0.25_0.25_0.25_uni,MRepLM_32,16,1,131072,6289081,3.303648,1.102837,1036233,463529374805.00
rmat_s17_ef48_0.25_0.25_0.25_0.25_uni,MRepLM_32,16,2,131072,6289081,4.018792,1.079397,1036220,463523417865.00
rmat_s17_ef48_0.25_0.25_0.25_0.25_uni,kMM_32,16,0,131072,6289081,3.536305,4.764979,1035876,460264382020.00
rmat_s17_ef48_0.25_0.25_0.25_0.25_uni,kMM_32,16,1,131072,6289081,3.466328,4.988414,1035930,460277631714.00
rmat_s17_ef48_0.25_0.25_0.25_0.25_uni,kMM_32,16,2,131072,6289081,3.775719,4.799208,1035852,460280050011.00
rmat_s18_ef48_0.25_0.25_0.25_0.25_exp,MRepLM_32,16,0,262144,12580565,6.740246,2.339933,2072426,179595923736.00
rmat_s18_ef48_0.25_0.25_0.25_0.25_exp,MRepLM_32,16,1,262144,12580565,6.537722,2.459748,2072411,179595903606.00
rmat_s18_ef48_0.25_0.25_0.25_0.25_exp,MRepLM_32,16,2,262144,12580565,7.381891,2.234341,2072441,179597106698.00
rmat_s18_ef48_0.25_0.25_0.25_0.25_exp,kMM_32,16,0,262144,12580565,6.701870,9.377694,2071837,178314332055.00
rmat_s18_ef48_0.25_0.25_0.25_0.25_exp,kMM_32,16,1,262144,12580565,6.456397,9.232267,2071682,178313522271.00
rmat_s18_ef48_0.25_0.25_0.25_0.25_exp,kMM_32,16,2,262144,12580565,6.336744,9.219099,2071514,178311745638.00
rmat_s14_ef48_0.45_0.15_0.15_0.25_uni,MRepLM_32,16,0,16384,746906,0.518781,0.268676,122346,50566354973.00
rmat_s14_ef48_0.45_0.15_0.15_0.25_uni,MRepLM_32,16,1,16384,746906,0.457197,0.252402,122350,50566380247.00
rmat_s14_ef48_0.45_0.15_0.15_0.25_uni,MRepLM_32,16,2,16384,746906,0.458108,0.303777,122345,50565897747.00
rmat_s14_ef48_0.45_0.15_0.15_0.25_uni,kMM_32,16,0,16384,746906,0.444748,0.601274,122278,50295620741.00
rmat_s14_ef48_0.45_0.15_0.15_0.25_uni,kMM_32,16,1,16384,746906,0.439301,0.637435,122311,50264263169.00
rmat_s14_ef48_0.45_0.15_0.15_0.25_uni,kMM_32,16,2,16384,746906,0.408133,0.556043,122251,50295119277.00
rmat_s14_ef48_0.55_0.15_0.15_0.15_uni,MRepLM_32,16,0,16384,647545,0.327825,0.226002,80189,30598907810.00
rmat_s14_ef48_0.55_0.15_0.15_0.15_uni,MRepLM_32,16,1,16384,647545,0.346654,0.203899,80188,30598767435.00
rmat_s14_ef48_0.55_0.15_0.15_0.15_uni,MRepLM_32,16,2,16384,647545,0.401241,0.181300,80189,30598907810.00
rmat_s14_ef48_0.55_0.15_0.15_0.15_uni,kMM_32,16,0,16384,647545,0.349858,0.375262,80587,30536431216.00
rmat_s14_ef48_0.55_0.15_0.15_0.15_uni,kMM_32,16,1,16384,647545,0.417982,0.399221,80592,30524181890.00
rmat_s14_ef48_0.55_0.15_0.15_0.15_uni,kMM_32,16,2,16384,647545,0.375425,0.391062,80483,30513636289.00
rmat_s24_ef24_0.25_0.25_0.25_0.25_uni,MRepLM_32,16,0,16777216,402652592,283.755821,205.935738,130582695,52727143374649.00
rmat_s24_ef24_0.25_0.25_0.25_0.25_uni,MRepLM_32,16,1,16777216,402652592,311.650780,204.926658,130582583,52727098924453.00
rmat_s24_ef24_0.25_0.25_0.25_0.25_uni,MRepLM_32,16,2,16777216,402652592,290.166887,207.704659,130582662,52727104865721.00
rmat_s24_ef24_0.25_0.25_0.25_0.25_uni,kMM_32,16,0,16777216,402652592,304.792269,634.775399,130375413,52256983048948.00
rmat_s24_ef24_0.25_0.25_0.25_0.25_uni,kMM_32,16,1,16777216,402652592,281.153247,626.555443,130376015,52256489524447.00
rmat_s24_ef24_0.25_0.25_0.25_0.25_uni,kMM_32,16,2,16777216,402652592,280.417666,632.685866,130375361,52256627292977.00
rmat_s22_ef24_0.25_0.25_0.25_0.25_uni,MRepLM_32,16,0,4194304,100662701,79.163482,35.426048,32644567,13181495903751.00
rmat_s22_ef24_0.25_0.25_0.25_0.25_uni,MRepLM_32,16,1,4194304,100662701,74.678996,35.058311,32644407,13181484824774.00
rmat_s22_ef24_0.25_0.25_0.25_0.25_uni,MRepLM_32,16,2,4194304,100662701,77.819261,33.629731,32644432,13181476020181.00
rmat_s22_ef24_0.25_0.25_0.25_0.25_uni,kMM_32,16,0,4194304,100662701,70.801630,161.203048,32593379,13063843421323.00
rmat_s22_ef24_0.25_0.25_0.25_0.25_uni,kMM_32,16,1,4194304,100662701,70.345604,161.005611,32593799,13063708704817.00
rmat_s22_ef24_0.25_0.25_0.25_0.25_uni,kMM_32,16,2,4194304,100662701,70.842656,164.392373,32593214,13063678179683.00
rmat_s22_ef24_0.45_0.15_0.15_0.25_uni,MRepLM_32,16,0,4194304,100560801,70.154891,44.993347,26310596,9684036741404.00
rmat_s22_ef24_0.45_0.15_0.15_0.25_uni,MRepLM_32,16,1,4194304,100560801,67.829036,45.018801,26310616,9684048646929.00
rmat_s22_ef24_0.45_0.15_0.15_0.25_uni,MRepLM_32,16,2,4194304,100560801,70.851355,48.826171,26310630,9684043124474.00
rmat_s22_ef24_0.45_0.15_0.15_0.25_uni,kMM_32,16,0,4194304,100560801,66.450345,126.960379,26324154,9658557574679.00
rmat_s22_ef24_0.45_0.15_0.15_0.25_uni,kMM_32,16,1,4194304,100560801,63.314516,126.188564,26323387,9658285541269.00
rmat_s22_ef24_0.45_0.15_0.15_0.25_uni,kMM_32,16,2,4194304,100560801,61.261750,125.187844,26324750,9658621334935.00
rmat_s16_ef48_0.25_0.25_0.25_0.25_uni,MRepLM_32,16,0,65536,3143381,2.063994,0.591118,518121,231793071166.00
rmat_s16_ef48_0.25_0.25_0.25_0.25_uni,MRepLM_32,16,1,65536,3143381,2.040344,0.587630,518131,231793938320.00
rmat_s16_ef48_0.25_0.25_0.25_0.25_uni,MRepLM_32,16,2,65536,3143381,2.006217,0.557702,518127,231789616936.00
rmat_s16_ef48_0.25_0.25_0.25_0.25_uni,kMM_32,16,0,65536,3143381,1.859611,2.511692,518027,230170899653.00
rmat_s16_ef48_0.25_0.25_0.25_0.25_uni,kMM_32,16,1,65536,3143381,1.861360,2.395928,517956,230164138287.00
rmat_s16_ef48_0.25_0.25_0.25_0.25_uni,kMM_32,16,2,65536,3143381,1.806919,2.552884,517873,230139321711.00
rmat_s19_ef48_0.45_0.15_0.15_0.25_uni,MRepLM_32,16,0,524288,25014129,15.698418,7.631465,3777653,1536096294478.00
rmat_s19_ef48_0.45_0.15_0.15_0.25_uni,MRepLM_32,16,1,524288,25014129,16.224311,7.677959,3777640,1536100930530.00
rmat_s19_ef48_0.45_0.15_0.15_0.25_uni,MRepLM_32,16,2,524288,25014129,15.751072,6.708208,3777702,1536109098107.00
rmat_s19_ef48_0.45_0.15_0.15_0.25_uni,kMM_32,16,0,524288,25014129,16.127201,18.468241,3778154,1528057573707.00
rmat_s19_ef48_0.45_0.15_0.15_0.25_uni,kMM_32,16,1,524288,25014129,16.324128,18.410470,3777365,1527926944543.00
rmat_s19_ef48_0.45_0.15_0.15_0.25_uni,kMM_32,16,2,524288,25014129,12.480190,17.611437,3777590,1527858048002.00
rmat_s15_ef48_0.45_0.15_0.15_0.25_exp,MRepLM_32,16,0,32768,1520003,1.047217,0.396117,243033,18803882840.00
rmat_s15_ef48_0.45_0.15_0.15_0.25_exp,MRepLM_32,16,1,32768,1520003,0.974426,0.384776,243031,18803880322.00
rmat_s15_ef48_0.45_0.15_0.15_0.25_exp,MRepLM_32,16,2,32768,1520003,0.959699,0.371732,243034,18803881799.00
rmat_s15_ef48_0.45_0.15_0.15_0.25_exp,kMM_32,16,0,32768,1520003,0.866689,1.291360,242993,18758600548.00
rmat_s15_ef48_0.45_0.15_0.15_0.25_exp,kMM_32,16,1,32768,1520003,0.891063,1.314615,243092,18761002179.00
rmat_s15_ef48_0.45_0.15_0.15_0.25_exp,kMM_32,16,2,32768,1520003,0.891050,1.183009,243037,18759349302.00
rmat_s22_ef24_0.55_0.15_0.15_0.15_exp,MRepLM_32,16,0,4194304,99005401,68.333626,50.824157,12288355,786534993263.00
rmat_s22_ef24_0.55_0.15_0.15_0.15_exp,MRepLM_32,16,1,4194304,99005401,68.042911,53.975375,12288359,786535553813.00
rmat_s22_ef24_0.55_0.15_0.15_0.15_exp,MRepLM_32,16,2,4194304,99005401,70.248155,54.739637,12288358,786535634674.00
rmat_s22_ef24_0.55_0.15_0.15_0.15_exp,kMM_32,16,0,4194304,99005401,61.734368,64.135266,12347882,789139026482.00
rmat_s22_ef24_0.55_0.15_0.15_0.15_exp,kMM_32,16,1,4194304,99005401,50.496672,62.488430,12347745,789124504006.00
rmat_s22_ef24_0.55_0.15_0.15_0.15_exp,kMM_32,16,2,4194304,99005401,51.059878,63.250262,12347733,789124734332.00
rmat_s16_ef48_0.55_0.15_0.15_0.15_exp,MRepLM_32,16,0,65536,2788534,1.916717,0.636980,298189,21533983268.00
rmat_s16_ef48_0.55_0.15_0.15_0.15_exp,MRepLM_32,16,1,65536,2788534,1.877932,0.619154,298184,21534013304.00
rmat_s16_ef48_0.55_0.15_0.15_0.15_exp,MRepLM_32,16,2,65536,2788534,1.888045,0.650150,298187,21534042085.00
rmat_s16_ef48_0.55_0.15_0.15_0.15_exp,kMM_32,16,0,65536,2788534,1.759031,1.785665,299501,21593048962.00
rmat_s16_ef48_0.55_0.15_0.15_0.15_exp,kMM_32,16,1,65536,2788534,1.809630,1.649307,299530,21585484942.00
rmat_s16_ef48_0.55_0.15_0.15_0.15_exp,kMM_32,16,2,65536,2788534,1.761836,1.874556,299463,21588135997.00
rmat_s17_ef48_0.25_0.25_0.25_0.25_exp,MRepLM_32,16,0,131072,6289109,3.967458,1.154260,1036080,89761663433.00
rmat_s17_ef48_0.25_0.25_0.25_0.25_exp,MRepLM_32,16,1,131072,6289109,3.838495,0.994533,1036086,89761542186.00
rmat_s17_ef48_0.25_0.25_0.25_0.25_exp,MRepLM_32,16,2,131072,6289109,3.872374,1.038225,1036090,89761826427.00
rmat_s17_ef48_0.25_0.25_0.25_0.25_exp,kMM_32,16,0,131072,6289109,3.801092,5.537467,1035866,89117538750.00
rmat_s17_ef48_0.25_0.25_0.25_0.25_exp,kMM_32,16,1,131072,6289109,3.932573,5.366181,1035881,89117712018.00
rmat_s17_ef48_0.25_0.25_0.25_0.25_exp,kMM_32,16,2,131072,6289109,3.784039,4.960151,1035858,89115447257.00
rmat_s14_ef48_0.25_0.25_0.25_0.25_exp,MRepLM_32,16,0,16384,784053,0.483120,0.251939,129492,11210781437.00
rmat_s14_ef48_0.25_0.25_0.25_0.25_exp,MRepLM_32,16,1,16384,784053,0.489461,0.213304,129495,11210736055.00
rmat_s14_ef48_0.25_0.25_0.25_0.25_exp,MRepLM_32,16,2,16384,784053,0.477058,0.247546,129487,11210509125.00
rmat_s14_ef48_0.25_0.25_0.25_0.25_exp,kMM_32,16,0,16384,784053,0.460039,0.717840,129478,11130335952.00
rmat_s14_ef48_0.25_0.25_0.25_0.25_exp,kMM_32,16,1,16384,784053,0.444763,0.672918,129484,11128571266.00
rmat_s14_ef48_0.25_0.25_0.25_0.25_exp,kMM_32,16,2,16384,784053,0.459625,0.704868,129508,11131754279.00
rmat_s14_ef48_0.55_0.15_0.15_0.15_exp,MRepLM_32,16,0,16384,647435,0.371137,0.264307,80665,5809379256.00
rmat_s14_ef48_0.55_0.15_0.15_0.15_exp,MRepLM_32,16,1,16384,647435,0.387533,0.300774,80665,5809331192.00
rmat_s14_ef48_0.55_0.15_0.15_0.15_exp,MRepLM_32,16,2,16384,647435,0.365354,0.246434,80666,5809321472.00
rmat_s14_ef48_0.55_0.15_0.15_0.15_exp,kMM_32,16,0,16384,647435,0.399455,0.475476,81023,5820324333.00
rmat_s14_ef48_0.55_0.15_0.15_0.15_exp,kMM_32,16,1,16384,647435,0.369852,0.490206,81032,5822767083.00
rmat_s14_ef48_0.55_0.15_0.15_0.15_exp,kMM_32,16,2,16384,647435,0.380044,0.447607,81078,5823371079.00
rmat_s14_ef48_0.45_0.15_0.15_0.25_exp,MRepLM_32,16,0,16384,746669,0.410312,0.262554,122287,9475611276.00
rmat_s14_ef48_0.45_0.15_0.15_0.25_exp,MRepLM_32,16,1,16384,746669,0.411675,0.239887,122290,9475607309.00
rmat_s14_ef48_0.45_0.15_0.15_0.25_exp,MRepLM_32,16,2,16384,746669,0.388502,0.223230,122290,9475585852.00
rmat_s14_ef48_0.45_0.15_0.15_0.25_exp,kMM_32,16,0,16384,746669,0.414798,0.649037,122310,9450798015.00
rmat_s14_ef48_0.45_0.15_0.15_0.25_exp,kMM_32,16,1,16384,746669,0.436988,0.663218,122255,9450092427.00
rmat_s14_ef48_0.45_0.15_0.15_0.25_exp,kMM_32,16,2,16384,746669,0.429563,0.663483,122242,9448977917.00
rmat_s20_ef48_0.25_0.25_0.25_0.25_exp,MRepLM_32,16,0,1048576,50329356,31.883452,16.087221,8289581,717952547138.00
rmat_s20_ef48_0.25_0.25_0.25_0.25_exp,MRepLM_32,16,1,1048576,50329356,34.510510,16.739112,8289657,717954120997.00
rmat_s20_ef48_0.25_0.25_0.25_0.25_exp,MRepLM_32,16,2,1048576,50329356,33.928713,16.854764,8289645,717951658629.00
rmat_s20_ef48_0.25_0.25_0.25_0.25_exp,kMM_32,16,0,1048576,50329356,32.321640,42.176288,8287093,712847239471.00
rmat_s20_ef48_0.25_0.25_0.25_0.25_exp,kMM_32,16,1,1048576,50329356,32.406406,42.517340,8287551,712848373183.00
rmat_s20_ef48_0.25_0.25_0.25_0.25_exp,kMM_32,16,2,1048576,50329356,34.232438,43.422499,8287288,712853668771.00
rmat_s23_ef24_0.55_0.15_0.15_0.15_exp,MRepLM_32,16,0,8388608,198780903,140.174932,101.205973,23648167,1515184507867.00
rmat_s23_ef24_0.55_0.15_0.15_0.15_exp,MRepLM_32,16,1,8388608,198780903,141.164866,107.722867,23648193,1515185555712.00
rmat_s23_ef24_0.55_0.15_0.15_0.15_exp,MRepLM_32,16,2,8388608,198780903,143.416734,106.407622,23648174,1515184267822.00
rmat_s23_ef24_0.55_0.15_0.15_0.15_exp,kMM_32,16,0,8388608,198780903,129.876868,138.690745,23776902,1520118868891.00
rmat_s23_ef24_0.55_0.15_0.15_0.15_exp,kMM_32,16,1,8388608,198780903,130.052866,132.221029,23777664,1520106638997.00
rmat_s23_ef24_0.55_0.15_0.15_0.15_exp,kMM_32,16,2,8388608,198780903,130.487178,133.682393,23777175,1520106484992.00
rmat_s19_ef48_0.45_0.15_0.15_0.25_exp,MRepLM_32,16,0,524288,25014316,17.531051,7.440327,3777986,289363650476.00
rmat_s19_ef48_0.45_0.15_0.15_0.25_exp,MRepLM_32,16,1,524288,25014316,16.396534,8.479385,3777993,289363987164.00
rmat_s19_ef48_0.45_0.15_0.15_0.25_exp,MRepLM_32,16,2,524288,25014316,16.265342,7.692693,3778012,289364156661.00
rmat_s19_ef48_0.45_0.15_0.15_0.25_exp,kMM_32,16,0,524288,25014316,15.666262,18.703454,3780235,288969386218.00
rmat_s19_ef48_0.45_0.15_0.15_0.25_exp,kMM_32,16,1,524288,25014316,16.157321,20.276914,3780199,288964711215.00
rmat_s19_ef48_0.45_0.15_0.15_0.25_exp,kMM_32,16,2,524288,25014316,14.857170,19.443990,3779515,288950235738.00
rmat_s20_ef48_0.45_0.15_0.15_0.25_exp,MRepLM_32,16,0,1048576,50135288,31.586534,17.553583,7497885,572596935248.00
rmat_s20_ef48_0.45_0.15_0.15_0.25_exp,MRepLM_32,16,1,1048576,50135288,31.593438,16.602625,7497897,572597509104.00
rmat_s20_ef48_0.45_0.15_0.15_0.25_exp,MRepLM_32,16,2,1048576,50135288,31.640549,15.320053,7497882,572598146477.00
rmat_s20_ef48_0.45_0.15_0.15_0.25_exp,kMM_32,16,0,1048576,50135288,30.634119,37.115847,7503017,571934826308.00
rmat_s20_ef48_0.45_0.15_0.15_0.25_exp,kMM_32,16,1,1048576,50135288,30.984151,37.648493,7502811,571909377976.00
rmat_s20_ef48_0.45_0.15_0.15_0.25_exp,kMM_32,16,2,1048576,50135288,31.471112,37.603076,7503265,571928177826.00
rmat_s18_ef48_0.25_0.25_0.25_0.25_uni,MRepLM_32,16,0,262144,12580633,9.521142,2.700141,2072346,926983831260.00
rmat_s18_ef48_0.25_0.25_0.25_0.25_uni,MRepLM_32,16,1,262144,12580633,8.204714,2.762480,2072352,926986378352.00
rmat_s18_ef48_0.25_0.25_0.25_0.25_uni,MRepLM_32,16,2,262144,12580633,8.274930,2.467363,2072341,926983337217.00
rmat_s18_ef48_0.25_0.25_0.25_0.25_uni,kMM_32,16,0,262144,12580633,7.870822,10.184728,2071780,920562303348.00
rmat_s18_ef48_0.25_0.25_0.25_0.25_uni,kMM_32,16,1,262144,12580633,7.586334,9.725388,2071892,920620216769.00
rmat_s18_ef48_0.25_0.25_0.25_0.25_uni,kMM_32,16,2,262144,12580633,6.998294,9.663769,2071954,920606179681.00
rmat_s24_ef24_0.25_0.25_0.25_0.25_exp,MRepLM_32,16,0,16777216,402652618,290.449445,203.138537,130583742,8564621014360.00
rmat_s24_ef24_0.25_0.25_0.25_0.25_exp,MRepLM_32,16,1,16777216,402652618,280.268430,199.245521,130583670,8564626500912.00
rmat_s24_ef24_0.25_0.25_0.25_0.25_exp,MRepLM_32,16,2,16777216,402652618,312.481771,195.949607,130583810,8564627304637.00
rmat_s24_ef24_0.25_0.25_0.25_0.25_exp,kMM_32,16,0,16777216,402652618,300.296749,671.049229,130374661,8491610410075.00
rmat_s24_ef24_0.25_0.25_0.25_0.25_exp,kMM_32,16,1,16777216,402652618,273.904324,661.561014,130372026,8491577691672.00
rmat_s24_ef24_0.25_0.25_0.25_0.25_exp,kMM_32,16,2,16777216,402652618,276.829433,669.211815,130373254,8491509688745.00
rmat_s21_ef24_0.45_0.15_0.15_0.25_uni,MRepLM_32,16,0,2097152,50253908,37.037017,18.803403,13304770,4904799602895.00
rmat_s21_ef24_0.45_0.15_0.15_0.25_uni,MRepLM_32,16,1,2097152,50253908,35.525520,18.168548,13304806,4904798186086.00
rmat_s21_ef24_0.45_0.15_0.15_0.25_uni,MRepLM_32,16,2,2097152,50253908,35.280464,18.218251,13304824,4904800891228.00
rmat_s21_ef24_0.45_0.15_0.15_0.25_uni,kMM_32,16,0,2097152,50253908,33.999241,64.315808,13309984,4891339864305.00
rmat_s21_ef24_0.45_0.15_0.15_0.25_uni,kMM_32,16,1,2097152,50253908,34.107751,64.689713,13310124,4891168014957.00
rmat_s21_ef24_0.45_0.15_0.15_0.25_uni,kMM_32,16,2,2097152,50253908,33.129109,64.351234,13309451,4891182702171.00
rmat_s19_ef48_0.55_0.15_0.15_0.15_uni,MRepLM_32,16,0,524288,23757244,15.543449,7.009126,2126399,798295897544.00
rmat_s19_ef48_0.55_0.15_0.15_0.15_uni,MRepLM_32,16,1,524288,23757244,14.434202,7.429891,2126402,798300323405.00
rmat_s19_ef48_0.55_0.15_0.15_0.15_uni,MRepLM_32,16,2,524288,23757244,15.349181,7.108468,2126394,798293303968.00
rmat_s19_ef48_0.55_0.15_0.15_0.15_uni,kMM_32,16,0,524288,23757244,15.326783,10.883011,2134652,796062481033.00
rmat_s19_ef48_0.55_0.15_0.15_0.15_uni,kMM_32,16,1,524288,23757244,15.720256,10.564939,2134774,796125774067.00
rmat_s19_ef48_0.55_0.15_0.15_0.15_uni,kMM_32,16,2,524288,23757244,15.530879,10.540620,2134436,795960661131.00
rmat_s21_ef24_0.55_0.15_0.15_0.15_uni,MRepLM_32,16,0,2097152,49253582,31.363369,16.897240,6380358,2282028743013.00
rmat_s21_ef24_0.55_0.15_0.15_0.15_uni,MRepLM_32,16,1,2097152,49253582,32.175876,16.725852,6380398,2282027913325.00
rmat_s21_ef24_0.55_0.15_0.15_0.15_uni,MRepLM_32,16,2,2097152,49253582,32.535845,17.033022,6380350,2282023974993.00
rmat_s21_ef24_0.55_0.15_0.15_0.15_uni,kMM_32,16,0,2097152,49253582,32.145907,32.578721,6413237,2281110802409.00
rmat_s21_ef24_0.55_0.15_0.15_0.15_uni,kMM_32,16,1,2097152,49253582,32.804703,31.862952,6413081,2281204928772.00
rmat_s21_ef24_0.55_0.15_0.15_0.15_uni,kMM_32,16,2,2097152,49253582,32.169024,31.020089,6413992,2281311050083.00
rmat_s21_ef24_0.45_0.15_0.15_0.25_exp,MRepLM_32,16,0,2097152,50253000,32.706972,18.779784,13303774,819276464210.00
rmat_s21_ef24_0.45_0.15_0.15_0.25_exp,MRepLM_32,16,1,2097152,50253000,33.226720,24.553825,13303750,819276403094.00
rmat_s21_ef24_0.45_0.15_0.15_0.25_exp,MRepLM_32,16,2,2097152,50253000,34.153127,24.931936,13303772,819276898112.00
rmat_s21_ef24_0.45_0.15_0.15_0.25_exp,kMM_32,16,0,2097152,50253000,33.850046,66.621379,13312886,818316648400.00
rmat_s21_ef24_0.45_0.15_0.15_0.25_exp,kMM_32,16,1,2097152,50253000,34.334076,70.184030,13313146,818308387368.00
rmat_s21_ef24_0.45_0.15_0.15_0.25_exp,kMM_32,16,2,2097152,50253000,34.251984,67.347941,13313169,818341743440.00
rmat_s15_ef48_0.45_0.15_0.15_0.25_uni,MRepLM_32,16,0,32768,1520529,0.919190,0.338258,242776,100007704185.00
rmat_s15_ef48_0.45_0.15_0.15_0.25_uni,MRepLM_32,16,1,32768,1520529,0.873948,0.355585,242739,100005945805.00
rmat_s15_ef48_0.45_0.15_0.15_0.25_uni,MRepLM_32,16,2,32768,1520529,0.799472,0.389815,242785,100010332673.00
rmat_s15_ef48_0.45_0.15_0.15_0.25_uni,kMM_32,16,0,32768,1520529,0.739229,1.096300,242710,99488509815.00
rmat_s15_ef48_0.45_0.15_0.15_0.25_uni,kMM_32,16,1,32768,1520529,0.920644,1.167763,242625,99447968384.00
rmat_s15_ef48_0.45_0.15_0.15_0.25_uni,kMM_32,16,2,32768,1520529,0.931040,1.172832,242701,99466348253.00
rmat_s24_ef24_0.45_0.15_0.15_0.25_uni,MRepLM_32,16,0,16777216,402479213,308.430881,266.637043,102940220,37775918401589.00
rmat_s24_ef24_0.45_0.15_0.15_0.25_uni,MRepLM_32,16,1,16777216,402479213,296.137264,270.716960,102940235,37775900701342.00
rmat_s24_ef24_0.45_0.15_0.15_0.25_uni,MRepLM_32,16,2,16777216,402479213,298.882404,267.096302,102940340,37775940578944.00
rmat_s24_ef24_0.45_0.15_0.15_0.25_uni,kMM_32,16,0,16777216,402479213,306.069134,501.048181,103017168,37683922271917.00
rmat_s24_ef24_0.45_0.15_0.15_0.25_uni,kMM_32,16,1,16777216,402479213,278.417357,508.228645,103016946,37683950890259.00
rmat_s24_ef24_0.45_0.15_0.15_0.25_uni,kMM_32,16,2,16777216,402479213,291.083524,509.384069,103018370,37683620815679.00
rmat_s23_ef24_0.25_0.25_0.25_0.25_exp,MRepLM_32,16,0,8388608,201325970,152.540883,67.521513,65289634,4282541926662.00
rmat_s23_ef24_0.25_0.25_0.25_0.25_exp,MRepLM_32,16,1,8388608,201325970,155.568720,68.174528,65289564,4282543106040.00
rmat_s23_ef24_0.25_0.25_0.25_0.25_exp,MRepLM_32,16,2,8388608,201325970,147.696111,69.022353,65289751,4282542627180.00
rmat_s23_ef24_0.25_0.25_0.25_0.25_exp,kMM_32,16,0,8388608,201325970,141.525014,326.256435,65186684,4246071138962.00
rmat_s23_ef24_0.25_0.25_0.25_0.25_exp,kMM_32,16,1,8388608,201325970,150.332481,327.908039,65185187,4246017563407.00
rmat_s23_ef24_0.25_0.25_0.25_0.25_exp,kMM_32,16,2,8388608,201325970,136.431761,327.183192,65185958,4246039022491.00
rmat_s15_ef48_0.25_0.25_0.25_0.25_uni,MRepLM_32,16,0,32768,1570612,0.958607,0.307232,259019,115840964429.00
rmat_s15_ef48_0.25_0.25_0.25_0.25_uni,MRepLM_32,16,1,32768,1570612,1.008213,0.316560,259021,115841163129.00
rmat_s15_ef48_0.25_0.25_0.25_0.25_uni,MRepLM_32,16,2,32768,1570612,0.979094,0.341291,259020,115840859469.00
rmat_s15_ef48_0.25_0.25_0.25_0.25_uni,kMM_32,16,0,32768,1570612,1.014189,1.337031,258989,115034994492.00
rmat_s15_ef48_0.25_0.25_0.25_0.25_uni,kMM_32,16,1,32768,1570612,1.012286,1.290791,258988,115031699251.00
rmat_s15_ef48_0.25_0.25_0.25_0.25_uni,kMM_32,16,2,32768,1570612,1.007795,1.295388,259019,115036217979.00
rmat_s19_ef48_0.25_0.25_0.25_0.25_uni,MRepLM_32,16,0,524288,25163518,15.553694,5.370796,4144909,1854134773254.00
rmat_s19_ef48_0.25_0.25_0.25_0.25_uni,MRepLM_32,16,1,524288,25163518,16.869420,6.062386,4144940,1854135032795.00
rmat_s19_ef48_0.25_0.25_0.25_0.25_uni,MRepLM_32,16,2,524288,25163518,16.514353,5.707374,4144920,1854133123583.00
rmat_s19_ef48_0.25_0.25_0.25_0.25_uni,kMM_32,16,0,524288,25163518,16.458375,20.033574,4143748,1841243876880.00
rmat_s19_ef48_0.25_0.25_0.25_0.25_uni,kMM_32,16,1,524288,25163518,16.939790,20.178623,4143738,1841158919933.00
rmat_s19_ef48_0.25_0.25_0.25_0.25_uni,kMM_32,16,2,524288,25163518,14.959911,19.605185,4143544,1841163689652.00
rmat_s16_ef48_0.25_0.25_0.25_0.25_exp,MRepLM_32,16,0,65536,3143475,1.974106,0.567871,518082,44807572977.00
rmat_s16_ef48_0.25_0.25_0.25_0.25_exp,MRepLM_32,16,1,65536,3143475,1.990923,0.641038,518105,44807799505.00
rmat_s16_ef48_0.25_0.25_0.25_0.25_exp,MRepLM_32,16,2,65536,3143475,1.955500,0.637436,518102,44807759834.00
rmat_s16_ef48_0.25_0.25_0.25_0.25_exp,kMM_32,16,0,65536,3143475,1.897718,2.583924,517976,44487230798.00
rmat_s16_ef48_0.25_0.25_0.25_0.25_exp,kMM_32,16,1,65536,3143475,1.917342,2.514597,517955,44488524332.00
rmat_s16_ef48_0.25_0.25_0.25_0.25_exp,kMM_32,16,2,65536,3143475,1.755926,2.662763,517860,44486190880.00
rmat_s21_ef24_0.25_0.25_0.25_0.25_uni,MRepLM_32,16,0,2097152,50331056,34.274995,16.438251,16323162,6590991171676.00
rmat_s21_ef24_0.25_0.25_0.25_0.25_uni,MRepLM_32,16,1,2097152,50331056,35.447289,16.477188,16323041,6590984058775.00
rmat_s21_ef24_0.25_0.25_0.25_0.25_uni,MRepLM_32,16,2,2097152,50331056,34.736078,14.756502,16323117,6590991978252.00
rmat_s21_ef24_0.25_0.25_0.25_0.25_uni,kMM_32,16,0,2097152,50331056,32.919189,79.023692,16296689,6531908959594.00
rmat_s21_ef24_0.25_0.25_0.25_0.25_uni,kMM_32,16,1,2097152,50331056,36.311913,79.453458,16296777,6532082937810.00
rmat_s21_ef24_0.25_0.25_0.25_0.25_uni,kMM_32,16,2,2097152,50331056,36.834498,79.793319,16296995,6532134991590.00
rmat_s22_ef24_0.45_0.15_0.15_0.25_exp,MRepLM_32,16,0,4194304,100561270,70.258835,40.787688,26309608,1619459274473.00
rmat_s22_ef24_0.45_0.15_0.15_0.25_exp,MRepLM_32,16,1,4194304,100561270,67.878275,37.659756,26309620,1619459490010.00
rmat_s22_ef24_0.45_0.15_0.15_0.25_exp,MRepLM_32,16,2,4194304,100561270,72.001207,39.435595,26309613,1619460155763.00
rmat_s22_ef24_0.45_0.15_0.15_0.25_exp,kMM_32,16,0,4194304,100561270,67.687446,138.821206,26333215,1617796102111.00
rmat_s22_ef24_0.45_0.15_0.15_0.25_exp,kMM_32,16,1,4194304,100561270,70.084281,135.464647,26333397,1617823391673.00
rmat_s22_ef24_0.45_0.15_0.15_0.25_exp,kMM_32,16,2,4194304,100561270,71.885578,138.232667,26332563,1617837976005.00
rmat_s24_ef24_0.55_0.15_0.15_0.15_uni,MRepLM_32,16,0,16777216,398754887,264.297487,232.839279,45346019,16176210113192.00
rmat_s24_ef24_0.55_0.15_0.15_0.15_uni,MRepLM_32,16,1,16777216,398754887,287.956978,243.108788,45346040,16176228517325.00
rmat_s24_ef24_0.55_0.15_0.15_0.15_uni,MRepLM_32,16,2,16777216,398754887,301.505573,225.998049,45346044,16176222156136.00
rmat_s24_ef24_0.55_0.15_0.15_0.15_uni,kMM_32,16,0,16777216,398754887,282.839446,235.909578,45572971,16172709518863.00
rmat_s24_ef24_0.55_0.15_0.15_0.15_uni,kMM_32,16,1,16777216,398754887,299.731502,234.479237,45572789,16172910683490.00
rmat_s24_ef24_0.55_0.15_0.15_0.15_uni,kMM_32,16,2,16777216,398754887,269.480488,236.428370,45572732,16172359413946.00
rmat_s24_ef24_0.45_0.15_0.15_0.25_exp,MRepLM_32,16,0,16777216,214611454,153.538925,87.645959,47827990,3130654616853.00
rmat_s24_ef24_0.45_0.15_0.15_0.25_exp,MRepLM_32,16,1,16777216,214611454,156.164011,93.219221,47828006,3130655193963.00
rmat_s24_ef24_0.45_0.15_0.15_0.25_exp,MRepLM_32,16,2,16777216,214611454,160.949076,89.208058,47827991,3130654896597.00
rmat_s24_ef24_0.45_0.15_0.15_0.25_exp,kMM_32,16,0,16777216,214611454,162.747542,262.299713,48363932,3143837054222.00
rmat_s24_ef24_0.45_0.15_0.15_0.25_exp,kMM_32,16,1,16777216,214611454,134.121789,257.505383,48363336,3143780788622.00
rmat_s24_ef24_0.45_0.15_0.15_0.25_exp,kMM_32,16,2,16777216,214611454,130.201528,256.809649,48363952,3143845968342.00
rmat_s16_ef48_0.45_0.15_0.15_0.25_uni,MRepLM_32,16,0,65536,3076208,2.004554,0.721785,482478,198025211175.00
rmat_s16_ef48_0.45_0.15_0.15_0.25_uni,MRepLM_32,16,1,65536,3076208,1.905770,0.681699,482502,198023527788.00
rmat_s16_ef48_0.45_0.15_0.15_0.25_uni,MRepLM_32,16,2,65536,3076208,1.937073,0.633119,482503,198025330813.00
rmat_s16_ef48_0.45_0.15_0.15_0.25_uni,kMM_32,16,0,65536,3076208,1.910638,2.438881,482245,196932564341.00
rmat_s16_ef48_0.45_0.15_0.15_0.25_uni,kMM_32,16,1,65536,3076208,2.020814,2.329938,482271,196927089378.00
rmat_s16_ef48_0.45_0.15_0.15_0.25_uni,kMM_32,16,2,65536,3076208,1.885849,2.402748,482165,196920808056.00
rmat_s17_ef48_0.55_0.15_0.15_0.15_exp,MRepLM_32,16,0,131072,5724931,3.655295,1.202843,572091,41340460574.00
rmat_s17_ef48_0.55_0.15_0.15_0.15_exp,MRepLM_32,16,1,131072,5724931,3.570046,1.129844,572086,41340418583.00
rmat_s17_ef48_0.55_0.15_0.15_0.15_exp,MRepLM_32,16,2,131072,5724931,3.355409,1.189734,572085,41340463619.00
rmat_s17_ef48_0.55_0.15_0.15_0.15_exp,kMM_32,16,0,131072,5724931,3.496810,3.231390,575304,41462631446.00
rmat_s17_ef48_0.55_0.15_0.15_0.15_exp,kMM_32,16,1,131072,5724931,3.682512,3.243348,575354,41460279031.00
rmat_s17_ef48_0.55_0.15_0.15_0.15_exp,kMM_32,16,2,131072,5724931,3.492920,3.351014,575247,41458840158.00
rmat_s21_ef24_0.25_0.25_0.25_0.25_exp,MRepLM_32,16,0,2097152,50331039,35.351008,16.723598,16323025,1070414518871.00
rmat_s21_ef24_0.25_0.25_0.25_0.25_exp,MRepLM_32,16,1,2097152,50331039,36.581414,16.671159,16322987,1070415963784.00
rmat_s21_ef24_0.25_0.25_0.25_0.25_exp,MRepLM_32,16,2,2097152,50331039,34.240361,14.050614,16323057,1070415038209.00
rmat_s21_ef24_0.25_0.25_0.25_0.25_exp,kMM_32,16,0,2097152,50331039,34.231251,82.088227,16296692,1061267482782.00
rmat_s21_ef24_0.25_0.25_0.25_0.25_exp,kMM_32,16,1,2097152,50331039,35.130565,82.774870,16296467,1061262202727.00
rmat_s21_ef24_0.25_0.25_0.25_0.25_exp,kMM_32,16,2,2097152,50331039,34.409445,80.357981,16296071,1061267831049.00
rmat_s15_ef48_0.25_0.25_0.25_0.25_exp,MRepLM_32,16,0,32768,1570537,0.963710,0.367370,259034,22409102181.00
rmat_s15_ef48_0.25_0.25_0.25_0.25_exp,MRepLM_32,16,1,32768,1570537,0.936392,0.308034,259051,22409354883.00
rmat_s15_ef48_0.25_0.25_0.25_0.25_exp,MRepLM_32,16,2,32768,1570537,0.939969,0.325970,259052,22409327310.00
rmat_s15_ef48_0.25_0.25_0.25_0.25_exp,kMM_32,16,0,32768,1570537,0.972714,1.456117,258960,22248094084.00
rmat_s15_ef48_0.25_0.25_0.25_0.25_exp,kMM_32,16,1,32768,1570537,0.976549,1.293204,258991,22248263392.00
rmat_s15_ef48_0.25_0.25_0.25_0.25_exp,kMM_32,16,2,32768,1570537,0.918642,1.439879,259016,22252875331.00
rmat_s18_ef48_0.55_0.15_0.15_0.15_uni,MRepLM_32,16,0,262144,11687806,6.923110,3.102641,1103839,415099121690.00
rmat_s18_ef48_0.55_0.15_0.15_0.15_uni,MRepLM_32,16,1,262144,11687806,7.545257,2.566403,1103865,415103239280.00
rmat_s18_ef48_0.55_0.15_0.15_0.15_uni,MRepLM_32,16,2,262144,11687806,7.251764,3.185943,1103832,415101515492.00
rmat_s18_ef48_0.55_0.15_0.15_0.15_uni,kMM_32,16,0,262144,11687806,7.554945,5.516130,1107270,413927759948.00
rmat_s18_ef48_0.55_0.15_0.15_0.15_uni,kMM_32,16,1,262144,11687806,7.051544,5.595182,1107148,413909125563.00
rmat_s18_ef48_0.55_0.15_0.15_0.15_uni,kMM_32,16,2,262144,11687806,7.069897,5.516552,1107153,413931334709.00
rmat_s16_ef48_0.45_0.15_0.15_0.25_exp,MRepLM_32,16,0,65536,3076205,1.886766,0.656546,482204,37326658944.00
rmat_s16_ef48_0.45_0.15_0.15_0.25_exp,MRepLM_32,16,1,65536,3076205,1.821143,0.670290,482207,37326699512.00
rmat_s16_ef48_0.45_0.15_0.15_0.25_exp,MRepLM_32,16,2,65536,3076205,1.424974,0.540341,482214,37326597890.00
rmat_s16_ef48_0.45_0.15_0.15_0.25_exp,kMM_32,16,0,65536,3076205,1.145784,2.337040,482269,37249204293.00
rmat_s16_ef48_0.45_0.15_0.15_0.25_exp,kMM_32,16,1,65536,3076205,1.759224,2.224309,482366,37251514407.00
rmat_s16_ef48_0.45_0.15_0.15_0.25_exp,kMM_32,16,2,65536,3076205,1.692288,2.221300,482395,37247970421.00
rmat_s14_ef48_0.25_0.25_0.25_0.25_uni,MRepLM_32,16,0,16384,784163,0.466416,0.202116,129527,57898922484.00
rmat_s14_ef48_0.25_0.25_0.25_0.25_uni,MRepLM_32,16,1,16384,784163,0.430773,0.213442,129528,57897344961.00
rmat_s14_ef48_0.25_0.25_0.25_0.25_uni,MRepLM_32,16,2,16384,784163,0.396896,0.197365,129528,57897344961.00
rmat_s14_ef48_0.25_0.25_0.25_0.25_uni,kMM_32,16,0,16384,784163,0.489846,0.540668,129491,57502128277.00
rmat_s14_ef48_0.25_0.25_0.25_0.25_uni,kMM_32,16,1,16384,784163,0.486498,0.534300,129519,57496571337.00
rmat_s14_ef48_0.25_0.25_0.25_0.25_uni,kMM_32,16,2,16384,784163,0.421810,0.680652,129493,57478168790.00
rmat_s16_ef48_0.55_0.15_0.15_0.15_uni,MRepLM_32,16,0,65536,2788673,1.179132,0.455695,297905,112558878457.00
rmat_s16_ef48_0.55_0.15_0.15_0.15_uni,MRepLM_32,16,1,65536,2788673,1.596586,0.648787,297909,112560115683.00
rmat_s16_ef48_0.55_0.15_0.15_0.15_uni,MRepLM_32,16,2,65536,2788673,1.636949,0.682722,297896,112558165244.00
rmat_s16_ef48_0.55_0.15_0.15_0.15_uni,kMM_32,16,0,65536,2788673,1.620089,1.457062,298945,112266146328.00
rmat_s16_ef48_0.55_0.15_0.15_0.15_uni,kMM_32,16,1,65536,2788673,1.613228,1.534797,298859,112275267136.00
rmat_s16_ef48_0.55_0.15_0.15_0.15_uni,kMM_32,16,2,65536,2788673,1.610460,1.471681,298862,112245684355.00
rmat_s23_ef24_0.45_0.15_0.15_0.25_exp,MRepLM_32,16,0,8388608,201192583,140.183411,121.766858,52042320,3203301239432.00
rmat_s23_ef24_0.45_0.15_0.15_0.25_exp,MRepLM_32,16,1,8388608,201192583,145.187340,118.765473,52042373,3203301645678.00
rmat_s23_ef24_0.45_0.15_0.15_0.25_exp,MRepLM_32,16,2,8388608,201192583,149.254779,118.131929,52042311,3203301714058.00
rmat_s23_ef24_0.45_0.15_0.15_0.25_exp,kMM_32,16,0,8388608,201192583,147.783024,280.407719,52097801,3200585540749.00
rmat_s23_ef24_0.45_0.15_0.15_0.25_exp,kMM_32,16,1,8388608,201192583,140.290426,279.020512,52095602,3200582509114.00
rmat_s23_ef24_0.45_0.15_0.15_0.25_exp,kMM_32,16,2,8388608,201192583,144.075314,276.998790,52097528,3200591297191.00
rmat_s23_ef24_0.55_0.15_0.15_0.15_uni,MRepLM_32,16,0,8388608,198780869,141.570105,94.789406,23645801,8423773405709.00
rmat_s23_ef24_0.55_0.15_0.15_0.15_uni,MRepLM_32,16,1,8388608,198780869,141.760773,99.473928,23645781,8423770392344.00
rmat_s23_ef24_0.55_0.15_0.15_0.15_uni,MRepLM_32,16,2,8388608,198780869,141.450811,90.573247,23645856,8423779248959.00
rmat_s23_ef24_0.55_0.15_0.15_0.15_uni,kMM_32,16,0,8388608,198780869,129.177748,119.417810,23753773,8420113569586.00
rmat_s23_ef24_0.55_0.15_0.15_0.15_uni,kMM_32,16,1,8388608,198780869,119.058173,115.946154,23753722,8420108325767.00
rmat_s23_ef24_0.55_0.15_0.15_0.15_uni,kMM_32,16,2,8388608,198780869,120.280520,119.986821,23753369,8420088324668.00
rmat_s18_ef48_0.55_0.15_0.15_0.15_exp,MRepLM_32,16,0,262144,11686498,8.066240,2.946915,1103417,79547834746.00
rmat_s18_ef48_0.55_0.15_0.15_0.15_exp,MRepLM_32,16,1,262144,11686498,8.326492,3.234255,1103411,79547981138.00
rmat_s18_ef48_0.55_0.15_0.15_0.15_exp,MRepLM_32,16,2,262144,11686498,7.905700,2.665877,1103410,79547966909.00
rmat_s18_ef48_0.55_0.15_0.15_0.15_exp,kMM_32,16,0,262144,11686498,7.628904,6.046615,1108479,79802358852.00
rmat_s18_ef48_0.55_0.15_0.15_0.15_exp,kMM_32,16,1,262144,11686498,7.703424,6.041157,1108555,79797848645.00
rmat_s18_ef48_0.55_0.15_0.15_0.15_exp,kMM_32,16,2,262144,11686498,6.898163,6.027793,1108346,79789726653.00
rmat_s17_ef48_0.55_0.15_0.15_0.15_uni,MRepLM_32,16,0,131072,5725537,3.759832,1.140372,571349,215901434696.00
rmat_s17_ef48_0.55_0.15_0.15_0.15_uni,MRepLM_32,16,1,131072,5725537,3.625204,1.261925,571330,215898446593.00
rmat_s17_ef48_0.55_0.15_0.15_0.15_uni,MRepLM_32,16,2,131072,5725537,3.630844,1.152572,571342,215901948291.00
rmat_s17_ef48_0.55_0.15_0.15_0.15_uni,kMM_32,16,0,131072,5725537,3.415974,2.975637,573823,215275290077.00
rmat_s17_ef48_0.55_0.15_0.15_0.15_uni,kMM_32,16,1,131072,5725537,3.559150,2.876392,573824,215317234298.00
rmat_s17_ef48_0.55_0.15_0.15_0.15_uni,kMM_32,16,2,131072,5725537,3.536236,2.762317,573627,215255554502.00
rmat_s15_ef48_0.55_0.15_0.15_0.15_exp,MRepLM_32,16,0,32768,1349417,0.948069,0.346601,154450,11167319597.00
rmat_s15_ef48_0.55_0.15_0.15_0.15_exp,MRepLM_32,16,1,32768,1349417,0.817660,0.343091,154450,11167338966.00
rmat_s15_ef48_0.55_0.15_0.15_0.15_exp,MRepLM_32,16,2,32768,1349417,0.784055,0.333818,154450,11167319597.00
rmat_s15_ef48_0.55_0.15_0.15_0.15_exp,kMM_32,16,0,32768,1349417,0.735666,0.860693,155242,11199869471.00
rmat_s15_ef48_0.55_0.15_0.15_0.15_exp,kMM_32,16,1,32768,1349417,0.796259,0.909040,155211,11200639284.00
rmat_s15_ef48_0.55_0.15_0.15_0.15_exp,kMM_32,16,2,32768,1349417,0.767589,0.899814,155165,11201265929.00
rmat_s19_ef48_0.25_0.25_0.25_0.25_exp,MRepLM_32,16,0,524288,25163507,15.956907,7.684797,4144856,358910424871.00
rmat_s19_ef48_0.25_0.25_0.25_0.25_exp,MRepLM_32,16,1,524288,25163507,16.380836,6.493329,4144873,358910790892.00
rmat_s19_ef48_0.25_0.25_0.25_0.25_exp,MRepLM_32,16,2,524288,25163507,16.224945,6.258325,4144905,358911269040.00
rmat_s19_ef48_0.25_0.25_0.25_0.25_exp,kMM_32,16,0,524288,25163507,15.405324,21.247812,4143345,356337380995.00
rmat_s19_ef48_0.25_0.25_0.25_0.25_exp,kMM_32,16,1,524288,25163507,16.045206,20.274667,4143528,356358390995.00
rmat_s19_ef48_0.25_0.25_0.25_0.25_exp,kMM_32,16,2,524288,25163507,16.215847,19.988891,4143928,356352930458.00
rmat_s17_ef48_0.45_0.15_0.15_0.25_exp,MRepLM_32,16,0,131072,6201300,4.024227,1.433836,958632,73922289327.00
rmat_s17_ef48_0.45_0.15_0.15_0.25_exp,MRepLM_32,16,1,131072,6201300,3.607827,1.252418,958625,73922458183.00
rmat_s17_ef48_0.45_0.15_0.15_0.25_exp,MRepLM_32,16,2,131072,6201300,2.956730,1.248595,958639,73922469038.00
rmat_s17_ef48_0.45_0.15_0.15_0.25_exp,kMM_32,16,0,131072,6201300,3.683985,4.806240,958701,73785397907.00
rmat_s17_ef48_0.45_0.15_0.15_0.25_exp,kMM_32,16,1,131072,6201300,3.845405,4.725559,958720,73782586759.00
rmat_s17_ef48_0.45_0.15_0.15_0.25_exp,kMM_32,16,2,131072,6201300,3.220011,4.676388,958765,73786569902.00
rmat_s20_ef48_0.55_0.15_0.15_0.15_exp,MRepLM_32,16,0,1048576,48121491,31.086635,20.619365,4086011,294533022121.00
rmat_s20_ef48_0.55_0.15_0.15_0.15_exp,MRepLM_32,16,1,1048576,48121491,30.660672,19.667869,4086022,294533171922.00
rmat_s20_ef48_0.55_0.15_0.15_0.15_exp,MRepLM_32,16,2,1048576,48121491,32.924338,18.504549,4086002,294532960411.00
rmat_s20_ef48_0.55_0.15_0.15_0.15_exp,kMM_32,16,0,1048576,48121491,31.632943,22.314991,4109653,295546367042.00
rmat_s20_ef48_0.55_0.15_0.15_0.15_exp,kMM_32,16,1,1048576,48121491,31.486245,22.405925,4109619,295551830750.00
rmat_s20_ef48_0.55_0.15_0.15_0.15_exp,kMM_32,16,2,1048576,48121491,30.565536,22.812866,4109705,295554500267.00
rmat_s20_ef48_0.25_0.25_0.25_0.25_uni,MRepLM_32,16,0,1048576,50329246,35.270018,12.875400,8289748,3708133222735.00
rmat_s20_ef48_0.25_0.25_0.25_0.25_uni,MRepLM_32,16,1,1048576,50329246,33.173845,13.769979,8289731,3708151965658.00
rmat_s20_ef48_0.25_0.25_0.25_0.25_uni,MRepLM_32,16,2,1048576,50329246,31.368181,12.463003,8289744,3708154228378.00
rmat_s20_ef48_0.25_0.25_0.25_0.25_uni,kMM_32,16,0,1048576,50329246,32.650301,39.370212,8287685,3682458218048.00
rmat_s20_ef48_0.25_0.25_0.25_0.25_uni,kMM_32,16,1,1048576,50329246,32.919248,41.100751,8287382,3682435611793.00
rmat_s20_ef48_0.25_0.25_0.25_0.25_uni,kMM_32,16,2,1048576,50329246,34.374663,40.517391,8287586,3682417203486.00
rmat_s22_ef24_0.55_0.15_0.15_0.15_uni,MRepLM_32,16,0,4194304,99003497,68.711196,43.647615,12283783,4379631777183.00
rmat_s22_ef24_0.55_0.15_0.15_0.15_uni,MRepLM_32,16,1,4194304,99003497,65.359500,42.904996,12283790,4379619390535.00
rmat_s22_ef24_0.55_0.15_0.15_0.15_uni,MRepLM_32,16,2,4194304,99003497,68.588130,36.268739,12283800,4379626734307.00
rmat_s22_ef24_0.55_0.15_0.15_0.15_uni,kMM_32,16,0,4194304,99003497,70.494118,65.256979,12331021,4377967999891.00
rmat_s22_ef24_0.55_0.15_0.15_0.15_uni,kMM_32,16,1,4194304,99003497,55.363066,63.919080,12330219,4377873756592.00
rmat_s22_ef24_0.55_0.15_0.15_0.15_uni,kMM_32,16,2,4194304,99003497,66.417964,63.125750,12330650,4377924823392.00
rmat_s20_ef48_0.45_0.15_0.15_0.25_uni,MRepLM_32,16,0,1048576,50135639,34.162542,17.366506,7499992,3039039830489.00
rmat_s20_ef48_0.45_0.15_0.15_0.25_uni,MRepLM_32,16,1,1048576,50135639,33.631237,15.945337,7500146,3039056451853.00
rmat_s20_ef48_0.45_0.15_0.15_0.25_uni,MRepLM_32,16,2,1048576,50135639,31.949240,16.211629,7500147,3039056045365.00
rmat_s20_ef48_0.45_0.15_0.15_0.25_uni,kMM_32,16,0,1048576,50135639,29.576696,33.376866,7500074,3023026461360.00
rmat_s20_ef48_0.45_0.15_0.15_0.25_uni,kMM_32,16,1,1048576,50135639,30.105283,32.650220,7499620,3023045935353.00
rmat_s20_ef48_0.45_0.15_0.15_0.25_uni,kMM_32,16,2,1048576,50135639,25.412038,31.611039,7499605,3023014235555.00
rmat_s17_ef48_0.45_0.15_0.15_0.25_uni,MRepLM_32,16,0,131072,6201533,4.316827,1.438912,958461,392256954664.00
rmat_s17_ef48_0.45_0.15_0.15_0.25_uni,MRepLM_32,16,1,131072,6201533,4.225984,1.614370,958480,392258509047.00
rmat_s17_ef48_0.45_0.15_0.15_0.25_uni,MRepLM_32,16,2,131072,6201533,4.266281,1.576551,958518,392261796184.00
rmat_s17_ef48_0.45_0.15_0.15_0.25_uni,kMM_32,16,0,131072,6201533,3.989060,4.590348,958135,390042841914.00
rmat_s17_ef48_0.45_0.15_0.15_0.25_uni,kMM_32,16,1,131072,6201533,3.631713,4.537945,958129,390077752838.00
rmat_s17_ef48_0.45_0.15_0.15_0.25_uni,kMM_32,16,2,131072,6201533,3.681964,4.030711,958225,390063680832.00
rmat_s18_ef48_0.45_0.15_0.15_0.25_exp,kCS_1,16,0,262144,12465578,14.676169,5.687091,1903414,146205710867.00
rmat_s18_ef48_0.45_0.15_0.15_0.25_exp,kCS_1,16,1,262144,12465578,15.238156,6.423889,1903407,146205706856.00
rmat_s18_ef48_0.45_0.15_0.15_0.25_exp,kCS_1,16,2,262144,12465578,14.563645,5.856918,1903446,146206453712.00
rmat_s18_ef48_0.45_0.15_0.15_0.25_exp,kCS_32,16,0,262144,12465578,4.691374,0.205965,1903414,146205710867.00
rmat_s18_ef48_0.45_0.15_0.15_0.25_exp,kCS_32,16,1,262144,12465578,4.482237,0.180300,1903407,146205706856.00
rmat_s18_ef48_0.45_0.15_0.15_0.25_exp,kCS_32,16,2,262144,12465578,4.491716,0.185591,1903446,146206453712.00
rmat_s18_ef48_0.45_0.15_0.15_0.25_uni,kCS_1,16,0,262144,12465402,14.398775,5.514742,1902668,775840764697.00
rmat_s18_ef48_0.45_0.15_0.15_0.25_uni,kCS_1,16,1,262144,12465402,15.118486,6.049125,1902672,775830535305.00
rmat_s18_ef48_0.45_0.15_0.15_0.25_uni,kCS_1,16,2,262144,12465402,14.851342,5.825044,1902643,775833696893.00
rmat_s18_ef48_0.45_0.15_0.15_0.25_uni,kCS_32,16,0,262144,12465402,4.804048,0.229003,1902668,775840764697.00
rmat_s18_ef48_0.45_0.15_0.15_0.25_uni,kCS_32,16,1,262144,12465402,4.422773,0.203060,1902672,775830535305.00
rmat_s18_ef48_0.45_0.15_0.15_0.25_uni,kCS_32,16,2,262144,12465402,4.461891,0.220545,1902643,775833696893.00
rmat_s21_ef24_0.55_0.15_0.15_0.15_exp,kCS_1,16,0,2097152,49251994,65.835516,51.904047,6380530,408751496461.00
rmat_s21_ef24_0.55_0.15_0.15_0.15_exp,kCS_1,16,1,2097152,49251994,67.699580,52.994633,6380534,408751541999.00
rmat_s21_ef24_0.55_0.15_0.15_0.15_exp,kCS_1,16,2,2097152,49251994,66.345418,53.613440,6380543,408751621739.00
rmat_s21_ef24_0.55_0.15_0.15_0.15_exp,kCS_32,16,0,2097152,49251994,18.624672,1.420290,6380530,408751496461.00
rmat_s21_ef24_0.55_0.15_0.15_0.15_exp,kCS_32,16,1,2097152,49251994,18.555989,1.505850,6380534,408751541999.00
rmat_s21_ef24_0.55_0.15_0.15_0.15_exp,kCS_32,16,2,2097152,49251994,17.982449,1.521157,6380543,408751621739.00
rmat_s24_ef24_0.55_0.15_0.15_0.15_exp,kCS_1,16,0,16777216,398753197,626.600092,509.012893,45347542,2917789455041.00
rmat_s24_ef24_0.55_0.15_0.15_0.15_exp,kCS_1,16,1,16777216,398753197,632.526286,507.871863,45347552,2917789577496.00
rmat_s24_ef24_0.55_0.15_0.15_0.15_exp,kCS_1,16,2,16777216,398753197,628.643887,504.728202,45347527,2917789559786.00
rmat_s24_ef24_0.55_0.15_0.15_0.15_exp,kCS_32,16,0,16777216,398753197,169.664879,21.838538,45347542,2917789455041.00
rmat_s24_ef24_0.55_0.15_0.15_0.15_exp,kCS_32,16,1,16777216,398753197,164.919245,21.633522,45347552,2917789577496.00
rmat_s24_ef24_0.55_0.15_0.15_0.15_exp,kCS_32,16,2,16777216,398753197,164.974024,22.168512,45347527,2917789559786.00
rmat_s23_ef24_0.25_0.25_0.25_0.25_uni,kCS_1,16,0,8388608,201325985,330.254508,207.738203,65292738,26363227389885.00
rmat_s23_ef24_0.25_0.25_0.25_0.25_uni,kCS_1,16,1,8388608,201325985,331.883035,206.469562,65292806,26363250763191.00
rmat_s23_ef24_0.25_0.25_0.25_0.25_uni,kCS_1,16,2,8388608,201325985,327.913993,208.516157,65292688,26363248385480.00
rmat_s23_ef24_0.25_0.25_0.25_0.25_uni,kCS_32,16,0,8388608,201325985,97.791637,10.714725,65292738,26363227389885.00
rmat_s23_ef24_0.25_0.25_0.25_0.25_uni,kCS_32,16,1,8388608,201325985,92.797538,10.532215,65292806,26363250763191.00
rmat_s23_ef24_0.25_0.25_0.25_0.25_uni,kCS_32,16,2,8388608,201325985,97.473518,10.906764,65292688,26363248385480.00
rmat_s23_ef24_0.45_0.15_0.15_0.25_uni,kCS_1,16,0,8388608,201194109,315.624422,240.379973,52045502,19126268780462.00
rmat_s23_ef24_0.45_0.15_0.15_0.25_uni,kCS_1,16,1,8388608,201194109,316.124448,239.144002,52045540,19126252010112.00
rmat_s23_ef24_0.45_0.15_0.15_0.25_uni,kCS_1,16,2,8388608,201194109,318.146238,239.560629,52045474,19126257265505.00
rmat_s23_ef24_0.45_0.15_0.15_0.25_uni,kCS_32,16,0,8388608,201194109,86.965339,12.017696,52045502,19126268780462.00
rmat_s23_ef24_0.45_0.15_0.15_0.25_uni,kCS_32,16,1,8388608,201194109,86.139103,11.807230,52045540,19126252010112.00
rmat_s23_ef24_0.45_0.15_0.15_0.25_uni,kCS_32,16,2,8388608,201194109,83.989264,11.771622,52045474,19126257265505.00
rmat_s19_ef48_0.55_0.15_0.15_0.15_exp,kCS_1,16,0,524288,23756720,27.603989,12.842766,2124870,153138058536.00
rmat_s19_ef48_0.55_0.15_0.15_0.15_exp,kCS_1,16,1,524288,23756720,29.000934,15.363104,2124881,153138133534.00
rmat_s19_ef48_0.55_0.15_0.15_0.15_exp,kCS_1,16,2,524288,23756720,28.189138,13.540287,2124882,153137987322.00
rmat_s19_ef48_0.55_0.15_0.15_0.15_exp,kCS_32,16,0,524288,23756720,8.606318,0.370450,2124870,153138058536.00
rmat_s19_ef48_0.55_0.15_0.15_0.15_exp,kCS_32,16,1,524288,23756720,8.648290,0.325925,2124881,153138133534.00
rmat_s19_ef48_0.55_0.15_0.15_0.15_exp,kCS_32,16,2,524288,23756720,8.035413,0.380992,2124882,153137987322.00
rmat_s22_ef24_0.25_0.25_0.25_0.25_exp,kCS_1,16,0,4194304,100662680,156.546446,98.802866,32645431,2141287352190.00
rmat_s22_ef24_0.25_0.25_0.25_0.25_exp,kCS_1,16,1,4194304,100662680,158.734718,99.764410,32645505,2141285728200.00
rmat_s22_ef24_0.25_0.25_0.25_0.25_exp,kCS_1,16,2,4194304,100662680,156.367385,100.679086,32645475,2141286678431.00
rmat_s22_ef24_0.25_0.25_0.25_0.25_exp,kCS_32,16,0,4194304,100662680,42.408892,4.305414,32645431,2141287352190.00
rmat_s22_ef24_0.25_0.25_0.25_0.25_exp,kCS_32,16,1,4194304,100662680,43.820617,4.629701,32645505,2141285728200.00
rmat_s22_ef24_0.25_0.25_0.25_0.25_exp,kCS_32,16,2,4194304,100662680,42.685448,4.411049,32645475,2141286678431.00
rmat_s15_ef48_0.55_0.15_0.15_0.15_uni,kCS_1,16,0,32768,1349809,0.549339,0.190123,154524,58735615315.00
rmat_s15_ef48_0.55_0.15_0.15_0.15_uni,kCS_1,16,1,32768,1349809,0.550422,0.192517,154521,58735462320.00
rmat_s15_ef48_0.55_0.15_0.15_0.15_uni,kCS_1,16,2,32768,1349809,0.565825,0.228246,154522,58735643305.00
rmat_s15_ef48_0.55_0.15_0.15_0.15_uni,kCS_32,16,0,32768,1349809,0.726199,0.076655,154524,58735615315.00
rmat_s15_ef48_0.55_0.15_0.15_0.15_uni,kCS_32,16,1,32768,1349809,0.720483,0.071911,154521,58735462320.00
rmat_s15_ef48_0.55_0.15_0.15_0.15_uni,kCS_32,16,2,32768,1349809,0.725828,0.078447,154522,58735643305.00
rmat_s20_ef48_0.55_0.15_0.15_0.15_uni,kCS_1,16,0,1048576,48125802,67.633904,33.394109,4088384,1533137444269.00
rmat_s20_ef48_0.55_0.15_0.15_0.15_uni,kCS_1,16,1,1048576,48125802,58.752869,30.560033,4088369,1533129676616.00
rmat_s20_ef48_0.55_0.15_0.15_0.15_uni,kCS_1,16,2,1048576,48125802,58.485003,29.233829,4088375,1533130192718.00
rmat_s20_ef48_0.55_0.15_0.15_0.15_uni,kCS_32,16,0,1048576,48125802,16.677073,0.911279,4088384,1533137444269.00
rmat_s20_ef48_0.55_0.15_0.15_0.15_uni,kCS_32,16,1,1048576,48125802,17.229252,0.824158,4088369,1533129676616.00
rmat_s20_ef48_0.55_0.15_0.15_0.15_uni,kCS_32,16,2,1048576,48125802,17.153575,0.720383,4088375,1533130192718.00
rmat_s17_ef48_0.25_0.25_0.25_0.25_uni,kCS_1,16,0,131072,6289081,4.019336,1.123180,1036230,463520606859.00
rmat_s17_ef48_0.25_0.25_0.25_0.25_uni,kCS_1,16,1,131072,6289081,5.221117,1.087247,1036240,463529300611.00
rmat_s17_ef48_0.25_0.25_0.25_0.25_uni,kCS_1,16,2,131072,6289081,4.727295,1.045437,1036243,463526044717.00
rmat_s17_ef48_0.25_0.25_0.25_0.25_uni,kCS_32,16,0,131072,6289081,2.186197,0.121705,1036230,463520606859.00
rmat_s17_ef48_0.25_0.25_0.25_0.25_uni,kCS_32,16,1,131072,6289081,2.284619,0.131983,1036240,463529300611.00
rmat_s17_ef48_0.25_0.25_0.25_0.25_uni,kCS_32,16,2,131072,6289081,2.174310,0.113770,1036243,463526044717.00
rmat_s18_ef48_0.25_0.25_0.25_0.25_exp,kCS_1,16,0,262144,12580565,13.657988,4.381352,2072446,179596630788.00
rmat_s18_ef48_0.25_0.25_0.25_0.25_exp,kCS_1,16,1,262144,12580565,15.620782,4.485172,2072461,179596548454.00
rmat_s18_ef48_0.25_0.25_0.25_0.25_exp,kCS_1,16,2,262144,12580565,16.009499,4.148748,2072414,179595127145.00
rmat_s18_ef48_0.25_0.25_0.25_0.25_exp,kCS_32,16,0,262144,12580565,4.529059,0.205045,2072446,179596630788.00
rmat_s18_ef48_0.25_0.25_0.25_0.25_exp,kCS_32,16,1,262144,12580565,4.289384,0.186939,2072461,179596548454.00
rmat_s18_ef48_0.25_0.25_0.25_0.25_exp,kCS_32,16,2,262144,12580565,4.219450,0.192944,2072414,179595127145.00
rmat_s14_ef48_0.45_0.15_0.15_0.25_uni,kCS_1,16,0,16384,746906,0.278548,0.089018,122349,50566897634.00
rmat_s14_ef48_0.45_0.15_0.15_0.25_uni,kCS_1,16,1,16384,746906,0.286561,0.092245,122345,50566117334.00
rmat_s14_ef48_0.45_0.15_0.15_0.25_uni,kCS_1,16,2,16384,746906,0.345625,0.092276,122351,50566860930.00
rmat_s14_ef48_0.45_0.15_0.15_0.25_uni,kCS_32,16,0,16384,746906,0.302350,0.066076,122349,50566897634.00
rmat_s14_ef48_0.45_0.15_0.15_0.25_uni,kCS_32,16,1,16384,746906,0.360999,0.068067,122345,50566117334.00
rmat_s14_ef48_0.45_0.15_0.15_0.25_uni,kCS_32,16,2,16384,746906,0.396511,0.074581,122351,50566860930.00
rmat_s14_ef48_0.55_0.15_0.15_0.15_uni,kCS_1,16,0,16384,647545,0.299325,0.095158,80189,30598945373.00
rmat_s14_ef48_0.55_0.15_0.15_0.15_uni,kCS_1,16,1,16384,647545,0.354567,0.081560,80190,30599085748.00
rmat_s14_ef48_0.55_0.15_0.15_0.15_uni,kCS_1,16,2,16384,647545,0.287955,0.087363,80189,30598945373.00
rmat_s14_ef48_0.55_0.15_0.15_0.15_uni,kCS_32,16,0,16384,647545,0.289176,0.070317,80189,30598945373.00
rmat_s14_ef48_0.55_0.15_0.15_0.15_uni,kCS_32,16,1,16384,647545,0.238997,0.053706,80190,30599085748.00
rmat_s14_ef48_0.55_0.15_0.15_0.15_uni,kCS_32,16,2,16384,647545,0.346229,0.072745,80189,30598945373.00
rmat_s24_ef24_0.25_0.25_0.25_0.25_uni,kCS_1,16,0,16777216,402652592,688.889492,442.391585,130582826,52727077552547.00
rmat_s24_ef24_0.25_0.25_0.25_0.25_uni,kCS_1,16,1,16777216,402652592,696.460027,446.207609,130582955,52727111286543.00
rmat_s24_ef24_0.25_0.25_0.25_0.25_uni,kCS_1,16,2,16777216,402652592,691.492079,439.606925,130582795,52727113616742.00
rmat_s24_ef24_0.25_0.25_0.25_0.25_uni,kCS_32,16,0,16777216,402652592,191.687020,21.948696,130582826,52727077552547.00
rmat_s24_ef24_0.25_0.25_0.25_0.25_uni,kCS_32,16,1,16777216,402652592,196.190719,21.817141,130582955,52727111286543.00
rmat_s24_ef24_0.25_0.25_0.25_0.25_uni,kCS_32,16,2,16777216,402652592,196.118607,22.357614,130582795,52727113616742.00
rmat_s22_ef24_0.25_0.25_0.25_0.25_uni,kCS_1,16,0,4194304,100662701,151.912548,97.263600,32644383,13181481576970.00
rmat_s22_ef24_0.25_0.25_0.25_0.25_uni,kCS_1,16,1,4194304,100662701,157.081099,97.214857,32644551,13181494271014.00
rmat_s22_ef24_0.25_0.25_0.25_0.25_uni,kCS_1,16,2,4194304,100662701,160.971167,96.454548,32644524,13181500567878.00
rmat_s22_ef24_0.25_0.25_0.25_0.25_uni,kCS_32,16,0,4194304,100662701,41.951816,4.229824,32644383,13181481576970.00
rmat_s22_ef24_0.25_0.25_0.25_0.25_uni,kCS_32,16,1,4194304,100662701,43.081387,4.125780,32644551,13181494271014.00
rmat_s22_ef24_0.25_0.25_0.25_0.25_uni,kCS_32,16,2,4194304,100662701,43.973244,4.012033,32644524,13181500567878.00
rmat_s22_ef24_0.45_0.15_0.15_0.25_uni,kCS_1,16,0,4194304,100560801,143.308194,111.418247,26310605,9684051181290.00
rmat_s22_ef24_0.45_0.15_0.15_0.25_uni,kCS_1,16,1,4194304,100560801,150.116766,113.202144,26310603,9684039584695.00
rmat_s22_ef24_0.45_0.15_0.15_0.25_uni,kCS_1,16,2,4194304,100560801,151.842253,111.214775,26310576,9684044015619.00
rmat_s22_ef24_0.45_0.15_0.15_0.25_uni,kCS_32,16,0,4194304,100560801,39.972799,4.837053,26310605,9684051181290.00
rmat_s22_ef24_0.45_0.15_0.15_0.25_uni,kCS_32,16,1,4194304,100560801,40.122090,4.621471,26310603,9684039584695.00
rmat_s22_ef24_0.45_0.15_0.15_0.25_uni,kCS_32,16,2,4194304,100560801,40.383479,4.796898,26310576,9684044015619.00
rmat_s16_ef48_0.25_0.25_0.25_0.25_uni,kCS_1,16,0,65536,3143381,1.367712,0.394363,518106,231790991776.00
rmat_s16_ef48_0.25_0.25_0.25_0.25_uni,kCS_1,16,1,65536,3143381,1.399277,0.532621,518105,231790661570.00
rmat_s16_ef48_0.25_0.25_0.25_0.25_uni,kCS_1,16,2,65536,3143381,1.756715,0.452609,518116,231795271411.00
rmat_s16_ef48_0.25_0.25_0.25_0.25_uni,kCS_32,16,0,65536,3143381,1.293025,0.090584,518106,231790991776.00
rmat_s16_ef48_0.25_0.25_0.25_0.25_uni,kCS_32,16,1,65536,3143381,1.252230,0.107615,518105,231790661570.00
rmat_s16_ef48_0.25_0.25_0.25_0.25_uni,kCS_32,16,2,65536,3143381,1.180534,0.082437,518116,231795271411.00
rmat_s19_ef48_0.45_0.15_0.15_0.25_uni,kCS_1,16,0,524288,25014129,30.848252,14.190564,3777668,1536096904048.00
rmat_s19_ef48_0.45_0.15_0.15_0.25_uni,kCS_1,16,1,524288,25014129,31.669142,14.140677,3777668,1536093669414.00
rmat_s19_ef48_0.45_0.15_0.15_0.25_uni,kCS_1,16,2,524288,25014129,31.488982,14.394205,3777607,1536085517650.00
rmat_s19_ef48_0.45_0.15_0.15_0.25_uni,kCS_32,16,0,524288,25014129,9.364390,0.400293,3777668,1536096904048.00
rmat_s19_ef48_0.45_0.15_0.15_0.25_uni,kCS_32,16,1,524288,25014129,9.063416,0.436214,3777668,1536093669414.00
rmat_s19_ef48_0.45_0.15_0.15_0.25_uni,kCS_32,16,2,524288,25014129,8.907982,0.421501,3777607,1536085517650.00
rmat_s15_ef48_0.45_0.15_0.15_0.25_exp,kCS_1,16,0,32768,1520003,0.701799,0.308392,243044,18804111601.00
rmat_s15_ef48_0.45_0.15_0.15_0.25_exp,kCS_1,16,1,32768,1520003,1.061928,0.251440,243045,18804092584.00
rmat_s15_ef48_0.45_0.15_0.15_0.25_exp,kCS_1,16,2,32768,1520003,0.962817,0.199116,243043,18804122657.00
rmat_s15_ef48_0.45_0.15_0.15_0.25_exp,kCS_32,16,0,32768,1520003,0.726595,0.077682,243044,18804111601.00
rmat_s15_ef48_0.45_0.15_0.15_0.25_exp,kCS_32,16,1,32768,1520003,0.814882,0.078140,243045,18804092584.00
rmat_s15_ef48_0.45_0.15_0.15_0.25_exp,kCS_32,16,2,32768,1520003,0.614146,0.078336,243043,18804122657.00
rmat_s22_ef24_0.55_0.15_0.15_0.15_exp,kCS_1,16,0,4194304,99005401,140.055716,116.171508,12288361,786535579260.00
rmat_s22_ef24_0.55_0.15_0.15_0.15_exp,kCS_1,16,1,4194304,99005401,139.542515,115.932855,12288359,786535001182.00
rmat_s22_ef24_0.55_0.15_0.15_0.15_exp,kCS_1,16,2,4194304,99005401,141.068743,116.445227,12288358,786534932345.00
rmat_s22_ef24_0.55_0.15_0.15_0.15_exp,kCS_32,16,0,4194304,99005401,38.273980,3.852748,12288361,786535579260.00
rmat_s22_ef24_0.55_0.15_0.15_0.15_exp,kCS_32,16,1,4194304,99005401,38.242893,3.927222,12288359,786535001182.00
rmat_s22_ef24_0.55_0.15_0.15_0.15_exp,kCS_32,16,2,4194304,99005401,38.163699,3.924252,12288358,786534932345.00
rmat_s16_ef48_0.55_0.15_0.15_0.15_exp,kCS_1,16,0,65536,2788534,1.857680,0.864615,298187,21533994604.00
rmat_s16_ef48_0.55_0.15_0.15_0.15_exp,kCS_1,16,1,65536,2788534,2.526932,0.479192,298192,21533964568.00
rmat_s16_ef48_0.55_0.15_0.15_0.15_exp,kCS_1,16,2,65536,2788534,2.582522,0.420798,298189,21533935787.00
rmat_s16_ef48_0.55_0.15_0.15_0.15_exp,kCS_32,16,0,65536,2788534,1.033414,0.099219,298187,21533994604.00
rmat_s16_ef48_0.55_0.15_0.15_0.15_exp,kCS_32,16,1,65536,2788534,1.119998,0.096381,298192,21533964568.00
rmat_s16_ef48_0.55_0.15_0.15_0.15_exp,kCS_32,16,2,65536,2788534,0.948196,0.077949,298189,21533935787.00
rmat_s17_ef48_0.25_0.25_0.25_0.25_exp,kCS_1,16,0,131072,6289109,5.997019,1.482397,1036092,89761885308.00
rmat_s17_ef48_0.25_0.25_0.25_0.25_exp,kCS_1,16,1,131072,6289109,7.031562,1.257967,1036085,89761919612.00
rmat_s17_ef48_0.25_0.25_0.25_0.25_exp,kCS_1,16,2,131072,6289109,7.275756,1.087784,1036080,89761666567.00
rmat_s17_ef48_0.25_0.25_0.25_0.25_exp,kCS_32,16,0,131072,6289109,2.642471,0.128306,1036092,89761885308.00
rmat_s17_ef48_0.25_0.25_0.25_0.25_exp,kCS_32,16,1,131072,6289109,2.570089,0.119583,1036085,89761919612.00
rmat_s17_ef48_0.25_0.25_0.25_0.25_exp,kCS_32,16,2,131072,6289109,2.136745,0.110803,1036080,89761666567.00
rmat_s14_ef48_0.25_0.25_0.25_0.25_exp,kCS_1,16,0,16384,784053,0.293463,0.086945,129491,11210495999.00
rmat_s14_ef48_0.25_0.25_0.25_0.25_exp,kCS_1,16,1,16384,784053,0.454639,0.103675,129489,11210519527.00
rmat_s14_ef48_0.25_0.25_0.25_0.25_exp,kCS_1,16,2,16384,784053,0.498231,0.092214,129498,11210768753.00
rmat_s14_ef48_0.25_0.25_0.25_0.25_exp,kCS_32,16,0,16384,784053,0.419052,0.087459,129491,11210495999.00
rmat_s14_ef48_0.25_0.25_0.25_0.25_exp,kCS_32,16,1,16384,784053,0.425070,0.077070,129489,11210519527.00
rmat_s14_ef48_0.25_0.25_0.25_0.25_exp,kCS_32,16,2,16384,784053,0.415817,0.075488,129498,11210768753.00
rmat_s14_ef48_0.55_0.15_0.15_0.15_exp,kCS_1,16,0,16384,647435,0.305896,0.082241,80666,5809295285.00
rmat_s14_ef48_0.55_0.15_0.15_0.15_exp,kCS_1,16,1,16384,647435,0.426358,0.081799,80666,5809343349.00
rmat_s14_ef48_0.55_0.15_0.15_0.15_exp,kCS_1,16,2,16384,647435,0.305106,0.093591,80665,5809353069.00
rmat_s14_ef48_0.55_0.15_0.15_0.15_exp,kCS_32,16,0,16384,647435,0.343328,0.066802,80666,5809295285.00
rmat_s14_ef48_0.55_0.15_0.15_0.15_exp,kCS_32,16,1,16384,647435,0.317821,0.052378,80666,5809343349.00
rmat_s14_ef48_0.55_0.15_0.15_0.15_exp,kCS_32,16,2,16384,647435,0.252022,0.056758,80665,5809353069.00
rmat_s14_ef48_0.45_0.15_0.15_0.25_exp,kCS_1,16,0,16384,746669,0.293742,0.090934,122291,9475603682.00
rmat_s14_ef48_0.45_0.15_0.15_0.25_exp,kCS_1,16,1,16384,746669,0.329717,0.119278,122287,9475599976.00
rmat_s14_ef48_0.45_0.15_0.15_0.25_exp,kCS_1,16,2,16384,746669,0.352964,0.095265,122288,9475620127.00
rmat_s14_ef48_0.45_0.15_0.15_0.25_exp,kCS_32,16,0,16384,746669,0.399741,0.072190,122291,9475603682.00
rmat_s14_ef48_0.45_0.15_0.15_0.25_exp,kCS_32,16,1,16384,746669,0.396095,0.071103,122287,9475599976.00
rmat_s14_ef48_0.45_0.15_0.15_0.25_exp,kCS_32,16,2,16384,746669,0.295868,0.070832,122288,9475620127.00
rmat_s20_ef48_0.25_0.25_0.25_0.25_exp,kCS_1,16,0,1048576,50329356,61.296419,19.828182,8289694,717952339318.00
rmat_s20_ef48_0.25_0.25_0.25_0.25_exp,kCS_1,16,1,1048576,50329356,81.194064,23.542945,8289616,717951202140.00
rmat_s20_ef48_0.25_0.25_0.25_0.25_exp,kCS_1,16,2,1048576,50329356,77.965616,24.849642,8289608,717953470947.00
rmat_s20_ef48_0.25_0.25_0.25_0.25_exp,kCS_32,16,0,1048576,50329356,18.635723,0.966747,8289694,717952339318.00
rmat_s20_ef48_0.25_0.25_0.25_0.25_exp,kCS_32,16,1,1048576,50329356,16.867437,0.851510,8289616,717951202140.00
rmat_s20_ef48_0.25_0.25_0.25_0.25_exp,kCS_32,16,2,1048576,50329356,16.973192,0.850836,8289608,717953470947.00
rmat_s23_ef24_0.55_0.15_0.15_0.15_exp,kCS_1,16,0,8388608,198780903,280.587289,215.402943,23648168,1515184645822.00
rmat_s23_ef24_0.55_0.15_0.15_0.15_exp,kCS_1,16,1,8388608,198780903,297.373464,253.896138,23648142,1515183567733.00
rmat_s23_ef24_0.55_0.15_0.15_0.15_exp,kCS_1,16,2,8388608,198780903,293.811051,221.946482,23648163,1515184908543.00
rmat_s23_ef24_0.55_0.15_0.15_0.15_exp,kCS_32,16,0,8388608,198780903,77.763904,9.583244,23648168,1515184645822.00
rmat_s23_ef24_0.55_0.15_0.15_0.15_exp,kCS_32,16,1,8388608,198780903,77.648271,8.819183,23648142,1515183567733.00
rmat_s23_ef24_0.55_0.15_0.15_0.15_exp,kCS_32,16,2,8388608,198780903,79.787153,8.822576,23648163,1515184908543.00
rmat_s19_ef48_0.45_0.15_0.15_0.25_exp,kCS_1,16,0,524288,25014316,14.551550,6.868218,3777972,289364240543.00
rmat_s19_ef48_0.45_0.15_0.15_0.25_exp,kCS_1,16,1,524288,25014316,21.188860,7.459287,3777966,289363856901.00
rmat_s19_ef48_0.45_0.15_0.15_0.25_exp,kCS_1,16,2,524288,25014316,22.068283,7.779497,3777942,289363723875.00
rmat_s19_ef48_0.45_0.15_0.15_0.25_exp,kCS_32,16,0,524288,25014316,8.051223,0.417532,3777972,289364240543.00
rmat_s19_ef48_0.45_0.15_0.15_0.25_exp,kCS_32,16,1,524288,25014316,8.392793,0.382126,3777966,289363856901.00
rmat_s19_ef48_0.45_0.15_0.15_0.25_exp,kCS_32,16,2,524288,25014316,8.100965,0.331198,3777942,289363723875.00
rmat_s20_ef48_0.45_0.15_0.15_0.25_exp,kCS_1,16,0,1048576,50135288,63.966700,30.400297,7497865,572598093143.00
rmat_s20_ef48_0.45_0.15_0.15_0.25_exp,kCS_1,16,1,1048576,50135288,63.291825,31.193320,7497859,572597574781.00
rmat_s20_ef48_0.45_0.15_0.15_0.25_exp,kCS_1,16,2,1048576,50135288,68.231614,29.857510,7497869,572596922466.00
rmat_s20_ef48_0.45_0.15_0.15_0.25_exp,kCS_32,16,0,1048576,50135288,17.665499,0.899368,7497865,572598093143.00
rmat_s20_ef48_0.45_0.15_0.15_0.25_exp,kCS_32,16,1,1048576,50135288,17.730772,0.952197,7497859,572597574781.00
rmat_s20_ef48_0.45_0.15_0.15_0.25_exp,kCS_32,16,2,1048576,50135288,18.151390,0.803770,7497869,572596922466.00
rmat_s18_ef48_0.25_0.25_0.25_0.25_uni,kCS_1,16,0,262144,12580633,12.500333,4.718626,2072378,927003249991.00
rmat_s18_ef48_0.25_0.25_0.25_0.25_uni,kCS_1,16,1,262144,12580633,13.872370,4.504844,2072379,927001155326.00
rmat_s18_ef48_0.25_0.25_0.25_0.25_uni,kCS_1,16,2,262144,12580633,15.732849,2.617709,2072394,927005211837.00
rmat_s18_ef48_0.25_0.25_0.25_0.25_uni,kCS_32,16,0,262144,12580633,4.805921,0.271520,2072378,927003249991.00
rmat_s18_ef48_0.25_0.25_0.25_0.25_uni,kCS_32,16,1,262144,12580633,4.297367,0.202695,2072379,927001155326.00
rmat_s18_ef48_0.25_0.25_0.25_0.25_uni,kCS_32,16,2,262144,12580633,4.151682,0.180714,2072394,927005211837.00
rmat_s24_ef24_0.25_0.25_0.25_0.25_exp,kCS_1,16,0,16777216,402652618,680.817996,444.748449,130583487,8564625634994.00
rmat_s24_ef24_0.25_0.25_0.25_0.25_exp,kCS_1,16,1,16777216,402652618,688.461541,439.260767,130583610,8564621608222.00
rmat_s24_ef24_0.25_0.25_0.25_0.25_exp,kCS_1,16,2,16777216,402652618,685.820591,444.783036,130583450,8564620443445.00
rmat_s24_ef24_0.25_0.25_0.25_0.25_exp,kCS_32,16,0,16777216,402652618,198.891576,22.818550,130583487,8564625634994.00
rmat_s24_ef24_0.25_0.25_0.25_0.25_exp,kCS_32,16,1,16777216,402652618,192.037421,22.584768,130583610,8564621608222.00
rmat_s24_ef24_0.25_0.25_0.25_0.25_exp,kCS_32,16,2,16777216,402652618,190.989537,22.776805,130583450,8564620443445.00
rmat_s21_ef24_0.45_0.15_0.15_0.25_uni,kCS_1,16,0,2097152,50253908,71.709033,53.848520,13304880,4904800625821.00
rmat_s21_ef24_0.45_0.15_0.15_0.25_uni,kCS_1,16,1,2097152,50253908,70.844312,53.136415,13304842,4904802750675.00
rmat_s21_ef24_0.45_0.15_0.15_0.25_uni,kCS_1,16,2,2097152,50253908,73.174084,54.057675,13304822,4904799101994.00
rmat_s21_ef24_0.45_0.15_0.15_0.25_uni,kCS_32,16,0,2097152,50253908,19.634778,1.782333,13304880,4904800625821.00
rmat_s21_ef24_0.45_0.15_0.15_0.25_uni,kCS_32,16,1,2097152,50253908,19.862107,1.760255,13304842,4904802750675.00
rmat_s21_ef24_0.45_0.15_0.15_0.25_uni,kCS_32,16,2,2097152,50253908,19.849736,1.818471,13304822,4904799101994.00
rmat_s19_ef48_0.55_0.15_0.15_0.15_uni,kCS_1,16,0,524288,23757244,27.153511,13.289605,2126427,798300539795.00
rmat_s19_ef48_0.55_0.15_0.15_0.15_uni,kCS_1,16,1,524288,23757244,28.000334,14.350233,2126428,798297622558.00
rmat_s19_ef48_0.55_0.15_0.15_0.15_uni,kCS_1,16,2,524288,23757244,29.648041,13.355049,2126428,798303883229.00
rmat_s19_ef48_0.55_0.15_0.15_0.15_uni,kCS_32,16,0,524288,23757244,9.010895,0.371449,2126427,798300539795.00
rmat_s19_ef48_0.55_0.15_0.15_0.15_uni,kCS_32,16,1,524288,23757244,8.882774,0.343661,2126428,798297622558.00
rmat_s19_ef48_0.55_0.15_0.15_0.15_uni,kCS_32,16,2,524288,23757244,8.329874,0.305928,2126428,798303883229.00
rmat_s21_ef24_0.55_0.15_0.15_0.15_uni,kCS_1,16,0,2097152,49253582,65.773271,52.566779,6380385,2282025658074.00
rmat_s21_ef24_0.55_0.15_0.15_0.15_uni,kCS_1,16,1,2097152,49253582,68.607061,51.347665,6380348,2282027425460.00
rmat_s21_ef24_0.55_0.15_0.15_0.15_uni,kCS_1,16,2,2097152,49253582,66.569682,51.692940,6380394,2282031102415.00
rmat_s21_ef24_0.55_0.15_0.15_0.15_uni,kCS_32,16,0,2097152,49253582,18.824370,1.390193,6380385,2282025658074.00
rmat_s21_ef24_0.55_0.15_0.15_0.15_uni,kCS_32,16,1,2097152,49253582,19.494534,1.512232,6380348,2282027425460.00
rmat_s21_ef24_0.55_0.15_0.15_0.15_uni,kCS_32,16,2,2097152,49253582,18.326222,1.603974,6380394,2282031102415.00
rmat_s21_ef24_0.45_0.15_0.15_0.25_exp,kCS_1,16,0,2097152,50253000,70.847689,52.973976,13303727,819277130391.00
rmat_s21_ef24_0.45_0.15_0.15_0.25_exp,kCS_1,16,1,2097152,50253000,71.742678,51.372579,13303745,819277226376.00
rmat_s21_ef24_0.45_0.15_0.15_0.25_exp,kCS_1,16,2,2097152,50253000,72.086746,59.049489,13303724,819276687533.00
rmat_s21_ef24_0.45_0.15_0.15_0.25_exp,kCS_32,16,0,2097152,50253000,18.406818,1.740004,13303727,819277130391.00
rmat_s21_ef24_0.45_0.15_0.15_0.25_exp,kCS_32,16,1,2097152,50253000,18.879504,1.775752,13303745,819277226376.00
rmat_s21_ef24_0.45_0.15_0.15_0.25_exp,kCS_32,16,2,2097152,50253000,18.888583,1.511079,13303724,819276687533.00
rmat_s15_ef48_0.45_0.15_0.15_0.25_uni,kCS_1,16,0,32768,1520529,0.583953,0.210364,242761,100009344001.00
rmat_s15_ef48_0.45_0.15_0.15_0.25_uni,kCS_1,16,1,32768,1520529,0.658976,0.246809,242790,100010645519.00
rmat_s15_ef48_0.45_0.15_0.15_0.25_uni,kCS_1,16,2,32768,1520529,0.802716,0.221630,242755,100005800466.00
rmat_s15_ef48_0.45_0.15_0.15_0.25_uni,kCS_32,16,0,32768,1520529,0.800235,0.068159,242761,100009344001.00
rmat_s15_ef48_0.45_0.15_0.15_0.25_uni,kCS_32,16,1,32768,1520529,0.819574,0.076423,242790,100010645519.00
rmat_s15_ef48_0.45_0.15_0.15_0.25_uni,kCS_32,16,2,32768,1520529,0.665044,0.068439,242755,100005800466.00
rmat_s24_ef24_0.45_0.15_0.15_0.25_uni,kCS_1,16,0,16777216,402479213,659.297047,521.737580,102940094,37775904274579.00
rmat_s24_ef24_0.45_0.15_0.15_0.25_uni,kCS_1,16,1,16777216,402479213,668.149627,518.435626,102940054,37775923568768.00
rmat_s24_ef24_0.45_0.15_0.15_0.25_uni,kCS_1,16,2,16777216,402479213,661.462497,521.228686,102940002,37775886680000.00
rmat_s24_ef24_0.45_0.15_0.15_0.25_uni,kCS_32,16,0,16777216,402479213,198.584664,24.437463,102940094,37775904274579.00
rmat_s24_ef24_0.45_0.15_0.15_0.25_uni,kCS_32,16,1,16777216,402479213,181.209555,23.865817,102940054,37775923568768.00
rmat_s24_ef24_0.45_0.15_0.15_0.25_uni,kCS_32,16,2,16777216,402479213,177.828518,24.347487,102940002,37775886680000.00
rmat_s23_ef24_0.25_0.25_0.25_0.25_exp,kCS_1,16,0,8388608,201325970,319.921717,192.818569,65289716,4282541857527.00
rmat_s23_ef24_0.25_0.25_0.25_0.25_exp,kCS_1,16,1,8388608,201325970,323.008915,193.800083,65289793,4282540209649.00
rmat_s23_ef24_0.25_0.25_0.25_0.25_exp,kCS_1,16,2,8388608,201325970,326.240478,218.740179,65289646,4282541339602.00
rmat_s23_ef24_0.25_0.25_0.25_0.25_exp,kCS_32,16,0,8388608,201325970,88.296317,10.276758,65289716,4282541857527.00
rmat_s23_ef24_0.25_0.25_0.25_0.25_exp,kCS_32,16,1,8388608,201325970,89.509120,10.247681,65289793,4282540209649.00
rmat_s23_ef24_0.25_0.25_0.25_0.25_exp,kCS_32,16,2,8388608,201325970,89.514940,9.440872,65289646,4282541339602.00
rmat_s15_ef48_0.25_0.25_0.25_0.25_uni,kCS_1,16,0,32768,1570612,0.622871,0.189267,259019,115840767248.00
rmat_s15_ef48_0.25_0.25_0.25_0.25_uni,kCS_1,16,1,32768,1570612,0.649979,0.197444,259017,115840568548.00
rmat_s15_ef48_0.25_0.25_0.25_0.25_uni,kCS_1,16,2,32768,1570612,0.651613,0.236450,259018,115840872208.00
rmat_s15_ef48_0.25_0.25_0.25_0.25_uni,kCS_32,16,0,32768,1570612,0.858419,0.086832,259019,115840767248.00
rmat_s15_ef48_0.25_0.25_0.25_0.25_uni,kCS_32,16,1,32768,1570612,0.779470,0.092723,259017,115840568548.00
rmat_s15_ef48_0.25_0.25_0.25_0.25_uni,kCS_32,16,2,32768,1570612,0.646362,0.079213,259018,115840872208.00
rmat_s19_ef48_0.25_0.25_0.25_0.25_uni,kCS_1,16,0,524288,25163518,25.852082,11.172629,4144911,1854132370972.00
rmat_s19_ef48_0.25_0.25_0.25_0.25_uni,kCS_1,16,1,524288,25163518,27.892992,11.339521,4144938,1854141589505.00
rmat_s19_ef48_0.25_0.25_0.25_0.25_uni,kCS_1,16,2,524288,25163518,32.045832,5.822559,4144917,1854136538201.00
rmat_s19_ef48_0.25_0.25_0.25_0.25_uni,kCS_32,16,0,524288,25163518,8.287644,0.351881,4144911,1854132370972.00
rmat_s19_ef48_0.25_0.25_0.25_0.25_uni,kCS_32,16,1,524288,25163518,8.667128,0.411966,4144938,1854141589505.00
rmat_s19_ef48_0.25_0.25_0.25_0.25_uni,kCS_32,16,2,524288,25163518,9.106320,0.362023,4144917,1854136538201.00
rmat_s16_ef48_0.25_0.25_0.25_0.25_exp,kCS_1,16,0,65536,3143475,2.118638,0.469682,518109,44808096182.00
rmat_s16_ef48_0.25_0.25_0.25_0.25_exp,kCS_1,16,1,65536,3143475,1.988108,0.422574,518091,44807841359.00
rmat_s16_ef48_0.25_0.25_0.25_0.25_exp,kCS_1,16,2,65536,3143475,1.544437,0.430767,518088,44807689705.00
rmat_s16_ef48_0.25_0.25_0.25_0.25_exp,kCS_32,16,0,65536,3143475,1.178323,0.109749,518109,44808096182.00
rmat_s16_ef48_0.25_0.25_0.25_0.25_exp,kCS_32,16,1,65536,3143475,1.383545,0.119320,518091,44807841359.00
rmat_s16_ef48_0.25_0.25_0.25_0.25_exp,kCS_32,16,2,65536,3143475,1.222867,0.090962,518088,44807689705.00
rmat_s21_ef24_0.25_0.25_0.25_0.25_uni,kCS_1,16,0,2097152,50331056,76.395210,48.350301,16323073,6590987867815.00
rmat_s21_ef24_0.25_0.25_0.25_0.25_uni,kCS_1,16,1,2097152,50331056,76.481782,46.939271,16323238,6590997369981.00
rmat_s21_ef24_0.25_0.25_0.25_0.25_uni,kCS_1,16,2,2097152,50331056,77.302173,48.125836,16323159,6590992712298.00
rmat_s21_ef24_0.25_0.25_0.25_0.25_uni,kCS_32,16,0,2097152,50331056,20.707133,1.663757,16323073,6590987867815.00
rmat_s21_ef24_0.25_0.25_0.25_0.25_uni,kCS_32,16,1,2097152,50331056,20.142962,1.669788,16323238,6590997369981.00
rmat_s21_ef24_0.25_0.25_0.25_0.25_uni,kCS_32,16,2,2097152,50331056,20.439961,1.717569,16323159,6590992712298.00
rmat_s22_ef24_0.45_0.15_0.15_0.25_exp,kCS_1,16,0,4194304,100561270,149.767058,116.557184,26309572,1619459868931.00
rmat_s22_ef24_0.45_0.15_0.15_0.25_exp,kCS_1,16,1,4194304,100561270,151.495778,116.122417,26309561,1619459630302.00
rmat_s22_ef24_0.45_0.15_0.15_0.25_exp,kCS_1,16,2,4194304,100561270,150.821039,117.332220,26309556,1619458977527.00
rmat_s22_ef24_0.45_0.15_0.15_0.25_exp,kCS_32,16,0,4194304,100561270,40.381835,5.191184,26309572,1619459868931.00
rmat_s22_ef24_0.45_0.15_0.15_0.25_exp,kCS_32,16,1,4194304,100561270,39.894754,5.109812,26309561,1619459630302.00
rmat_s22_ef24_0.45_0.15_0.15_0.25_exp,kCS_32,16,2,4194304,100561270,41.182892,5.302621,26309556,1619458977527.00
rmat_s24_ef24_0.55_0.15_0.15_0.15_uni,kCS_1,16,0,16777216,398754887,631.383775,513.120307,45346004,16176231625153.00
rmat_s24_ef24_0.55_0.15_0.15_0.15_uni,kCS_1,16,1,16777216,398754887,632.981114,517.639547,45345999,16176216875377.00
rmat_s24_ef24_0.55_0.15_0.15_0.15_uni,kCS_1,16,2,16777216,398754887,631.961090,516.415895,45345976,16176219072857.00
rmat_s24_ef24_0.55_0.15_0.15_0.15_uni,kCS_32,16,0,16777216,398754887,166.904401,21.545246,45346004,16176231625153.00
rmat_s24_ef24_0.55_0.15_0.15_0.15_uni,kCS_32,16,1,16777216,398754887,171.777195,22.523049,45345999,16176216875377.00
rmat_s24_ef24_0.55_0.15_0.15_0.15_uni,kCS_32,16,2,16777216,398754887,167.628591,22.322054,45345976,16176219072857.00
rmat_s24_ef24_0.45_0.15_0.15_0.25_exp,kCS_1,16,0,16777216,214611454,348.514609,354.902692,47828013,3130655796788.00
rmat_s24_ef24_0.45_0.15_0.15_0.25_exp,kCS_1,16,1,16777216,214611454,348.509147,347.181960,47827998,3130655222408.00
rmat_s24_ef24_0.45_0.15_0.15_0.25_exp,kCS_1,16,2,16777216,214611454,347.619025,351.624658,47828011,3130655499575.00
rmat_s24_ef24_0.45_0.15_0.15_0.25_exp,kCS_32,16,0,16777216,214611454,97.151720,15.868459,47828013,3130655796788.00
rmat_s24_ef24_0.45_0.15_0.15_0.25_exp,kCS_32,16,1,16777216,214611454,95.004688,15.941945,47827998,3130655222408.00
rmat_s24_ef24_0.45_0.15_0.15_0.25_exp,kCS_32,16,2,16777216,214611454,101.076121,15.827147,47828011,3130655499575.00
rmat_s16_ef48_0.45_0.15_0.15_0.25_uni,kCS_1,16,0,65536,3076208,2.192555,0.485938,482527,198024675028.00
rmat_s16_ef48_0.45_0.15_0.15_0.25_uni,kCS_1,16,1,65536,3076208,2.354041,0.441862,482491,198025283870.00
rmat_s16_ef48_0.45_0.15_0.15_0.25_uni,kCS_1,16,2,65536,3076208,1.582377,0.422534,482501,198024626143.00
rmat_s16_ef48_0.45_0.15_0.15_0.25_uni,kCS_32,16,0,65536,3076208,1.149038,0.084123,482527,198024675028.00
rmat_s16_ef48_0.45_0.15_0.15_0.25_uni,kCS_32,16,1,65536,3076208,1.387508,0.102322,482491,198025283870.00
rmat_s16_ef48_0.45_0.15_0.15_0.25_uni,kCS_32,16,2,65536,3076208,1.393294,0.082068,482501,198024626143.00
rmat_s17_ef48_0.55_0.15_0.15_0.15_exp,kCS_1,16,0,131072,5724931,4.885785,1.840914,572088,41340487593.00
rmat_s17_ef48_0.55_0.15_0.15_0.15_exp,kCS_1,16,1,131072,5724931,5.821831,1.297687,572093,41340529584.00
rmat_s17_ef48_0.55_0.15_0.15_0.15_exp,kCS_1,16,2,131072,5724931,5.549677,1.234133,572094,41340484548.00
rmat_s17_ef48_0.55_0.15_0.15_0.15_exp,kCS_32,16,0,131072,5724931,2.031551,0.116086,572088,41340487593.00
rmat_s17_ef48_0.55_0.15_0.15_0.15_exp,kCS_32,16,1,131072,5724931,1.904395,0.106496,572093,41340529584.00
rmat_s17_ef48_0.55_0.15_0.15_0.15_exp,kCS_32,16,2,131072,5724931,1.862153,0.110177,572094,41340484548.00
rmat_s21_ef24_0.25_0.25_0.25_0.25_exp,kCS_1,16,0,2097152,50331039,76.170966,47.017586,16323048,1070415164164.00
rmat_s21_ef24_0.25_0.25_0.25_0.25_exp,kCS_1,16,1,2097152,50331039,76.091740,48.375935,16323057,1070413557811.00
rmat_s21_ef24_0.25_0.25_0.25_0.25_exp,kCS_1,16,2,2097152,50331039,75.038580,47.451261,16322985,1070414300277.00
rmat_s21_ef24_0.25_0.25_0.25_0.25_exp,kCS_32,16,0,2097152,50331039,20.380760,1.767211,16323048,1070415164164.00
rmat_s21_ef24_0.25_0.25_0.25_0.25_exp,kCS_32,16,1,2097152,50331039,20.281817,1.805286,16323057,1070413557811.00
rmat_s21_ef24_0.25_0.25_0.25_0.25_exp,kCS_32,16,2,2097152,50331039,20.055309,1.767438,16322985,1070414300277.00
rmat_s15_ef48_0.25_0.25_0.25_0.25_exp,kCS_1,16,0,32768,1570537,1.181627,0.435387,259054,22409359046.00
rmat_s15_ef48_0.25_0.25_0.25_0.25_exp,kCS_1,16,1,32768,1570537,1.374101,0.270915,259032,22409059968.00
rmat_s15_ef48_0.25_0.25_0.25_0.25_exp,kCS_1,16,2,32768,1570537,1.332054,0.189535,259032,22409078181.00
rmat_s15_ef48_0.25_0.25_0.25_0.25_exp,kCS_32,16,0,32768,1570537,0.528568,0.088699,259054,22409359046.00
rmat_s15_ef48_0.25_0.25_0.25_0.25_exp,kCS_32,16,1,32768,1570537,0.545288,0.091946,259032,22409059968.00
rmat_s15_ef48_0.25_0.25_0.25_0.25_exp,kCS_32,16,2,32768,1570537,0.685044,0.075111,259032,22409078181.00
rmat_s18_ef48_0.55_0.15_0.15_0.15_uni,kCS_1,16,0,262144,11687806,12.482194,5.435038,1103843,415103257649.00
rmat_s18_ef48_0.55_0.15_0.15_0.15_uni,kCS_1,16,1,262144,11687806,12.877963,5.267551,1103825,415100053535.00
rmat_s18_ef48_0.55_0.15_0.15_0.15_uni,kCS_1,16,2,262144,11687806,13.825853,5.192769,1103849,415100337128.00
rmat_s18_ef48_0.55_0.15_0.15_0.15_uni,kCS_32,16,0,262144,11687806,4.485211,0.183713,1103843,415103257649.00
rmat_s18_ef48_0.55_0.15_0.15_0.15_uni,kCS_32,16,1,262144,11687806,4.102889,0.178213,1103825,415100053535.00
rmat_s18_ef48_0.55_0.15_0.15_0.15_uni,kCS_32,16,2,262144,11687806,4.104608,0.164844,1103849,415100337128.00
rmat_s16_ef48_0.45_0.15_0.15_0.25_exp,kCS_1,16,0,65536,3076205,2.534607,0.723534,482223,37326606302.00
rmat_s16_ef48_0.45_0.15_0.15_0.25_exp,kCS_1,16,1,65536,3076205,2.985427,0.482562,482219,37326576263.00
rmat_s16_ef48_0.45_0.15_0.15_0.25_exp,kCS_1,16,2,65536,3076205,3.029343,0.479443,482211,37326684942.00
rmat_s16_ef48_0.45_0.15_0.15_0.25_exp,kCS_32,16,0,65536,3076205,1.320759,0.106400,482223,37326606302.00
rmat_s16_ef48_0.45_0.15_0.15_0.25_exp,kCS_32,16,1,65536,3076205,1.190815,0.081534,482219,37326576263.00
rmat_s16_ef48_0.45_0.15_0.15_0.25_exp,kCS_32,16,2,65536,3076205,1.063069,0.079638,482211,37326684942.00
rmat_s14_ef48_0.25_0.25_0.25_0.25_uni,kCS_1,16,0,16384,784163,0.376315,0.108430,129542,57900430621.00
rmat_s14_ef48_0.25_0.25_0.25_0.25_uni,kCS_1,16,1,16384,784163,0.413810,0.106358,129536,57900709246.00
rmat_s14_ef48_0.25_0.25_0.25_0.25_uni,kCS_1,16,2,16384,784163,0.461544,0.112657,129536,57900709246.00
rmat_s14_ef48_0.25_0.25_0.25_0.25_uni,kCS_32,16,0,16384,784163,0.424354,0.095286,129542,57900430621.00
rmat_s14_ef48_0.25_0.25_0.25_0.25_uni,kCS_32,16,1,16384,784163,0.425812,0.080220,129536,57900709246.00
rmat_s14_ef48_0.25_0.25_0.25_0.25_uni,kCS_32,16,2,16384,784163,0.424615,0.083514,129536,57900709246.00
rmat_s16_ef48_0.55_0.15_0.15_0.15_uni,kCS_1,16,0,65536,2788673,1.642039,0.633592,297908,112559692110.00
rmat_s16_ef48_0.55_0.15_0.15_0.15_uni,kCS_1,16,1,65536,2788673,2.452633,0.501740,297905,112558514496.00
rmat_s16_ef48_0.55_0.15_0.15_0.15_uni,kCS_1,16,2,65536,2788673,2.373693,0.759796,297910,112560465164.00
rmat_s16_ef48_0.55_0.15_0.15_0.15_uni,kCS_32,16,0,65536,2788673,1.143543,0.108786,297908,112559692110.00
rmat_s16_ef48_0.55_0.15_0.15_0.15_uni,kCS_32,16,1,65536,2788673,1.214575,0.075597,297905,112558514496.00
rmat_s16_ef48_0.55_0.15_0.15_0.15_uni,kCS_32,16,2,65536,2788673,1.136980,0.077416,297910,112560465164.00
rmat_s23_ef24_0.45_0.15_0.15_0.25_exp,kCS_1,16,0,8388608,201192583,293.703576,215.380149,52042231,3203300568960.00
rmat_s23_ef24_0.45_0.15_0.15_0.25_exp,kCS_1,16,1,8388608,201192583,295.441507,219.719895,52042174,3203300144503.00
rmat_s23_ef24_0.45_0.15_0.15_0.25_exp,kCS_1,16,2,8388608,201192583,358.367634,246.196792,52042242,3203300199218.00
rmat_s23_ef24_0.45_0.15_0.15_0.25_exp,kCS_32,16,0,8388608,201192583,80.593364,10.845992,52042231,3203300568960.00
rmat_s23_ef24_0.45_0.15_0.15_0.25_exp,kCS_32,16,1,8388608,201192583,81.636496,11.316607,52042174,3203300144503.00
rmat_s23_ef24_0.45_0.15_0.15_0.25_exp,kCS_32,16,2,8388608,201192583,83.283613,10.166667,52042242,3203300199218.00
rmat_s23_ef24_0.55_0.15_0.15_0.15_uni,kCS_1,16,0,8388608,198780869,309.531099,249.179333,23645772,8423770388843.00
rmat_s23_ef24_0.55_0.15_0.15_0.15_uni,kCS_1,16,1,8388608,198780869,267.758301,208.777929,23645791,8423772076514.00
rmat_s23_ef24_0.55_0.15_0.15_0.15_uni,kCS_1,16,2,8388608,198780869,281.292155,218.337359,23645719,8423763526663.00
rmat_s23_ef24_0.55_0.15_0.15_0.15_uni,kCS_32,16,0,8388608,198780869,77.958355,9.269939,23645772,8423770388843.00
rmat_s23_ef24_0.55_0.15_0.15_0.15_uni,kCS_32,16,1,8388608,198780869,77.930010,8.959640,23645791,8423772076514.00
rmat_s23_ef24_0.55_0.15_0.15_0.15_uni,kCS_32,16,2,8388608,198780869,82.198150,9.064736,23645719,8423763526663.00
rmat_s18_ef48_0.55_0.15_0.15_0.15_exp,kCS_1,16,0,262144,11686498,5.166137,2.594730,1103403,79548006667.00
rmat_s18_ef48_0.55_0.15_0.15_0.15_exp,kCS_1,16,1,262144,11686498,5.310886,2.608866,1103409,79547860275.00
rmat_s18_ef48_0.55_0.15_0.15_0.15_exp,kCS_1,16,2,262144,11686498,5.317598,2.583854,1103410,79547874504.00
rmat_s18_ef48_0.55_0.15_0.15_0.15_exp,kCS_32,16,0,262144,11686498,4.077177,0.184983,1103403,79548006667.00
rmat_s18_ef48_0.55_0.15_0.15_0.15_exp,kCS_32,16,1,262144,11686498,4.112669,0.189507,1103409,79547860275.00
rmat_s18_ef48_0.55_0.15_0.15_0.15_exp,kCS_32,16,2,262144,11686498,4.025014,0.173528,1103410,79547874504.00
rmat_s17_ef48_0.55_0.15_0.15_0.15_uni,kCS_1,16,0,131072,5725537,3.557016,1.058928,571339,215901068532.00
rmat_s17_ef48_0.55_0.15_0.15_0.15_uni,kCS_1,16,1,131072,5725537,3.997356,0.954098,571355,215903664404.00
rmat_s17_ef48_0.55_0.15_0.15_0.15_uni,kCS_1,16,2,131072,5725537,2.807551,0.974611,571343,215900580061.00
rmat_s17_ef48_0.55_0.15_0.15_0.15_uni,kCS_32,16,0,131072,5725537,2.204965,0.103274,571339,215901068532.00
rmat_s17_ef48_0.55_0.15_0.15_0.15_uni,kCS_32,16,1,131072,5725537,1.972982,0.107000,571355,215903664404.00
rmat_s17_ef48_0.55_0.15_0.15_0.15_uni,kCS_32,16,2,131072,5725537,1.923415,0.125932,571343,215900580061.00
rmat_s15_ef48_0.55_0.15_0.15_0.15_exp,kCS_1,16,0,32768,1349417,0.640439,0.213578,154450,11167338966.00
rmat_s15_ef48_0.55_0.15_0.15_0.15_exp,kCS_1,16,1,32768,1349417,0.695839,0.201474,154450,11167319597.00
rmat_s15_ef48_0.55_0.15_0.15_0.15_exp,kCS_1,16,2,32768,1349417,0.560488,0.225036,154450,11167338966.00
rmat_s15_ef48_0.55_0.15_0.15_0.15_exp,kCS_32,16,0,32768,1349417,0.713110,0.078153,154450,11167338966.00
rmat_s15_ef48_0.55_0.15_0.15_0.15_exp,kCS_32,16,1,32768,1349417,0.470802,0.073606,154450,11167319597.00
rmat_s15_ef48_0.55_0.15_0.15_0.15_exp,kCS_32,16,2,32768,1349417,0.521485,0.062416,154450,11167338966.00
rmat_s19_ef48_0.25_0.25_0.25_0.25_exp,kCS_1,16,0,524288,25163507,33.476973,13.031811,4144867,358911174762.00
rmat_s19_ef48_0.25_0.25_0.25_0.25_exp,kCS_1,16,1,524288,25163507,34.392550,12.886022,4144853,358910398063.00
rmat_s19_ef48_0.25_0.25_0.25_0.25_exp,kCS_1,16,2,524288,25163507,33.083698,13.546821,4144807,358910328789.00
rmat_s19_ef48_0.25_0.25_0.25_0.25_exp,kCS_32,16,0,524288,25163507,9.488604,0.458341,4144867,358911174762.00
rmat_s19_ef48_0.25_0.25_0.25_0.25_exp,kCS_32,16,1,524288,25163507,9.033614,0.470830,4144853,358910398063.00
rmat_s19_ef48_0.25_0.25_0.25_0.25_exp,kCS_32,16,2,524288,25163507,8.852239,0.469481,4144807,358910328789.00
rmat_s17_ef48_0.45_0.15_0.15_0.25_exp,kCS_1,16,0,131072,6201300,6.101332,1.869497,958634,73922381419.00
rmat_s17_ef48_0.45_0.15_0.15_0.25_exp,kCS_1,16,1,131072,6201300,6.338994,1.977246,958630,73922143242.00
rmat_s17_ef48_0.45_0.15_0.15_0.25_exp,kCS_1,16,2,131072,6201300,8.019061,1.269384,958628,73922196923.00
rmat_s17_ef48_0.45_0.15_0.15_0.25_exp,kCS_32,16,0,131072,6201300,2.469173,0.121501,958634,73922381419.00
rmat_s17_ef48_0.45_0.15_0.15_0.25_exp,kCS_32,16,1,131072,6201300,2.237382,0.118045,958630,73922143242.00
rmat_s17_ef48_0.45_0.15_0.15_0.25_exp,kCS_32,16,2,131072,6201300,2.208375,0.106101,958628,73922196923.00
rmat_s20_ef48_0.55_0.15_0.15_0.15_exp,kCS_1,16,0,1048576,48121491,61.870118,30.217696,4086018,294533256708.00
rmat_s20_ef48_0.55_0.15_0.15_0.15_exp,kCS_1,16,1,1048576,48121491,61.109474,31.188527,4086005,294532984924.00
rmat_s20_ef48_0.55_0.15_0.15_0.15_exp,kCS_1,16,2,1048576,48121491,61.501304,37.687837,4086027,294533320334.00
rmat_s20_ef48_0.55_0.15_0.15_0.15_exp,kCS_32,16,0,1048576,48121491,16.740739,0.917899,4086018,294533256708.00
rmat_s20_ef48_0.55_0.15_0.15_0.15_exp,kCS_32,16,1,1048576,48121491,16.854791,0.948767,4086005,294532984924.00
rmat_s20_ef48_0.55_0.15_0.15_0.15_exp,kCS_32,16,2,1048576,48121491,17.117484,0.757403,4086027,294533320334.00
rmat_s20_ef48_0.25_0.25_0.25_0.25_uni,kCS_1,16,0,1048576,50329246,70.589089,27.437953,8289803,3708185772652.00
rmat_s20_ef48_0.25_0.25_0.25_0.25_uni,kCS_1,16,1,1048576,50329246,70.750350,27.663398,8289761,3708157803811.00
rmat_s20_ef48_0.25_0.25_0.25_0.25_uni,kCS_1,16,2,1048576,50329246,73.295013,30.781116,8289766,3708162046923.00
rmat_s20_ef48_0.25_0.25_0.25_0.25_uni,kCS_32,16,0,1048576,50329246,18.638505,0.914167,8289803,3708185772652.00
rmat_s20_ef48_0.25_0.25_0.25_0.25_uni,kCS_32,16,1,1048576,50329246,18.395748,0.977851,8289761,3708157803811.00
rmat_s20_ef48_0.25_0.25_0.25_0.25_uni,kCS_32,16,2,1048576,50329246,18.351444,0.802973,8289766,3708162046923.00
rmat_s22_ef24_0.55_0.15_0.15_0.15_uni,kCS_1,16,0,4194304,99003497,137.511420,113.635366,12283768,4379616249946.00
rmat_s22_ef24_0.55_0.15_0.15_0.15_uni,kCS_1,16,1,4194304,99003497,142.173861,113.695847,12283757,4379628913236.00
rmat_s22_ef24_0.55_0.15_0.15_0.15_uni,kCS_1,16,2,4194304,99003497,142.391958,113.119808,12283767,4379620793188.00
rmat_s22_ef24_0.55_0.15_0.15_0.15_uni,kCS_32,16,0,4194304,99003497,37.576286,3.225056,12283768,4379616249946.00
rmat_s22_ef24_0.55_0.15_0.15_0.15_uni,kCS_32,16,1,4194304,99003497,38.574001,3.044502,12283757,4379628913236.00
rmat_s22_ef24_0.55_0.15_0.15_0.15_uni,kCS_32,16,2,4194304,99003497,47.333789,2.957428,12283767,4379620793188.00
rmat_s20_ef48_0.45_0.15_0.15_0.25_uni,kCS_1,16,0,1048576,50135639,60.724333,28.377263,7500249,3039072419552.00
rmat_s20_ef48_0.45_0.15_0.15_0.25_uni,kCS_1,16,1,1048576,50135639,63.691319,28.314243,7500097,3039059562419.00
rmat_s20_ef48_0.45_0.15_0.15_0.25_uni,kCS_1,16,2,1048576,50135639,69.207026,26.932454,7500096,3039064321603.00
rmat_s20_ef48_0.45_0.15_0.15_0.25_uni,kCS_32,16,0,1048576,50135639,17.466580,0.970435,7500249,3039072419552.00
rmat_s20_ef48_0.45_0.15_0.15_0.25_uni,kCS_32,16,1,1048576,50135639,17.775194,0.903934,7500097,3039059562419.00
rmat_s20_ef48_0.45_0.15_0.15_0.25_uni,kCS_32,16,2,1048576,50135639,17.669636,0.814451,7500096,3039064321603.00
rmat_s17_ef48_0.45_0.15_0.15_0.25_uni,kCS_1,16,0,131072,6201533,2.768321,0.988036,958538,392261237681.00
rmat_s17_ef48_0.45_0.15_0.15_0.25_uni,kCS_1,16,1,131072,6201533,4.714705,1.519656,958509,392258003636.00
rmat_s17_ef48_0.45_0.15_0.15_0.25_uni,kCS_1,16,2,131072,6201533,4.728599,1.821963,958478,392256311746.00
rmat_s17_ef48_0.45_0.15_0.15_0.25_uni,kCS_32,16,0,131072,6201533,2.120041,0.129338,958538,392261237681.00
rmat_s17_ef48_0.45_0.15_0.15_0.25_uni,kCS_32,16,1,131072,6201533,2.249253,0.109374,958509,392258003636.00
rmat_s17_ef48_0.45_0.15_0.15_0.25_uni,kCS_32,16,2,131072,6201533,2.210411,0.107670,958478,392256311746.00
rmat_s18_ef48_0.45_0.15_0.15_0.25_exp,MRepS_32,16,0,262144,12465578,8.071691,1.902215,1903414,146205710867.00
rmat_s18_ef48_0.45_0.15_0.15_0.25_exp,MRepS_32,16,1,262144,12465578,8.172664,1.888274,1903407,146205706856.00
rmat_s18_ef48_0.45_0.15_0.15_0.25_exp,MRepS_32,16,2,262144,12465578,8.072285,1.877986,1903446,146206453712.00
rmat_s18_ef48_0.45_0.15_0.15_0.25_uni,MRepS_32,16,0,262144,12465402,9.251490,1.728556,1902668,775840764697.00
rmat_s18_ef48_0.45_0.15_0.15_0.25_uni,MRepS_32,16,1,262144,12465402,8.855208,1.762030,1902672,775830535305.00
rmat_s18_ef48_0.45_0.15_0.15_0.25_uni,MRepS_32,16,2,262144,12465402,9.050928,1.864334,1902643,775833696893.00
rmat_s21_ef24_0.55_0.15_0.15_0.15_exp,MRepS_32,16,0,2097152,49251994,36.978851,15.234904,6380530,408751496461.00
rmat_s21_ef24_0.55_0.15_0.15_0.15_exp,MRepS_32,16,1,2097152,49251994,36.922394,14.857668,6380534,408751541999.00
rmat_s21_ef24_0.55_0.15_0.15_0.15_exp,MRepS_32,16,2,2097152,49251994,37.391767,14.847382,6380543,408751621739.00
rmat_s24_ef24_0.55_0.15_0.15_0.15_exp,MRepS_32,16,0,16777216,398753197,323.096189,130.903371,45347542,2917789455041.00
rmat_s24_ef24_0.55_0.15_0.15_0.15_exp,MRepS_32,16,1,16777216,398753197,311.590918,133.556178,45347552,2917789577496.00
rmat_s24_ef24_0.55_0.15_0.15_0.15_exp,MRepS_32,16,2,16777216,398753197,309.784218,134.413496,45347527,2917789559786.00
rmat_s23_ef24_0.25_0.25_0.25_0.25_uni,MRepS_32,16,0,8388608,201325985,90.434002,57.132004,65292738,26363227389885.00
rmat_s23_ef24_0.25_0.25_0.25_0.25_uni,MRepS_32,16,1,8388608,201325985,84.508741,59.934437,65292806,26363250763191.00
rmat_s23_ef24_0.25_0.25_0.25_0.25_uni,MRepS_32,16,2,8388608,201325985,85.945948,47.922891,65292688,26363248385480.00
rmat_s23_ef24_0.45_0.15_0.15_0.25_uni,MRepS_32,16,0,8388608,201194109,86.599192,53.558830,52045502,19126268780462.00
rmat_s23_ef24_0.45_0.15_0.15_0.25_uni,MRepS_32,16,1,8388608,201194109,82.143067,53.459911,52045540,19126252010112.00
rmat_s23_ef24_0.45_0.15_0.15_0.25_uni,MRepS_32,16,2,8388608,201194109,84.702390,46.368564,52045474,19126257265505.00
rmat_s19_ef48_0.55_0.15_0.15_0.15_exp,MRepS_32,16,0,524288,23756720,8.375365,1.561778,2124870,153138058536.00
rmat_s19_ef48_0.55_0.15_0.15_0.15_exp,MRepS_32,16,1,524288,23756720,8.734483,1.609876,2124881,153138133534.00
rmat_s19_ef48_0.55_0.15_0.15_0.15_exp,MRepS_32,16,2,524288,23756720,7.757427,1.530385,2124882,153137987322.00
rmat_s22_ef24_0.25_0.25_0.25_0.25_exp,MRepS_32,16,0,4194304,100662680,43.391325,23.594015,32645431,2141287352190.00
rmat_s22_ef24_0.25_0.25_0.25_0.25_exp,MRepS_32,16,1,4194304,100662680,38.783548,23.099186,32645505,2141285728200.00
rmat_s22_ef24_0.25_0.25_0.25_0.25_exp,MRepS_32,16,2,4194304,100662680,45.510094,18.342770,32645475,2141286678431.00
rmat_s15_ef48_0.55_0.15_0.15_0.15_uni,MRepS_32,16,0,32768,1349809,0.491411,0.241879,154524,58735615315.00
rmat_s15_ef48_0.55_0.15_0.15_0.15_uni,MRepS_32,16,1,32768,1349809,0.566579,0.233351,154521,58735462320.00
rmat_s15_ef48_0.55_0.15_0.15_0.15_uni,MRepS_32,16,2,32768,1349809,0.600088,0.215192,154522,58735643305.00
rmat_s20_ef48_0.55_0.15_0.15_0.15_uni,MRepS_32,16,0,1048576,48125802,17.204974,3.988346,4088384,1533137444269.00
rmat_s20_ef48_0.55_0.15_0.15_0.15_uni,MRepS_32,16,1,1048576,48125802,16.315524,3.941907,4088369,1533129676616.00
rmat_s20_ef48_0.55_0.15_0.15_0.15_uni,MRepS_32,16,2,1048576,48125802,16.108665,3.355071,4088375,1533130192718.00
rmat_s17_ef48_0.25_0.25_0.25_0.25_uni,MRepS_32,16,0,131072,6289081,2.223185,0.550918,1036230,463520606859.00
rmat_s17_ef48_0.25_0.25_0.25_0.25_uni,MRepS_32,16,1,131072,6289081,2.208453,0.488077,1036240,463529300611.00
rmat_s17_ef48_0.25_0.25_0.25_0.25_uni,MRepS_32,16,2,131072,6289081,2.147524,0.467076,1036243,463526044717.00
rmat_s18_ef48_0.25_0.25_0.25_0.25_exp,MRepS_32,16,0,262144,12580565,6.793675,1.081417,2072446,179596630788.00
rmat_s18_ef48_0.25_0.25_0.25_0.25_exp,MRepS_32,16,1,262144,12580565,4.274216,0.926253,2072461,179596548454.00
rmat_s18_ef48_0.25_0.25_0.25_0.25_exp,MRepS_32,16,2,262144,12580565,4.686173,0.884521,2072414,179595127145.00
rmat_s14_ef48_0.45_0.15_0.15_0.25_uni,MRepS_32,16,0,16384,746906,0.402021,0.198669,122349,50566897634.00
rmat_s14_ef48_0.45_0.15_0.15_0.25_uni,MRepS_32,16,1,16384,746906,0.401572,0.212602,122345,50566117334.00
rmat_s14_ef48_0.45_0.15_0.15_0.25_uni,MRepS_32,16,2,16384,746906,0.410914,0.226953,122351,50566860930.00
rmat_s14_ef48_0.55_0.15_0.15_0.15_uni,MRepS_32,16,0,16384,647545,0.245824,0.212916,80189,30598945373.00
rmat_s14_ef48_0.55_0.15_0.15_0.15_uni,MRepS_32,16,1,16384,647545,0.361468,0.185812,80190,30599085748.00
rmat_s14_ef48_0.55_0.15_0.15_0.15_uni,MRepS_32,16,2,16384,647545,0.210797,0.196328,80189,30598945373.00
rmat_s24_ef24_0.25_0.25_0.25_0.25_uni,MRepS_32,16,0,16777216,402652592,196.962524,130.232581,130582826,52727077552547.00
rmat_s24_ef24_0.25_0.25_0.25_0.25_uni,MRepS_32,16,1,16777216,402652592,195.538173,133.577395,130582955,52727111286543.00
rmat_s24_ef24_0.25_0.25_0.25_0.25_uni,MRepS_32,16,2,16777216,402652592,195.376276,132.478471,130582795,52727113616742.00
rmat_s22_ef24_0.25_0.25_0.25_0.25_uni,MRepS_32,16,0,4194304,100662701,49.394155,22.382426,32644383,13181481576970.00
rmat_s22_ef24_0.25_0.25_0.25_0.25_uni,MRepS_32,16,1,4194304,100662701,42.337310,21.991160,32644551,13181494271014.00
rmat_s22_ef24_0.25_0.25_0.25_0.25_uni,MRepS_32,16,2,4194304,100662701,36.544288,19.521499,32644524,13181500567878.00
rmat_s22_ef24_0.45_0.15_0.15_0.25_uni,MRepS_32,16,0,4194304,100560801,40.279083,19.565952,26310605,9684051181290.00
rmat_s22_ef24_0.45_0.15_0.15_0.25_uni,MRepS_32,16,1,4194304,100560801,38.645501,19.037100,26310603,9684039584695.00
rmat_s22_ef24_0.45_0.15_0.15_0.25_uni,MRepS_32,16,2,4194304,100560801,39.543798,18.575321,26310576,9684044015619.00
rmat_s16_ef48_0.25_0.25_0.25_0.25_uni,MRepS_32,16,0,65536,3143381,1.177854,0.281031,518106,231790991776.00
rmat_s16_ef48_0.25_0.25_0.25_0.25_uni,MRepS_32,16,1,65536,3143381,1.296490,0.307508,518105,231790661570.00
rmat_s16_ef48_0.25_0.25_0.25_0.25_uni,MRepS_32,16,2,65536,3143381,1.225832,0.287744,518116,231795271411.00
rmat_s19_ef48_0.45_0.15_0.15_0.25_uni,MRepS_32,16,0,524288,25014129,8.949113,1.755412,3777668,1536096904048.00
rmat_s19_ef48_0.45_0.15_0.15_0.25_uni,MRepS_32,16,1,524288,25014129,8.488783,2.152075,3777668,1536093669414.00
rmat_s19_ef48_0.45_0.15_0.15_0.25_uni,MRepS_32,16,2,524288,25014129,8.214006,1.778786,3777607,1536085517650.00
rmat_s15_ef48_0.45_0.15_0.15_0.25_exp,MRepS_32,16,0,32768,1520003,0.592336,0.233169,243044,18804111601.00
rmat_s15_ef48_0.45_0.15_0.15_0.25_exp,MRepS_32,16,1,32768,1520003,0.483558,0.247127,243045,18804092584.00
rmat_s15_ef48_0.45_0.15_0.15_0.25_exp,MRepS_32,16,2,32768,1520003,0.681720,0.224275,243043,18804122657.00
rmat_s22_ef24_0.55_0.15_0.15_0.15_exp,MRepS_32,16,0,4194304,99005401,41.023827,16.826761,12288361,786535579260.00
rmat_s22_ef24_0.55_0.15_0.15_0.15_exp,MRepS_32,16,1,4194304,99005401,39.222562,16.958963,12288359,786535001182.00
rmat_s22_ef24_0.55_0.15_0.15_0.15_exp,MRepS_32,16,2,4194304,99005401,37.337761,16.180305,12288358,786534932345.00
rmat_s16_ef48_0.55_0.15_0.15_0.15_exp,MRepS_32,16,0,65536,2788534,1.025510,0.295475,298187,21533994604.00
rmat_s16_ef48_0.55_0.15_0.15_0.15_exp,MRepS_32,16,1,65536,2788534,0.882038,0.291725,298192,21533964568.00
rmat_s16_ef48_0.55_0.15_0.15_0.15_exp,MRepS_32,16,2,65536,2788534,0.840626,0.298680,298189,21533935787.00
rmat_s17_ef48_0.25_0.25_0.25_0.25_exp,MRepS_32,16,0,131072,6289109,2.328206,0.593090,1036092,89761885308.00
rmat_s17_ef48_0.25_0.25_0.25_0.25_exp,MRepS_32,16,1,131072,6289109,2.195269,0.523161,1036085,89761919612.00
rmat_s17_ef48_0.25_0.25_0.25_0.25_exp,MRepS_32,16,2,131072,6289109,2.217999,0.478277,1036080,89761666567.00
rmat_s14_ef48_0.25_0.25_0.25_0.25_exp,MRepS_32,16,0,16384,784053,0.414810,0.205336,129491,11210495999.00
rmat_s14_ef48_0.25_0.25_0.25_0.25_exp,MRepS_32,16,1,16384,784053,0.362785,0.190189,129489,11210519527.00
rmat_s14_ef48_0.25_0.25_0.25_0.25_exp,MRepS_32,16,2,16384,784053,0.417808,0.185294,129498,11210768753.00
rmat_s14_ef48_0.55_0.15_0.15_0.15_exp,MRepS_32,16,0,16384,647435,0.319946,0.224933,80666,5809295285.00
rmat_s14_ef48_0.55_0.15_0.15_0.15_exp,MRepS_32,16,1,16384,647435,0.300692,0.229025,80666,5809343349.00
rmat_s14_ef48_0.55_0.15_0.15_0.15_exp,MRepS_32,16,2,16384,647435,0.339961,0.211168,80665,5809353069.00
rmat_s14_ef48_0.45_0.15_0.15_0.25_exp,MRepS_32,16,0,16384,746669,0.395041,0.226917,122291,9475603682.00
rmat_s14_ef48_0.45_0.15_0.15_0.25_exp,MRepS_32,16,1,16384,746669,0.393504,0.228567,122287,9475599976.00
rmat_s14_ef48_0.45_0.15_0.15_0.25_exp,MRepS_32,16,2,16384,746669,0.372403,0.188924,122288,9475620127.00
rmat_s20_ef48_0.25_0.25_0.25_0.25_exp,MRepS_32,16,0,1048576,50329356,19.023034,5.799358,8289694,717952339318.00
rmat_s20_ef48_0.25_0.25_0.25_0.25_exp,MRepS_32,16,1,1048576,50329356,18.909148,5.736372,8289616,717951202140.00
rmat_s20_ef48_0.25_0.25_0.25_0.25_exp,MRepS_32,16,2,1048576,50329356,17.963131,5.632093,8289608,717953470947.00
rmat_s23_ef24_0.55_0.15_0.15_0.15_exp,MRepS_32,16,0,8388608,198780903,82.286033,41.744895,23648168,1515184645822.00
rmat_s23_ef24_0.55_0.15_0.15_0.15_exp,MRepS_32,16,1,8388608,198780903,79.987108,41.620404,23648142,1515183567733.00
rmat_s23_ef24_0.55_0.15_0.15_0.15_exp,MRepS_32,16,2,8388608,198780903,78.258015,40.986138,23648163,1515184908543.00
rmat_s19_ef48_0.45_0.15_0.15_0.25_exp,MRepS_32,16,0,524288,25014316,9.404432,2.397804,3777972,289364240543.00
rmat_s19_ef48_0.45_0.15_0.15_0.25_exp,MRepS_32,16,1,524288,25014316,8.717211,2.392850,3777966,289363856901.00
rmat_s19_ef48_0.45_0.15_0.15_0.25_exp,MRepS_32,16,2,524288,25014316,8.927163,2.295197,3777942,289363723875.00
rmat_s20_ef48_0.45_0.15_0.15_0.25_exp,MRepS_32,16,0,1048576,50135288,18.464124,5.212532,7497865,572598093143.00
rmat_s20_ef48_0.45_0.15_0.15_0.25_exp,MRepS_32,16,1,1048576,50135288,18.448786,5.154076,7497859,572597574781.00
rmat_s20_ef48_0.45_0.15_0.15_0.25_exp,MRepS_32,16,2,1048576,50135288,18.021697,4.023203,7497869,572596922466.00
rmat_s18_ef48_0.25_0.25_0.25_0.25_uni,MRepS_32,16,0,262144,12580633,4.865035,1.121569,2072378,927003249991.00
rmat_s18_ef48_0.25_0.25_0.25_0.25_uni,MRepS_32,16,1,262144,12580633,4.309592,1.033410,2072379,927001155326.00
rmat_s18_ef48_0.25_0.25_0.25_0.25_uni,MRepS_32,16,2,262144,12580633,4.472363,0.897626,2072394,927005211837.00
rmat_s24_ef24_0.25_0.25_0.25_0.25_exp,MRepS_32,16,0,16777216,402652618,200.021624,132.781963,130583487,8564625634994.00
rmat_s24_ef24_0.25_0.25_0.25_0.25_exp,MRepS_32,16,1,16777216,402652618,195.824619,133.981019,130583610,8564621608222.00
rmat_s24_ef24_0.25_0.25_0.25_0.25_exp,MRepS_32,16,2,16777216,402652618,194.433520,136.275390,130583450,8564620443445.00
rmat_s21_ef24_0.45_0.15_0.15_0.25_uni,MRepS_32,16,0,2097152,50253908,19.587283,7.557926,13304880,4904800625821.00
rmat_s21_ef24_0.45_0.15_0.15_0.25_uni,MRepS_32,16,1,2097152,50253908,18.510071,7.747781,13304842,4904802750675.00
rmat_s21_ef24_0.45_0.15_0.15_0.25_uni,MRepS_32,16,2,2097152,50253908,18.230253,6.943233,13304822,4904799101994.00
rmat_s19_ef48_0.55_0.15_0.15_0.15_uni,MRepS_32,16,0,524288,23757244,8.575692,1.710373,2126427,798300539795.00
rmat_s19_ef48_0.55_0.15_0.15_0.15_uni,MRepS_32,16,1,524288,23757244,7.965688,1.633650,2126428,798297622558.00
rmat_s19_ef48_0.55_0.15_0.15_0.15_uni,MRepS_32,16,2,524288,23757244,7.856789,1.577504,2126428,798303883229.00
rmat_s21_ef24_0.55_0.15_0.15_0.15_uni,MRepS_32,16,0,2097152,49253582,18.769303,4.689216,6380385,2282025658074.00
rmat_s21_ef24_0.55_0.15_0.15_0.15_uni,MRepS_32,16,1,2097152,49253582,20.250582,5.415234,6380348,2282027425460.00
rmat_s21_ef24_0.55_0.15_0.15_0.15_uni,MRepS_32,16,2,2097152,49253582,17.715941,5.661510,6380394,2282031102415.00
rmat_s21_ef24_0.45_0.15_0.15_0.25_exp,MRepS_32,16,0,2097152,50253000,19.760884,8.464368,13303727,819277130391.00
rmat_s21_ef24_0.45_0.15_0.15_0.25_exp,MRepS_32,16,1,2097152,50253000,20.263539,8.126942,13303745,819277226376.00
rmat_s21_ef24_0.45_0.15_0.15_0.25_exp,MRepS_32,16,2,2097152,50253000,19.549094,8.232030,13303724,819276687533.00
rmat_s15_ef48_0.45_0.15_0.15_0.25_uni,MRepS_32,16,0,32768,1520529,0.645573,0.234204,242761,100009344001.00
rmat_s15_ef48_0.45_0.15_0.15_0.25_uni,MRepS_32,16,1,32768,1520529,0.825638,0.256356,242790,100010645519.00
rmat_s15_ef48_0.45_0.15_0.15_0.25_uni,MRepS_32,16,2,32768,1520529,0.645793,0.224985,242755,100005800466.00
rmat_s24_ef24_0.45_0.15_0.15_0.25_uni,MRepS_32,16,0,16777216,402479213,184.380801,120.290530,102940094,37775904274579.00
rmat_s24_ef24_0.45_0.15_0.15_0.25_uni,MRepS_32,16,1,16777216,402479213,183.440250,120.343545,102940054,37775923568768.00
rmat_s24_ef24_0.45_0.15_0.15_0.25_uni,MRepS_32,16,2,16777216,402479213,182.194475,119.859060,102940002,37775886680000.00
rmat_s23_ef24_0.25_0.25_0.25_0.25_exp,MRepS_32,16,0,8388608,201325970,89.360440,58.033806,65289716,4282541857527.00
rmat_s23_ef24_0.25_0.25_0.25_0.25_exp,MRepS_32,16,1,8388608,201325970,88.487554,59.033850,65289793,4282540209649.00
rmat_s23_ef24_0.25_0.25_0.25_0.25_exp,MRepS_32,16,2,8388608,201325970,99.119385,47.449388,65289646,4282541339602.00
rmat_s15_ef48_0.25_0.25_0.25_0.25_uni,MRepS_32,16,0,32768,1570612,0.529858,0.204843,259019,115840767248.00
rmat_s15_ef48_0.25_0.25_0.25_0.25_uni,MRepS_32,16,1,32768,1570612,0.780664,0.214772,259017,115840568548.00
rmat_s15_ef48_0.25_0.25_0.25_0.25_uni,MRepS_32,16,2,32768,1570612,0.532745,0.213663,259018,115840872208.00
rmat_s19_ef48_0.25_0.25_0.25_0.25_uni,MRepS_32,16,0,524288,25163518,9.387317,1.978117,4144911,1854132370972.00
rmat_s19_ef48_0.25_0.25_0.25_0.25_uni,MRepS_32,16,1,524288,25163518,8.600094,2.197520,4144938,1854141589505.00
rmat_s19_ef48_0.25_0.25_0.25_0.25_uni,MRepS_32,16,2,524288,25163518,8.208011,1.812209,4144917,1854136538201.00
rmat_s16_ef48_0.25_0.25_0.25_0.25_exp,MRepS_32,16,0,65536,3143475,1.149508,0.276479,518109,44808096182.00
rmat_s16_ef48_0.25_0.25_0.25_0.25_exp,MRepS_32,16,1,65536,3143475,1.142987,0.287571,518091,44807841359.00
rmat_s16_ef48_0.25_0.25_0.25_0.25_exp,MRepS_32,16,2,65536,3143475,1.149196,0.289884,518088,44807689705.00
rmat_s21_ef24_0.25_0.25_0.25_0.25_uni,MRepS_32,16,0,2097152,50331056,20.923851,7.740588,16323073,6590987867815.00
rmat_s21_ef24_0.25_0.25_0.25_0.25_uni,MRepS_32,16,1,2097152,50331056,20.559278,7.258471,16323238,6590997369981.00
rmat_s21_ef24_0.25_0.25_0.25_0.25_uni,MRepS_32,16,2,2097152,50331056,20.157318,6.266787,16323159,6590992712298.00
rmat_s22_ef24_0.45_0.15_0.15_0.25_exp,MRepS_32,16,0,4194304,100561270,41.912805,22.050176,26309572,1619459868931.00
rmat_s22_ef24_0.45_0.15_0.15_0.25_exp,MRepS_32,16,1,4194304,100561270,39.913252,21.863668,26309561,1619459630302.00
rmat_s22_ef24_0.45_0.15_0.15_0.25_exp,MRepS_32,16,2,4194304,100561270,42.134793,19.609877,26309556,1619458977527.00
rmat_s24_ef24_0.55_0.15_0.15_0.15_uni,MRepS_32,16,0,16777216,398754887,179.298217,88.650249,45346004,16176231625153.00
rmat_s24_ef24_0.55_0.15_0.15_0.15_uni,MRepS_32,16,1,16777216,398754887,168.860910,91.127817,45345999,16176216875377.00
rmat_s24_ef24_0.55_0.15_0.15_0.15_uni,MRepS_32,16,2,16777216,398754887,167.116557,89.599057,45345976,16176219072857.00
rmat_s24_ef24_0.45_0.15_0.15_0.25_exp,MRepS_32,16,0,16777216,214611454,91.820371,70.562711,47828013,3130655796788.00
rmat_s24_ef24_0.45_0.15_0.15_0.25_exp,MRepS_32,16,1,16777216,214611454,91.419930,70.219128,47827998,3130655222408.00
rmat_s24_ef24_0.45_0.15_0.15_0.25_exp,MRepS_32,16,2,16777216,214611454,94.170234,61.027095,47828011,3130655499575.00
rmat_s16_ef48_0.45_0.15_0.15_0.25_uni,MRepS_32,16,0,65536,3076208,1.091657,0.307926,482527,198024675028.00
rmat_s16_ef48_0.45_0.15_0.15_0.25_uni,MRepS_32,16,1,65536,3076208,1.195556,0.314205,482491,198025283870.00
rmat_s16_ef48_0.45_0.15_0.15_0.25_uni,MRepS_32,16,2,65536,3076208,1.117576,0.293913,482501,198024626143.00
rmat_s17_ef48_0.55_0.15_0.15_0.15_exp,MRepS_32,16,0,131072,5724931,1.977108,0.460046,572088,41340487593.00
rmat_s17_ef48_0.55_0.15_0.15_0.15_exp,MRepS_32,16,1,131072,5724931,2.129657,0.455354,572093,41340529584.00
rmat_s17_ef48_0.55_0.15_0.15_0.15_exp,MRepS_32,16,2,131072,5724931,1.981090,0.447284,572094,41340484548.00
rmat_s21_ef24_0.25_0.25_0.25_0.25_exp,MRepS_32,16,0,2097152,50331039,20.212020,6.848249,16323048,1070415164164.00
rmat_s21_ef24_0.25_0.25_0.25_0.25_exp,MRepS_32,16,1,2097152,50331039,20.008980,6.664330,16323057,1070413557811.00
rmat_s21_ef24_0.25_0.25_0.25_0.25_exp,MRepS_32,16,2,2097152,50331039,18.425805,6.419869,16322985,1070414300277.00
rmat_s15_ef48_0.25_0.25_0.25_0.25_exp,MRepS_32,16,0,32768,1570537,0.581010,0.235529,259054,22409359046.00
rmat_s15_ef48_0.25_0.25_0.25_0.25_exp,MRepS_32,16,1,32768,1570537,0.641644,0.251076,259032,22409059968.00
rmat_s15_ef48_0.25_0.25_0.25_0.25_exp,MRepS_32,16,2,32768,1570537,0.736521,0.203915,259032,22409078181.00
rmat_s18_ef48_0.55_0.15_0.15_0.15_uni,MRepS_32,16,0,262144,11687806,4.294965,0.896923,1103843,415103257649.00
rmat_s18_ef48_0.55_0.15_0.15_0.15_uni,MRepS_32,16,1,262144,11687806,4.254189,0.860509,1103825,415100053535.00
rmat_s18_ef48_0.55_0.15_0.15_0.15_uni,MRepS_32,16,2,262144,11687806,4.122319,0.831024,1103849,415100337128.00
rmat_s16_ef48_0.45_0.15_0.15_0.25_exp,MRepS_32,16,0,65536,3076205,1.125935,0.362710,482223,37326606302.00
rmat_s16_ef48_0.45_0.15_0.15_0.25_exp,MRepS_32,16,1,65536,3076205,1.305332,0.299232,482219,37326576263.00
rmat_s16_ef48_0.45_0.15_0.15_0.25_exp,MRepS_32,16,2,65536,3076205,1.046682,0.307491,482211,37326684942.00
rmat_s14_ef48_0.25_0.25_0.25_0.25_uni,MRepS_32,16,0,16384,784163,0.431403,0.209313,129542,57900430621.00
rmat_s14_ef48_0.25_0.25_0.25_0.25_uni,MRepS_32,16,1,16384,784163,0.276635,0.185438,129536,57900709246.00
rmat_s14_ef48_0.25_0.25_0.25_0.25_uni,MRepS_32,16,2,16384,784163,0.273564,0.187176,129536,57900709246.00
rmat_s16_ef48_0.55_0.15_0.15_0.15_uni,MRepS_32,16,0,65536,2788673,1.241743,0.317965,297908,112559692110.00
rmat_s16_ef48_0.55_0.15_0.15_0.15_uni,MRepS_32,16,1,65536,2788673,1.107214,0.288965,297905,112558514496.00
rmat_s16_ef48_0.55_0.15_0.15_0.15_uni,MRepS_32,16,2,65536,2788673,1.016312,0.291971,297910,112560465164.00
rmat_s23_ef24_0.45_0.15_0.15_0.25_exp,MRepS_32,16,0,8388608,201192583,90.740759,55.826873,52042231,3203300568960.00
rmat_s23_ef24_0.45_0.15_0.15_0.25_exp,MRepS_32,16,1,8388608,201192583,89.699253,55.115063,52042174,3203300144503.00
rmat_s23_ef24_0.45_0.15_0.15_0.25_exp,MRepS_32,16,2,8388608,201192583,88.623308,54.647563,52042242,3203300199218.00
rmat_s23_ef24_0.55_0.15_0.15_0.15_uni,MRepS_32,16,0,8388608,198780869,81.817176,41.732726,23645772,8423770388843.00
rmat_s23_ef24_0.55_0.15_0.15_0.15_uni,MRepS_32,16,1,8388608,198780869,81.225464,41.227170,23645791,8423772076514.00
rmat_s23_ef24_0.55_0.15_0.15_0.15_uni,MRepS_32,16,2,8388608,198780869,80.745386,41.366957,23645719,8423763526663.00
rmat_s18_ef48_0.55_0.15_0.15_0.15_exp,MRepS_32,16,0,262144,11686498,4.080527,0.769837,1103403,79548006667.00
rmat_s18_ef48_0.55_0.15_0.15_0.15_exp,MRepS_32,16,1,262144,11686498,3.833000,0.925896,1103409,79547860275.00
rmat_s18_ef48_0.55_0.15_0.15_0.15_exp,MRepS_32,16,2,262144,11686498,3.738019,0.831277,1103410,79547874504.00
rmat_s17_ef48_0.55_0.15_0.15_0.15_uni,MRepS_32,16,0,131072,5725537,1.921623,0.422350,571339,215901068532.00
rmat_s17_ef48_0.55_0.15_0.15_0.15_uni,MRepS_32,16,1,131072,5725537,1.904252,0.484553,571355,215903664404.00
rmat_s17_ef48_0.55_0.15_0.15_0.15_uni,MRepS_32,16,2,131072,5725537,1.917537,0.415865,571343,215900580061.00
rmat_s15_ef48_0.55_0.15_0.15_0.15_exp,MRepS_32,16,0,32768,1349417,0.457198,0.214975,154450,11167338966.00
rmat_s15_ef48_0.55_0.15_0.15_0.15_exp,MRepS_32,16,1,32768,1349417,0.575309,0.224302,154450,11167319597.00
rmat_s15_ef48_0.55_0.15_0.15_0.15_exp,MRepS_32,16,2,32768,1349417,0.572039,0.221249,154450,11167338966.00
rmat_s19_ef48_0.25_0.25_0.25_0.25_exp,MRepS_32,16,0,524288,25163507,9.468498,2.650376,4144867,358911174762.00
rmat_s19_ef48_0.25_0.25_0.25_0.25_exp,MRepS_32,16,1,524288,25163507,9.008926,2.632508,4144853,358910398063.00
rmat_s19_ef48_0.25_0.25_0.25_0.25_exp,MRepS_32,16,2,524288,25163507,8.794882,2.475761,4144807,358910328789.00
rmat_s17_ef48_0.45_0.15_0.15_0.25_exp,MRepS_32,16,0,131072,6201300,2.779153,0.647772,958634,73922381419.00
rmat_s17_ef48_0.45_0.15_0.15_0.25_exp,MRepS_32,16,1,131072,6201300,2.445145,0.520989,958630,73922143242.00
rmat_s17_ef48_0.45_0.15_0.15_0.25_exp,MRepS_32,16,2,131072,6201300,2.403791,0.490368,958628,73922196923.00
rmat_s20_ef48_0.55_0.15_0.15_0.15_exp,MRepS_32,16,0,1048576,48121491,17.907922,4.737307,4086018,294533256708.00
rmat_s20_ef48_0.55_0.15_0.15_0.15_exp,MRepS_32,16,1,1048576,48121491,16.922140,4.624064,4086005,294532984924.00
rmat_s20_ef48_0.55_0.15_0.15_0.15_exp,MRepS_32,16,2,1048576,48121491,16.840439,4.412727,4086027,294533320334.00
rmat_s20_ef48_0.25_0.25_0.25_0.25_uni,MRepS_32,16,0,1048576,50329246,20.335319,5.267443,8289803,3708185772652.00
rmat_s20_ef48_0.25_0.25_0.25_0.25_uni,MRepS_32,16,1,1048576,50329246,18.634496,5.373349,8289761,3708157803811.00
rmat_s20_ef48_0.25_0.25_0.25_0.25_uni,MRepS_32,16,2,1048576,50329246,18.635463,5.191208,8289766,3708162046923.00
rmat_s22_ef24_0.55_0.15_0.15_0.15_uni,MRepS_32,16,0,4194304,99003497,42.736521,17.501272,12283768,4379616249946.00
rmat_s22_ef24_0.55_0.15_0.15_0.15_uni,MRepS_32,16,1,4194304,99003497,39.147860,17.247995,12283757,4379628913236.00
rmat_s22_ef24_0.55_0.15_0.15_0.15_uni,MRepS_32,16,2,4194304,99003497,38.566835,17.304333,12283767,4379620793188.00
rmat_s20_ef48_0.45_0.15_0.15_0.25_uni,MRepS_32,16,0,1048576,50135639,18.139217,5.015779,7500249,3039072419552.00
rmat_s20_ef48_0.45_0.15_0.15_0.25_uni,MRepS_32,16,1,1048576,50135639,18.061890,5.018073,7500097,3039059562419.00
rmat_s20_ef48_0.45_0.15_0.15_0.25_uni,MRepS_32,16,2,1048576,50135639,16.893090,4.163407,7500096,3039064321603.00
rmat_s17_ef48_0.45_0.15_0.15_0.25_uni,MRepS_32,16,0,131072,6201533,2.132654,0.572503,958538,392261237681.00
rmat_s17_ef48_0.45_0.15_0.15_0.25_uni,MRepS_32,16,1,131072,6201533,2.068371,0.479265,958509,392258003636.00
rmat_s17_ef48_0.45_0.15_0.15_0.25_uni,MRepS_32,16,2,131072,6201533,2.097632,0.516139,958478,392256311746.00
rmat_s18_ef48_0.45_0.15_0.15_0.25_exp,MRepS_1,16,0,262144,12465578,6.254279,8.532710,1903414,146205710867.00
rmat_s18_ef48_0.45_0.15_0.15_0.25_exp,MRepS_1,16,1,262144,12465578,6.237705,8.542545,1903407,146205706856.00
rmat_s18_ef48_0.45_0.15_0.15_0.25_exp,MRepS_1,16,2,262144,12465578,6.275039,8.554966,1903446,146206453712.00
rmat_s18_ef48_0.45_0.15_0.15_0.25_uni,MRepS_1,16,0,262144,12465402,6.372832,8.577461,1902668,775840764697.00
rmat_s18_ef48_0.45_0.15_0.15_0.25_uni,MRepS_1,16,1,262144,12465402,6.320006,8.503051,1902672,775830535305.00
rmat_s18_ef48_0.45_0.15_0.15_0.25_uni,MRepS_1,16,2,262144,12465402,6.324764,8.533293,1902643,775833696893.00
rmat_s21_ef24_0.55_0.15_0.15_0.15_exp,MRepS_1,16,0,2097152,49251994,29.923461,56.005812,6380530,408751496461.00
rmat_s21_ef24_0.55_0.15_0.15_0.15_exp,MRepS_1,16,1,2097152,49251994,29.783068,55.843724,6380534,408751541999.00
rmat_s21_ef24_0.55_0.15_0.15_0.15_exp,MRepS_1,16,2,2097152,49251994,29.873526,56.118395,6380543,408751621739.00
rmat_s24_ef24_0.55_0.15_0.15_0.15_exp,MRepS_1,16,0,16777216,398753197,309.301988,594.980336,45347542,2917789455041.00
rmat_s24_ef24_0.55_0.15_0.15_0.15_exp,MRepS_1,16,1,16777216,398753197,309.283789,594.433845,45347552,2917789577496.00
rmat_s24_ef24_0.55_0.15_0.15_0.15_exp,MRepS_1,16,2,16777216,398753197,306.617638,592.852216,45347527,2917789559786.00
rmat_s23_ef24_0.25_0.25_0.25_0.25_uni,MRepS_1,16,0,8388608,201325985,168.182704,217.690888,65292738,26363227389885.00
rmat_s23_ef24_0.25_0.25_0.25_0.25_uni,MRepS_1,16,1,8388608,201325985,167.745086,217.530836,65292806,26363250763191.00
rmat_s23_ef24_0.25_0.25_0.25_0.25_uni,MRepS_1,16,2,8388608,201325985,167.445302,219.283074,65292688,26363248385480.00
rmat_s23_ef24_0.45_0.15_0.15_0.25_uni,MRepS_1,16,0,8388608,201194109,155.114033,266.184546,52045502,19126268780462.00
rmat_s23_ef24_0.45_0.15_0.15_0.25_uni,MRepS_1,16,1,8388608,201194109,154.972862,268.080470,52045540,19126252010112.00
rmat_s23_ef24_0.45_0.15_0.15_0.25_uni,MRepS_1,16,2,8388608,201194109,154.125148,269.531088,52045474,19126257265505.00
rmat_s19_ef48_0.55_0.15_0.15_0.15_exp,MRepS_1,16,0,524288,23756720,12.308875,19.794338,2124870,153138058536.00
rmat_s19_ef48_0.55_0.15_0.15_0.15_exp,MRepS_1,16,1,524288,23756720,12.464256,19.617364,2124881,153138133534.00
rmat_s19_ef48_0.55_0.15_0.15_0.15_exp,MRepS_1,16,2,524288,23756720,12.334025,19.645941,2124882,153137987322.00
rmat_s22_ef24_0.25_0.25_0.25_0.25_exp,MRepS_1,16,0,4194304,100662680,77.471084,99.987425,32645431,2141287352190.00
rmat_s22_ef24_0.25_0.25_0.25_0.25_exp,MRepS_1,16,1,4194304,100662680,77.352542,100.638923,32645505,2141285728200.00
rmat_s22_ef24_0.25_0.25_0.25_0.25_exp,MRepS_1,16,2,4194304,100662680,77.345560,100.879953,32645475,2141286678431.00
rmat_s15_ef48_0.55_0.15_0.15_0.15_uni,MRepS_1,16,0,32768,1349809,0.536695,0.816295,154524,58735615315.00
rmat_s15_ef48_0.55_0.15_0.15_0.15_uni,MRepS_1,16,1,32768,1349809,0.532447,0.816803,154521,58735462320.00
rmat_s15_ef48_0.55_0.15_0.15_0.15_uni,MRepS_1,16,2,32768,1349809,0.534313,0.815495,154522,58735643305.00
rmat_s20_ef48_0.55_0.15_0.15_0.15_uni,MRepS_1,16,0,1048576,48125802,26.876099,42.713806,4088384,1533137444269.00
rmat_s20_ef48_0.55_0.15_0.15_0.15_uni,MRepS_1,16,1,1048576,48125802,27.004587,42.749188,4088369,1533129676616.00
rmat_s20_ef48_0.55_0.15_0.15_0.15_uni,MRepS_1,16,2,1048576,48125802,26.829508,42.707663,4088375,1533130192718.00
rmat_s17_ef48_0.25_0.25_0.25_0.25_uni,MRepS_1,16,0,131072,6289081,3.187902,3.302320,1036230,463520606859.00
rmat_s17_ef48_0.25_0.25_0.25_0.25_uni,MRepS_1,16,1,131072,6289081,3.179557,3.304825,1036240,463529300611.00
rmat_s17_ef48_0.25_0.25_0.25_0.25_uni,MRepS_1,16,2,131072,6289081,3.124899,3.303247,1036243,463526044717.00
rmat_s18_ef48_0.25_0.25_0.25_0.25_exp,MRepS_1,16,0,262144,12580565,6.840926,7.063355,2072446,179596630788.00
rmat_s18_ef48_0.25_0.25_0.25_0.25_exp,MRepS_1,16,1,262144,12580565,6.871128,7.091346,2072461,179596548454.00
rmat_s18_ef48_0.25_0.25_0.25_0.25_exp,MRepS_1,16,2,262144,12580565,6.818969,7.089101,2072414,179595127145.00
rmat_s14_ef48_0.45_0.15_0.15_0.25_uni,MRepS_1,16,0,16384,746906,0.292716,0.352719,122349,50566897634.00
rmat_s14_ef48_0.45_0.15_0.15_0.25_uni,MRepS_1,16,1,16384,746906,0.291176,0.352723,122345,50566117334.00
rmat_s14_ef48_0.45_0.15_0.15_0.25_uni,MRepS_1,16,2,16384,746906,0.303443,0.353042,122351,50566860930.00
rmat_s14_ef48_0.55_0.15_0.15_0.15_uni,MRepS_1,16,0,16384,647545,0.249540,0.335381,80189,30598945373.00
rmat_s14_ef48_0.55_0.15_0.15_0.15_uni,MRepS_1,16,1,16384,647545,0.249046,0.335416,80190,30599085748.00
rmat_s14_ef48_0.55_0.15_0.15_0.15_uni,MRepS_1,16,2,16384,647545,0.249289,0.335282,80189,30598945373.00
rmat_s24_ef24_0.25_0.25_0.25_0.25_uni,MRepS_1,16,0,16777216,402652592,358.728172,476.831829,130582826,52727077552547.00
rmat_s24_ef24_0.25_0.25_0.25_0.25_uni,MRepS_1,16,1,16777216,402652592,359.182683,471.877049,130582955,52727111286543.00
rmat_s24_ef24_0.25_0.25_0.25_0.25_uni,MRepS_1,16,2,16777216,402652592,359.776565,476.678529,130582795,52727113616742.00
rmat_s22_ef24_0.25_0.25_0.25_0.25_uni,MRepS_1,16,0,4194304,100662701,77.818864,100.534196,32644383,13181481576970.00
rmat_s22_ef24_0.25_0.25_0.25_0.25_uni,MRepS_1,16,1,4194304,100662701,78.098440,100.865744,32644551,13181494271014.00
rmat_s22_ef24_0.25_0.25_0.25_0.25_uni,MRepS_1,16,2,4194304,100662701,77.888686,100.411558,32644524,13181500567878.00
rmat_s22_ef24_0.45_0.15_0.15_0.25_uni,MRepS_1,16,0,4194304,100560801,71.523985,123.676540,26310605,9684051181290.00
rmat_s22_ef24_0.45_0.15_0.15_0.25_uni,MRepS_1,16,1,4194304,100560801,71.613464,122.886620,26310603,9684039584695.00
rmat_s22_ef24_0.45_0.15_0.15_0.25_uni,MRepS_1,16,2,4194304,100560801,71.517485,122.804093,26310576,9684044015619.00
rmat_s16_ef48_0.25_0.25_0.25_0.25_uni,MRepS_1,16,0,65536,3143381,1.445172,1.573920,518106,231790991776.00
rmat_s16_ef48_0.25_0.25_0.25_0.25_uni,MRepS_1,16,1,65536,3143381,1.467396,1.572160,518105,231790661570.00
rmat_s16_ef48_0.25_0.25_0.25_0.25_uni,MRepS_1,16,2,65536,3143381,1.545792,1.576503,518116,231795271411.00
rmat_s19_ef48_0.45_0.15_0.15_0.25_uni,MRepS_1,16,0,524288,25014129,14.086958,18.704921,3777668,1536096904048.00
rmat_s19_ef48_0.45_0.15_0.15_0.25_uni,MRepS_1,16,1,524288,25014129,13.959141,18.642008,3777668,1536093669414.00
rmat_s19_ef48_0.45_0.15_0.15_0.25_uni,MRepS_1,16,2,524288,25014129,13.970462,18.549106,3777607,1536085517650.00
rmat_s15_ef48_0.45_0.15_0.15_0.25_exp,MRepS_1,16,0,32768,1520003,0.623640,0.843551,243044,18804111601.00
rmat_s15_ef48_0.45_0.15_0.15_0.25_exp,MRepS_1,16,1,32768,1520003,0.616789,0.839813,243045,18804092584.00
rmat_s15_ef48_0.45_0.15_0.15_0.25_exp,MRepS_1,16,2,32768,1520003,0.617445,0.841655,243043,18804122657.00
rmat_s22_ef24_0.55_0.15_0.15_0.15_exp,MRepS_1,16,0,4194304,99005401,65.161101,123.668029,12288361,786535579260.00
rmat_s22_ef24_0.55_0.15_0.15_0.15_exp,MRepS_1,16,1,4194304,99005401,65.119923,122.832677,12288359,786535001182.00
rmat_s22_ef24_0.55_0.15_0.15_0.15_exp,MRepS_1,16,2,4194304,99005401,65.590059,122.760811,12288358,786534932345.00
rmat_s16_ef48_0.55_0.15_0.15_0.15_exp,MRepS_1,16,0,65536,2788534,1.203286,1.863629,298187,21533994604.00
rmat_s16_ef48_0.55_0.15_0.15_0.15_exp,MRepS_1,16,1,65536,2788534,1.177069,1.852820,298192,21533964568.00
rmat_s16_ef48_0.55_0.15_0.15_0.15_exp,MRepS_1,16,2,65536,2788534,1.175198,1.861121,298189,21533935787.00
rmat_s17_ef48_0.25_0.25_0.25_0.25_exp,MRepS_1,16,0,131072,6289109,3.082233,3.324791,1036092,89761885308.00
rmat_s17_ef48_0.25_0.25_0.25_0.25_exp,MRepS_1,16,1,131072,6289109,3.126562,3.365092,1036085,89761919612.00
rmat_s17_ef48_0.25_0.25_0.25_0.25_exp,MRepS_1,16,2,131072,6289109,3.105209,3.327827,1036080,89761666567.00
rmat_s14_ef48_0.25_0.25_0.25_0.25_exp,MRepS_1,16,0,16384,784053,0.314511,0.334429,129491,11210495999.00
rmat_s14_ef48_0.25_0.25_0.25_0.25_exp,MRepS_1,16,1,16384,784053,0.316703,0.333667,129489,11210519527.00
rmat_s14_ef48_0.25_0.25_0.25_0.25_exp,MRepS_1,16,2,16384,784053,0.311725,0.334304,129498,11210768753.00
rmat_s14_ef48_0.55_0.15_0.15_0.15_exp,MRepS_1,16,0,16384,647435,0.247995,0.336740,80666,5809295285.00
rmat_s14_ef48_0.55_0.15_0.15_0.15_exp,MRepS_1,16,1,16384,647435,0.248792,0.337872,80666,5809343349.00
rmat_s14_ef48_0.55_0.15_0.15_0.15_exp,MRepS_1,16,2,16384,647435,0.246954,0.335938,80665,5809353069.00
rmat_s14_ef48_0.45_0.15_0.15_0.25_exp,MRepS_1,16,0,16384,746669,0.293043,0.354190,122291,9475603682.00
rmat_s14_ef48_0.45_0.15_0.15_0.25_exp,MRepS_1,16,1,16384,746669,0.293526,0.353772,122287,9475599976.00
rmat_s14_ef48_0.45_0.15_0.15_0.25_exp,MRepS_1,16,2,16384,746669,0.287338,0.354605,122288,9475620127.00
rmat_s20_ef48_0.25_0.25_0.25_0.25_exp,MRepS_1,16,0,1048576,50329356,33.369083,33.144487,8289694,717952339318.00
rmat_s20_ef48_0.25_0.25_0.25_0.25_exp,MRepS_1,16,1,1048576,50329356,33.313105,32.964358,8289616,717951202140.00
rmat_s20_ef48_0.25_0.25_0.25_0.25_exp,MRepS_1,16,2,1048576,50329356,33.579996,33.076601,8289608,717953470947.00
rmat_s23_ef24_0.55_0.15_0.15_0.15_exp,MRepS_1,16,0,8388608,198780903,139.997070,270.152968,23648168,1515184645822.00
rmat_s23_ef24_0.55_0.15_0.15_0.15_exp,MRepS_1,16,1,8388608,198780903,139.241140,270.546629,23648142,1515183567733.00
rmat_s23_ef24_0.55_0.15_0.15_0.15_exp,MRepS_1,16,2,8388608,198780903,140.541339,269.253753,23648163,1515184908543.00
rmat_s19_ef48_0.45_0.15_0.15_0.25_exp,MRepS_1,16,0,524288,25014316,13.867826,18.747551,3777972,289364240543.00
rmat_s19_ef48_0.45_0.15_0.15_0.25_exp,MRepS_1,16,1,524288,25014316,13.857525,18.722701,3777966,289363856901.00
rmat_s19_ef48_0.45_0.15_0.15_0.25_exp,MRepS_1,16,2,524288,25014316,13.911410,18.699530,3777942,289363723875.00
rmat_s20_ef48_0.45_0.15_0.15_0.25_exp,MRepS_1,16,0,1048576,50135288,30.527521,41.391605,7497865,572598093143.00
rmat_s20_ef48_0.45_0.15_0.15_0.25_exp,MRepS_1,16,1,1048576,50135288,30.604539,41.302565,7497859,572597574781.00
rmat_s20_ef48_0.45_0.15_0.15_0.25_exp,MRepS_1,16,2,1048576,50135288,30.612344,41.286028,7497869,572596922466.00
rmat_s18_ef48_0.25_0.25_0.25_0.25_uni,MRepS_1,16,0,262144,12580633,6.892696,7.044863,2072378,927003249991.00
rmat_s18_ef48_0.25_0.25_0.25_0.25_uni,MRepS_1,16,1,262144,12580633,6.867998,7.036377,2072379,927001155326.00
rmat_s18_ef48_0.25_0.25_0.25_0.25_uni,MRepS_1,16,2,262144,12580633,6.915732,7.033920,2072394,927005211837.00
rmat_s24_ef24_0.25_0.25_0.25_0.25_exp,MRepS_1,16,0,16777216,402652618,356.060268,475.094192,130583487,8564625634994.00
rmat_s24_ef24_0.25_0.25_0.25_0.25_exp,MRepS_1,16,1,16777216,402652618,358.423886,473.629032,130583610,8564621608222.00
rmat_s24_ef24_0.25_0.25_0.25_0.25_exp,MRepS_1,16,2,16777216,402652618,357.180035,472.974178,130583450,8564620443445.00
rmat_s21_ef24_0.45_0.15_0.15_0.25_uni,MRepS_1,16,0,2097152,50253908,33.643874,55.762048,13304880,4904800625821.00
rmat_s21_ef24_0.45_0.15_0.15_0.25_uni,MRepS_1,16,1,2097152,50253908,33.833331,56.006139,13304842,4904802750675.00
rmat_s21_ef24_0.45_0.15_0.15_0.25_uni,MRepS_1,16,2,2097152,50253908,33.579716,55.825797,13304822,4904799101994.00
rmat_s19_ef48_0.55_0.15_0.15_0.15_uni,MRepS_1,16,0,524288,23757244,12.399876,19.553431,2126427,798300539795.00
rmat_s19_ef48_0.55_0.15_0.15_0.15_uni,MRepS_1,16,1,524288,23757244,12.346255,19.421101,2126428,798297622558.00
rmat_s19_ef48_0.55_0.15_0.15_0.15_uni,MRepS_1,16,2,524288,23757244,12.285125,19.417523,2126428,798303883229.00
rmat_s21_ef24_0.55_0.15_0.15_0.15_uni,MRepS_1,16,0,2097152,49253582,30.162880,55.633226,6380385,2282025658074.00
rmat_s21_ef24_0.55_0.15_0.15_0.15_uni,MRepS_1,16,1,2097152,49253582,30.321518,55.556389,6380348,2282027425460.00
rmat_s21_ef24_0.55_0.15_0.15_0.15_uni,MRepS_1,16,2,2097152,49253582,29.998675,55.715329,6380394,2282031102415.00
rmat_s21_ef24_0.45_0.15_0.15_0.25_exp,MRepS_1,16,0,2097152,50253000,33.588994,55.992174,13303727,819277130391.00
rmat_s21_ef24_0.45_0.15_0.15_0.25_exp,MRepS_1,16,1,2097152,50253000,33.809758,56.120379,13303745,819277226376.00
rmat_s21_ef24_0.45_0.15_0.15_0.25_exp,MRepS_1,16,2,2097152,50253000,33.707738,55.970260,13303724,819276687533.00
rmat_s15_ef48_0.45_0.15_0.15_0.25_uni,MRepS_1,16,0,32768,1520529,0.623780,0.839657,242761,100009344001.00
rmat_s15_ef48_0.45_0.15_0.15_0.25_uni,MRepS_1,16,1,32768,1520529,0.619847,0.839335,242790,100010645519.00
rmat_s15_ef48_0.45_0.15_0.15_0.25_uni,MRepS_1,16,2,32768,1520529,0.621114,0.838107,242755,100005800466.00
rmat_s24_ef24_0.45_0.15_0.15_0.25_uni,MRepS_1,16,0,16777216,402479213,337.186090,589.979888,102940094,37775904274579.00
rmat_s24_ef24_0.45_0.15_0.15_0.25_uni,MRepS_1,16,1,16777216,402479213,335.758033,590.943063,102940054,37775923568768.00
rmat_s24_ef24_0.45_0.15_0.15_0.25_uni,MRepS_1,16,2,16777216,402479213,337.085848,591.263730,102940002,37775886680000.00
rmat_s23_ef24_0.25_0.25_0.25_0.25_exp,MRepS_1,16,0,8388608,201325970,167.428102,215.709708,65289716,4282541857527.00
rmat_s23_ef24_0.25_0.25_0.25_0.25_exp,MRepS_1,16,1,8388608,201325970,166.953635,215.393243,65289793,4282540209649.00
rmat_s23_ef24_0.25_0.25_0.25_0.25_exp,MRepS_1,16,2,8388608,201325970,166.783198,216.317622,65289646,4282541339602.00
rmat_s15_ef48_0.25_0.25_0.25_0.25_uni,MRepS_1,16,0,32768,1570612,0.665104,0.763841,259019,115840767248.00
rmat_s15_ef48_0.25_0.25_0.25_0.25_uni,MRepS_1,16,1,32768,1570612,0.660139,0.760107,259017,115840568548.00
rmat_s15_ef48_0.25_0.25_0.25_0.25_uni,MRepS_1,16,2,32768,1570612,0.653559,0.764753,259018,115840872208.00
rmat_s19_ef48_0.25_0.25_0.25_0.25_uni,MRepS_1,16,0,524288,25163518,15.325646,15.345343,4144911,1854132370972.00
rmat_s19_ef48_0.25_0.25_0.25_0.25_uni,MRepS_1,16,1,524288,25163518,15.290730,15.353461,4144938,1854141589505.00
rmat_s19_ef48_0.25_0.25_0.25_0.25_uni,MRepS_1,16,2,524288,25163518,15.329451,15.332836,4144917,1854136538201.00
rmat_s16_ef48_0.25_0.25_0.25_0.25_exp,MRepS_1,16,0,65536,3143475,1.444758,1.582103,518109,44808096182.00
rmat_s16_ef48_0.25_0.25_0.25_0.25_exp,MRepS_1,16,1,65536,3143475,1.415556,1.581445,518091,44807841359.00
rmat_s16_ef48_0.25_0.25_0.25_0.25_exp,MRepS_1,16,2,65536,3143475,1.422461,1.581138,518088,44807689705.00
rmat_s21_ef24_0.25_0.25_0.25_0.25_uni,MRepS_1,16,0,2097152,50331056,36.711858,46.321474,16323073,6590987867815.00
rmat_s21_ef24_0.25_0.25_0.25_0.25_uni,MRepS_1,16,1,2097152,50331056,37.866062,46.341655,16323238,6590997369981.00
rmat_s21_ef24_0.25_0.25_0.25_0.25_uni,MRepS_1,16,2,2097152,50331056,36.786301,46.688754,16323159,6590992712298.00
rmat_s22_ef24_0.45_0.15_0.15_0.25_exp,MRepS_1,16,0,4194304,100561270,71.407471,123.824483,26309572,1619459868931.00
rmat_s22_ef24_0.45_0.15_0.15_0.25_exp,MRepS_1,16,1,4194304,100561270,71.650708,123.430677,26309561,1619459630302.00
rmat_s22_ef24_0.45_0.15_0.15_0.25_exp,MRepS_1,16,2,4194304,100561270,71.589897,123.515415,26309556,1619458977527.00
rmat_s24_ef24_0.55_0.15_0.15_0.15_uni,MRepS_1,16,0,16777216,398754887,309.636432,592.149182,45346004,16176231625153.00
rmat_s24_ef24_0.55_0.15_0.15_0.15_uni,MRepS_1,16,1,16777216,398754887,307.019785,588.442642,45345999,16176216875377.00
rmat_s24_ef24_0.55_0.15_0.15_0.15_uni,MRepS_1,16,2,16777216,398754887,310.141689,590.532374,45345976,16176219072857.00
rmat_s24_ef24_0.45_0.15_0.15_0.25_exp,MRepS_1,16,0,16777216,214611454,176.598981,387.838661,47828013,3130655796788.00
rmat_s24_ef24_0.45_0.15_0.15_0.25_exp,MRepS_1,16,1,16777216,214611454,174.851509,385.977593,47827998,3130655222408.00
rmat_s24_ef24_0.45_0.15_0.15_0.25_exp,MRepS_1,16,2,16777216,214611454,177.356595,386.216678,47828011,3130655499575.00
rmat_s16_ef48_0.45_0.15_0.15_0.25_uni,MRepS_1,16,0,65536,3076208,1.365222,1.797602,482527,198024675028.00
rmat_s16_ef48_0.45_0.15_0.15_0.25_uni,MRepS_1,16,1,65536,3076208,1.371745,1.795336,482491,198025283870.00
rmat_s16_ef48_0.45_0.15_0.15_0.25_uni,MRepS_1,16,2,65536,3076208,1.348630,1.798700,482501,198024626143.00
rmat_s17_ef48_0.55_0.15_0.15_0.15_exp,MRepS_1,16,0,131072,5724931,2.490465,4.056468,572088,41340487593.00
rmat_s17_ef48_0.55_0.15_0.15_0.15_exp,MRepS_1,16,1,131072,5724931,2.497203,4.065071,572093,41340529584.00
rmat_s17_ef48_0.55_0.15_0.15_0.15_exp,MRepS_1,16,2,131072,5724931,2.478218,4.066218,572094,41340484548.00
rmat_s21_ef24_0.25_0.25_0.25_0.25_exp,MRepS_1,16,0,2097152,50331039,36.455331,46.417903,16323048,1070415164164.00
rmat_s21_ef24_0.25_0.25_0.25_0.25_exp,MRepS_1,16,1,2097152,50331039,36.463442,46.328561,16323057,1070413557811.00
rmat_s21_ef24_0.25_0.25_0.25_0.25_exp,MRepS_1,16,2,2097152,50331039,36.407441,46.310610,16322985,1070414300277.00
rmat_s15_ef48_0.25_0.25_0.25_0.25_exp,MRepS_1,16,0,32768,1570537,0.658154,0.764899,259054,22409359046.00
rmat_s15_ef48_0.25_0.25_0.25_0.25_exp,MRepS_1,16,1,32768,1570537,0.652660,0.763489,259032,22409059968.00
rmat_s15_ef48_0.25_0.25_0.25_0.25_exp,MRepS_1,16,2,32768,1570537,0.655011,0.765055,259032,22409078181.00
rmat_s18_ef48_0.55_0.15_0.15_0.15_uni,MRepS_1,16,0,262144,11687806,5.556565,9.008595,1103843,415103257649.00
rmat_s18_ef48_0.55_0.15_0.15_0.15_uni,MRepS_1,16,1,262144,11687806,5.582262,9.034746,1103825,415100053535.00
rmat_s18_ef48_0.55_0.15_0.15_0.15_uni,MRepS_1,16,2,262144,11687806,5.584674,9.064705,1103849,415100337128.00
rmat_s16_ef48_0.45_0.15_0.15_0.25_exp,MRepS_1,16,0,65536,3076205,1.357169,1.806314,482223,37326606302.00
rmat_s16_ef48_0.45_0.15_0.15_0.25_exp,MRepS_1,16,1,65536,3076205,1.346071,1.810167,482219,37326576263.00
rmat_s16_ef48_0.45_0.15_0.15_0.25_exp,MRepS_1,16,2,65536,3076205,1.332492,1.825252,482211,37326684942.00
rmat_s14_ef48_0.25_0.25_0.25_0.25_uni,MRepS_1,16,0,16384,784163,0.314773,0.332474,129542,57900430621.00
rmat_s14_ef48_0.25_0.25_0.25_0.25_uni,MRepS_1,16,1,16384,784163,0.316112,0.338675,129536,57900709246.00
rmat_s14_ef48_0.25_0.25_0.25_0.25_uni,MRepS_1,16,2,16384,784163,0.317442,0.332897,129536,57900709246.00
rmat_s16_ef48_0.55_0.15_0.15_0.15_uni,MRepS_1,16,0,65536,2788673,1.198475,1.838752,297908,112559692110.00
rmat_s16_ef48_0.55_0.15_0.15_0.15_uni,MRepS_1,16,1,65536,2788673,1.184766,1.830282,297905,112558514496.00
rmat_s16_ef48_0.55_0.15_0.15_0.15_uni,MRepS_1,16,2,65536,2788673,1.190200,1.830238,297910,112560465164.00
rmat_s23_ef24_0.45_0.15_0.15_0.25_exp,MRepS_1,16,0,8388608,201192583,154.756392,269.788077,52042231,3203300568960.00
rmat_s23_ef24_0.45_0.15_0.15_0.25_exp,MRepS_1,16,1,8388608,201192583,153.522100,269.897854,52042174,3203300144503.00
rmat_s23_ef24_0.45_0.15_0.15_0.25_exp,MRepS_1,16,2,8388608,201192583,153.065493,268.820788,52042242,3203300199218.00
rmat_s23_ef24_0.55_0.15_0.15_0.15_uni,MRepS_1,16,0,8388608,198780869,141.855961,268.387040,23645772,8423770388843.00
rmat_s23_ef24_0.55_0.15_0.15_0.15_uni,MRepS_1,16,1,8388608,198780869,140.967903,268.136517,23645791,8423772076514.00
rmat_s23_ef24_0.55_0.15_0.15_0.15_uni,MRepS_1,16,2,8388608,198780869,140.744025,267.296464,23645719,8423763526663.00
rmat_s18_ef48_0.55_0.15_0.15_0.15_exp,MRepS_1,16,0,262144,11686498,5.531752,9.132991,1103403,79548006667.00
rmat_s18_ef48_0.55_0.15_0.15_0.15_exp,MRepS_1,16,1,262144,11686498,5.506369,9.135737,1103409,79547860275.00
rmat_s18_ef48_0.55_0.15_0.15_0.15_exp,MRepS_1,16,2,262144,11686498,5.498307,9.113375,1103410,79547874504.00
rmat_s17_ef48_0.55_0.15_0.15_0.15_uni,MRepS_1,16,0,131072,5725537,2.529849,4.008365,571339,215901068532.00
rmat_s17_ef48_0.55_0.15_0.15_0.15_uni,MRepS_1,16,1,131072,5725537,2.531297,4.024572,571355,215903664404.00
rmat_s17_ef48_0.55_0.15_0.15_0.15_uni,MRepS_1,16,2,131072,5725537,2.523922,4.062155,571343,215900580061.00
rmat_s15_ef48_0.55_0.15_0.15_0.15_exp,MRepS_1,16,0,32768,1349417,0.527414,0.820543,154450,11167338966.00
rmat_s15_ef48_0.55_0.15_0.15_0.15_exp,MRepS_1,16,1,32768,1349417,0.517455,0.820194,154450,11167319597.00
rmat_s15_ef48_0.55_0.15_0.15_0.15_exp,MRepS_1,16,2,32768,1349417,0.534996,0.821701,154450,11167338966.00
rmat_s19_ef48_0.25_0.25_0.25_0.25_exp,MRepS_1,16,0,524288,25163507,15.253026,15.373582,4144867,358911174762.00
rmat_s19_ef48_0.25_0.25_0.25_0.25_exp,MRepS_1,16,1,524288,25163507,15.203969,15.376424,4144853,358910398063.00
rmat_s19_ef48_0.25_0.25_0.25_0.25_exp,MRepS_1,16,2,524288,25163507,15.234301,15.414067,4144807,358910328789.00
rmat_s17_ef48_0.45_0.15_0.15_0.25_exp,MRepS_1,16,0,131072,6201300,2.865104,3.904259,958634,73922381419.00
rmat_s17_ef48_0.45_0.15_0.15_0.25_exp,MRepS_1,16,1,131072,6201300,2.837098,3.909740,958630,73922143242.00
rmat_s17_ef48_0.45_0.15_0.15_0.25_exp,MRepS_1,16,2,131072,6201300,2.847174,3.896325,958628,73922196923.00
rmat_s20_ef48_0.55_0.15_0.15_0.15_exp,MRepS_1,16,0,1048576,48121491,26.582199,43.372445,4086018,294533256708.00
rmat_s20_ef48_0.55_0.15_0.15_0.15_exp,MRepS_1,16,1,1048576,48121491,26.739983,43.294068,4086005,294532984924.00
rmat_s20_ef48_0.55_0.15_0.15_0.15_exp,MRepS_1,16,2,1048576,48121491,26.577278,43.244146,4086027,294533320334.00
rmat_s20_ef48_0.25_0.25_0.25_0.25_uni,MRepS_1,16,0,1048576,50329246,33.774927,33.055694,8289803,3708185772652.00
rmat_s20_ef48_0.25_0.25_0.25_0.25_uni,MRepS_1,16,1,1048576,50329246,33.659533,32.941816,8289761,3708157803811.00
rmat_s20_ef48_0.25_0.25_0.25_0.25_uni,MRepS_1,16,2,1048576,50329246,33.708963,33.042995,8289766,3708162046923.00
rmat_s22_ef24_0.55_0.15_0.15_0.15_uni,MRepS_1,16,0,4194304,99003497,66.195620,122.809760,12283768,4379616249946.00
rmat_s22_ef24_0.55_0.15_0.15_0.15_uni,MRepS_1,16,1,4194304,99003497,66.283500,122.149246,12283757,4379628913236.00
rmat_s22_ef24_0.55_0.15_0.15_0.15_uni,MRepS_1,16,2,4194304,99003497,65.558919,121.985007,12283767,4379620793188.00
rmat_s20_ef48_0.45_0.15_0.15_0.25_uni,MRepS_1,16,0,1048576,50135639,31.197037,41.292209,7500249,3039072419552.00
rmat_s20_ef48_0.45_0.15_0.15_0.25_uni,MRepS_1,16,1,1048576,50135639,30.765576,41.311880,7500097,3039059562419.00
rmat_s20_ef48_0.45_0.15_0.15_0.25_uni,MRepS_1,16,2,1048576,50135639,30.832610,41.624902,7500096,3039064321603.00
rmat_s17_ef48_0.45_0.15_0.15_0.25_uni,MRepS_1,16,0,131072,6201533,2.905595,3.902479,958538,392261237681.00
rmat_s17_ef48_0.45_0.15_0.15_0.25_uni,MRepS_1,16,1,131072,6201533,2.882099,3.881384,958509,392258003636.00
rmat_s17_ef48_0.45_0.15_0.15_0.25_uni,MRepS_1,16,2,131072,6201533,2.877444,3.863872,958478,392256311746.00
