graph algo epsilon k cores repeat v local_e cross_e read_time running_time rounds matching_size matching_weight
fb_clusterA_full kM 0.0001 16 1 0 357059 43057511 0 20.762990 472.029281 356 62648 47870683351.00
fb_clusterA_full kM 0.0001 16 1 1 357059 43057511 0 22.090141 470.374839 356 62648 47870683351.00
fb_clusterA_full kM 0.0001 16 1 2 357059 43057511 0 22.299766 474.390865 356 62648 47870683351.00
fb_clusterA_full kM 0.0001 16 32 0 357059 1347533 41709978 2.411367 13.022535 356 62646 47878664836.00
fb_clusterA_full kM 0.0001 16 32 1 357059 1346507 41711004 3.498757 14.329799 358 62669 47872446800.00
fb_clusterA_full kM 0.0001 16 32 2 357059 1346563 41710948 3.870923 13.385638 352 62663 47873643203.00
fb_clusterA_full kM 0.0001 16 8 0 357059 5384110 37673401 3.013665 15.967483 352 62646 47876522248.00
fb_clusterA_full kM 0.0001 16 8 1 357059 5383848 37673663 3.070175 16.978155 352 62667 47873688932.00
fb_clusterA_full kM 0.0001 16 8 2 357059 5383808 37673703 3.074508 17.041220 353 62647 47874716581.00
fb_clusterA_full kM 0.0001 2 1 0 357059 43057511 0 11.997338 41.705256 51 8242 10426797862.00
fb_clusterA_full kM 0.0001 2 1 1 357059 43057511 0 11.700545 46.102470 51 8242 10426797862.00
fb_clusterA_full kM 0.0001 2 1 2 357059 43057511 0 11.944534 44.264674 51 8242 10426797862.00
fb_clusterA_full kM 0.0001 2 32 0 357059 1347533 41709978 2.368732 1.100860 53 8243 10442349997.00
fb_clusterA_full kM 0.0001 2 32 1 357059 1346507 41711004 3.086725 1.038873 51 8245 10445012162.00
fb_clusterA_full kM 0.0001 2 32 2 357059 1346563 41710948 2.888611 0.966073 48 8243 10428944899.00
fb_clusterA_full kM 0.0001 2 8 0 357059 5384110 37673401 3.676939 2.112968 47 8246 10441172348.00
fb_clusterA_full kM 0.0001 2 8 1 357059 5383848 37673663 3.044948 1.547410 46 8244 10442160970.00
fb_clusterA_full kM 0.0001 2 8 2 357059 5383808 37673703 3.162207 1.910936 53 8244 10434655660.00
fb_clusterA_full kM 0.0001 8 1 0 357059 43057511 0 20.000301 282.904702 182 32340 29159196989.00
fb_clusterA_full kM 0.0001 8 1 1 357059 43057511 0 22.154372 282.528886 182 32340 29159196989.00
fb_clusterA_full kM 0.0001 8 1 2 357059 43057511 0 22.132022 279.680075 182 32340 29159196989.00
fb_clusterA_full kM 0.0001 8 32 0 357059 1347533 41709978 2.565588 5.124326 181 32333 29154899758.00
fb_clusterA_full kM 0.0001 8 32 1 357059 1346507 41711004 2.486279 5.878158 191 32333 29149113817.00
fb_clusterA_full kM 0.0001 8 32 2 357059 1346563 41710948 2.717786 5.653352 199 32337 29144987472.00
fb_clusterA_full kM 0.0001 8 8 0 357059 5384110 37673401 3.059252 6.503683 184 32339 29160131674.00
fb_clusterA_full kM 0.0001 8 8 1 357059 5383848 37673663 3.144047 8.130665 186 32319 29148744557.00
fb_clusterA_full kM 0.0001 8 8 2 357059 5383808 37673703 3.063234 9.594978 193 32326 29143078934.00
fb_clusterA_full kM 0.001 16 1 0 357059 43057511 0 16.925144 401.843185 326 62655 47878215004.00
fb_clusterA_full kM 0.001 16 1 1 357059 43057511 0 18.200291 415.011209 326 62655 47878215004.00
fb_clusterA_full kM 0.001 16 1 2 357059 43057511 0 18.401099 412.276272 326 62655 47878215004.00
fb_clusterA_full kM 0.001 16 32 0 357059 1347533 41709978 2.977147 12.109306 323 62651 47868087064.00
fb_clusterA_full kM 0.001 16 32 1 357059 1346507 41711004 2.959824 11.795173 322 62664 47873203280.00
fb_clusterA_full kM 0.001 16 32 2 357059 1346563 41710948 2.336465 7.237749 321 62662 47878713353.00
fb_clusterA_full kM 0.001 16 8 0 357059 5384110 37673401 3.016426 10.795476 327 62658 47868710888.00
fb_clusterA_full kM 0.001 16 8 1 357059 5383848 37673663 3.026412 10.903949 324 62651 47873225365.00
fb_clusterA_full kM 0.001 16 8 2 357059 5383808 37673703 3.054967 18.924206 324 62649 47873949323.00
fb_clusterA_full kM 0.001 2 1 0 357059 43057511 0 8.193311 10.645855 47 8241 10442000409.00
fb_clusterA_full kM 0.001 2 1 1 357059 43057511 0 10.289581 26.338262 47 8241 10442000409.00
fb_clusterA_full kM 0.001 2 1 2 357059 43057511 0 10.142359 29.901786 47 8241 10442000409.00
fb_clusterA_full kM 0.001 2 32 0 357059 1347533 41709978 3.863028 1.129708 47 8247 10438403144.00
fb_clusterA_full kM 0.001 2 32 1 357059 1346507 41711004 3.926655 1.132373 48 8242 10435563127.00
fb_clusterA_full kM 0.001 2 32 2 357059 1346563 41710948 3.437915 1.000772 52 8244 10440136996.00
fb_clusterA_full kM 0.001 2 8 0 357059 5384110 37673401 3.071098 1.324306 50 8249 10440639551.00
fb_clusterA_full kM 0.001 2 8 1 357059 5383848 37673663 2.993038 1.482531 45 8242 10447492969.00
fb_clusterA_full kM 0.001 2 8 2 357059 5383808 37673703 3.018748 1.572801 49 8242 10435658550.00
fb_clusterA_full kM 0.001 8 1 0 357059 43057511 0 20.550323 255.284636 176 32338 29138832271.00
fb_clusterA_full kM 0.001 8 1 1 357059 43057511 0 21.014405 257.602799 176 32338 29138832271.00
fb_clusterA_full kM 0.001 8 1 2 357059 43057511 0 22.373583 253.302653 176 32338 29138832271.00
fb_clusterA_full kM 0.001 8 32 0 357059 1347533 41709978 2.372826 4.927723 173 32323 29139849852.00
fb_clusterA_full kM 0.001 8 32 1 357059 1346507 41711004 2.734663 4.696730 174 32327 29161198967.00
fb_clusterA_full kM 0.001 8 32 2 357059 1346563 41710948 2.733646 4.328892 181 32313 29143793718.00
fb_clusterA_full kM 0.001 8 8 0 357059 5384110 37673401 2.962549 6.191456 175 32335 29142019254.00
fb_clusterA_full kM 0.001 8 8 1 357059 5383848 37673663 3.085835 7.055554 179 32331 29146822596.00
fb_clusterA_full kM 0.001 8 8 2 357059 5383808 37673703 3.152133 8.936340 176 32325 29154604878.00
fb_clusterA_full kM 0.01 16 1 0 357059 43057511 0 20.536699 244.171065 216 62645 47866950969.00
fb_clusterA_full kM 0.01 16 1 1 357059 43057511 0 21.745732 243.589649 216 62645 47866950969.00
fb_clusterA_full kM 0.01 16 1 2 357059 43057511 0 21.935369 241.546906 216 62645 47866950969.00
fb_clusterA_full kM 0.01 16 32 0 357059 1347533 41709978 2.616973 5.728916 211 62645 47876757393.00
fb_clusterA_full kM 0.01 16 32 1 357059 1346507 41711004 2.727345 6.152886 212 62648 47867686098.00
fb_clusterA_full kM 0.01 16 32 2 357059 1346563 41710948 2.830306 5.216616 209 62661 47873673664.00
fb_clusterA_full kM 0.01 16 8 0 357059 5384110 37673401 2.953305 7.445683 213 62652 47873033946.00
fb_clusterA_full kM 0.01 16 8 1 357059 5383848 37673663 2.963626 8.442286 211 62659 47868254246.00
fb_clusterA_full kM 0.01 16 8 2 357059 5383808 37673703 3.117739 8.815847 212 62646 47878059698.00
fb_clusterA_full kM 0.01 2 1 0 357059 43057511 0 12.969963 32.171747 41 8245 10459601594.00
fb_clusterA_full kM 0.01 2 1 1 357059 43057511 0 13.737970 34.822091 41 8245 10459601594.00
fb_clusterA_full kM 0.01 2 1 2 357059 43057511 0 14.670116 36.995972 41 8245 10459601594.00
fb_clusterA_full kM 0.01 2 32 0 357059 1347533 41709978 2.386993 0.810683 40 8247 10447060461.00
fb_clusterA_full kM 0.01 2 32 1 357059 1346507 41711004 3.100079 0.813484 39 8243 10466875062.00
fb_clusterA_full kM 0.01 2 32 2 357059 1346563 41710948 2.991269 0.852284 48 8247 10438249920.00
fb_clusterA_full kM 0.01 2 8 0 357059 5384110 37673401 2.988930 1.118633 39 8245 10445189483.00
fb_clusterA_full kM 0.01 2 8 1 357059 5383848 37673663 3.044404 1.338825 42 8246 10440218128.00
fb_clusterA_full kM 0.01 2 8 2 357059 5383808 37673703 3.169993 1.290339 39 8238 10444111070.00
fb_clusterA_full kM 0.01 8 1 0 357059 43057511 0 19.519283 167.951249 127 32324 29141626154.00
fb_clusterA_full kM 0.01 8 1 1 357059 43057511 0 21.406256 169.066654 127 32324 29141626154.00
fb_clusterA_full kM 0.01 8 1 2 357059 43057511 0 21.976717 170.806173 127 32324 29141626154.00
fb_clusterA_full kM 0.01 8 32 0 357059 1347533 41709978 2.594863 3.202339 125 32330 29150359397.00
fb_clusterA_full kM 0.01 8 32 1 357059 1346507 41711004 2.988913 4.212725 131 32342 29153867328.00
fb_clusterA_full kM 0.01 8 32 2 357059 1346563 41710948 3.071673 3.830783 128 32332 29149579830.00
fb_clusterA_full kM 0.01 8 8 0 357059 5384110 37673401 2.944620 4.094661 127 32333 29161815318.00
fb_clusterA_full kM 0.01 8 8 1 357059 5383848 37673663 3.001745 5.268500 127 32338 29158681683.00
fb_clusterA_full kM 0.01 8 8 2 357059 5383808 37673703 3.068626 5.877511 125 32328 29157622225.00
fb_clusterA_full kM 0.1 16 1 0 357059 43057511 0 18.265958 50.334821 66 62687 47751485168.00
fb_clusterA_full kM 0.1 16 1 1 357059 43057511 0 18.451606 50.058672 66 62687 47751485168.00
fb_clusterA_full kM 0.1 16 1 2 357059 43057511 0 18.665163 53.258724 66 62687 47751485168.00
fb_clusterA_full kM 0.1 16 32 0 357059 1347533 41709978 2.344593 1.732344 66 62691 47741208767.00
fb_clusterA_full kM 0.1 16 32 1 357059 1346507 41711004 2.792416 1.680963 67 62681 47761319126.00
fb_clusterA_full kM 0.1 16 32 2 357059 1346563 41710948 2.824556 1.563237 64 62675 47757611277.00
fb_clusterA_full kM 0.1 16 8 0 357059 5384110 37673401 3.047797 2.063266 65 62690 47757661153.00
fb_clusterA_full kM 0.1 16 8 1 357059 5383848 37673663 3.021686 3.153882 66 62681 47761077965.00
fb_clusterA_full kM 0.1 16 8 2 357059 5383808 37673703 3.025956 3.116780 66 62681 47756859623.00
fb_clusterA_full kM 0.1 2 1 0 357059 43057511 0 16.063292 12.936062 23 8253 10418982805.00
fb_clusterA_full kM 0.1 2 1 1 357059 43057511 0 16.820964 16.887569 23 8253 10418982805.00
fb_clusterA_full kM 0.1 2 1 2 357059 43057511 0 16.080893 15.822381 23 8253 10418982805.00
fb_clusterA_full kM 0.1 2 32 0 357059 1347533 41709978 3.659754 0.540920 24 8246 10397337964.00
fb_clusterA_full kM 0.1 2 32 1 357059 1346507 41711004 4.023091 0.528803 23 8244 10421414883.00
fb_clusterA_full kM 0.1 2 32 2 357059 1346563 41710948 3.358219 0.482383 26 8251 10394703784.00
fb_clusterA_full kM 0.1 2 8 0 357059 5384110 37673401 3.019200 0.701575 26 8240 10388480449.00
fb_clusterA_full kM 0.1 2 8 1 357059 5383848 37673663 2.986102 0.686425 25 8247 10391270600.00
fb_clusterA_full kM 0.1 2 8 2 357059 5383808 37673703 3.035642 0.719926 27 8242 10406380875.00
fb_clusterA_full kM 0 16 1 0 357059 43057511 0 11.514816 468.037830 359 62644 47878020515.00
fb_clusterA_full kM 0 16 1 1 357059 43057511 0 11.640673 466.666507 359 62644 47878020515.00
fb_clusterA_full kM 0 16 1 2 357059 43057511 0 11.644272 469.763311 359 62644 47878020515.00
fb_clusterA_full kM 0 16 32 0 357059 1347533 41709978 2.467025 12.885723 350 62650 47867164765.00
fb_clusterA_full kM 0 16 32 1 357059 1346507 41711004 3.601616 14.095226 357 62674 47868634198.00
fb_clusterA_full kM 0 16 32 2 357059 1346563 41710948 3.773416 13.389644 360 62646 47866348496.00
fb_clusterA_full kM 0 16 8 0 357059 5384110 37673401 4.004612 16.016632 356 62665 47877745473.00
fb_clusterA_full kM 0 16 8 1 357059 5383848 37673663 3.038606 17.186882 366 62660 47869308593.00
fb_clusterA_full kM 0 16 8 2 357059 5383808 37673703 3.134565 16.015139 353 62657 47870091890.00
fb_clusterA_full kM 0.1 8 1 0 357059 43057511 0 19.381177 37.036806 46 32346 29103283227.00
fb_clusterA_full kM 0.1 8 1 1 357059 43057511 0 21.870310 36.056373 46 32346 29103283227.00
fb_clusterA_full kM 0.1 8 1 2 357059 43057511 0 21.975210 34.136871 46 32346 29103283227.00
fb_clusterA_full kM 0.1 8 32 0 357059 1347533 41709978 3.009399 1.309813 49 32352 29099939568.00
fb_clusterA_full kM 0.1 8 32 1 357059 1346507 41711004 2.861997 1.215635 49 32363 29095970325.00
fb_clusterA_full kM 0.1 8 32 2 357059 1346563 41710948 2.548194 0.956808 47 32358 29110320648.00
fb_clusterA_full kM 0.1 8 8 0 357059 5384110 37673401 2.958642 1.642863 47 32327 29104618150.00
fb_clusterA_full kM 0.1 8 8 1 357059 5383848 37673663 3.059120 1.588043 48 32344 29110573962.00
fb_clusterA_full kM 0.1 8 8 2 357059 5383808 37673703 3.135902 1.670420 48 32334 29116081529.00
fb_clusterA_full kM 0 2 1 0 357059 43057511 0 21.220738 54.817755 55 8245 10417549080.00
fb_clusterA_full kM 0 2 1 1 357059 43057511 0 21.712659 54.649574 55 8245 10417549080.00
fb_clusterA_full kM 0 2 1 2 357059 43057511 0 22.306777 52.306403 55 8245 10417549080.00
fb_clusterA_full kM 0 2 32 0 357059 1347533 41709978 2.362718 1.041282 49 8243 10444464685.00
fb_clusterA_full kM 0 2 32 1 357059 1346507 41711004 3.702328 1.336884 49 8245 10442820893.00
fb_clusterA_full kM 0 2 32 2 357059 1346563 41710948 3.696167 1.217130 49 8239 10429516615.00
fb_clusterA_full kM 0 2 8 0 357059 5384110 37673401 3.111347 1.220898 48 8241 10437761112.00
fb_clusterA_full kM 0 2 8 1 357059 5383848 37673663 3.020197 1.264846 50 8240 10444274241.00
fb_clusterA_full kM 0 2 8 2 357059 5383808 37673703 3.063297 1.596206 54 8245 10437968386.00
fb_clusterA_full kM 0.5 16 1 0 357059 43057511 0 21.655212 16.439677 14 62740 44345773960.00
fb_clusterA_full kM 0.5 16 1 1 357059 43057511 0 21.753073 16.694198 14 62740 44345773960.00
fb_clusterA_full kM 0.5 16 1 2 357059 43057511 0 22.259670 17.062869 14 62740 44345773960.00
fb_clusterA_full kM 0.5 16 32 0 357059 1347533 41709978 3.525725 0.646817 15 62729 44424470988.00
fb_clusterA_full kM 0.5 16 32 1 357059 1346507 41711004 3.812236 0.631708 15 62717 44407915546.00
fb_clusterA_full kM 0.5 16 32 2 357059 1346563 41710948 3.120770 0.618452 15 62727 44453606808.00
fb_clusterA_full kM 0.5 16 8 0 357059 5384110 37673401 2.998237 0.942037 15 62727 44386728888.00
fb_clusterA_full kM 0.5 16 8 1 357059 5383848 37673663 2.983942 0.979704 15 62721 44430466735.00
fb_clusterA_full kM 0.5 16 8 2 357059 5383808 37673703 3.015256 0.938699 15 62747 44421264745.00
fb_clusterA_full kM 0.5 2 1 0 357059 43057511 0 20.525491 8.731671 9 8265 9148485588.00
fb_clusterA_full kM 0.5 2 1 1 357059 43057511 0 21.639096 9.362457 9 8265 9148485588.00
fb_clusterA_full kM 0.5 2 1 2 357059 43057511 0 22.290008 8.867267 9 8265 9148485588.00
fb_clusterA_full kM 0.5 2 32 0 357059 1347533 41709978 3.785107 0.254937 9 8259 9025180951.00
fb_clusterA_full kM 0.5 2 32 1 357059 1346507 41711004 3.641000 0.240859 10 8262 9035516008.00
fb_clusterA_full kM 0.5 2 32 2 357059 1346563 41710948 3.110531 0.226598 9 8263 9037896127.00
fb_clusterA_full kM 0.5 2 8 0 357059 5384110 37673401 2.970740 0.416604 9 8258 9048793191.00
fb_clusterA_full kM 0.5 2 8 1 357059 5383848 37673663 3.050621 0.415124 9 8264 9028067580.00
fb_clusterA_full kM 0.5 2 8 2 357059 5383808 37673703 2.961932 0.475393 9 8262 9037100599.00
fb_clusterA_full kM 0.5 8 1 0 357059 43057511 0 17.333111 6.507483 13 32388 26292912074.00
fb_clusterA_full kM 0.5 8 1 1 357059 43057511 0 16.741190 8.500401 13 32388 26292912074.00
fb_clusterA_full kM 0.5 8 1 2 357059 43057511 0 17.077169 7.676562 13 32388 26292912074.00
fb_clusterA_full kM 0.5 8 32 0 357059 1347533 41709978 3.999282 0.454616 14 32383 26340182772.00
fb_clusterA_full kM 0.5 8 32 1 357059 1346507 41711004 4.191458 0.417600 14 32366 26324107284.00
fb_clusterA_full kM 0.5 8 32 2 357059 1346563 41710948 3.731075 0.412154 14 32370 26363246699.00
fb_clusterA_full kM 0.5 8 8 0 357059 5384110 37673401 2.961324 0.669163 13 32389 26334364883.00
fb_clusterA_full kM 0.5 8 8 1 357059 5383848 37673663 3.025297 0.697188 13 32387 26365559712.00
fb_clusterA_full kM 0.5 8 8 2 357059 5383808 37673703 3.001372 0.692631 14 32385 26328294443.00
fb_clusterA_full kM 0 8 1 0 357059 43057511 0 20.205682 277.954337 188 32313 29152160464.00
fb_clusterA_full kM 0 8 1 1 357059 43057511 0 22.315281 281.035560 188 32313 29152160464.00
fb_clusterA_full kM 0 8 1 2 357059 43057511 0 22.479032 281.308403 188 32313 29152160464.00
fb_clusterA_full kM 0 8 32 0 357059 1347533 41709978 2.398044 5.768656 188 32329 29154545498.00
fb_clusterA_full kM 0 8 32 1 357059 1346507 41711004 2.358849 5.201601 188 32341 29142516301.00
fb_clusterA_full kM 0 8 32 2 357059 1346563 41710948 2.561289 4.580500 186 32319 29144599491.00
fb_clusterA_full kM 0 8 8 0 357059 5384110 37673401 2.978102 6.229679 187 32317 29158047225.00
fb_clusterA_full kM 0 8 8 1 357059 5383848 37673663 3.016956 10.020700 194 32334 29138389388.00
fb_clusterA_full kM 0 8 8 2 357059 5383808 37673703 3.214096 9.552512 188 32330 29146546946.00
fb_clusterA_full kM 1 16 1 0 357059 43057511 0 16.089386 4.673796 1 66926 1572470615.00
fb_clusterA_full kM 1 16 1 1 357059 43057511 0 15.903060 5.876138 1 66926 1572470615.00
fb_clusterA_full kM 1 16 1 2 357059 43057511 0 14.669053 4.774288 1 66926 1572470615.00
fb_clusterA_full kM 1 16 32 0 357059 1347533 41709978 2.500610 0.534505 2 66698 936771461.00
fb_clusterA_full kM 1 16 32 1 357059 1346507 41711004 3.080574 0.559589 3 66722 881041106.00
fb_clusterA_full kM 1 16 32 2 357059 1346563 41710948 2.767803 0.535798 4 66701 904856905.00
fb_clusterA_full kM 1 16 8 0 357059 5384110 37673401 3.095529 0.942727 3 66668 1114059871.00
fb_clusterA_full kM 1 16 8 1 357059 5383848 37673663 3.002508 1.000774 2 66724 1044950195.00
fb_clusterA_full kM 1 16 8 2 357059 5383808 37673703 3.008541 0.926958 2 66691 1104880190.00
fb_clusterA_full kM 1 2 1 0 357059 43057511 0 13.850017 6.106543 1 8818 396953705.00
fb_clusterA_full kM 1 2 1 1 357059 43057511 0 15.526228 7.565147 1 8818 396953705.00
fb_clusterA_full kM 1 2 1 2 357059 43057511 0 14.302544 7.398135 1 8818 396953705.00
fb_clusterA_full kM 1 2 32 0 357059 1347533 41709978 2.432924 0.355441 2 8801 137152573.00
fb_clusterA_full kM 1 2 32 1 357059 1346507 41711004 3.328602 0.304526 2 8802 120252561.00
fb_clusterA_full kM 1 2 32 2 357059 1346563 41710948 3.240972 0.307589 2 8802 125153119.00
fb_clusterA_full kM 1 2 8 0 357059 5384110 37673401 2.955572 0.486381 2 8813 178329676.00
fb_clusterA_full kM 1 2 8 1 357059 5383848 37673663 2.991008 0.540798 2 8815 139388836.00
fb_clusterA_full kM 1 2 8 2 357059 5383808 37673703 3.028957 0.498095 2 8809 176401759.00
fb_clusterA_full kM 1 8 1 0 357059 43057511 0 12.411789 4.397207 1 34565 1052916782.00
fb_clusterA_full kM 1 8 1 1 357059 43057511 0 13.934810 6.127338 1 34565 1052916782.00
fb_clusterA_full kM 1 8 1 2 357059 43057511 0 15.561146 7.057555 1 34565 1052916782.00
fb_clusterA_full kM 1 8 32 0 357059 1347533 41709978 2.404431 0.439901 2 34459 487895673.00
fb_clusterA_full kM 1 8 32 1 357059 1346507 41711004 3.003136 0.405251 2 34441 457775417.00
fb_clusterA_full kM 1 8 32 2 357059 1346563 41710948 2.794128 0.376722 3 34441 469294638.00
fb_clusterA_full kM 1 8 8 0 357059 5384110 37673401 2.972178 0.693326 2 34441 626826389.00
fb_clusterA_full kM 1 8 8 1 357059 5383848 37673663 3.006651 0.700197 2 34466 582183692.00
fb_clusterA_full kM 1 8 8 2 357059 5383808 37673703 3.230622 0.704301 2 34449 607194083.00
fb_clusterB_full kM 0.0001 16 1 0 4965001 164347164 0 47.768363 6716.981169 571 184387 69006744694.00
fb_clusterB_full kM 0.0001 16 1 1 4965001 164347164 0 49.267278 6723.976879 571 184387 69006744694.00
fb_clusterB_full kM 0.0001 16 1 2 4965001 164347164 0 47.757496 6737.127271 571 184387 69006744694.00
fb_clusterB_full kM 0.0001 16 32 0 4965001 5135560 159211604 14.359833 214.150987 600 184381 69018230651.00
fb_clusterB_full kM 0.0001 16 32 1 4965001 5135404 159211760 18.181708 250.798710 611 184383 68977039103.00
fb_clusterB_full kM 0.0001 16 32 2 4965001 5135525 159211639 20.548770 210.232224 562 184404 68995789852.00
fb_clusterB_full kM 0.0001 16 8 0 4965001 20546385 143800779 14.911640 250.091259 562 184390 69013069538.00
fb_clusterB_full kM 0.0001 16 8 1 4965001 20547942 143799222 14.362575 264.842836 586 184396 69017311962.00
fb_clusterB_full kM 0.0001 16 8 2 4965001 20540924 143806240 14.732837 278.562183 591 184408 69005566933.00
fb_clusterB_full kM 0.0001 2 1 0 4965001 164347164 0 92.705014 361.800864 63 25439 14347083025.00
fb_clusterB_full kM 0.0001 2 1 1 4965001 164347164 0 105.452682 369.751789 63 25439 14347083025.00
fb_clusterB_full kM 0.0001 2 1 2 4965001 164347164 0 106.409304 369.334186 63 25439 14347083025.00
fb_clusterB_full kM 0.0001 2 32 0 4965001 5135560 159211604 24.498441 11.439956 62 25431 14376664337.00
fb_clusterB_full kM 0.0001 2 32 1 4965001 5135404 159211760 24.509329 12.395040 65 25440 14370629638.00
fb_clusterB_full kM 0.0001 2 32 2 4965001 5135525 159211639 24.643237 11.037242 62 25454 14360780504.00
fb_clusterB_full kM 0.0001 2 8 0 4965001 20546385 143800779 14.198822 12.556784 74 25441 14377697007.00
fb_clusterB_full kM 0.0001 2 8 1 4965001 20547942 143799222 13.768731 12.229220 64 25442 14343243896.00
fb_clusterB_full kM 0.0001 2 8 2 4965001 20540924 143806240 27.660559 17.907138 60 25440 14343071711.00
fb_clusterB_full kM 0.0001 8 1 0 4965001 164347164 0 94.228526 3202.233880 308 95207 40441098852.00
fb_clusterB_full kM 0.0001 8 1 1 4965001 164347164 0 100.744638 3190.795700 308 95207 40441098852.00
fb_clusterB_full kM 0.0001 8 1 2 4965001 164347164 0 103.951760 3198.656665 308 95207 40441098852.00
fb_clusterB_full kM 0.0001 8 32 0 4965001 5135560 159211604 13.811462 61.113574 293 95197 40440508662.00
fb_clusterB_full kM 0.0001 8 32 1 4965001 5135404 159211760 19.521010 66.252747 312 95239 40434622541.00
fb_clusterB_full kM 0.0001 8 32 2 4965001 5135525 159211639 17.648324 60.271346 292 95203 40444393463.00
fb_clusterB_full kM 0.0001 8 8 0 4965001 20546385 143800779 13.969029 92.645034 308 95189 40458783769.00
fb_clusterB_full kM 0.0001 8 8 1 4965001 20547942 143799222 13.663118 101.238200 311 95207 40418965470.00
fb_clusterB_full kM 0.0001 8 8 2 4965001 20540924 143806240 17.593364 102.906220 280 95219 40423337003.00
fb_clusterB_full kM 0.001 16 1 0 4965001 164347164 0 102.023522 6500.610593 505 184374 69000439651.00
fb_clusterB_full kM 0.001 16 1 1 4965001 164347164 0 99.650754 6496.774193 505 184374 69000439651.00
fb_clusterB_full kM 0.001 16 1 2 4965001 164347164 0 100.076064 6507.775529 505 184374 69000439651.00
fb_clusterB_full kM 0.001 16 32 0 4965001 5135560 159211604 13.358674 189.680980 520 184371 68963354766.00
fb_clusterB_full kM 0.001 16 32 1 4965001 5135404 159211760 14.745996 182.999074 519 184349 68986171451.00
fb_clusterB_full kM 0.001 16 32 2 4965001 5135525 159211639 20.432742 176.315165 504 184400 68991758187.00
fb_clusterB_full kM 0.001 16 8 0 4965001 20546385 143800779 14.258136 222.750773 504 184348 68975016055.00
fb_clusterB_full kM 0.001 16 8 1 4965001 20547942 143799222 14.280972 225.747776 526 184381 69012416793.00
fb_clusterB_full kM 0.001 16 8 2 4965001 20540924 143806240 14.635355 264.408657 545 184399 68985149971.00
fb_clusterB_full kM 0.001 2 1 0 4965001 164347164 0 101.332358 299.736085 52 25445 14387017081.00
fb_clusterB_full kM 0.001 2 1 1 4965001 164347164 0 94.318225 293.799836 52 25445 14387017081.00
fb_clusterB_full kM 0.001 2 1 2 4965001 164347164 0 94.793209 293.455407 52 25445 14387017081.00
fb_clusterB_full kM 0.001 2 32 0 4965001 5135560 159211604 19.505796 9.024713 57 25446 14377733087.00
fb_clusterB_full kM 0.001 2 32 1 4965001 5135404 159211760 19.815136 9.137692 54 25438 14387060747.00
fb_clusterB_full kM 0.001 2 32 2 4965001 5135525 159211639 19.933875 8.445785 59 25449 14376504740.00
fb_clusterB_full kM 0.001 2 8 0 4965001 20546385 143800779 14.360305 13.239663 64 25431 14372332725.00
fb_clusterB_full kM 0.001 2 8 1 4965001 20547942 143799222 13.806241 12.812890 64 25456 14379891658.00
fb_clusterB_full kM 0.001 2 8 2 4965001 20540924 143806240 14.368597 12.299765 57 25460 14352297128.00
fb_clusterB_full kM 0.001 8 1 0 4965001 164347164 0 93.747686 2750.343230 259 95182 40452309443.00
fb_clusterB_full kM 0.001 8 1 1 4965001 164347164 0 93.109766 2741.789066 259 95182 40452309443.00
fb_clusterB_full kM 0.001 8 1 2 4965001 164347164 0 102.352118 2744.512377 259 95182 40452309443.00
fb_clusterB_full kM 0.001 8 32 0 4965001 5135560 159211604 13.413184 63.115590 296 95197 40462425010.00
fb_clusterB_full kM 0.001 8 32 1 4965001 5135404 159211760 14.007322 63.324017 274 95223 40431906409.00
fb_clusterB_full kM 0.001 8 32 2 4965001 5135525 159211639 16.409537 46.410760 288 95218 40426426463.00
fb_clusterB_full kM 0.001 8 8 0 4965001 20546385 143800779 14.015881 86.010066 277 95192 40444867411.00
fb_clusterB_full kM 0.001 8 8 1 4965001 20547942 143799222 13.517798 86.198944 290 95190 40432366258.00
fb_clusterB_full kM 0.001 8 8 2 4965001 20540924 143806240 17.093627 106.575520 276 95203 40450072473.00
fb_clusterB_full kM 0.01 16 1 0 4965001 164347164 0 98.826284 2965.358593 265 184415 68977592472.00
fb_clusterB_full kM 0.01 16 1 1 4965001 164347164 0 101.106913 2980.217650 265 184415 68977592472.00
fb_clusterB_full kM 0.01 16 1 2 4965001 164347164 0 101.210006 2973.544697 265 184415 68977592472.00
fb_clusterB_full kM 0.01 16 32 0 4965001 5135560 159211604 13.202958 60.990416 261 184395 69001597568.00
fb_clusterB_full kM 0.01 16 32 1 4965001 5135404 159211760 16.687089 78.075768 274 184418 69010226750.00
fb_clusterB_full kM 0.01 16 32 2 4965001 5135525 159211639 14.718716 94.903533 284 184440 68997877252.00
fb_clusterB_full kM 0.01 16 8 0 4965001 20546385 143800779 13.896745 100.761770 257 184393 69030274470.00
fb_clusterB_full kM 0.01 16 8 1 4965001 20547942 143799222 15.341614 123.717700 282 184433 68990330562.00
fb_clusterB_full kM 0.01 16 8 2 4965001 20540924 143806240 16.425397 125.930046 282 184397 69006170467.00
fb_clusterB_full kM 0.01 2 1 0 4965001 164347164 0 60.795573 263.528980 49 25450 14362953303.00
fb_clusterB_full kM 0.01 2 1 1 4965001 164347164 0 54.727809 296.416048 49 25450 14362953303.00
fb_clusterB_full kM 0.01 2 1 2 4965001 164347164 0 53.687346 289.787981 49 25450 14362953303.00
fb_clusterB_full kM 0.01 2 32 0 4965001 5135560 159211604 21.531514 9.085707 50 25456 14354744393.00
fb_clusterB_full kM 0.01 2 32 1 4965001 5135404 159211760 22.204574 9.209677 46 25482 14359365024.00
fb_clusterB_full kM 0.01 2 32 2 4965001 5135525 159211639 22.301982 9.466337 52 25456 14402577731.00
fb_clusterB_full kM 0.01 2 8 0 4965001 20546385 143800779 14.759170 10.619592 48 25445 14379567882.00
fb_clusterB_full kM 0.01 2 8 1 4965001 20547942 143799222 14.317419 11.496000 57 25464 14393636011.00
fb_clusterB_full kM 0.01 2 8 2 4965001 20540924 143806240 14.293735 10.984901 47 25454 14386739009.00
fb_clusterB_full kM 0.01 8 1 0 4965001 164347164 0 91.976181 1824.372968 188 95242 40455854847.00
fb_clusterB_full kM 0.01 8 1 1 4965001 164347164 0 102.476615 1805.542735 188 95242 40455854847.00
fb_clusterB_full kM 0.01 8 1 2 4965001 164347164 0 102.762498 1803.599177 188 95242 40455854847.00
fb_clusterB_full kM 0.01 8 32 0 4965001 5135560 159211604 13.846914 31.631569 179 95238 40449198914.00
fb_clusterB_full kM 0.01 8 32 1 4965001 5135404 159211760 13.708260 37.541968 189 95207 40436234016.00
fb_clusterB_full kM 0.01 8 32 2 4965001 5135525 159211639 12.763300 33.643837 174 95187 40452706271.00
fb_clusterB_full kM 0.01 8 8 0 4965001 20546385 143800779 13.889931 48.579441 180 95221 40468242201.00
fb_clusterB_full kM 0.01 8 8 1 4965001 20547942 143799222 13.628862 61.305404 178 95205 40455147587.00
fb_clusterB_full kM 0.01 8 8 2 4965001 20540924 143806240 13.684333 61.184492 185 95238 40461157054.00
fb_clusterB_full kM 0.1 16 1 0 4965001 164347164 0 99.787445 494.834200 67 184388 68684524251.00
fb_clusterB_full kM 0.1 16 1 1 4965001 164347164 0 101.533349 503.205931 67 184388 68684524251.00
fb_clusterB_full kM 0.1 16 1 2 4965001 164347164 0 102.374031 502.737455 67 184388 68684524251.00
fb_clusterB_full kM 0.1 16 32 0 4965001 5135560 159211604 23.212795 17.104986 69 184438 68660286372.00
fb_clusterB_full kM 0.1 16 32 1 4965001 5135404 159211760 23.336240 16.778464 71 184459 68657357709.00
fb_clusterB_full kM 0.1 16 32 2 4965001 5135525 159211639 24.341925 15.958342 70 184475 68687007871.00
fb_clusterB_full kM 0.1 16 8 0 4965001 20546385 143800779 16.229405 22.259223 70 184468 68668206566.00
fb_clusterB_full kM 0.1 16 8 1 4965001 20547942 143799222 14.096131 21.853909 73 184460 68666669050.00
fb_clusterB_full kM 0.1 16 8 2 4965001 20540924 143806240 14.299180 22.183062 70 184478 68675025065.00
fb_clusterB_full kM 0.1 2 1 0 4965001 164347164 0 75.870905 130.847800 25 25534 14262757107.00
fb_clusterB_full kM 0.1 2 1 1 4965001 164347164 0 76.153300 125.062665 25 25534 14262757107.00
fb_clusterB_full kM 0.1 2 1 2 4965001 164347164 0 75.203705 125.657870 25 25534 14262757107.00
fb_clusterB_full kM 0.1 2 32 0 4965001 5135560 159211604 18.943997 4.604771 26 25528 14251818019.00
fb_clusterB_full kM 0.1 2 32 1 4965001 5135404 159211760 18.542776 4.853401 25 25539 14288944295.00
fb_clusterB_full kM 0.1 2 32 2 4965001 5135525 159211639 17.396660 3.148708 24 25533 14295489349.00
fb_clusterB_full kM 0.1 2 8 0 4965001 20546385 143800779 14.063535 5.911296 27 25505 14285533636.00
fb_clusterB_full kM 0.1 2 8 1 4965001 20547942 143799222 13.738308 5.980426 26 25508 14315857548.00
fb_clusterB_full kM 0.1 2 8 2 4965001 20540924 143806240 14.988080 7.076134 24 25540 14262196542.00
fb_clusterB_full kM 0 16 1 0 4965001 164347164 0 100.901262 7425.006181 598 184365 68979008559.00
fb_clusterB_full kM 0 16 1 1 4965001 164347164 0 102.372481 7365.918013 598 184365 68979008559.00
fb_clusterB_full kM 0 16 1 2 4965001 164347164 0 103.335960 7405.088115 598 184365 68979008559.00
fb_clusterB_full kM 0 16 32 0 4965001 5135560 159211604 15.155590 227.882208 579 184357 69000719851.00
fb_clusterB_full kM 0 16 32 1 4965001 5135404 159211760 23.192659 220.652141 552 184335 69030188060.00
fb_clusterB_full kM 0 16 32 2 4965001 5135525 159211639 24.905035 234.722085 613 184424 68990127424.00
fb_clusterB_full kM 0 16 8 0 4965001 20546385 143800779 13.979121 318.101139 626 184382 68999843591.00
fb_clusterB_full kM 0 16 8 1 4965001 20547942 143799222 13.928583 281.825223 619 184413 68997089569.00
fb_clusterB_full kM 0 16 8 2 4965001 20540924 143806240 15.014457 252.307208 553 184407 68996364881.00
fb_clusterB_full kM 0.1 8 1 0 4965001 164347164 0 104.001941 369.628634 55 95333 40228119010.00
fb_clusterB_full kM 0.1 8 1 1 4965001 164347164 0 103.830705 367.616569 55 95333 40228119010.00
fb_clusterB_full kM 0.1 8 1 2 4965001 164347164 0 104.562776 367.191991 55 95333 40228119010.00
fb_clusterB_full kM 0.1 8 32 0 4965001 5135560 159211604 12.416435 10.077675 58 95350 40213207470.00
fb_clusterB_full kM 0.1 8 32 1 4965001 5135404 159211760 24.019788 9.997982 62 95339 40226864305.00
fb_clusterB_full kM 0.1 8 32 2 4965001 5135525 159211639 13.952656 9.091304 56 95354 40204885755.00
fb_clusterB_full kM 0.1 8 8 0 4965001 20546385 143800779 13.939873 15.283973 59 95350 40227829533.00
fb_clusterB_full kM 0.1 8 8 1 4965001 20547942 143799222 15.027826 16.046811 59 95340 40239450908.00
fb_clusterB_full kM 0.1 8 8 2 4965001 20540924 143806240 16.228629 16.074500 56 95331 40222646288.00
fb_clusterB_full kM 0 2 1 0 4965001 164347164 0 90.289613 405.117879 58 25469 14375414995.00
fb_clusterB_full kM 0 2 1 1 4965001 164347164 0 94.257135 406.854173 58 25469 14375414995.00
fb_clusterB_full kM 0 2 1 2 4965001 164347164 0 104.455642 389.659246 58 25469 14375414995.00
fb_clusterB_full kM 0 2 32 0 4965001 5135560 159211604 13.544824 8.018325 57 25438 14378045176.00
fb_clusterB_full kM 0 2 32 1 4965001 5135404 159211760 14.420284 7.963360 56 25455 14373142165.00
fb_clusterB_full kM 0 2 32 2 4965001 5135525 159211639 12.681419 7.453077 60 25460 14370213177.00
fb_clusterB_full kM 0 2 8 0 4965001 20546385 143800779 14.086593 12.404580 62 25440 14360242688.00
fb_clusterB_full kM 0 2 8 1 4965001 20547942 143799222 14.107051 11.987423 61 25455 14367813496.00
fb_clusterB_full kM 0 2 8 2 4965001 20540924 143806240 14.457241 14.182663 62 25452 14353825513.00
fb_clusterB_full kM 0.5 16 1 0 4965001 164347164 0 99.322332 115.380054 14 185908 63485973896.00
fb_clusterB_full kM 0.5 16 1 1 4965001 164347164 0 99.548060 113.433689 14 185908 63485973896.00
fb_clusterB_full kM 0.5 16 1 2 4965001 164347164 0 101.426854 116.120675 14 185908 63485973896.00
fb_clusterB_full kM 0.5 16 32 0 4965001 5135560 159211604 19.028864 2.957226 15 185681 63662691964.00
fb_clusterB_full kM 0.5 16 32 1 4965001 5135404 159211760 19.775713 2.975849 15 185688 63616135394.00
fb_clusterB_full kM 0.5 16 32 2 4965001 5135525 159211639 19.011943 2.516737 16 185741 63575341470.00
fb_clusterB_full kM 0.5 16 8 0 4965001 20546385 143800779 14.341053 5.149511 15 185722 63662362223.00
fb_clusterB_full kM 0.5 16 8 1 4965001 20547942 143799222 14.402460 5.336275 15 185756 63681591199.00
fb_clusterB_full kM 0.5 16 8 2 4965001 20540924 143806240 14.710161 5.331610 15 185604 63600772651.00
fb_clusterB_full kM 0.5 2 1 0 4965001 164347164 0 92.907828 79.340666 10 25748 12614050246.00
fb_clusterB_full kM 0.5 2 1 1 4965001 164347164 0 97.347259 80.681835 10 25748 12614050246.00
fb_clusterB_full kM 0.5 2 1 2 4965001 164347164 0 101.409225 72.422957 10 25748 12614050246.00
fb_clusterB_full kM 0.5 2 32 0 4965001 5135560 159211604 18.758013 2.122321 10 25668 12482298482.00
fb_clusterB_full kM 0.5 2 32 1 4965001 5135404 159211760 19.779309 1.765687 10 25647 12439611557.00
fb_clusterB_full kM 0.5 2 32 2 4965001 5135525 159211639 20.360716 1.577738 11 25627 12526160369.00
fb_clusterB_full kM 0.5 2 8 0 4965001 20546385 143800779 13.959052 3.250584 11 25670 12567500505.00
fb_clusterB_full kM 0.5 2 8 1 4965001 20547942 143799222 13.808897 3.337265 10 25689 12464921347.00
fb_clusterB_full kM 0.5 2 8 2 4965001 20540924 143806240 13.702454 3.521990 10 25666 12448973361.00
fb_clusterB_full kM 0.5 8 1 0 4965001 164347164 0 99.815793 98.150990 13 95788 36275424664.00
fb_clusterB_full kM 0.5 8 1 1 4965001 164347164 0 104.619650 102.553012 13 95788 36275424664.00
fb_clusterB_full kM 0.5 8 1 2 4965001 164347164 0 104.792925 102.170209 13 95788 36275424664.00
fb_clusterB_full kM 0.5 8 32 0 4965001 5135560 159211604 11.721639 2.340333 15 95657 36129740128.00
fb_clusterB_full kM 0.5 8 32 1 4965001 5135404 159211760 14.348595 2.330520 14 95709 36125628085.00
fb_clusterB_full kM 0.5 8 32 2 4965001 5135525 159211639 14.453125 2.005652 13 95640 36141316659.00
fb_clusterB_full kM 0.5 8 8 0 4965001 20546385 143800779 14.131800 4.434091 14 95641 36256850213.00
fb_clusterB_full kM 0.5 8 8 1 4965001 20547942 143799222 14.019603 4.416096 14 95648 36216607919.00
fb_clusterB_full kM 0.5 8 8 2 4965001 20540924 143806240 15.064472 4.416184 13 95664 36224532033.00
fb_clusterB_full kM 0 8 1 0 4965001 164347164 0 87.691536 3157.948834 299 95199 40450667874.00
fb_clusterB_full kM 0 8 1 1 4965001 164347164 0 93.280921 3156.537395 299 95199 40450667874.00
fb_clusterB_full kM 0 8 1 2 4965001 164347164 0 103.245014 3161.105837 299 95199 40450667874.00
fb_clusterB_full kM 0 8 32 0 4965001 5135560 159211604 14.224355 62.576437 309 95210 40452529358.00
fb_clusterB_full kM 0 8 32 1 4965001 5135404 159211760 15.727031 66.330502 305 95200 40415622237.00
fb_clusterB_full kM 0 8 32 2 4965001 5135525 159211639 15.686423 54.903223 286 95207 40429879669.00
fb_clusterB_full kM 0 8 8 0 4965001 20546385 143800779 13.917262 88.279188 305 95197 40433420250.00
fb_clusterB_full kM 0 8 8 1 4965001 20547942 143799222 14.519162 94.923228 311 95190 40465312182.00
fb_clusterB_full kM 0 8 8 2 4965001 20540924 143806240 18.826663 133.192059 322 95214 40439109916.00
fb_clusterB_full kM 1 16 1 0 4965001 164347164 0 102.995307 77.551926 1 212097 1014674187.00
fb_clusterB_full kM 1 16 1 1 4965001 164347164 0 106.789650 72.029613 1 212097 1014674187.00
fb_clusterB_full kM 1 16 1 2 4965001 164347164 0 107.438777 71.074554 1 212097 1014674187.00
fb_clusterB_full kM 1 16 32 0 4965001 5135560 159211604 19.254992 3.196552 3 209070 1271968218.00
fb_clusterB_full kM 1 16 32 1 4965001 5135404 159211760 19.399523 3.184066 3 209607 1260318061.00
fb_clusterB_full kM 1 16 32 2 4965001 5135525 159211639 16.483210 2.675306 3 209045 1223798157.00
fb_clusterB_full kM 1 16 8 0 4965001 20546385 143800779 13.871421 4.941248 2 210451 1185182161.00
fb_clusterB_full kM 1 16 8 1 4965001 20547942 143799222 14.607432 5.302874 2 210810 1131932372.00
fb_clusterB_full kM 1 16 8 2 4965001 20540924 143806240 15.529977 5.329759 2 210711 1150760125.00
fb_clusterB_full kM 1 2 1 0 4965001 164347164 0 97.596843 69.065561 1 28677 95670281.00
fb_clusterB_full kM 1 2 1 1 4965001 164347164 0 103.840667 74.293245 1 28677 95670281.00
fb_clusterB_full kM 1 2 1 2 4965001 164347164 0 103.876697 73.316531 1 28677 95670281.00
fb_clusterB_full kM 1 2 32 0 4965001 5135560 159211604 12.424823 2.075094 2 28573 138876781.00
fb_clusterB_full kM 1 2 32 1 4965001 5135404 159211760 14.404414 1.916159 2 28587 146075590.00
fb_clusterB_full kM 1 2 32 2 4965001 5135525 159211639 14.460832 1.732685 2 28558 146106520.00
fb_clusterB_full kM 1 2 8 0 4965001 20546385 143800779 13.920336 3.146743 2 28645 127556404.00
fb_clusterB_full kM 1 2 8 1 4965001 20547942 143799222 14.091581 3.334074 2 28660 129634260.00
fb_clusterB_full kM 1 2 8 2 4965001 20540924 143806240 14.240393 3.464824 2 28650 118978065.00
fb_clusterB_full kM 1 8 1 0 4965001 164347164 0 51.653427 47.651292 1 108893 472934990.00
fb_clusterB_full kM 1 8 1 1 4965001 164347164 0 51.203359 48.972143 1 108893 472934990.00
fb_clusterB_full kM 1 8 1 2 4965001 164347164 0 53.036477 54.576120 1 108893 472934990.00
fb_clusterB_full kM 1 8 32 0 4965001 5135560 159211604 19.606778 2.472774 3 107725 602432473.00
fb_clusterB_full kM 1 8 32 1 4965001 5135404 159211760 20.344143 2.364523 2 107928 612394952.00
fb_clusterB_full kM 1 8 32 2 4965001 5135525 159211639 19.250103 2.163913 3 107737 594527156.00
fb_clusterB_full kM 1 8 8 0 4965001 20546385 143800779 14.866492 4.001623 2 108312 568453413.00
fb_clusterB_full kM 1 8 8 1 4965001 20547942 143799222 15.145945 4.034227 2 108432 534706108.00
fb_clusterB_full kM 1 8 8 2 4965001 20540924 143806240 14.122958 4.354178 2 108396 557650058.00
fb_clusterC_full kM 0.0001 16 1 0 990023 40654711 0 21.305133 727.243719 595 59422 365120222642.00
fb_clusterC_full kM 0.0001 16 1 1 990023 40654711 0 21.475355 731.052462 595 59422 365120222642.00
fb_clusterC_full kM 0.0001 16 1 2 990023 40654711 0 21.316580 725.750224 595 59422 365120222642.00
fb_clusterC_full kM 0.0001 16 32 0 990023 1269367 39385344 2.843548 34.761604 587 59411 364805384014.00
fb_clusterC_full kM 0.0001 16 32 1 990023 1271924 39382787 3.352075 34.894178 601 59424 365122697539.00
fb_clusterC_full kM 0.0001 16 32 2 990023 1270715 39383996 3.333099 37.375726 587 59420 364839108416.00
fb_clusterC_full kM 0.0001 16 8 0 990023 5077237 35577474 3.090885 32.583839 600 59423 365056075730.00
fb_clusterC_full kM 0.0001 16 8 1 990023 5079579 35575132 3.062294 33.803920 595 59419 364758096481.00
fb_clusterC_full kM 0.0001 16 8 2 990023 5081596 35573115 3.093123 33.278343 601 59422 364850291532.00
fb_clusterC_full kM 0.0001 2 1 0 990023 40654711 0 21.242370 32.804440 49 9336 77616746864.00
fb_clusterC_full kM 0.0001 2 1 1 990023 40654711 0 21.461972 33.844063 49 9336 77616746864.00
fb_clusterC_full kM 0.0001 2 1 2 990023 40654711 0 21.613308 33.869097 49 9336 77616746864.00
fb_clusterC_full kM 0.0001 2 32 0 990023 1269367 39385344 3.863515 1.862653 54 9324 77689665892.00
fb_clusterC_full kM 0.0001 2 32 1 990023 1271924 39382787 3.797985 1.893032 61 9319 77753945170.00
fb_clusterC_full kM 0.0001 2 32 2 990023 1270715 39383996 3.396389 1.505444 55 9328 77680061673.00
fb_clusterC_full kM 0.0001 2 8 0 990023 5077237 35577474 3.042880 1.434223 59 9334 77728828200.00
fb_clusterC_full kM 0.0001 2 8 1 990023 5079579 35575132 3.037149 1.453491 61 9326 77750147867.00
fb_clusterC_full kM 0.0001 2 8 2 990023 5081596 35573115 3.120717 1.471888 54 9341 77593292168.00
fb_clusterC_full kM 0.0001 8 1 0 990023 40654711 0 19.550782 219.689232 298 31009 238785863964.00
fb_clusterC_full kM 0.0001 8 1 1 990023 40654711 0 21.727273 218.285350 298 31009 238785863964.00
fb_clusterC_full kM 0.0001 8 1 2 990023 40654711 0 21.935248 219.648591 298 31009 238785863964.00
fb_clusterC_full kM 0.0001 8 32 0 990023 1269367 39385344 2.465183 12.885949 285 31015 238897870873.00
fb_clusterC_full kM 0.0001 8 32 1 990023 1271924 39382787 2.602511 12.800592 289 31023 238810227083.00
fb_clusterC_full kM 0.0001 8 32 2 990023 1270715 39383996 2.977923 11.184708 292 31011 238464798346.00
fb_clusterC_full kM 0.0001 8 8 0 990023 5077237 35577474 3.005615 10.084568 296 31014 239099149358.00
fb_clusterC_full kM 0.0001 8 8 1 990023 5079579 35575132 3.025197 10.399967 289 31014 238904239918.00
fb_clusterC_full kM 0.0001 8 8 2 990023 5081596 35573115 3.161193 10.099687 285 31013 239217449964.00
fb_clusterC_full kM 0.001 16 1 0 990023 40654711 0 13.242889 717.738404 540 59421 365043878730.00
fb_clusterC_full kM 0.001 16 1 1 990023 40654711 0 13.053771 726.929623 540 59421 365043878730.00
fb_clusterC_full kM 0.001 16 1 2 990023 40654711 0 13.365684 736.867658 540 59421 365043878730.00
fb_clusterC_full kM 0.001 16 32 0 990023 1269367 39385344 2.584764 26.754026 532 59427 364867143192.00
fb_clusterC_full kM 0.001 16 32 1 990023 1271924 39382787 3.180774 30.413396 534 59421 365062647591.00
fb_clusterC_full kM 0.001 16 32 2 990023 1270715 39383996 3.100770 27.806997 521 59436 365174857880.00
fb_clusterC_full kM 0.001 16 8 0 990023 5077237 35577474 3.012511 29.081712 560 59420 364914800923.00
fb_clusterC_full kM 0.001 16 8 1 990023 5079579 35575132 3.072698 27.130295 542 59425 365036904384.00
fb_clusterC_full kM 0.001 16 8 2 990023 5081596 35573115 3.279292 36.632729 527 59435 364956359613.00
fb_clusterC_full kM 0.001 2 1 0 990023 40654711 0 8.958234 12.243921 59 9337 77728278703.00
fb_clusterC_full kM 0.001 2 1 1 990023 40654711 0 8.184104 12.162150 59 9337 77728278703.00
fb_clusterC_full kM 0.001 2 1 2 990023 40654711 0 12.207309 13.005177 59 9337 77728278703.00
fb_clusterC_full kM 0.001 2 32 0 990023 1269367 39385344 4.929279 2.093850 59 9321 77603953591.00
fb_clusterC_full kM 0.001 2 32 1 990023 1271924 39382787 4.701680 1.813961 52 9320 77667992752.00
fb_clusterC_full kM 0.001 2 32 2 990023 1270715 39383996 4.882026 1.754351 56 9327 77663978558.00
fb_clusterC_full kM 0.001 2 8 0 990023 5077237 35577474 3.056091 1.531437 57 9330 77568674799.00
fb_clusterC_full kM 0.001 2 8 1 990023 5079579 35575132 3.030097 1.397520 56 9325 77470364642.00
fb_clusterC_full kM 0.001 2 8 2 990023 5081596 35573115 3.044453 1.400101 55 9326 77697037265.00
fb_clusterC_full kM 0.001 8 1 0 990023 40654711 0 17.686543 203.110656 277 31012 238664449644.00
fb_clusterC_full kM 0.001 8 1 1 990023 40654711 0 18.884090 204.153156 277 31012 238664449644.00
fb_clusterC_full kM 0.001 8 1 2 990023 40654711 0 22.038102 197.718727 277 31012 238664449644.00
fb_clusterC_full kM 0.001 8 32 0 990023 1269367 39385344 2.453768 11.549331 275 31011 238954501214.00
fb_clusterC_full kM 0.001 8 32 1 990023 1271924 39382787 2.729401 11.477068 282 30999 238952039884.00
fb_clusterC_full kM 0.001 8 32 2 990023 1270715 39383996 2.755031 10.093743 294 31017 238831947539.00
fb_clusterC_full kM 0.001 8 8 0 990023 5077237 35577474 2.990238 9.049936 301 31014 238938757585.00
fb_clusterC_full kM 0.001 8 8 1 990023 5079579 35575132 3.135664 8.733462 277 31010 238817096609.00
fb_clusterC_full kM 0.001 8 8 2 990023 5081596 35573115 2.998876 10.383063 270 31016 238667664556.00
fb_clusterC_full kM 0.01 16 1 0 990023 40654711 0 20.306220 357.432418 289 59420 365051590925.00
fb_clusterC_full kM 0.01 16 1 1 990023 40654711 0 19.800427 359.004562 289 59420 365051590925.00
fb_clusterC_full kM 0.01 16 1 2 990023 40654711 0 20.493386 355.644632 289 59420 365051590925.00
fb_clusterC_full kM 0.01 16 32 0 990023 1269367 39385344 3.022523 17.897373 309 59420 365281754947.00
fb_clusterC_full kM 0.01 16 32 1 990023 1271924 39382787 2.857909 19.149102 315 59439 365023322731.00
fb_clusterC_full kM 0.01 16 32 2 990023 1270715 39383996 3.465009 18.373001 309 59426 365052270576.00
fb_clusterC_full kM 0.01 16 8 0 990023 5077237 35577474 3.024586 15.676717 286 59422 365036305849.00
fb_clusterC_full kM 0.01 16 8 1 990023 5079579 35575132 3.040540 16.380879 308 59430 364870648000.00
fb_clusterC_full kM 0.01 16 8 2 990023 5081596 35573115 3.254833 16.121671 296 59430 365269718109.00
fb_clusterC_full kM 0.01 2 1 0 990023 40654711 0 10.824567 20.126733 53 9321 77716314060.00
fb_clusterC_full kM 0.01 2 1 1 990023 40654711 0 11.389422 19.862560 53 9321 77716314060.00
fb_clusterC_full kM 0.01 2 1 2 990023 40654711 0 12.513362 22.410050 53 9321 77716314060.00
fb_clusterC_full kM 0.01 2 32 0 990023 1269367 39385344 2.314225 1.528941 49 9326 77749795454.00
fb_clusterC_full kM 0.01 2 32 1 990023 1271924 39382787 3.294171 1.368185 47 9324 77661443636.00
fb_clusterC_full kM 0.01 2 32 2 990023 1270715 39383996 3.265732 1.318712 48 9327 77686125107.00
fb_clusterC_full kM 0.01 2 8 0 990023 5077237 35577474 3.125171 1.339049 52 9334 77607826369.00
fb_clusterC_full kM 0.01 2 8 1 990023 5079579 35575132 3.144523 1.197053 44 9323 77604931070.00
fb_clusterC_full kM 0.01 2 8 2 990023 5081596 35573115 3.091693 1.267901 49 9324 77724251573.00
fb_clusterC_full kM 0.01 8 1 0 990023 40654711 0 21.407803 150.892479 204 31008 238851951886.00
fb_clusterC_full kM 0.01 8 1 1 990023 40654711 0 21.637753 150.587735 204 31008 238851951886.00
fb_clusterC_full kM 0.01 8 1 2 990023 40654711 0 22.200972 148.695201 204 31008 238851951886.00
fb_clusterC_full kM 0.01 8 32 0 990023 1269367 39385344 3.728833 9.785775 192 31018 238832334558.00
fb_clusterC_full kM 0.01 8 32 1 990023 1271924 39382787 3.668879 9.326339 185 31018 238613943333.00
fb_clusterC_full kM 0.01 8 32 2 990023 1270715 39383996 3.428126 8.979866 194 31009 238882417308.00
fb_clusterC_full kM 0.01 8 8 0 990023 5077237 35577474 3.002518 6.762443 186 31016 238898226418.00
fb_clusterC_full kM 0.01 8 8 1 990023 5079579 35575132 3.027948 6.164175 187 31015 238691879026.00
fb_clusterC_full kM 0.01 8 8 2 990023 5081596 35573115 3.199962 6.428439 192 31010 238714064294.00
fb_clusterC_full kM 0.1 16 1 0 990023 40654711 0 18.004273 82.071062 74 59441 364750241343.00
fb_clusterC_full kM 0.1 16 1 1 990023 40654711 0 17.350576 83.607460 74 59441 364750241343.00
fb_clusterC_full kM 0.1 16 1 2 990023 40654711 0 16.654656 82.076929 74 59441 364750241343.00
fb_clusterC_full kM 0.1 16 32 0 990023 1269367 39385344 4.641713 4.479930 84 59431 364659121120.00
fb_clusterC_full kM 0.1 16 32 1 990023 1271924 39382787 4.568408 4.714163 74 59436 364656686348.00
fb_clusterC_full kM 0.1 16 32 2 990023 1270715 39383996 4.483902 4.343231 83 59449 364549074364.00
fb_clusterC_full kM 0.1 16 8 0 990023 5077237 35577474 3.037260 4.273705 80 59429 364484527099.00
fb_clusterC_full kM 0.1 16 8 1 990023 5079579 35575132 3.059700 4.049876 78 59462 364586856393.00
fb_clusterC_full kM 0.1 16 8 2 990023 5081596 35573115 3.064131 4.117766 79 59444 364567841879.00
fb_clusterC_full kM 0.1 2 1 0 990023 40654711 0 13.656753 12.035321 25 9320 77086450741.00
fb_clusterC_full kM 0.1 2 1 1 990023 40654711 0 13.424063 12.036401 25 9320 77086450741.00
fb_clusterC_full kM 0.1 2 1 2 990023 40654711 0 13.359167 13.352626 25 9320 77086450741.00
fb_clusterC_full kM 0.1 2 32 0 990023 1269367 39385344 3.718544 0.933775 25 9328 77135299014.00
fb_clusterC_full kM 0.1 2 32 1 990023 1271924 39382787 3.710400 0.901965 26 9333 77221559164.00
fb_clusterC_full kM 0.1 2 32 2 990023 1270715 39383996 3.197621 0.562977 22 9320 77184093362.00
fb_clusterC_full kM 0.1 2 8 0 990023 5077237 35577474 3.043517 0.758661 26 9319 77065509940.00
fb_clusterC_full kM 0.1 2 8 1 990023 5079579 35575132 3.092295 0.759565 25 9326 77037285009.00
fb_clusterC_full kM 0.1 2 8 2 990023 5081596 35573115 3.099779 0.777119 23 9317 77188076314.00
fb_clusterC_full kM 0 16 1 0 990023 40654711 0 21.802097 795.404907 624 59428 364935581237.00
fb_clusterC_full kM 0 16 1 1 990023 40654711 0 22.545380 793.064216 624 59428 364935581237.00
fb_clusterC_full kM 0 16 1 2 990023 40654711 0 22.374393 798.198752 624 59428 364935581237.00
fb_clusterC_full kM 0 16 32 0 990023 1269367 39385344 2.535128 28.826957 613 59413 365191756905.00
fb_clusterC_full kM 0 16 32 1 990023 1271924 39382787 2.593073 35.634436 610 59424 365000805549.00
fb_clusterC_full kM 0 16 32 2 990023 1270715 39383996 2.760608 31.057240 594 59426 364856435155.00
fb_clusterC_full kM 0 16 8 0 990023 5077237 35577474 2.999050 30.908367 620 59427 365069172616.00
fb_clusterC_full kM 0 16 8 1 990023 5079579 35575132 3.016298 33.820732 627 59419 364952824040.00
fb_clusterC_full kM 0 16 8 2 990023 5081596 35573115 3.360486 36.705710 603 59438 365052272222.00
fb_clusterC_full kM 0.1 8 1 0 990023 40654711 0 21.682540 45.270261 64 31015 237982429391.00
fb_clusterC_full kM 0.1 8 1 1 990023 40654711 0 21.429701 44.768068 64 31015 237982429391.00
fb_clusterC_full kM 0.1 8 1 2 990023 40654711 0 21.919108 44.903373 64 31015 237982429391.00
fb_clusterC_full kM 0.1 8 32 0 990023 1269367 39385344 4.061940 2.771493 61 31024 238141136499.00
fb_clusterC_full kM 0.1 8 32 1 990023 1271924 39382787 4.670125 2.565448 59 31019 238367681062.00
fb_clusterC_full kM 0.1 8 32 2 990023 1270715 39383996 4.734055 2.419860 64 31013 238102939040.00
fb_clusterC_full kM 0.1 8 8 0 990023 5077237 35577474 4.317539 3.028782 64 31011 238213615804.00
fb_clusterC_full kM 0.1 8 8 1 990023 5079579 35575132 4.604175 3.501513 68 31018 237972051043.00
fb_clusterC_full kM 0.1 8 8 2 990023 5081596 35573115 5.273125 3.320239 58 31016 238115650534.00
fb_clusterC_full kM 0 2 1 0 990023 40654711 0 19.741516 32.434407 51 9325 77709530751.00
fb_clusterC_full kM 0 2 1 1 990023 40654711 0 20.597420 33.736046 51 9325 77709530751.00
fb_clusterC_full kM 0 2 1 2 990023 40654711 0 21.752261 31.201111 51 9325 77709530751.00
fb_clusterC_full kM 0 2 32 0 990023 1269367 39385344 3.807215 1.934909 58 9326 77688743699.00
fb_clusterC_full kM 0 2 32 1 990023 1271924 39382787 3.873202 1.686788 56 9317 77773886768.00
fb_clusterC_full kM 0 2 32 2 990023 1270715 39383996 3.628418 1.599286 53 9329 77646518333.00
fb_clusterC_full kM 0 2 8 0 990023 5077237 35577474 2.993675 1.390164 58 9335 77783999819.00
fb_clusterC_full kM 0 2 8 1 990023 5079579 35575132 3.017001 1.310536 54 9324 77664101942.00
fb_clusterC_full kM 0 2 8 2 990023 5081596 35573115 3.006635 1.454921 62 9339 77628080935.00
fb_clusterC_full kM 0.5 16 1 0 990023 40654711 0 21.162411 18.243653 17 59599 362661396293.00
fb_clusterC_full kM 0.5 16 1 1 990023 40654711 0 21.226518 17.638667 17 59599 362661396293.00
fb_clusterC_full kM 0.5 16 1 2 990023 40654711 0 21.491482 17.962859 17 59599 362661396293.00
fb_clusterC_full kM 0.5 16 32 0 990023 1269367 39385344 4.475167 0.993835 18 59589 361631111176.00
fb_clusterC_full kM 0.5 16 32 1 990023 1271924 39382787 4.503669 1.111030 18 59600 361508330662.00
fb_clusterC_full kM 0.5 16 32 2 990023 1270715 39383996 4.220999 0.986758 20 59595 361497128076.00
fb_clusterC_full kM 0.5 16 8 0 990023 5077237 35577474 3.050446 1.178812 18 59611 361466612239.00
fb_clusterC_full kM 0.5 16 8 1 990023 5079579 35575132 3.058561 1.157459 17 59588 361286867491.00
fb_clusterC_full kM 0.5 16 8 2 990023 5081596 35573115 3.066632 1.178166 18 59604 361581749592.00
fb_clusterC_full kM 0.5 2 1 0 990023 40654711 0 20.635010 9.281457 12 9360 68719582878.00
fb_clusterC_full kM 0.5 2 1 1 990023 40654711 0 20.440444 8.031737 12 9360 68719582878.00
fb_clusterC_full kM 0.5 2 1 2 990023 40654711 0 21.561283 7.280346 12 9360 68719582878.00
fb_clusterC_full kM 0.5 2 32 0 990023 1269367 39385344 3.204117 0.394931 8 9369 68457417449.00
fb_clusterC_full kM 0.5 2 32 1 990023 1271924 39382787 3.296124 0.384864 10 9358 68512141386.00
fb_clusterC_full kM 0.5 2 32 2 990023 1270715 39383996 2.417496 0.324518 9 9362 68191084109.00
fb_clusterC_full kM 0.5 2 8 0 990023 5077237 35577474 3.063611 0.459706 10 9353 68485890691.00
fb_clusterC_full kM 0.5 2 8 1 990023 5079579 35575132 3.015083 0.451081 8 9366 68588499841.00
fb_clusterC_full kM 0.5 2 8 2 990023 5081596 35573115 3.184864 0.477510 9 9361 68698019034.00
fb_clusterC_full kM 0.5 8 1 0 990023 40654711 0 21.353371 8.456105 14 31106 225342897504.00
fb_clusterC_full kM 0.5 8 1 1 990023 40654711 0 21.180357 7.998429 14 31106 225342897504.00
fb_clusterC_full kM 0.5 8 1 2 990023 40654711 0 21.364932 7.583050 14 31106 225342897504.00
fb_clusterC_full kM 0.5 8 32 0 990023 1269367 39385344 3.818827 0.689874 15 31087 225779349189.00
fb_clusterC_full kM 0.5 8 32 1 990023 1271924 39382787 3.827004 0.634573 16 31101 225836143450.00
fb_clusterC_full kM 0.5 8 32 2 990023 1270715 39383996 3.515818 0.604544 15 31087 225699019923.00
fb_clusterC_full kM 0.5 8 8 0 990023 5077237 35577474 3.015668 0.765807 15 31099 225280263252.00
fb_clusterC_full kM 0.5 8 8 1 990023 5079579 35575132 3.071222 0.768581 16 31092 225925187897.00
fb_clusterC_full kM 0.5 8 8 2 990023 5081596 35573115 3.611441 0.790761 15 31089 225490440770.00
fb_clusterC_full kM 0 8 1 0 990023 40654711 0 18.015587 219.204809 297 31009 238808729742.00
fb_clusterC_full kM 0 8 1 1 990023 40654711 0 20.503584 218.455303 297 31009 238808729742.00
fb_clusterC_full kM 0 8 1 2 990023 40654711 0 21.864596 214.910403 297 31009 238808729742.00
fb_clusterC_full kM 0 8 32 0 990023 1269367 39385344 3.047308 14.662290 299 31014 238854356869.00
fb_clusterC_full kM 0 8 32 1 990023 1271924 39382787 2.843477 13.745839 309 31016 238891059684.00
fb_clusterC_full kM 0 8 32 2 990023 1270715 39383996 2.809185 11.249636 319 31002 238891218024.00
fb_clusterC_full kM 0 8 8 0 990023 5077237 35577474 3.000360 9.355492 301 31012 238727043180.00
fb_clusterC_full kM 0 8 8 1 990023 5079579 35575132 2.990876 9.655930 313 31013 238940802541.00
fb_clusterC_full kM 0 8 8 2 990023 5081596 35573115 3.059336 11.107149 288 31008 238759348805.00
fb_clusterC_full kM 1 16 1 0 990023 40654711 0 14.637226 7.397937 1 111607 943417951.00
fb_clusterC_full kM 1 16 1 1 990023 40654711 0 13.276319 7.749706 1 111607 943417951.00
fb_clusterC_full kM 1 16 1 2 990023 40654711 0 14.289933 8.508098 1 111607 943417951.00
fb_clusterC_full kM 1 16 32 0 990023 1269367 39385344 2.720896 0.900389 2 106566 1608623738.00
fb_clusterC_full kM 1 16 32 1 990023 1271924 39382787 2.544782 0.921701 2 106533 1530289993.00
fb_clusterC_full kM 1 16 32 2 990023 1270715 39383996 2.307797 0.867065 3 106219 1571263191.00
fb_clusterC_full kM 1 16 8 0 990023 5077237 35577474 3.014519 1.379335 2 108707 1356372868.00
fb_clusterC_full kM 1 16 8 1 990023 5079579 35575132 2.992183 1.402889 2 108448 1303777340.00
fb_clusterC_full kM 1 16 8 2 990023 5081596 35573115 3.243298 1.430354 2 108458 1310923277.00
fb_clusterC_full kM 1 2 1 0 990023 40654711 0 11.051851 6.562069 1 15942 84306752.00
fb_clusterC_full kM 1 2 1 1 990023 40654711 0 10.440629 5.448450 1 15942 84306752.00
fb_clusterC_full kM 1 2 1 2 990023 40654711 0 12.092648 7.716531 1 15942 84306752.00
fb_clusterC_full kM 1 2 32 0 990023 1269367 39385344 3.282575 0.493174 2 15597 148976594.00
fb_clusterC_full kM 1 2 32 1 990023 1271924 39382787 3.732548 0.483937 2 15568 150293350.00
fb_clusterC_full kM 1 2 32 2 990023 1270715 39383996 3.379056 0.452071 2 15526 144967728.00
fb_clusterC_full kM 1 2 8 0 990023 5077237 35577474 3.126585 0.676163 2 15774 124812249.00
fb_clusterC_full kM 1 2 8 1 990023 5079579 35575132 3.041398 0.653864 2 15772 123392427.00
fb_clusterC_full kM 1 2 8 2 990023 5081596 35573115 3.076469 0.672367 2 15771 123184876.00
fb_clusterC_full kM 1 8 1 0 990023 40654711 0 15.366486 5.464290 1 57301 416231595.00
fb_clusterC_full kM 1 8 1 1 990023 40654711 0 15.295435 5.186921 1 57301 416231595.00
fb_clusterC_full kM 1 8 1 2 990023 40654711 0 13.885453 6.749804 1 57301 416231595.00
fb_clusterC_full kM 1 8 32 0 990023 1269367 39385344 3.860944 0.711191 2 55211 695464990.00
fb_clusterC_full kM 1 8 32 1 990023 1271924 39382787 3.745587 0.706362 2 55159 692780325.00
fb_clusterC_full kM 1 8 32 2 990023 1270715 39383996 3.253193 0.590757 2 55038 739877793.00
fb_clusterC_full kM 1 8 8 0 990023 5077237 35577474 3.024210 1.026371 2 56157 584190395.00
fb_clusterC_full kM 1 8 8 1 990023 5079579 35575132 3.038223 0.989743 2 56090 594217778.00
fb_clusterC_full kM 1 8 8 2 990023 5081596 35573115 3.095616 1.029096 2 56056 592213642.00
rmat_s20_ef48_0.25_0.25_0.25_0.25_exp kM 0.0001 16 1 0 1048576 50329356 0 11.389206 517.588699 182 8286969 713647640929.00
rmat_s20_ef48_0.25_0.25_0.25_0.25_exp kM 0.0001 16 1 1 1048576 50329356 0 13.212973 512.449985 182 8286969 713647640929.00
rmat_s20_ef48_0.25_0.25_0.25_0.25_exp kM 0.0001 16 1 2 1048576 50329356 0 13.707398 514.804119 182 8286969 713647640929.00
rmat_s20_ef48_0.25_0.25_0.25_0.25_exp kM 0.0001 16 32 0 1048576 1571499 48757857 3.688533 46.015065 181 8286748 713640227800.00
rmat_s20_ef48_0.25_0.25_0.25_0.25_exp kM 0.0001 16 32 1 1048576 1573531 48755825 4.418533 46.687525 181 8286935 713650495414.00
rmat_s20_ef48_0.25_0.25_0.25_0.25_exp kM 0.0001 16 32 2 1048576 1572405 48756951 4.266966 47.066483 183 8286699 713647006866.00
rmat_s20_ef48_0.25_0.25_0.25_0.25_exp kM 0.0001 16 8 0 1048576 6288723 44040633 4.722802 72.803679 183 8286522 713646714357.00
rmat_s20_ef48_0.25_0.25_0.25_0.25_exp kM 0.0001 16 8 1 1048576 6290909 44038447 4.644145 74.838893 180 8286770 713612860790.00
rmat_s20_ef48_0.25_0.25_0.25_0.25_exp kM 0.0001 16 8 2 1048576 6291387 44037969 4.289460 73.045143 181 8286903 713628396423.00
rmat_s20_ef48_0.25_0.25_0.25_0.25_exp kM 0.0001 2 1 0 1048576 50329356 0 9.801685 19.086348 30 1037573 141848895829.00
rmat_s20_ef48_0.25_0.25_0.25_0.25_exp kM 0.0001 2 1 1 1048576 50329356 0 9.793189 18.443656 30 1037573 141848895829.00
rmat_s20_ef48_0.25_0.25_0.25_0.25_exp kM 0.0001 2 1 2 1048576 50329356 0 14.930269 10.206021 30 1037573 141848895829.00
rmat_s20_ef48_0.25_0.25_0.25_0.25_exp kM 0.0001 2 32 0 1048576 1571499 48757857 4.616436 5.651034 30 1037671 141864921342.00
rmat_s20_ef48_0.25_0.25_0.25_0.25_exp kM 0.0001 2 32 1 1048576 1573531 48755825 5.078065 5.680619 29 1037666 141851181506.00
rmat_s20_ef48_0.25_0.25_0.25_0.25_exp kM 0.0001 2 32 2 1048576 1572405 48756951 4.142144 5.276192 31 1037718 141858756045.00
rmat_s20_ef48_0.25_0.25_0.25_0.25_exp kM 0.0001 2 8 0 1048576 6288723 44040633 5.871707 8.624291 31 1037614 141866461556.00
rmat_s20_ef48_0.25_0.25_0.25_0.25_exp kM 0.0001 2 8 1 1048576 6290909 44038447 4.390766 9.252602 30 1037535 141846083676.00
rmat_s20_ef48_0.25_0.25_0.25_0.25_exp kM 0.0001 2 8 2 1048576 6291387 44037969 4.379737 8.989570 31 1037669 141852400543.00
rmat_s20_ef48_0.25_0.25_0.25_0.25_exp kM 0.0001 8 1 0 1048576 50329356 0 28.124635 336.906467 112 4147996 436112735132.00
rmat_s20_ef48_0.25_0.25_0.25_0.25_exp kM 0.0001 8 1 1 1048576 50329356 0 29.696563 336.607814 112 4147996 436112735132.00
rmat_s20_ef48_0.25_0.25_0.25_0.25_exp kM 0.0001 8 1 2 1048576 50329356 0 29.650841 337.182445 112 4147996 436112735132.00
rmat_s20_ef48_0.25_0.25_0.25_0.25_exp kM 0.0001 8 32 0 1048576 1571499 48757857 6.550109 25.704188 113 4147709 436117815715.00
rmat_s20_ef48_0.25_0.25_0.25_0.25_exp kM 0.0001 8 32 1 1048576 1573531 48755825 6.575815 25.466598 112 4147822 436121899476.00
rmat_s20_ef48_0.25_0.25_0.25_0.25_exp kM 0.0001 8 32 2 1048576 1572405 48756951 6.198891 25.664496 109 4147768 436120516408.00
rmat_s20_ef48_0.25_0.25_0.25_0.25_exp kM 0.0001 8 8 0 1048576 6288723 44040633 5.068286 40.295650 110 4147802 436131911762.00
rmat_s20_ef48_0.25_0.25_0.25_0.25_exp kM 0.0001 8 8 1 1048576 6290909 44038447 4.466003 40.604954 110 4148008 436139730579.00
rmat_s20_ef48_0.25_0.25_0.25_0.25_exp kM 0.0001 8 8 2 1048576 6291387 44037969 4.355206 42.506626 110 4147882 436114653719.00
rmat_s20_ef48_0.25_0.25_0.25_0.25_exp kM 0.001 16 1 0 1048576 50329356 0 15.024504 490.140521 174 8286734 713633439653.00
rmat_s20_ef48_0.25_0.25_0.25_0.25_exp kM 0.001 16 1 1 1048576 50329356 0 14.248876 489.216133 174 8286734 713633439653.00
rmat_s20_ef48_0.25_0.25_0.25_0.25_exp kM 0.001 16 1 2 1048576 50329356 0 14.641441 485.231052 174 8286734 713633439653.00
rmat_s20_ef48_0.25_0.25_0.25_0.25_exp kM 0.001 16 32 0 1048576 1571499 48757857 4.327392 45.497344 172 8286762 713607758932.00
rmat_s20_ef48_0.25_0.25_0.25_0.25_exp kM 0.001 16 32 1 1048576 1573531 48755825 4.252127 45.431692 172 8286784 713638830650.00
rmat_s20_ef48_0.25_0.25_0.25_0.25_exp kM 0.001 16 32 2 1048576 1572405 48756951 3.761363 45.024358 174 8287008 713631517760.00
rmat_s20_ef48_0.25_0.25_0.25_0.25_exp kM 0.001 16 8 0 1048576 6288723 44040633 4.306768 71.440593 175 8286682 713627398155.00
rmat_s20_ef48_0.25_0.25_0.25_0.25_exp kM 0.001 16 8 1 1048576 6290909 44038447 4.307731 72.612103 178 8286493 713624310394.00
rmat_s20_ef48_0.25_0.25_0.25_0.25_exp kM 0.001 16 8 2 1048576 6291387 44037969 4.410563 73.013414 173 8286493 713635773114.00
rmat_s20_ef48_0.25_0.25_0.25_0.25_exp kM 0.001 2 1 0 1048576 50329356 0 12.055903 17.233227 29 1037682 141835580559.00
rmat_s20_ef48_0.25_0.25_0.25_0.25_exp kM 0.001 2 1 1 1048576 50329356 0 12.338918 18.196554 29 1037682 141835580559.00
rmat_s20_ef48_0.25_0.25_0.25_0.25_exp kM 0.001 2 1 2 1048576 50329356 0 14.201084 22.719910 29 1037682 141835580559.00
rmat_s20_ef48_0.25_0.25_0.25_0.25_exp kM 0.001 2 32 0 1048576 1571499 48757857 6.437589 5.398611 32 1037694 141858764116.00
rmat_s20_ef48_0.25_0.25_0.25_0.25_exp kM 0.001 2 32 1 1048576 1573531 48755825 6.811963 5.535168 31 1037664 141869528267.00
rmat_s20_ef48_0.25_0.25_0.25_0.25_exp kM 0.001 2 32 2 1048576 1572405 48756951 6.797960 5.535876 32 1037595 141826510820.00
rmat_s20_ef48_0.25_0.25_0.25_0.25_exp kM 0.001 2 8 0 1048576 6288723 44040633 8.679105 8.488359 30 1037619 141846717735.00
rmat_s20_ef48_0.25_0.25_0.25_0.25_exp kM 0.001 2 8 1 1048576 6290909 44038447 8.680036 8.583351 30 1037703 141853683283.00
rmat_s20_ef48_0.25_0.25_0.25_0.25_exp kM 0.001 2 8 2 1048576 6291387 44037969 8.676373 8.560550 31 1037685 141841793458.00
rmat_s20_ef48_0.25_0.25_0.25_0.25_exp kM 0.001 8 1 0 1048576 50329356 0 29.301376 323.995940 108 4147904 436123329837.00
rmat_s20_ef48_0.25_0.25_0.25_0.25_exp kM 0.001 8 1 1 1048576 50329356 0 29.508808 330.402804 108 4147904 436123329837.00
rmat_s20_ef48_0.25_0.25_0.25_0.25_exp kM 0.001 8 1 2 1048576 50329356 0 29.678645 323.987858 108 4147904 436123329837.00
rmat_s20_ef48_0.25_0.25_0.25_0.25_exp kM 0.001 8 32 0 1048576 1571499 48757857 5.746271 25.074445 107 4147711 436115973341.00
rmat_s20_ef48_0.25_0.25_0.25_0.25_exp kM 0.001 8 32 1 1048576 1573531 48755825 6.559925 25.252258 106 4147779 436136217623.00
rmat_s20_ef48_0.25_0.25_0.25_0.25_exp kM 0.001 8 32 2 1048576 1572405 48756951 6.531850 25.329549 107 4147844 436114010076.00
rmat_s20_ef48_0.25_0.25_0.25_0.25_exp kM 0.001 8 8 0 1048576 6288723 44040633 4.370628 41.662731 108 4147986 436138070228.00
rmat_s20_ef48_0.25_0.25_0.25_0.25_exp kM 0.001 8 8 1 1048576 6290909 44038447 4.308168 42.066345 106 4147868 436140347126.00
rmat_s20_ef48_0.25_0.25_0.25_0.25_exp kM 0.001 8 8 2 1048576 6291387 44037969 4.433707 41.438349 106 4147946 436128751354.00
rmat_s20_ef48_0.25_0.25_0.25_0.25_exp kM 0.01 16 1 0 1048576 50329356 0 19.079400 307.773967 126 8287145 713611503526.00
rmat_s20_ef48_0.25_0.25_0.25_0.25_exp kM 0.01 16 1 1 1048576 50329356 0 17.567952 286.208503 126 8287145 713611503526.00
rmat_s20_ef48_0.25_0.25_0.25_0.25_exp kM 0.01 16 1 2 1048576 50329356 0 16.936651 291.988026 126 8287145 713611503526.00
rmat_s20_ef48_0.25_0.25_0.25_0.25_exp kM 0.01 16 32 0 1048576 1571499 48757857 4.675633 41.683681 124 8286823 713619501049.00
rmat_s20_ef48_0.25_0.25_0.25_0.25_exp kM 0.01 16 32 1 1048576 1573531 48755825 4.473291 41.266760 124 8286747 713607505929.00
rmat_s20_ef48_0.25_0.25_0.25_0.25_exp kM 0.01 16 32 2 1048576 1572405 48756951 4.147458 40.863993 126 8286716 713610579050.00
rmat_s20_ef48_0.25_0.25_0.25_0.25_exp kM 0.01 16 8 0 1048576 6288723 44040633 4.408316 66.555987 124 8286798 713600118480.00
rmat_s20_ef48_0.25_0.25_0.25_0.25_exp kM 0.01 16 8 1 1048576 6290909 44038447 4.391569 66.690406 124 8286992 713601847730.00
rmat_s20_ef48_0.25_0.25_0.25_0.25_exp kM 0.01 16 8 2 1048576 6291387 44037969 4.340807 67.793306 126 8286859 713591847150.00
rmat_s20_ef48_0.25_0.25_0.25_0.25_exp kM 0.01 2 1 0 1048576 50329356 0 12.469810 19.482079 29 1037651 141786358385.00
rmat_s20_ef48_0.25_0.25_0.25_0.25_exp kM 0.01 2 1 1 1048576 50329356 0 12.490017 19.334461 29 1037651 141786358385.00
rmat_s20_ef48_0.25_0.25_0.25_0.25_exp kM 0.01 2 1 2 1048576 50329356 0 14.221225 23.151116 29 1037651 141786358385.00
rmat_s20_ef48_0.25_0.25_0.25_0.25_exp kM 0.01 2 32 0 1048576 1571499 48757857 4.690319 5.476753 28 1037657 141794787733.00
rmat_s20_ef48_0.25_0.25_0.25_0.25_exp kM 0.01 2 32 1 1048576 1573531 48755825 5.546889 5.465797 30 1037722 141813460687.00
rmat_s20_ef48_0.25_0.25_0.25_0.25_exp kM 0.01 2 32 2 1048576 1572405 48756951 4.988730 5.392479 27 1037661 141804919598.00
rmat_s20_ef48_0.25_0.25_0.25_0.25_exp kM 0.01 2 8 0 1048576 6288723 44040633 4.908454 8.863973 29 1037698 141804109205.00
rmat_s20_ef48_0.25_0.25_0.25_0.25_exp kM 0.01 2 8 1 1048576 6290909 44038447 4.353447 8.651590 30 1037641 141785964388.00
rmat_s20_ef48_0.25_0.25_0.25_0.25_exp kM 0.01 2 8 2 1048576 6291387 44037969 4.403531 8.531285 29 1037623 141802082220.00
rmat_s20_ef48_0.25_0.25_0.25_0.25_exp kM 0.01 8 1 0 1048576 50329356 0 29.180081 201.012265 84 4148042 436090499346.00
rmat_s20_ef48_0.25_0.25_0.25_0.25_exp kM 0.01 8 1 1 1048576 50329356 0 29.222834 201.275975 84 4148042 436090499346.00
rmat_s20_ef48_0.25_0.25_0.25_0.25_exp kM 0.01 8 1 2 1048576 50329356 0 30.041883 198.019405 84 4148042 436090499346.00
rmat_s20_ef48_0.25_0.25_0.25_0.25_exp kM 0.01 8 32 0 1048576 1571499 48757857 3.682453 21.523106 83 4147699 436060603289.00
rmat_s20_ef48_0.25_0.25_0.25_0.25_exp kM 0.01 8 32 1 1048576 1573531 48755825 5.105842 21.592627 86 4147969 436103597165.00
rmat_s20_ef48_0.25_0.25_0.25_0.25_exp kM 0.01 8 32 2 1048576 1572405 48756951 5.175206 21.469832 84 4147921 436099360439.00
rmat_s20_ef48_0.25_0.25_0.25_0.25_exp kM 0.01 8 8 0 1048576 6288723 44040633 4.385709 34.291241 83 4147872 436100561244.00
rmat_s20_ef48_0.25_0.25_0.25_0.25_exp kM 0.01 8 8 1 1048576 6290909 44038447 4.407926 34.373976 85 4147834 436090464887.00
rmat_s20_ef48_0.25_0.25_0.25_0.25_exp kM 0.01 8 8 2 1048576 6291387 44037969 4.384855 36.036378 86 4147856 436094273383.00
rmat_s20_ef48_0.25_0.25_0.25_0.25_exp kM 0.1 16 1 0 1048576 50329356 0 14.750448 49.925296 40 8287329 712885453983.00
rmat_s20_ef48_0.25_0.25_0.25_0.25_exp kM 0.1 16 1 1 1048576 50329356 0 15.112818 51.678837 40 8287329 712885453983.00
rmat_s20_ef48_0.25_0.25_0.25_0.25_exp kM 0.1 16 1 2 1048576 50329356 0 14.885391 52.729603 40 8287329 712885453983.00
rmat_s20_ef48_0.25_0.25_0.25_0.25_exp kM 0.1 16 32 0 1048576 1571499 48757857 5.123700 33.728373 42 8287093 712847239471.00
rmat_s20_ef48_0.25_0.25_0.25_0.25_exp kM 0.1 16 32 1 1048576 1573531 48755825 5.587199 33.232557 40 8287551 712848373183.00
rmat_s20_ef48_0.25_0.25_0.25_0.25_exp kM 0.1 16 32 2 1048576 1572405 48756951 5.557290 34.013570 42 8287288 712853668771.00
rmat_s20_ef48_0.25_0.25_0.25_0.25_exp kM 0.1 16 8 0 1048576 6288723 44040633 4.423785 60.054055 42 8287134 712847872677.00
rmat_s20_ef48_0.25_0.25_0.25_0.25_exp kM 0.1 16 8 1 1048576 6290909 44038447 4.447934 57.634100 40 8287143 712839092951.00
rmat_s20_ef48_0.25_0.25_0.25_0.25_exp kM 0.1 16 8 2 1048576 6291387 44037969 4.758689 58.289535 40 8287237 712846834696.00
rmat_s20_ef48_0.25_0.25_0.25_0.25_exp kM 0.1 2 1 0 1048576 50329356 0 11.584943 11.608997 17 1037720 141021954104.00
rmat_s20_ef48_0.25_0.25_0.25_0.25_exp kM 0.1 2 1 1 1048576 50329356 0 11.944271 12.380529 17 1037720 141021954104.00
rmat_s20_ef48_0.25_0.25_0.25_0.25_exp kM 0.1 2 1 2 1048576 50329356 0 12.501013 12.161880 17 1037720 141021954104.00
rmat_s20_ef48_0.25_0.25_0.25_0.25_exp kM 0.1 2 32 0 1048576 1571499 48757857 6.141324 4.952873 17 1037797 140992987765.00
rmat_s20_ef48_0.25_0.25_0.25_0.25_exp kM 0.1 2 32 1 1048576 1573531 48755825 6.169231 4.890866 18 1037722 140988896836.00
rmat_s20_ef48_0.25_0.25_0.25_0.25_exp kM 0.1 2 32 2 1048576 1572405 48756951 5.929239 4.888770 18 1037757 140990445638.00
rmat_s20_ef48_0.25_0.25_0.25_0.25_exp kM 0.1 2 8 0 1048576 6288723 44040633 4.556908 8.020756 18 1037713 140988831940.00
rmat_s20_ef48_0.25_0.25_0.25_0.25_exp kM 0.1 2 8 1 1048576 6290909 44038447 4.413159 8.169146 17 1037698 141001230328.00
rmat_s20_ef48_0.25_0.25_0.25_0.25_exp kM 0.1 2 8 2 1048576 6291387 44037969 4.393671 8.214527 18 1037716 140988532563.00
rmat_s20_ef48_0.25_0.25_0.25_0.25_exp kM 0 16 1 0 1048576 50329356 0 19.089881 507.917806 182 8286535 713611421847.00
rmat_s20_ef48_0.25_0.25_0.25_0.25_exp kM 0 16 1 1 1048576 50329356 0 18.030954 509.509323 182 8286535 713611421847.00
rmat_s20_ef48_0.25_0.25_0.25_0.25_exp kM 0 16 1 2 1048576 50329356 0 16.523082 512.553324 182 8286535 713611421847.00
rmat_s20_ef48_0.25_0.25_0.25_0.25_exp kM 0 16 32 0 1048576 1571499 48757857 3.772919 45.164576 185 8286816 713622604448.00
rmat_s20_ef48_0.25_0.25_0.25_0.25_exp kM 0 16 32 1 1048576 1573531 48755825 3.855651 46.058435 184 8286573 713623322748.00
rmat_s20_ef48_0.25_0.25_0.25_0.25_exp kM 0 16 32 2 1048576 1572405 48756951 4.278083 46.199241 184 8286573 713640240386.00
rmat_s20_ef48_0.25_0.25_0.25_0.25_exp kM 0 16 8 0 1048576 6288723 44040633 4.269028 71.828254 182 8286769 713619473304.00
rmat_s20_ef48_0.25_0.25_0.25_0.25_exp kM 0 16 8 1 1048576 6290909 44038447 4.389389 73.894603 183 8286522 713635744970.00
rmat_s20_ef48_0.25_0.25_0.25_0.25_exp kM 0 16 8 2 1048576 6291387 44037969 4.488856 75.357612 187 8286818 713636359870.00
rmat_s20_ef48_0.25_0.25_0.25_0.25_exp kM 0.1 8 1 0 1048576 50329356 0 13.412771 34.816409 33 4148059 435225388814.00
rmat_s20_ef48_0.25_0.25_0.25_0.25_exp kM 0.1 8 1 1 1048576 50329356 0 13.295648 36.864593 33 4148059 435225388814.00
rmat_s20_ef48_0.25_0.25_0.25_0.25_exp kM 0.1 8 1 2 1048576 50329356 0 14.227984 35.829630 33 4148059 435225388814.00
rmat_s20_ef48_0.25_0.25_0.25_0.25_exp kM 0.1 8 32 0 1048576 1571499 48757857 5.092811 18.450772 34 4147922 435183844188.00
rmat_s20_ef48_0.25_0.25_0.25_0.25_exp kM 0.1 8 32 1 1048576 1573531 48755825 5.858010 18.214309 33 4147933 435202290283.00
rmat_s20_ef48_0.25_0.25_0.25_0.25_exp kM 0.1 8 32 2 1048576 1572405 48756951 5.385680 18.395459 33 4148089 435174134085.00
rmat_s20_ef48_0.25_0.25_0.25_0.25_exp kM 0.1 8 8 0 1048576 6288723 44040633 4.775205 31.895791 34 4147726 435188262580.00
rmat_s20_ef48_0.25_0.25_0.25_0.25_exp kM 0.1 8 8 1 1048576 6290909 44038447 4.511636 30.444720 34 4148131 435203522804.00
rmat_s20_ef48_0.25_0.25_0.25_0.25_exp kM 0.1 8 8 2 1048576 6291387 44037969 4.347812 31.879330 33 4147890 435194772948.00
rmat_s20_ef48_0.25_0.25_0.25_0.25_exp kM 0 2 1 0 1048576 50329356 0 11.684944 16.704783 31 1037637 141853258561.00
rmat_s20_ef48_0.25_0.25_0.25_0.25_exp kM 0 2 1 1 1048576 50329356 0 13.087038 23.713479 31 1037637 141853258561.00
rmat_s20_ef48_0.25_0.25_0.25_0.25_exp kM 0 2 1 2 1048576 50329356 0 12.879880 22.001757 31 1037637 141853258561.00
rmat_s20_ef48_0.25_0.25_0.25_0.25_exp kM 0 2 32 0 1048576 1571499 48757857 3.612355 5.271650 31 1037595 141872696863.00
rmat_s20_ef48_0.25_0.25_0.25_0.25_exp kM 0 2 32 1 1048576 1573531 48755825 4.970934 5.261745 31 1037719 141861686263.00
rmat_s20_ef48_0.25_0.25_0.25_0.25_exp kM 0 2 32 2 1048576 1572405 48756951 4.352418 5.233502 34 1037572 141868486752.00
rmat_s20_ef48_0.25_0.25_0.25_0.25_exp kM 0 2 8 0 1048576 6288723 44040633 4.663863 8.640795 32 1037667 141848301465.00
rmat_s20_ef48_0.25_0.25_0.25_0.25_exp kM 0 2 8 1 1048576 6290909 44038447 4.392679 8.761024 31 1037626 141836067749.00
rmat_s20_ef48_0.25_0.25_0.25_0.25_exp kM 0 2 8 2 1048576 6291387 44037969 4.354969 8.984820 30 1037646 141872905246.00
rmat_s20_ef48_0.25_0.25_0.25_0.25_exp kM 0.5 16 1 0 1048576 50329356 0 12.636763 15.500020 12 8290693 689295748139.00
rmat_s20_ef48_0.25_0.25_0.25_0.25_exp kM 0.5 16 1 1 1048576 50329356 0 13.380151 16.429379 12 8290693 689295748139.00
rmat_s20_ef48_0.25_0.25_0.25_0.25_exp kM 0.5 16 1 2 1048576 50329356 0 13.413591 16.614270 12 8290693 689295748139.00
rmat_s20_ef48_0.25_0.25_0.25_0.25_exp kM 0.5 16 32 0 1048576 1571499 48757857 3.941098 33.031751 12 8290534 689226004592.00
rmat_s20_ef48_0.25_0.25_0.25_0.25_exp kM 0.5 16 32 1 1048576 1573531 48755825 5.414071 32.365106 12 8290239 689163003706.00
rmat_s20_ef48_0.25_0.25_0.25_0.25_exp kM 0.5 16 32 2 1048576 1572405 48756951 5.127595 32.766837 12 8290272 689197386329.00
rmat_s20_ef48_0.25_0.25_0.25_0.25_exp kM 0.5 16 8 0 1048576 6288723 44040633 4.762716 57.979329 12 8290235 689238129106.00
rmat_s20_ef48_0.25_0.25_0.25_0.25_exp kM 0.5 16 8 1 1048576 6290909 44038447 4.395701 57.662361 12 8291020 689230209480.00
rmat_s20_ef48_0.25_0.25_0.25_0.25_exp kM 0.5 16 8 2 1048576 6291387 44037969 4.388796 56.567334 11 8290376 689228978418.00
rmat_s20_ef48_0.25_0.25_0.25_0.25_exp kM 0.5 2 1 0 1048576 50329356 0 10.982589 6.715601 7 1038423 120416809192.00
rmat_s20_ef48_0.25_0.25_0.25_0.25_exp kM 0.5 2 1 1 1048576 50329356 0 12.867627 5.357225 7 1038423 120416809192.00
rmat_s20_ef48_0.25_0.25_0.25_0.25_exp kM 0.5 2 1 2 1048576 50329356 0 11.620780 5.177512 7 1038423 120416809192.00
rmat_s20_ef48_0.25_0.25_0.25_0.25_exp kM 0.5 2 32 0 1048576 1571499 48757857 5.720084 4.475287 8 1038293 120226521887.00
rmat_s20_ef48_0.25_0.25_0.25_0.25_exp kM 0.5 2 32 1 1048576 1573531 48755825 4.459018 4.279756 7 1038317 120184434389.00
rmat_s20_ef48_0.25_0.25_0.25_0.25_exp kM 0.5 2 32 2 1048576 1572405 48756951 4.459394 4.311897 7 1038323 120198068569.00
rmat_s20_ef48_0.25_0.25_0.25_0.25_exp kM 0.5 2 8 0 1048576 6288723 44040633 4.585011 7.548046 7 1038232 120167450448.00
rmat_s20_ef48_0.25_0.25_0.25_0.25_exp kM 0.5 2 8 1 1048576 6290909 44038447 4.456740 7.565808 7 1038283 120197612413.00
rmat_s20_ef48_0.25_0.25_0.25_0.25_exp kM 0.5 2 8 2 1048576 6291387 44037969 4.488380 7.693897 7 1038307 120192508663.00
rmat_s20_ef48_0.25_0.25_0.25_0.25_exp kM 0.5 8 1 0 1048576 50329356 0 11.447373 10.489100 10 4149939 415763747194.00
rmat_s20_ef48_0.25_0.25_0.25_0.25_exp kM 0.5 8 1 1 1048576 50329356 0 13.179541 11.365050 10 4149939 415763747194.00
rmat_s20_ef48_0.25_0.25_0.25_0.25_exp kM 0.5 8 1 2 1048576 50329356 0 13.566479 11.170635 10 4149939 415763747194.00
rmat_s20_ef48_0.25_0.25_0.25_0.25_exp kM 0.5 8 32 0 1048576 1571499 48757857 4.103493 16.737827 10 4149618 415158121625.00
rmat_s20_ef48_0.25_0.25_0.25_0.25_exp kM 0.5 8 32 1 1048576 1573531 48755825 5.317173 16.221565 11 4149611 415179235507.00
rmat_s20_ef48_0.25_0.25_0.25_0.25_exp kM 0.5 8 32 2 1048576 1572405 48756951 4.976080 16.325364 10 4149808 415152717771.00
rmat_s20_ef48_0.25_0.25_0.25_0.25_exp kM 0.5 8 8 0 1048576 6288723 44040633 4.766918 28.861569 10 4149583 415146418669.00
rmat_s20_ef48_0.25_0.25_0.25_0.25_exp kM 0.5 8 8 1 1048576 6290909 44038447 4.382944 28.921287 10 4149913 415187605057.00
rmat_s20_ef48_0.25_0.25_0.25_0.25_exp kM 0.5 8 8 2 1048576 6291387 44037969 4.332266 29.301800 10 4149857 415186461256.00
rmat_s20_ef48_0.25_0.25_0.25_0.25_exp kM 0 8 1 0 1048576 50329356 0 26.123637 332.808030 112 4147721 436135439158.00
rmat_s20_ef48_0.25_0.25_0.25_0.25_exp kM 0 8 1 1 1048576 50329356 0 29.506648 334.278883 112 4147721 436135439158.00
rmat_s20_ef48_0.25_0.25_0.25_0.25_exp kM 0 8 1 2 1048576 50329356 0 29.991191 337.510590 112 4147721 436135439158.00
rmat_s20_ef48_0.25_0.25_0.25_0.25_exp kM 0 8 32 0 1048576 1571499 48757857 3.670628 24.740962 109 4147686 436128581156.00
rmat_s20_ef48_0.25_0.25_0.25_0.25_exp kM 0 8 32 1 1048576 1573531 48755825 4.489398 24.557979 110 4147858 436131596998.00
rmat_s20_ef48_0.25_0.25_0.25_0.25_exp kM 0 8 32 2 1048576 1572405 48756951 4.606969 24.957141 110 4147853 436161824477.00
rmat_s20_ef48_0.25_0.25_0.25_0.25_exp kM 0 8 8 0 1048576 6288723 44040633 4.328695 39.820187 112 4147866 436129262545.00
rmat_s20_ef48_0.25_0.25_0.25_0.25_exp kM 0 8 8 1 1048576 6290909 44038447 4.326220 40.678899 108 4147734 436133197367.00
rmat_s20_ef48_0.25_0.25_0.25_0.25_exp kM 0 8 8 2 1048576 6291387 44037969 4.419181 40.860821 113 4147776 436135957807.00
rmat_s20_ef48_0.25_0.25_0.25_0.25_exp kM 1 16 1 0 1048576 50329356 0 13.728223 13.530204 1 8169412 261461354454.00
rmat_s20_ef48_0.25_0.25_0.25_0.25_exp kM 1 16 1 1 1048576 50329356 0 12.846893 13.330413 1 8169412 261461354454.00
rmat_s20_ef48_0.25_0.25_0.25_0.25_exp kM 1 16 1 2 1048576 50329356 0 12.853743 14.084173 1 8169412 261461354454.00
rmat_s20_ef48_0.25_0.25_0.25_0.25_exp kM 1 16 32 0 1048576 1571499 48757857 6.304308 35.115792 2 8232854 263449131639.00
rmat_s20_ef48_0.25_0.25_0.25_0.25_exp kM 1 16 32 1 1048576 1573531 48755825 6.759835 34.699188 2 8232583 263450664163.00
rmat_s20_ef48_0.25_0.25_0.25_0.25_exp kM 1 16 32 2 1048576 1572405 48756951 6.743769 34.635989 2 8231962 263485372815.00
rmat_s20_ef48_0.25_0.25_0.25_0.25_exp kM 1 16 8 0 1048576 6288723 44040633 4.629394 60.248939 2 8220604 263075521279.00
rmat_s20_ef48_0.25_0.25_0.25_0.25_exp kM 1 16 8 1 1048576 6290909 44038447 4.548386 60.792571 2 8220171 263074172235.00
rmat_s20_ef48_0.25_0.25_0.25_0.25_exp kM 1 16 8 2 1048576 6291387 44037969 7.649092 59.926703 2 8219705 263047779452.00
rmat_s20_ef48_0.25_0.25_0.25_0.25_exp kM 1 2 1 0 1048576 50329356 0 9.045819 13.082752 1 1039768 33281552001.00
rmat_s20_ef48_0.25_0.25_0.25_0.25_exp kM 1 2 1 1 1048576 50329356 0 12.546160 11.743226 1 1039768 33281552001.00
rmat_s20_ef48_0.25_0.25_0.25_0.25_exp kM 1 2 1 2 1048576 50329356 0 13.501955 11.055116 1 1039768 33281552001.00
rmat_s20_ef48_0.25_0.25_0.25_0.25_exp kM 1 2 32 0 1048576 1571499 48757857 4.627883 7.880164 2 1039688 33211353722.00
rmat_s20_ef48_0.25_0.25_0.25_0.25_exp kM 1 2 32 1 1048576 1573531 48755825 5.345979 7.695890 2 1039856 33264169214.00
rmat_s20_ef48_0.25_0.25_0.25_0.25_exp kM 1 2 32 2 1048576 1572405 48756951 3.506668 7.749926 2 1039834 33226207382.00
rmat_s20_ef48_0.25_0.25_0.25_0.25_exp kM 1 2 8 0 1048576 6288723 44040633 4.519485 11.266911 2 1039766 33234125492.00
rmat_s20_ef48_0.25_0.25_0.25_0.25_exp kM 1 2 8 1 1048576 6290909 44038447 4.344600 11.333044 2 1039677 33228515889.00
rmat_s20_ef48_0.25_0.25_0.25_0.25_exp kM 1 2 8 2 1048576 6291387 44037969 4.310875 11.648093 2 1039644 33279092529.00
rmat_s20_ef48_0.25_0.25_0.25_0.25_exp kM 1 8 1 0 1048576 50329356 0 11.512247 11.956965 1 4127884 132136069247.00
rmat_s20_ef48_0.25_0.25_0.25_0.25_exp kM 1 8 1 1 1048576 50329356 0 13.575804 12.602150 1 4127884 132136069247.00
rmat_s20_ef48_0.25_0.25_0.25_0.25_exp kM 1 8 1 2 1048576 50329356 0 12.947500 12.506482 1 4127884 132136069247.00
rmat_s20_ef48_0.25_0.25_0.25_0.25_exp kM 1 8 32 0 1048576 1571499 48757857 4.120661 20.882483 2 4137452 132432990981.00
rmat_s20_ef48_0.25_0.25_0.25_0.25_exp kM 1 8 32 1 1048576 1573531 48755825 5.631200 20.272202 2 4137432 132336263709.00
rmat_s20_ef48_0.25_0.25_0.25_0.25_exp kM 1 8 32 2 1048576 1572405 48756951 5.364647 20.132767 2 4137464 132497131005.00
rmat_s20_ef48_0.25_0.25_0.25_0.25_exp kM 1 8 8 0 1048576 6288723 44040633 4.470503 33.236246 2 4134260 132320512307.00
rmat_s20_ef48_0.25_0.25_0.25_0.25_exp kM 1 8 8 1 1048576 6290909 44038447 4.548912 33.393764 2 4134095 132308951141.00
rmat_s20_ef48_0.25_0.25_0.25_0.25_exp kM 1 8 8 2 1048576 6291387 44037969 4.369351 33.627369 2 4134368 132362032826.00
rmat_s20_ef48_0.25_0.25_0.25_0.25_uni kM 0.0001 16 1 0 1048576 50329246 0 14.361950 490.516019 182 8286840 3694197945797.00
rmat_s20_ef48_0.25_0.25_0.25_0.25_uni kM 0.0001 16 1 1 1048576 50329246 0 15.510457 459.555519 182 8286840 3694197945797.00
rmat_s20_ef48_0.25_0.25_0.25_0.25_uni kM 0.0001 16 1 2 1048576 50329246 0 15.777108 481.506475 182 8286840 3694197945797.00
rmat_s20_ef48_0.25_0.25_0.25_0.25_uni kM 0.0001 16 32 0 1048576 1573659 48755587 4.808579 47.125423 180 8287117 3694312335366.00
rmat_s20_ef48_0.25_0.25_0.25_0.25_uni kM 0.0001 16 32 1 1048576 1574004 48755242 4.699687 47.135371 179 8287182 3694245526804.00
rmat_s20_ef48_0.25_0.25_0.25_0.25_uni kM 0.0001 16 32 2 1048576 1572904 48756342 4.402403 46.746518 180 8287087 3694334614279.00
rmat_s20_ef48_0.25_0.25_0.25_0.25_uni kM 0.0001 16 8 0 1048576 6294547 44034699 4.727386 73.224520 179 8286642 3694202141698.00
rmat_s20_ef48_0.25_0.25_0.25_0.25_uni kM 0.0001 16 8 1 1048576 6291636 44037610 4.432906 72.149657 179 8287087 3694229428877.00
rmat_s20_ef48_0.25_0.25_0.25_0.25_uni kM 0.0001 16 8 2 1048576 6296385 44032861 4.415861 73.966079 179 8286635 3694142419632.00
rmat_s20_ef48_0.25_0.25_0.25_0.25_uni kM 0.0001 2 1 0 1048576 50329246 0 12.930983 19.338154 31 1037686 496976339708.00
rmat_s20_ef48_0.25_0.25_0.25_0.25_uni kM 0.0001 2 1 1 1048576 50329246 0 14.047334 20.595759 31 1037686 496976339708.00
rmat_s20_ef48_0.25_0.25_0.25_0.25_uni kM 0.0001 2 1 2 1048576 50329246 0 13.091946 20.598456 31 1037686 496976339708.00
rmat_s20_ef48_0.25_0.25_0.25_0.25_uni kM 0.0001 2 32 0 1048576 1573659 48755587 5.574510 5.537164 31 1037687 496965241113.00
rmat_s20_ef48_0.25_0.25_0.25_0.25_uni kM 0.0001 2 32 1 1048576 1574004 48755242 5.470814 5.547131 30 1037647 496974515894.00
rmat_s20_ef48_0.25_0.25_0.25_0.25_uni kM 0.0001 2 32 2 1048576 1572904 48756342 5.423677 5.542244 32 1037642 496944544662.00
rmat_s20_ef48_0.25_0.25_0.25_0.25_uni kM 0.0001 2 8 0 1048576 6294547 44034699 4.552788 8.644038 31 1037663 496947788310.00
rmat_s20_ef48_0.25_0.25_0.25_0.25_uni kM 0.0001 2 8 1 1048576 6291636 44037610 5.102531 9.319627 32 1037725 496949664981.00
rmat_s20_ef48_0.25_0.25_0.25_0.25_uni kM 0.0001 2 8 2 1048576 6296385 44032861 4.400377 8.920623 30 1037653 496960307623.00
rmat_s20_ef48_0.25_0.25_0.25_0.25_uni kM 0.0001 8 1 0 1048576 50329246 0 29.548185 325.763270 112 4147761 1928607481661.00
rmat_s20_ef48_0.25_0.25_0.25_0.25_uni kM 0.0001 8 1 1 1048576 50329246 0 29.820627 324.693442 112 4147761 1928607481661.00
rmat_s20_ef48_0.25_0.25_0.25_0.25_uni kM 0.0001 8 1 2 1048576 50329246 0 29.699031 324.829932 112 4147761 1928607481661.00
rmat_s20_ef48_0.25_0.25_0.25_0.25_uni kM 0.0001 8 32 0 1048576 1573659 48755587 6.454475 25.604837 108 4147617 1928571363003.00
rmat_s20_ef48_0.25_0.25_0.25_0.25_uni kM 0.0001 8 32 1 1048576 1574004 48755242 6.308289 25.767279 109 4147821 1928645850470.00
rmat_s20_ef48_0.25_0.25_0.25_0.25_uni kM 0.0001 8 32 2 1048576 1572904 48756342 5.974091 25.970181 112 4147800 1928589969117.00
rmat_s20_ef48_0.25_0.25_0.25_0.25_uni kM 0.0001 8 8 0 1048576 6294547 44034699 4.306861 40.784540 109 4147982 1928647647212.00
rmat_s20_ef48_0.25_0.25_0.25_0.25_uni kM 0.0001 8 8 1 1048576 6291636 44037610 6.668420 40.635268 107 4147781 1928583684427.00
rmat_s20_ef48_0.25_0.25_0.25_0.25_uni kM 0.0001 8 8 2 1048576 6296385 44032861 7.021789 40.319718 108 4147833 1928793398212.00
rmat_s20_ef48_0.25_0.25_0.25_0.25_uni kM 0.001 16 1 0 1048576 50329246 0 28.623301 358.341699 157 8286863 3694271673536.00
rmat_s20_ef48_0.25_0.25_0.25_0.25_uni kM 0.001 16 1 1 1048576 50329246 0 31.343704 358.964677 157 8286863 3694271673536.00
rmat_s20_ef48_0.25_0.25_0.25_0.25_uni kM 0.001 16 1 2 1048576 50329246 0 31.650753 357.150551 157 8286863 3694271673536.00
rmat_s20_ef48_0.25_0.25_0.25_0.25_uni kM 0.001 16 32 0 1048576 1573659 48755587 4.171017 44.368310 156 8286551 3694144822297.00
rmat_s20_ef48_0.25_0.25_0.25_0.25_uni kM 0.001 16 32 1 1048576 1574004 48755242 3.837142 43.448606 158 8286589 3694244725863.00
rmat_s20_ef48_0.25_0.25_0.25_0.25_uni kM 0.001 16 32 2 1048576 1572904 48756342 3.741064 43.734147 157 8286891 3694228586859.00
rmat_s20_ef48_0.25_0.25_0.25_0.25_uni kM 0.001 16 8 0 1048576 6294547 44034699 4.374676 69.225798 158 8286738 3694139608335.00
rmat_s20_ef48_0.25_0.25_0.25_0.25_uni kM 0.001 16 8 1 1048576 6291636 44037610 4.357652 70.115248 158 8286819 3694164779875.00
rmat_s20_ef48_0.25_0.25_0.25_0.25_uni kM 0.001 16 8 2 1048576 6296385 44032861 4.369663 69.716981 159 8286715 3694279680878.00
rmat_s20_ef48_0.25_0.25_0.25_0.25_uni kM 0.001 2 1 0 1048576 50329246 0 32.467656 43.209287 31 1037634 496932897263.00
rmat_s20_ef48_0.25_0.25_0.25_0.25_uni kM 0.001 2 1 1 1048576 50329246 0 31.667666 43.501092 31 1037634 496932897263.00
rmat_s20_ef48_0.25_0.25_0.25_0.25_uni kM 0.001 2 1 2 1048576 50329246 0 32.072495 43.742897 31 1037634 496932897263.00
rmat_s20_ef48_0.25_0.25_0.25_0.25_uni kM 0.001 2 32 0 1048576 1573659 48755587 3.562615 5.319331 30 1037711 496897726451.00
rmat_s20_ef48_0.25_0.25_0.25_0.25_uni kM 0.001 2 32 1 1048576 1574004 48755242 4.420531 5.113245 28 1037633 496941069304.00
rmat_s20_ef48_0.25_0.25_0.25_0.25_uni kM 0.001 2 32 2 1048576 1572904 48756342 4.053501 5.096533 28 1037670 496980216820.00
rmat_s20_ef48_0.25_0.25_0.25_0.25_uni kM 0.001 2 8 0 1048576 6294547 44034699 4.334954 8.666690 29 1037563 496908694969.00
rmat_s20_ef48_0.25_0.25_0.25_0.25_uni kM 0.001 2 8 1 1048576 6291636 44037610 4.488878 8.690901 28 1037712 496976807579.00
rmat_s20_ef48_0.25_0.25_0.25_0.25_uni kM 0.001 2 8 2 1048576 6296385 44032861 4.392375 8.799252 28 1037643 496921397305.00
rmat_s20_ef48_0.25_0.25_0.25_0.25_uni kM 0.001 8 1 0 1048576 50329246 0 29.632174 138.813592 97 4147804 1928681146346.00
rmat_s20_ef48_0.25_0.25_0.25_0.25_uni kM 0.001 8 1 1 1048576 50329246 0 30.063325 136.603701 97 4147804 1928681146346.00
rmat_s20_ef48_0.25_0.25_0.25_0.25_uni kM 0.001 8 1 2 1048576 50329246 0 29.247278 137.567305 97 4147804 1928681146346.00
rmat_s20_ef48_0.25_0.25_0.25_0.25_uni kM 0.001 8 32 0 1048576 1573659 48755587 3.515167 22.179407 98 4147833 1928727575036.00
rmat_s20_ef48_0.25_0.25_0.25_0.25_uni kM 0.001 8 32 1 1048576 1574004 48755242 4.217361 22.235410 97 4147782 1928685806382.00
rmat_s20_ef48_0.25_0.25_0.25_0.25_uni kM 0.001 8 32 2 1048576 1572904 48756342 4.236456 21.973085 97 4147766 1928651945124.00
rmat_s20_ef48_0.25_0.25_0.25_0.25_uni kM 0.001 8 8 0 1048576 6294547 44034699 4.335538 35.792642 94 4147719 1928622451479.00
rmat_s20_ef48_0.25_0.25_0.25_0.25_uni kM 0.001 8 8 1 1048576 6291636 44037610 4.492598 34.807744 96 4147677 1928599694619.00
rmat_s20_ef48_0.25_0.25_0.25_0.25_uni kM 0.001 8 8 2 1048576 6296385 44032861 4.347754 35.381690 98 4147706 1928607225099.00
rmat_s20_ef48_0.25_0.25_0.25_0.25_uni kM 0.01 16 1 0 1048576 50329246 0 12.972187 76.836992 84 8287049 3694130911145.00
rmat_s20_ef48_0.25_0.25_0.25_0.25_uni kM 0.01 16 1 1 1048576 50329246 0 13.449547 77.058139 84 8287049 3694130911145.00
rmat_s20_ef48_0.25_0.25_0.25_0.25_uni kM 0.01 16 1 2 1048576 50329246 0 15.006086 78.937238 84 8287049 3694130911145.00
rmat_s20_ef48_0.25_0.25_0.25_0.25_uni kM 0.01 16 32 0 1048576 1573659 48755587 3.947486 37.202872 85 8286928 3693993234070.00
rmat_s20_ef48_0.25_0.25_0.25_0.25_uni kM 0.01 16 32 1 1048576 1574004 48755242 4.311780 37.166470 84 8286589 3693976683341.00
rmat_s20_ef48_0.25_0.25_0.25_0.25_uni kM 0.01 16 32 2 1048576 1572904 48756342 4.187836 36.908477 86 8286853 3693996814921.00
rmat_s20_ef48_0.25_0.25_0.25_0.25_uni kM 0.01 16 8 0 1048576 6294547 44034699 4.768014 60.348237 84 8287038 3694031351117.00
rmat_s20_ef48_0.25_0.25_0.25_0.25_uni kM 0.01 16 8 1 1048576 6291636 44037610 4.470731 60.637221 85 8287042 3694009591613.00
rmat_s20_ef48_0.25_0.25_0.25_0.25_uni kM 0.01 16 8 2 1048576 6296385 44032861 4.492828 60.657997 90 8287254 3694070620862.00
rmat_s20_ef48_0.25_0.25_0.25_0.25_uni kM 0.01 2 1 0 1048576 50329246 0 10.242297 9.111540 20 1037584 496819468439.00
rmat_s20_ef48_0.25_0.25_0.25_0.25_uni kM 0.01 2 1 1 1048576 50329246 0 13.831587 9.137169 20 1037584 496819468439.00
rmat_s20_ef48_0.25_0.25_0.25_0.25_uni kM 0.01 2 1 2 1048576 50329246 0 13.915079 8.816200 20 1037584 496819468439.00
rmat_s20_ef48_0.25_0.25_0.25_0.25_uni kM 0.01 2 32 0 1048576 1573659 48755587 4.058690 4.842649 21 1037629 496763714238.00
rmat_s20_ef48_0.25_0.25_0.25_0.25_uni kM 0.01 2 32 1 1048576 1574004 48755242 4.430651 4.814355 20 1037755 496781935502.00
rmat_s20_ef48_0.25_0.25_0.25_0.25_uni kM 0.01 2 32 2 1048576 1572904 48756342 4.229913 4.701438 20 1037792 496755180512.00
rmat_s20_ef48_0.25_0.25_0.25_0.25_uni kM 0.01 2 8 0 1048576 6294547 44034699 4.456318 7.924503 22 1037698 496745468154.00
rmat_s20_ef48_0.25_0.25_0.25_0.25_uni kM 0.01 2 8 1 1048576 6291636 44037610 4.409649 8.063167 22 1037743 496812678756.00
rmat_s20_ef48_0.25_0.25_0.25_0.25_uni kM 0.01 2 8 2 1048576 6296385 44032861 4.550889 8.026323 20 1037578 496700165165.00
rmat_s20_ef48_0.25_0.25_0.25_0.25_uni kM 0.01 8 1 0 1048576 50329246 0 11.869487 38.050589 56 4148008 1928474494115.00
rmat_s20_ef48_0.25_0.25_0.25_0.25_uni kM 0.01 8 1 1 1048576 50329246 0 13.489391 39.123560 56 4148008 1928474494115.00
rmat_s20_ef48_0.25_0.25_0.25_0.25_uni kM 0.01 8 1 2 1048576 50329246 0 15.118722 36.556524 56 4148008 1928474494115.00
rmat_s20_ef48_0.25_0.25_0.25_0.25_uni kM 0.01 8 32 0 1048576 1573659 48755587 5.424263 18.967130 56 4147795 1928472483652.00
rmat_s20_ef48_0.25_0.25_0.25_0.25_uni kM 0.01 8 32 1 1048576 1574004 48755242 5.206066 18.686421 57 4147683 1928320176791.00
rmat_s20_ef48_0.25_0.25_0.25_0.25_uni kM 0.01 8 32 2 1048576 1572904 48756342 4.470675 19.035847 58 4147927 1928483724591.00
rmat_s20_ef48_0.25_0.25_0.25_0.25_uni kM 0.01 8 8 0 1048576 6294547 44034699 5.210458 30.527542 56 4148004 1928414194778.00
rmat_s20_ef48_0.25_0.25_0.25_0.25_uni kM 0.01 8 8 1 1048576 6291636 44037610 4.432713 31.441809 59 4147484 1928362516121.00
rmat_s20_ef48_0.25_0.25_0.25_0.25_uni kM 0.01 8 8 2 1048576 6296385 44032861 4.441492 30.804905 57 4147957 1928504220843.00
rmat_s20_ef48_0.25_0.25_0.25_0.25_uni kM 0.1 16 1 0 1048576 50329246 0 12.334756 16.645403 26 8287431 3682773648927.00
rmat_s20_ef48_0.25_0.25_0.25_0.25_uni kM 0.1 16 1 1 1048576 50329246 0 13.210689 19.251615 26 8287431 3682773648927.00
rmat_s20_ef48_0.25_0.25_0.25_0.25_uni kM 0.1 16 1 2 1048576 50329246 0 13.792182 18.341117 26 8287431 3682773648927.00
rmat_s20_ef48_0.25_0.25_0.25_0.25_uni kM 0.1 16 32 0 1048576 1573659 48755587 3.907954 33.849836 27 8287685 3682458218048.00
rmat_s20_ef48_0.25_0.25_0.25_0.25_uni kM 0.1 16 32 1 1048576 1574004 48755242 4.351696 33.156102 27 8287382 3682435611793.00
rmat_s20_ef48_0.25_0.25_0.25_0.25_uni kM 0.1 16 32 2 1048576 1572904 48756342 4.415715 33.147583 26 8287586 3682417203486.00
rmat_s20_ef48_0.25_0.25_0.25_0.25_uni kM 0.1 16 8 0 1048576 6294547 44034699 4.468781 58.993984 27 8286935 3682366826933.00
rmat_s20_ef48_0.25_0.25_0.25_0.25_uni kM 0.1 16 8 1 1048576 6291636 44037610 4.409511 57.787911 26 8287536 3682544767050.00
rmat_s20_ef48_0.25_0.25_0.25_0.25_uni kM 0.1 16 8 2 1048576 6296385 44032861 4.433959 57.805256 26 8287331 3682476192792.00
rmat_s20_ef48_0.25_0.25_0.25_0.25_uni kM 0.1 2 1 0 1048576 50329246 0 11.465937 8.422864 10 1037814 483048407363.00
rmat_s20_ef48_0.25_0.25_0.25_0.25_uni kM 0.1 2 1 1 1048576 50329246 0 12.380378 7.909999 10 1037814 483048407363.00
rmat_s20_ef48_0.25_0.25_0.25_0.25_uni kM 0.1 2 1 2 1048576 50329246 0 13.348173 8.571820 10 1037814 483048407363.00
rmat_s20_ef48_0.25_0.25_0.25_0.25_uni kM 0.1 2 32 0 1048576 1573659 48755587 5.788124 4.608979 11 1037863 483209623183.00
rmat_s20_ef48_0.25_0.25_0.25_0.25_uni kM 0.1 2 32 1 1048576 1574004 48755242 5.332136 4.541941 11 1038004 483229754597.00
rmat_s20_ef48_0.25_0.25_0.25_0.25_uni kM 0.1 2 32 2 1048576 1572904 48756342 5.144912 4.499157 11 1038052 483226658476.00
rmat_s20_ef48_0.25_0.25_0.25_0.25_uni kM 0.1 2 8 0 1048576 6294547 44034699 4.521035 8.232040 11 1037988 483194567063.00
rmat_s20_ef48_0.25_0.25_0.25_0.25_uni kM 0.1 2 8 1 1048576 6291636 44037610 4.950762 8.423914 11 1037978 483214693230.00
rmat_s20_ef48_0.25_0.25_0.25_0.25_uni kM 0.1 2 8 2 1048576 6296385 44032861 4.476656 8.797842 11 1038022 483179676958.00
rmat_s20_ef48_0.25_0.25_0.25_0.25_uni kM 0 16 1 0 1048576 50329246 0 13.066277 507.097257 182 8286825 3694330595850.00
rmat_s20_ef48_0.25_0.25_0.25_0.25_uni kM 0 16 1 1 1048576 50329246 0 12.098480 485.809117 182 8286825 3694330595850.00
rmat_s20_ef48_0.25_0.25_0.25_0.25_uni kM 0 16 1 2 1048576 50329246 0 13.934029 505.980652 182 8286825 3694330595850.00
rmat_s20_ef48_0.25_0.25_0.25_0.25_uni kM 0 16 32 0 1048576 1573659 48755587 6.205876 48.299603 180 8286716 3694150951101.00
rmat_s20_ef48_0.25_0.25_0.25_0.25_uni kM 0 16 32 1 1048576 1574004 48755242 5.984591 47.796763 180 8286703 3694191185408.00
rmat_s20_ef48_0.25_0.25_0.25_0.25_uni kM 0 16 32 2 1048576 1572904 48756342 5.890563 48.650796 181 8286833 3694293174878.00
rmat_s20_ef48_0.25_0.25_0.25_0.25_uni kM 0 16 8 0 1048576 6294547 44034699 4.494753 74.543384 182 8286636 3694268149635.00
rmat_s20_ef48_0.25_0.25_0.25_0.25_uni kM 0 16 8 1 1048576 6291636 44037610 4.353767 72.882004 187 8286536 3694113224708.00
rmat_s20_ef48_0.25_0.25_0.25_0.25_uni kM 0 16 8 2 1048576 6296385 44032861 4.456465 72.812728 185 8286814 3694336848403.00
rmat_s20_ef48_0.25_0.25_0.25_0.25_uni kM 0.1 8 1 0 1048576 50329246 0 13.086304 10.861283 20 4147607 1907137538597.00
rmat_s20_ef48_0.25_0.25_0.25_0.25_uni kM 0.1 8 1 1 1048576 50329246 0 13.101086 10.056614 20 4147607 1907137538597.00
rmat_s20_ef48_0.25_0.25_0.25_0.25_uni kM 0.1 8 1 2 1048576 50329246 0 14.466684 9.873969 20 4147607 1907137538597.00
rmat_s20_ef48_0.25_0.25_0.25_0.25_uni kM 0.1 8 32 0 1048576 1573659 48755587 6.365927 17.026419 20 4148185 1908593095062.00
rmat_s20_ef48_0.25_0.25_0.25_0.25_uni kM 0.1 8 32 1 1048576 1574004 48755242 6.375582 16.617177 22 4148031 1908475167652.00
rmat_s20_ef48_0.25_0.25_0.25_0.25_uni kM 0.1 8 32 2 1048576 1572904 48756342 5.953742 16.628532 21 4148118 1908610632689.00
rmat_s20_ef48_0.25_0.25_0.25_0.25_uni kM 0.1 8 8 0 1048576 6294547 44034699 5.034363 29.153288 21 4148392 1908548085896.00
rmat_s20_ef48_0.25_0.25_0.25_0.25_uni kM 0.1 8 8 1 1048576 6291636 44037610 4.377249 29.103249 21 4147852 1908495842596.00
rmat_s20_ef48_0.25_0.25_0.25_0.25_uni kM 0.1 8 8 2 1048576 6296385 44032861 4.400616 28.886285 20 4148015 1908572239876.00
rmat_s20_ef48_0.25_0.25_0.25_0.25_uni kM 0 2 1 0 1048576 50329246 0 27.719029 50.836763 32 1037609 496992467031.00
rmat_s20_ef48_0.25_0.25_0.25_0.25_uni kM 0 2 1 1 1048576 50329246 0 30.649219 46.883408 32 1037609 496992467031.00
rmat_s20_ef48_0.25_0.25_0.25_0.25_uni kM 0 2 1 2 1048576 50329246 0 30.690034 46.506344 32 1037609 496992467031.00
rmat_s20_ef48_0.25_0.25_0.25_0.25_uni kM 0 2 32 0 1048576 1573659 48755587 3.922521 5.969316 31 1037646 496949386033.00
rmat_s20_ef48_0.25_0.25_0.25_0.25_uni kM 0 2 32 1 1048576 1574004 48755242 4.825937 5.884248 33 1037631 496954454615.00
rmat_s20_ef48_0.25_0.25_0.25_0.25_uni kM 0 2 32 2 1048576 1572904 48756342 4.515389 5.691872 31 1037583 496946422012.00
rmat_s20_ef48_0.25_0.25_0.25_0.25_uni kM 0 2 8 0 1048576 6294547 44034699 4.905473 9.551951 31 1037647 497001329933.00
rmat_s20_ef48_0.25_0.25_0.25_0.25_uni kM 0 2 8 1 1048576 6291636 44037610 4.652536 10.134474 32 1037636 496941481492.00
rmat_s20_ef48_0.25_0.25_0.25_0.25_uni kM 0 2 8 2 1048576 6296385 44032861 4.744566 9.568952 30 1037661 496972339523.00
rmat_s20_ef48_0.25_0.25_0.25_0.25_uni kM 0.5 16 1 0 1048576 50329246 0 11.872201 11.924512 8 8223982 3016239780890.00
rmat_s20_ef48_0.25_0.25_0.25_0.25_uni kM 0.5 16 1 1 1048576 50329246 0 12.687259 12.654885 8 8223982 3016239780890.00
rmat_s20_ef48_0.25_0.25_0.25_0.25_uni kM 0.5 16 1 2 1048576 50329246 0 13.479575 12.731242 8 8223982 3016239780890.00
rmat_s20_ef48_0.25_0.25_0.25_0.25_uni kM 0.5 16 32 0 1048576 1573659 48755587 4.673475 32.911205 8 8260180 3062050853589.00
rmat_s20_ef48_0.25_0.25_0.25_0.25_uni kM 0.5 16 32 1 1048576 1574004 48755242 4.769559 32.425915 8 8259803 3061821988598.00
rmat_s20_ef48_0.25_0.25_0.25_0.25_uni kM 0.5 16 32 2 1048576 1572904 48756342 4.254651 32.318339 8 8260094 3062080367898.00
rmat_s20_ef48_0.25_0.25_0.25_0.25_uni kM 0.5 16 8 0 1048576 6294547 44034699 4.351474 56.976474 8 8253992 3058433293866.00
rmat_s20_ef48_0.25_0.25_0.25_0.25_uni kM 0.5 16 8 1 1048576 6291636 44037610 4.418491 58.152023 8 8254196 3058449702910.00
rmat_s20_ef48_0.25_0.25_0.25_0.25_uni kM 0.5 16 8 2 1048576 6296385 44032861 4.413039 58.194798 8 8253885 3058218321459.00
rmat_s20_ef48_0.25_0.25_0.25_0.25_uni kM 0.5 2 1 0 1048576 50329246 0 8.070243 9.859182 5 1038803 387046135332.00
rmat_s20_ef48_0.25_0.25_0.25_0.25_uni kM 0.5 2 1 1 1048576 50329246 0 13.401545 7.750551 5 1038803 387046135332.00
rmat_s20_ef48_0.25_0.25_0.25_0.25_uni kM 0.5 2 1 2 1048576 50329246 0 13.033466 7.654147 5 1038803 387046135332.00
rmat_s20_ef48_0.25_0.25_0.25_0.25_uni kM 0.5 2 32 0 1048576 1573659 48755587 3.674129 6.045364 6 1038806 387202893372.00
rmat_s20_ef48_0.25_0.25_0.25_0.25_uni kM 0.5 2 32 1 1048576 1574004 48755242 4.166652 5.912911 5 1038920 387065990708.00
rmat_s20_ef48_0.25_0.25_0.25_0.25_uni kM 0.5 2 32 2 1048576 1572904 48756342 3.788419 5.918113 5 1038816 387039444209.00
rmat_s20_ef48_0.25_0.25_0.25_0.25_uni kM 0.5 2 8 0 1048576 6294547 44034699 4.571665 9.819394 5 1038849 387165792626.00
rmat_s20_ef48_0.25_0.25_0.25_0.25_uni kM 0.5 2 8 1 1048576 6291636 44037610 4.479221 10.015177 5 1038750 387080906913.00
rmat_s20_ef48_0.25_0.25_0.25_0.25_uni kM 0.5 2 8 2 1048576 6296385 44032861 4.432675 10.242330 5 1038893 387048727025.00
rmat_s20_ef48_0.25_0.25_0.25_0.25_uni kM 0.5 8 1 0 1048576 50329246 0 10.401857 11.401122 7 4133640 1530779019341.00
rmat_s20_ef48_0.25_0.25_0.25_0.25_uni kM 0.5 8 1 1 1048576 50329246 0 12.815477 10.637656 7 4133640 1530779019341.00
rmat_s20_ef48_0.25_0.25_0.25_0.25_uni kM 0.5 8 1 2 1048576 50329246 0 12.743117 10.417123 7 4133640 1530779019341.00
rmat_s20_ef48_0.25_0.25_0.25_0.25_uni kM 0.5 8 32 0 1048576 1573659 48755587 5.365003 17.880130 8 4143436 1540312739910.00
rmat_s20_ef48_0.25_0.25_0.25_0.25_uni kM 0.5 8 32 1 1048576 1574004 48755242 4.122953 17.184604 7 4143466 1540424154563.00
rmat_s20_ef48_0.25_0.25_0.25_0.25_uni kM 0.5 8 32 2 1048576 1572904 48756342 4.203772 17.098739 7 4143471 1540077627241.00
rmat_s20_ef48_0.25_0.25_0.25_0.25_uni kM 0.5 8 8 0 1048576 6294547 44034699 4.516625 30.689854 7 4141842 1539292223423.00
rmat_s20_ef48_0.25_0.25_0.25_0.25_uni kM 0.5 8 8 1 1048576 6291636 44037610 4.398937 30.352287 7 4141796 1539375719383.00
rmat_s20_ef48_0.25_0.25_0.25_0.25_uni kM 0.5 8 8 2 1048576 6296385 44032861 4.352531 30.514573 7 4141756 1539052155190.00
rmat_s20_ef48_0.25_0.25_0.25_0.25_uni kM 0 8 1 0 1048576 50329246 0 29.900523 337.713883 108 4147944 1928616031007.00
rmat_s20_ef48_0.25_0.25_0.25_0.25_uni kM 0 8 1 1 1048576 50329246 0 29.514237 334.698121 108 4147944 1928616031007.00
rmat_s20_ef48_0.25_0.25_0.25_0.25_uni kM 0 8 1 2 1048576 50329246 0 29.941573 337.885280 108 4147944 1928616031007.00
rmat_s20_ef48_0.25_0.25_0.25_0.25_uni kM 0 8 32 0 1048576 1573659 48755587 3.888473 24.450046 108 4147784 1928599124487.00
rmat_s20_ef48_0.25_0.25_0.25_0.25_uni kM 0 8 32 1 1048576 1574004 48755242 4.281663 24.769898 107 4147942 1928705051924.00
rmat_s20_ef48_0.25_0.25_0.25_0.25_uni kM 0 8 32 2 1048576 1572904 48756342 4.449293 24.693226 109 4147910 1928691747853.00
rmat_s20_ef48_0.25_0.25_0.25_0.25_uni kM 0 8 8 0 1048576 6294547 44034699 4.559059 41.883705 111 4147486 1928621558550.00
rmat_s20_ef48_0.25_0.25_0.25_0.25_uni kM 0 8 8 1 1048576 6291636 44037610 4.381412 41.298015 109 4147952 1928626019613.00
rmat_s20_ef48_0.25_0.25_0.25_0.25_uni kM 0 8 8 2 1048576 6296385 44032861 4.736773 41.694739 115 4147785 1928612219227.00
rmat_s20_ef48_0.25_0.25_0.25_0.25_uni kM 1 16 1 0 1048576 50329246 0 13.493611 14.077115 1 8169712 2041695729645.00
rmat_s20_ef48_0.25_0.25_0.25_0.25_uni kM 1 16 1 1 1048576 50329246 0 12.962401 13.420516 1 8169712 2041695729645.00
rmat_s20_ef48_0.25_0.25_0.25_0.25_uni kM 1 16 1 2 1048576 50329246 0 14.598611 12.889768 1 8169712 2041695729645.00
rmat_s20_ef48_0.25_0.25_0.25_0.25_uni kM 1 16 32 0 1048576 1573659 48755587 6.418171 34.432081 2 8233168 2058528168061.00
rmat_s20_ef48_0.25_0.25_0.25_0.25_uni kM 1 16 32 1 1048576 1574004 48755242 6.210996 34.542647 2 8233202 2058114431234.00
rmat_s20_ef48_0.25_0.25_0.25_0.25_uni kM 1 16 32 2 1048576 1572904 48756342 5.993729 34.343619 2 8232741 2057833634107.00
rmat_s20_ef48_0.25_0.25_0.25_0.25_uni kM 1 16 8 0 1048576 6294547 44034699 4.601282 60.641978 2 8221029 2055137564681.00
rmat_s20_ef48_0.25_0.25_0.25_0.25_uni kM 1 16 8 1 1048576 6291636 44037610 4.470867 60.208684 2 8220372 2055101706392.00
rmat_s20_ef48_0.25_0.25_0.25_0.25_uni kM 1 16 8 2 1048576 6296385 44032861 4.328263 60.940752 2 8219831 2054604290941.00
rmat_s20_ef48_0.25_0.25_0.25_0.25_uni kM 1 2 1 0 1048576 50329246 0 12.309623 12.660450 1 1039801 260148490651.00
rmat_s20_ef48_0.25_0.25_0.25_0.25_uni kM 1 2 1 1 1048576 50329246 0 12.147694 12.834935 1 1039801 260148490651.00
rmat_s20_ef48_0.25_0.25_0.25_0.25_uni kM 1 2 1 2 1048576 50329246 0 13.669367 12.353340 1 1039801 260148490651.00
rmat_s20_ef48_0.25_0.25_0.25_0.25_uni kM 1 2 32 0 1048576 1573659 48755587 3.979671 7.943551 2 1039757 259969457856.00
rmat_s20_ef48_0.25_0.25_0.25_0.25_uni kM 1 2 32 1 1048576 1574004 48755242 4.256313 7.661087 2 1039840 260119621733.00
rmat_s20_ef48_0.25_0.25_0.25_0.25_uni kM 1 2 32 2 1048576 1572904 48756342 4.435838 7.680738 2 1039856 259935956206.00
rmat_s20_ef48_0.25_0.25_0.25_0.25_uni kM 1 2 8 0 1048576 6294547 44034699 4.739198 11.295762 2 1039822 260071379068.00
rmat_s20_ef48_0.25_0.25_0.25_0.25_uni kM 1 2 8 1 1048576 6291636 44037610 4.412660 11.500419 2 1039713 259882540385.00
rmat_s20_ef48_0.25_0.25_0.25_0.25_uni kM 1 2 8 2 1048576 6296385 44032861 4.384183 11.554405 2 1039625 260053000830.00
rmat_s20_ef48_0.25_0.25_0.25_0.25_uni kM 1 8 1 0 1048576 50329246 0 12.558129 12.722623 1 4127734 1031845799124.00
rmat_s20_ef48_0.25_0.25_0.25_0.25_uni kM 1 8 1 1 1048576 50329246 0 13.470150 12.328561 1 4127734 1031845799124.00
rmat_s20_ef48_0.25_0.25_0.25_0.25_uni kM 1 8 1 2 1048576 50329246 0 12.855141 13.152328 1 4127734 1031845799124.00
rmat_s20_ef48_0.25_0.25_0.25_0.25_uni kM 1 8 32 0 1048576 1573659 48755587 5.748304 20.491703 2 4137778 1034186879333.00
rmat_s20_ef48_0.25_0.25_0.25_0.25_uni kM 1 8 32 1 1048576 1574004 48755242 5.671759 20.030769 2 4137663 1034066179428.00
rmat_s20_ef48_0.25_0.25_0.25_0.25_uni kM 1 8 32 2 1048576 1572904 48756342 5.719980 20.030185 2 4137472 1034290202205.00
rmat_s20_ef48_0.25_0.25_0.25_0.25_uni kM 1 8 8 0 1048576 6294547 44034699 4.555721 33.487670 2 4134583 1034024181727.00
rmat_s20_ef48_0.25_0.25_0.25_0.25_uni kM 1 8 8 1 1048576 6291636 44037610 4.453216 32.764102 2 4134156 1033523073370.00
rmat_s20_ef48_0.25_0.25_0.25_0.25_uni kM 1 8 8 2 1048576 6296385 44032861 4.410403 32.502471 2 4134180 1033782585230.00
rmat_s20_ef48_0.45_0.15_0.15_0.25_exp kM 0.0001 16 1 0 1048576 50135288 0 13.317004 511.379492 168 7497194 572042206104.00
rmat_s20_ef48_0.45_0.15_0.15_0.25_exp kM 0.0001 16 1 1 1048576 50135288 0 13.714311 511.745042 168 7497194 572042206104.00
rmat_s20_ef48_0.45_0.15_0.15_0.25_exp kM 0.0001 16 1 2 1048576 50135288 0 13.473492 511.176164 168 7497194 572042206104.00
rmat_s20_ef48_0.45_0.15_0.15_0.25_exp kM 0.0001 16 32 0 1048576 1567697 48567591 3.516313 43.476614 167 7496955 572022939155.00
rmat_s20_ef48_0.45_0.15_0.15_0.25_exp kM 0.0001 16 32 1 1048576 1567098 48568190 4.090058 44.005653 168 7497285 572023778475.00
rmat_s20_ef48_0.45_0.15_0.15_0.25_exp kM 0.0001 16 32 2 1048576 1566451 48568837 3.967857 43.358691 165 7497427 572040488112.00
rmat_s20_ef48_0.45_0.15_0.15_0.25_exp kM 0.0001 16 8 0 1048576 6265335 43869953 4.412517 69.824108 168 7497368 572027703922.00
rmat_s20_ef48_0.45_0.15_0.15_0.25_exp kM 0.0001 16 8 1 1048576 6267107 43868181 4.308519 66.286610 164 7497319 572044285100.00
rmat_s20_ef48_0.45_0.15_0.15_0.25_exp kM 0.0001 16 8 2 1048576 6269292 43865996 4.368332 68.739123 166 7497412 572031079171.00
rmat_s20_ef48_0.45_0.15_0.15_0.25_exp kM 0.0001 2 1 0 1048576 50135288 0 9.885049 16.563604 31 998138 122076678794.00
rmat_s20_ef48_0.45_0.15_0.15_0.25_exp kM 0.0001 2 1 1 1048576 50135288 0 12.148043 15.218829 31 998138 122076678794.00
rmat_s20_ef48_0.45_0.15_0.15_0.25_exp kM 0.0001 2 1 2 1048576 50135288 0 14.752889 15.251290 31 998138 122076678794.00
rmat_s20_ef48_0.45_0.15_0.15_0.25_exp kM 0.0001 2 32 0 1048576 1567697 48567591 4.927544 5.463683 30 998022 122060532209.00
rmat_s20_ef48_0.45_0.15_0.15_0.25_exp kM 0.0001 2 32 1 1048576 1567098 48568190 5.044456 5.412813 30 998252 122081087053.00
rmat_s20_ef48_0.45_0.15_0.15_0.25_exp kM 0.0001 2 32 2 1048576 1566451 48568837 4.776468 5.328449 31 998024 122072111794.00
rmat_s20_ef48_0.45_0.15_0.15_0.25_exp kM 0.0001 2 8 0 1048576 6265335 43869953 4.935952 8.428067 30 998142 122077513311.00
rmat_s20_ef48_0.45_0.15_0.15_0.25_exp kM 0.0001 2 8 1 1048576 6267107 43868181 4.433840 8.517870 32 997982 122071702017.00
rmat_s20_ef48_0.45_0.15_0.15_0.25_exp kM 0.0001 2 8 2 1048576 6269292 43865996 4.489657 8.743988 31 998151 122072477679.00
rmat_s20_ef48_0.45_0.15_0.15_0.25_exp kM 0.0001 8 1 0 1048576 50135288 0 26.644816 339.364913 102 3900390 361413593591.00
rmat_s20_ef48_0.45_0.15_0.15_0.25_exp kM 0.0001 8 1 1 1048576 50135288 0 27.735598 340.947009 102 3900390 361413593591.00
rmat_s20_ef48_0.45_0.15_0.15_0.25_exp kM 0.0001 8 1 2 1048576 50135288 0 27.679662 339.726251 102 3900390 361413593591.00
rmat_s20_ef48_0.45_0.15_0.15_0.25_exp kM 0.0001 8 32 0 1048576 1567697 48567591 4.001176 24.113534 101 3900440 361418319979.00
rmat_s20_ef48_0.45_0.15_0.15_0.25_exp kM 0.0001 8 32 1 1048576 1567098 48568190 3.751815 23.791949 102 3900237 361425087945.00
rmat_s20_ef48_0.45_0.15_0.15_0.25_exp kM 0.0001 8 32 2 1048576 1566451 48568837 4.204652 23.710471 101 3900258 361422669948.00
rmat_s20_ef48_0.45_0.15_0.15_0.25_exp kM 0.0001 8 8 0 1048576 6265335 43869953 4.138472 37.415888 99 3900364 361409697559.00
rmat_s20_ef48_0.45_0.15_0.15_0.25_exp kM 0.0001 8 8 1 1048576 6267107 43868181 4.379037 37.925467 101 3900706 361413985300.00
rmat_s20_ef48_0.45_0.15_0.15_0.25_exp kM 0.0001 8 8 2 1048576 6269292 43865996 4.836046 37.704529 101 3900906 361423238054.00
rmat_s20_ef48_0.45_0.15_0.15_0.25_exp kM 0.001 16 1 0 1048576 50135288 0 26.656452 665.958183 163 7497559 572050400846.00
rmat_s20_ef48_0.45_0.15_0.15_0.25_exp kM 0.001 16 1 1 1048576 50135288 0 27.953606 665.685541 163 7497559 572050400846.00
rmat_s20_ef48_0.45_0.15_0.15_0.25_exp kM 0.001 16 1 2 1048576 50135288 0 28.111552 663.927467 163 7497559 572050400846.00
rmat_s20_ef48_0.45_0.15_0.15_0.25_exp kM 0.001 16 32 0 1048576 1567697 48567591 3.402436 41.510372 162 7497136 572030254882.00
rmat_s20_ef48_0.45_0.15_0.15_0.25_exp kM 0.001 16 32 1 1048576 1567098 48568190 3.972044 41.741304 164 7497579 572036285108.00
rmat_s20_ef48_0.45_0.15_0.15_0.25_exp kM 0.001 16 32 2 1048576 1566451 48568837 3.980196 41.542234 160 7497399 572036996353.00
rmat_s20_ef48_0.45_0.15_0.15_0.25_exp kM 0.001 16 8 0 1048576 6265335 43869953 4.565022 66.724705 162 7497778 572031354189.00
rmat_s20_ef48_0.45_0.15_0.15_0.25_exp kM 0.001 16 8 1 1048576 6267107 43868181 4.338889 68.337037 163 7497424 572037501598.00
rmat_s20_ef48_0.45_0.15_0.15_0.25_exp kM 0.001 16 8 2 1048576 6269292 43865996 4.373997 67.910448 163 7497407 572040033353.00
rmat_s20_ef48_0.45_0.15_0.15_0.25_exp kM 0.001 2 1 0 1048576 50135288 0 21.926702 40.537857 29 998095 122078705094.00
rmat_s20_ef48_0.45_0.15_0.15_0.25_exp kM 0.001 2 1 1 1048576 50135288 0 23.432464 37.103226 29 998095 122078705094.00
rmat_s20_ef48_0.45_0.15_0.15_0.25_exp kM 0.001 2 1 2 1048576 50135288 0 23.256820 37.390728 29 998095 122078705094.00
rmat_s20_ef48_0.45_0.15_0.15_0.25_exp kM 0.001 2 32 0 1048576 1567697 48567591 3.403401 5.076061 31 998195 122078915322.00
rmat_s20_ef48_0.45_0.15_0.15_0.25_exp kM 0.001 2 32 1 1048576 1567098 48568190 3.578548 5.103240 29 998240 122073969914.00
rmat_s20_ef48_0.45_0.15_0.15_0.25_exp kM 0.001 2 32 2 1048576 1566451 48568837 3.505172 4.936762 29 998056 122082698613.00
rmat_s20_ef48_0.45_0.15_0.15_0.25_exp kM 0.001 2 8 0 1048576 6265335 43869953 4.255305 8.329422 32 997890 122067104310.00
rmat_s20_ef48_0.45_0.15_0.15_0.25_exp kM 0.001 2 8 1 1048576 6267107 43868181 4.214823 8.488186 29 998253 122084145145.00
rmat_s20_ef48_0.45_0.15_0.15_0.25_exp kM 0.001 2 8 2 1048576 6269292 43865996 4.243529 8.533377 29 998169 122062476658.00
rmat_s20_ef48_0.45_0.15_0.15_0.25_exp kM 0.001 8 1 0 1048576 50135288 0 24.528889 309.767654 103 3900346 361443956204.00
rmat_s20_ef48_0.45_0.15_0.15_0.25_exp kM 0.001 8 1 1 1048576 50135288 0 27.638634 309.432769 103 3900346 361443956204.00
rmat_s20_ef48_0.45_0.15_0.15_0.25_exp kM 0.001 8 1 2 1048576 50135288 0 28.213707 308.949931 103 3900346 361443956204.00
rmat_s20_ef48_0.45_0.15_0.15_0.25_exp kM 0.001 8 32 0 1048576 1567697 48567591 3.554810 21.501876 99 3900606 361432627913.00
rmat_s20_ef48_0.45_0.15_0.15_0.25_exp kM 0.001 8 32 1 1048576 1567098 48568190 3.662342 21.444548 101 3900488 361434317091.00
rmat_s20_ef48_0.45_0.15_0.15_0.25_exp kM 0.001 8 32 2 1048576 1566451 48568837 3.894435 21.126959 98 3900565 361417308217.00
rmat_s20_ef48_0.45_0.15_0.15_0.25_exp kM 0.001 8 8 0 1048576 6265335 43869953 4.200714 34.625500 101 3900386 361418741904.00
rmat_s20_ef48_0.45_0.15_0.15_0.25_exp kM 0.001 8 8 1 1048576 6267107 43868181 4.315511 35.754501 101 3900372 361435879059.00
rmat_s20_ef48_0.45_0.15_0.15_0.25_exp kM 0.001 8 8 2 1048576 6269292 43865996 4.364638 36.662885 100 3900444 361427166217.00
rmat_s20_ef48_0.45_0.15_0.15_0.25_exp kM 0.01 16 1 0 1048576 50135288 0 16.423684 301.457318 115 7498440 572122602618.00
rmat_s20_ef48_0.45_0.15_0.15_0.25_exp kM 0.01 16 1 1 1048576 50135288 0 16.040938 309.547029 115 7498440 572122602618.00
rmat_s20_ef48_0.45_0.15_0.15_0.25_exp kM 0.01 16 1 2 1048576 50135288 0 14.631268 304.214622 115 7498440 572122602618.00
rmat_s20_ef48_0.45_0.15_0.15_0.25_exp kM 0.01 16 32 0 1048576 1567697 48567591 3.446080 37.578949 117 7498328 572117476952.00
rmat_s20_ef48_0.45_0.15_0.15_0.25_exp kM 0.01 16 32 1 1048576 1567098 48568190 3.755106 37.672443 115 7498098 572098029826.00
rmat_s20_ef48_0.45_0.15_0.15_0.25_exp kM 0.01 16 32 2 1048576 1566451 48568837 3.870104 37.224522 117 7498035 572101830417.00
rmat_s20_ef48_0.45_0.15_0.15_0.25_exp kM 0.01 16 8 0 1048576 6265335 43869953 4.334928 61.145764 114 7498003 572109864113.00
rmat_s20_ef48_0.45_0.15_0.15_0.25_exp kM 0.01 16 8 1 1048576 6267107 43868181 4.303554 62.989975 116 7497991 572118482140.00
rmat_s20_ef48_0.45_0.15_0.15_0.25_exp kM 0.01 16 8 2 1048576 6269292 43865996 4.269839 63.115680 115 7498245 572093663687.00
rmat_s20_ef48_0.45_0.15_0.15_0.25_exp kM 0.01 2 1 0 1048576 50135288 0 10.432140 16.755687 29 998366 122081811127.00
rmat_s20_ef48_0.45_0.15_0.15_0.25_exp kM 0.01 2 1 1 1048576 50135288 0 14.543825 20.144964 29 998366 122081811127.00
rmat_s20_ef48_0.45_0.15_0.15_0.25_exp kM 0.01 2 1 2 1048576 50135288 0 12.463232 18.246141 29 998366 122081811127.00
rmat_s20_ef48_0.45_0.15_0.15_0.25_exp kM 0.01 2 32 0 1048576 1567697 48567591 4.507255 5.320122 28 998158 122068192113.00
rmat_s20_ef48_0.45_0.15_0.15_0.25_exp kM 0.01 2 32 1 1048576 1567098 48568190 4.909353 5.370682 28 998095 122069428392.00
rmat_s20_ef48_0.45_0.15_0.15_0.25_exp kM 0.01 2 32 2 1048576 1566451 48568837 4.852409 5.317391 27 998226 122064473423.00
rmat_s20_ef48_0.45_0.15_0.15_0.25_exp kM 0.01 2 8 0 1048576 6265335 43869953 4.267067 8.343613 28 998211 122070877271.00
rmat_s20_ef48_0.45_0.15_0.15_0.25_exp kM 0.01 2 8 1 1048576 6267107 43868181 4.484232 8.375644 29 998039 122096592401.00
rmat_s20_ef48_0.45_0.15_0.15_0.25_exp kM 0.01 2 8 2 1048576 6269292 43865996 4.221495 8.503488 28 998138 122056377084.00
rmat_s20_ef48_0.45_0.15_0.15_0.25_exp kM 0.01 8 1 0 1048576 50135288 0 23.952842 217.556800 80 3900886 361457469959.00
rmat_s20_ef48_0.45_0.15_0.15_0.25_exp kM 0.01 8 1 1 1048576 50135288 0 27.043216 211.678627 80 3900886 361457469959.00
rmat_s20_ef48_0.45_0.15_0.15_0.25_exp kM 0.01 8 1 2 1048576 50135288 0 27.478848 210.621358 80 3900886 361457469959.00
rmat_s20_ef48_0.45_0.15_0.15_0.25_exp kM 0.01 8 32 0 1048576 1567697 48567591 3.547969 21.011764 80 3900936 361452823002.00
rmat_s20_ef48_0.45_0.15_0.15_0.25_exp kM 0.01 8 32 1 1048576 1567098 48568190 4.115393 20.894641 83 3901069 361455239737.00
rmat_s20_ef48_0.45_0.15_0.15_0.25_exp kM 0.01 8 32 2 1048576 1566451 48568837 4.142576 21.739250 80 3900912 361446175736.00
rmat_s20_ef48_0.45_0.15_0.15_0.25_exp kM 0.01 8 8 0 1048576 6265335 43869953 4.191584 33.475217 84 3901085 361472092202.00
rmat_s20_ef48_0.45_0.15_0.15_0.25_exp kM 0.01 8 8 1 1048576 6267107 43868181 4.222605 33.925816 82 3900932 361443204112.00
rmat_s20_ef48_0.45_0.15_0.15_0.25_exp kM 0.01 8 8 2 1048576 6269292 43865996 4.367817 36.050649 81 3900832 361449910777.00
rmat_s20_ef48_0.45_0.15_0.15_0.25_exp kM 0.1 16 1 0 1048576 50135288 0 13.819955 47.451833 39 7503573 572053786976.00
rmat_s20_ef48_0.45_0.15_0.15_0.25_exp kM 0.1 16 1 1 1048576 50135288 0 14.132238 45.978447 39 7503573 572053786976.00
rmat_s20_ef48_0.45_0.15_0.15_0.25_exp kM 0.1 16 1 2 1048576 50135288 0 14.446131 46.184512 39 7503573 572053786976.00
rmat_s20_ef48_0.45_0.15_0.15_0.25_exp kM 0.1 16 32 0 1048576 1567697 48567591 5.101634 30.858339 38 7503017 571934826308.00
rmat_s20_ef48_0.45_0.15_0.15_0.25_exp kM 0.1 16 32 1 1048576 1567098 48568190 5.347226 30.873859 38 7502811 571909377976.00
rmat_s20_ef48_0.45_0.15_0.15_0.25_exp kM 0.1 16 32 2 1048576 1566451 48568837 5.497682 30.956294 41 7503265 571928177826.00
rmat_s20_ef48_0.45_0.15_0.15_0.25_exp kM 0.1 16 8 0 1048576 6265335 43869953 4.414972 52.960804 38 7502613 571918719706.00
rmat_s20_ef48_0.45_0.15_0.15_0.25_exp kM 0.1 16 8 1 1048576 6267107 43868181 4.353541 52.625464 39 7503330 571937997916.00
rmat_s20_ef48_0.45_0.15_0.15_0.25_exp kM 0.1 16 8 2 1048576 6269292 43865996 4.384517 52.660445 38 7502873 571917216049.00
rmat_s20_ef48_0.45_0.15_0.15_0.25_exp kM 0.1 2 1 0 1048576 50135288 0 12.175969 13.020130 17 998595 121700310285.00
rmat_s20_ef48_0.45_0.15_0.15_0.25_exp kM 0.1 2 1 1 1048576 50135288 0 11.664640 12.210766 17 998595 121700310285.00
rmat_s20_ef48_0.45_0.15_0.15_0.25_exp kM 0.1 2 1 2 1048576 50135288 0 13.656554 12.267475 17 998595 121700310285.00
rmat_s20_ef48_0.45_0.15_0.15_0.25_exp kM 0.1 2 32 0 1048576 1567697 48567591 5.374182 4.701723 17 998693 121646831917.00
rmat_s20_ef48_0.45_0.15_0.15_0.25_exp kM 0.1 2 32 1 1048576 1567098 48568190 5.403740 4.596706 17 998747 121657411965.00
rmat_s20_ef48_0.45_0.15_0.15_0.25_exp kM 0.1 2 32 2 1048576 1566451 48568837 5.216834 4.656919 17 998730 121639480782.00
rmat_s20_ef48_0.45_0.15_0.15_0.25_exp kM 0.1 2 8 0 1048576 6265335 43869953 4.547741 7.680866 17 998694 121662892582.00
rmat_s20_ef48_0.45_0.15_0.15_0.25_exp kM 0.1 2 8 1 1048576 6267107 43868181 4.197115 7.934064 17 998527 121632282495.00
rmat_s20_ef48_0.45_0.15_0.15_0.25_exp kM 0.1 2 8 2 1048576 6269292 43865996 4.373156 7.941078 18 998705 121670801560.00
rmat_s20_ef48_0.45_0.15_0.15_0.25_exp kM 0 16 1 0 1048576 50135288 0 24.738678 691.582391 170 7496802 572005411351.00
rmat_s20_ef48_0.45_0.15_0.15_0.25_exp kM 0 16 1 1 1048576 50135288 0 28.713230 695.217169 170 7496802 572005411351.00
rmat_s20_ef48_0.45_0.15_0.15_0.25_exp kM 0 16 1 2 1048576 50135288 0 28.051884 700.818065 170 7496802 572005411351.00
rmat_s20_ef48_0.45_0.15_0.15_0.25_exp kM 0 16 32 0 1048576 1567697 48567591 3.456096 41.128328 168 7497179 572022094277.00
rmat_s20_ef48_0.45_0.15_0.15_0.25_exp kM 0 16 32 1 1048576 1567098 48568190 3.772422 41.405601 169 7497014 572040412382.00
rmat_s20_ef48_0.45_0.15_0.15_0.25_exp kM 0 16 32 2 1048576 1566451 48568837 4.170625 41.014765 169 7497761 572036405344.00
rmat_s20_ef48_0.45_0.15_0.15_0.25_exp kM 0 16 8 0 1048576 6265335 43869953 4.268381 66.967898 169 7497312 572017326575.00
rmat_s20_ef48_0.45_0.15_0.15_0.25_exp kM 0 16 8 1 1048576 6267107 43868181 4.649166 67.636367 169 7497070 572043574319.00
rmat_s20_ef48_0.45_0.15_0.15_0.25_exp kM 0 16 8 2 1048576 6269292 43865996 4.717492 72.314540 174 7497191 572028406426.00
rmat_s20_ef48_0.45_0.15_0.15_0.25_exp kM 0.1 8 1 0 1048576 50135288 0 13.605268 34.706423 32 3903600 361207393232.00
rmat_s20_ef48_0.45_0.15_0.15_0.25_exp kM 0.1 8 1 1 1048576 50135288 0 13.462118 34.902649 32 3903600 361207393232.00
rmat_s20_ef48_0.45_0.15_0.15_0.25_exp kM 0.1 8 1 2 1048576 50135288 0 14.579303 34.459297 32 3903600 361207393232.00
rmat_s20_ef48_0.45_0.15_0.15_0.25_exp kM 0.1 8 32 0 1048576 1567697 48567591 5.861620 17.504825 32 3902879 361092719120.00
rmat_s20_ef48_0.45_0.15_0.15_0.25_exp kM 0.1 8 32 1 1048576 1567098 48568190 5.792810 17.519330 32 3903237 361093775983.00
rmat_s20_ef48_0.45_0.15_0.15_0.25_exp kM 0.1 8 32 2 1048576 1566451 48568837 5.686194 17.424661 32 3903128 361093693067.00
rmat_s20_ef48_0.45_0.15_0.15_0.25_exp kM 0.1 8 8 0 1048576 6265335 43869953 4.574172 29.144495 32 3903036 361124462945.00
rmat_s20_ef48_0.45_0.15_0.15_0.25_exp kM 0.1 8 8 1 1048576 6267107 43868181 4.288424 30.847125 32 3903370 361142024585.00
rmat_s20_ef48_0.45_0.15_0.15_0.25_exp kM 0.1 8 8 2 1048576 6269292 43865996 4.421573 30.728155 32 3902880 361125075667.00
rmat_s20_ef48_0.45_0.15_0.15_0.25_exp kM 0 2 1 0 1048576 50135288 0 23.541542 49.566749 30 998241 122075494307.00
rmat_s20_ef48_0.45_0.15_0.15_0.25_exp kM 0 2 1 1 1048576 50135288 0 28.294170 48.638603 30 998241 122075494307.00
rmat_s20_ef48_0.45_0.15_0.15_0.25_exp kM 0 2 1 2 1048576 50135288 0 28.970028 48.180974 30 998241 122075494307.00
rmat_s20_ef48_0.45_0.15_0.15_0.25_exp kM 0 2 32 0 1048576 1567697 48567591 3.343389 5.014213 31 998079 122074891239.00
rmat_s20_ef48_0.45_0.15_0.15_0.25_exp kM 0 2 32 1 1048576 1567098 48568190 3.662222 5.135123 29 998152 122065176189.00
rmat_s20_ef48_0.45_0.15_0.15_0.25_exp kM 0 2 32 2 1048576 1566451 48568837 3.785019 5.086413 31 997984 122065215747.00
rmat_s20_ef48_0.45_0.15_0.15_0.25_exp kM 0 2 8 0 1048576 6265335 43869953 4.171897 8.631667 30 998158 122065464893.00
rmat_s20_ef48_0.45_0.15_0.15_0.25_exp kM 0 2 8 1 1048576 6267107 43868181 4.393611 8.675967 30 998067 122079532045.00
rmat_s20_ef48_0.45_0.15_0.15_0.25_exp kM 0 2 8 2 1048576 6269292 43865996 4.320867 8.499684 30 998273 122071242395.00
rmat_s20_ef48_0.45_0.15_0.15_0.25_exp kM 0.5 16 1 0 1048576 50135288 0 11.329600 13.997050 11 7517541 557653089837.00
rmat_s20_ef48_0.45_0.15_0.15_0.25_exp kM 0.5 16 1 1 1048576 50135288 0 12.054887 14.637199 11 7517541 557653089837.00
rmat_s20_ef48_0.45_0.15_0.15_0.25_exp kM 0.5 16 1 2 1048576 50135288 0 13.152986 14.959262 11 7517541 557653089837.00
rmat_s20_ef48_0.45_0.15_0.15_0.25_exp kM 0.5 16 32 0 1048576 1567697 48567591 3.676970 30.054526 11 7515060 555998944491.00
rmat_s20_ef48_0.45_0.15_0.15_0.25_exp kM 0.5 16 32 1 1048576 1567098 48568190 4.189724 30.131245 12 7514478 555981542589.00
rmat_s20_ef48_0.45_0.15_0.15_0.25_exp kM 0.5 16 32 2 1048576 1566451 48568837 3.963775 29.886810 11 7513951 555999712792.00
rmat_s20_ef48_0.45_0.15_0.15_0.25_exp kM 0.5 16 8 0 1048576 6265335 43869953 4.593053 52.739659 11 7515307 556114558931.00
rmat_s20_ef48_0.45_0.15_0.15_0.25_exp kM 0.5 16 8 1 1048576 6267107 43868181 4.522915 52.588305 11 7514545 556153743406.00
rmat_s20_ef48_0.45_0.15_0.15_0.25_exp kM 0.5 16 8 2 1048576 6269292 43865996 4.231372 54.068686 11 7515198 556119839333.00
rmat_s20_ef48_0.45_0.15_0.15_0.25_exp kM 0.5 2 1 0 1048576 50135288 0 15.262000 9.630084 7 1002808 109394582980.00
rmat_s20_ef48_0.45_0.15_0.15_0.25_exp kM 0.5 2 1 1 1048576 50135288 0 17.761428 9.809678 7 1002808 109394582980.00
rmat_s20_ef48_0.45_0.15_0.15_0.25_exp kM 0.5 2 1 2 1048576 50135288 0 18.564420 7.917455 7 1002808 109394582980.00
rmat_s20_ef48_0.45_0.15_0.15_0.25_exp kM 0.5 2 32 0 1048576 1567697 48567591 3.474473 4.371455 7 1000696 106311991658.00
rmat_s20_ef48_0.45_0.15_0.15_0.25_exp kM 0.5 2 32 1 1048576 1567098 48568190 3.716032 4.416547 7 1000857 106298288910.00
rmat_s20_ef48_0.45_0.15_0.15_0.25_exp kM 0.5 2 32 2 1048576 1566451 48568837 3.785072 4.251169 7 1000555 106315773693.00
rmat_s20_ef48_0.45_0.15_0.15_0.25_exp kM 0.5 2 8 0 1048576 6265335 43869953 4.540678 7.601483 7 1000876 106368062210.00
rmat_s20_ef48_0.45_0.15_0.15_0.25_exp kM 0.5 2 8 1 1048576 6267107 43868181 4.365668 7.333857 7 1000652 106372024182.00
rmat_s20_ef48_0.45_0.15_0.15_0.25_exp kM 0.5 2 8 2 1048576 6269292 43865996 4.248911 7.611694 8 1000621 106409401560.00
rmat_s20_ef48_0.45_0.15_0.15_0.25_exp kM 0.5 8 1 0 1048576 50135288 0 11.670363 11.065483 10 3908675 346917936838.00
rmat_s20_ef48_0.45_0.15_0.15_0.25_exp kM 0.5 8 1 1 1048576 50135288 0 11.560998 10.770431 10 3908675 346917936838.00
rmat_s20_ef48_0.45_0.15_0.15_0.25_exp kM 0.5 8 1 2 1048576 50135288 0 12.875846 10.141058 10 3908675 346917936838.00
rmat_s20_ef48_0.45_0.15_0.15_0.25_exp kM 0.5 8 32 0 1048576 1567697 48567591 4.730923 15.719870 10 3909609 345052154149.00
rmat_s20_ef48_0.45_0.15_0.15_0.25_exp kM 0.5 8 32 1 1048576 1567098 48568190 4.903834 15.634683 10 3909649 345052682383.00
rmat_s20_ef48_0.45_0.15_0.15_0.25_exp kM 0.5 8 32 2 1048576 1566451 48568837 4.452540 15.560506 10 3910060 345063309658.00
rmat_s20_ef48_0.45_0.15_0.15_0.25_exp kM 0.5 8 8 0 1048576 6265335 43869953 4.522981 27.246151 10 3909777 345170600892.00
rmat_s20_ef48_0.45_0.15_0.15_0.25_exp kM 0.5 8 8 1 1048576 6267107 43868181 4.388769 27.321889 10 3909670 345201952773.00
rmat_s20_ef48_0.45_0.15_0.15_0.25_exp kM 0.5 8 8 2 1048576 6269292 43865996 4.270306 27.195006 10 3909454 345220433027.00
rmat_s20_ef48_0.45_0.15_0.15_0.25_exp kM 0 8 1 0 1048576 50135288 0 21.803312 313.913796 101 3900292 361425578892.00
rmat_s20_ef48_0.45_0.15_0.15_0.25_exp kM 0 8 1 1 1048576 50135288 0 26.922830 315.103012 101 3900292 361425578892.00
rmat_s20_ef48_0.45_0.15_0.15_0.25_exp kM 0 8 1 2 1048576 50135288 0 28.642049 312.788190 101 3900292 361425578892.00
rmat_s20_ef48_0.45_0.15_0.15_0.25_exp kM 0 8 32 0 1048576 1567697 48567591 3.645001 22.521604 101 3900479 361428996806.00
rmat_s20_ef48_0.45_0.15_0.15_0.25_exp kM 0 8 32 1 1048576 1567098 48568190 6.889061 22.977858 105 3900561 361425066837.00
rmat_s20_ef48_0.45_0.15_0.15_0.25_exp kM 0 8 32 2 1048576 1566451 48568837 4.287402 22.265245 103 3900340 361426424174.00
rmat_s20_ef48_0.45_0.15_0.15_0.25_exp kM 0 8 8 0 1048576 6265335 43869953 4.144664 34.332903 103 3900633 361415193109.00
rmat_s20_ef48_0.45_0.15_0.15_0.25_exp kM 0 8 8 1 1048576 6267107 43868181 4.289984 36.198344 100 3900171 361412810769.00
rmat_s20_ef48_0.45_0.15_0.15_0.25_exp kM 0 8 8 2 1048576 6269292 43865996 4.397267 37.367499 102 3900560 361414982661.00
rmat_s20_ef48_0.45_0.15_0.15_0.25_exp kM 1 16 1 0 1048576 50135288 0 14.031310 12.760950 1 8087791 258751598462.00
rmat_s20_ef48_0.45_0.15_0.15_0.25_exp kM 1 16 1 1 1048576 50135288 0 13.593651 13.528717 1 8087791 258751598462.00
rmat_s20_ef48_0.45_0.15_0.15_0.25_exp kM 1 16 1 2 1048576 50135288 0 13.710119 12.221303 1 8087791 258751598462.00
rmat_s20_ef48_0.45_0.15_0.15_0.25_exp kM 1 16 32 0 1048576 1567697 48567591 5.133046 31.591738 2 7676249 245686210188.00
rmat_s20_ef48_0.45_0.15_0.15_0.25_exp kM 1 16 32 1 1048576 1567098 48568190 5.380365 31.173300 2 7677007 245578153507.00
rmat_s20_ef48_0.45_0.15_0.15_0.25_exp kM 1 16 32 2 1048576 1566451 48568837 5.320443 31.624388 2 7677681 245749437864.00
rmat_s20_ef48_0.45_0.15_0.15_0.25_exp kM 1 16 8 0 1048576 6265335 43869953 4.431838 54.238790 2 7689186 246106615445.00
rmat_s20_ef48_0.45_0.15_0.15_0.25_exp kM 1 16 8 1 1048576 6267107 43868181 4.489333 57.618817 2 7690548 246057191068.00
rmat_s20_ef48_0.45_0.15_0.15_0.25_exp kM 1 16 8 2 1048576 6269292 43865996 4.246333 54.856156 2 7691164 246176106218.00
rmat_s20_ef48_0.45_0.15_0.15_0.25_exp kM 1 2 1 0 1048576 50135288 0 10.825589 11.791131 1 1047554 33446266994.00
rmat_s20_ef48_0.45_0.15_0.15_0.25_exp kM 1 2 1 1 1048576 50135288 0 12.752933 11.399423 1 1047554 33446266994.00
rmat_s20_ef48_0.45_0.15_0.15_0.25_exp kM 1 2 1 2 1048576 50135288 0 13.315163 11.168871 1 1047554 33446266994.00
rmat_s20_ef48_0.45_0.15_0.15_0.25_exp kM 1 2 32 0 1048576 1567697 48567591 4.719400 6.558269 2 1017000 32540769800.00
rmat_s20_ef48_0.45_0.15_0.15_0.25_exp kM 1 2 32 1 1048576 1567098 48568190 4.578067 6.504890 2 1017001 32519816335.00
rmat_s20_ef48_0.45_0.15_0.15_0.25_exp kM 1 2 32 2 1048576 1566451 48568837 4.557838 6.388469 2 1016757 32566244764.00
rmat_s20_ef48_0.45_0.15_0.15_0.25_exp kM 1 2 8 0 1048576 6265335 43869953 4.427585 10.377086 2 1016980 32559844899.00
rmat_s20_ef48_0.45_0.15_0.15_0.25_exp kM 1 2 8 1 1048576 6267107 43868181 4.282745 10.552313 2 1017119 32535934570.00
rmat_s20_ef48_0.45_0.15_0.15_0.25_exp kM 1 2 8 2 1048576 6269292 43865996 4.311580 9.994566 2 1016953 32540449199.00
rmat_s20_ef48_0.45_0.15_0.15_0.25_exp kM 1 8 1 0 1048576 50135288 0 11.721102 12.282129 1 4153986 132818678226.00
rmat_s20_ef48_0.45_0.15_0.15_0.25_exp kM 1 8 1 1 1048576 50135288 0 12.579105 11.309498 1 4153986 132818678226.00
rmat_s20_ef48_0.45_0.15_0.15_0.25_exp kM 1 8 1 2 1048576 50135288 0 12.575786 11.290301 1 4153986 132818678226.00
rmat_s20_ef48_0.45_0.15_0.15_0.25_exp kM 1 8 32 0 1048576 1567697 48567591 4.597588 18.097685 2 3980120 127345339147.00
rmat_s20_ef48_0.45_0.15_0.15_0.25_exp kM 1 8 32 1 1048576 1567098 48568190 4.839035 18.118439 2 3980114 127430600689.00
rmat_s20_ef48_0.45_0.15_0.15_0.25_exp kM 1 8 32 2 1048576 1566451 48568837 4.828737 17.766210 2 3980703 127374728014.00
rmat_s20_ef48_0.45_0.15_0.15_0.25_exp kM 1 8 8 0 1048576 6265335 43869953 4.434602 30.198858 2 3984477 127517427354.00
rmat_s20_ef48_0.45_0.15_0.15_0.25_exp kM 1 8 8 1 1048576 6267107 43868181 4.505053 30.267163 2 3984954 127558021272.00
rmat_s20_ef48_0.45_0.15_0.15_0.25_exp kM 1 8 8 2 1048576 6269292 43865996 4.380526 29.444348 2 3985197 127523747774.00
rmat_s20_ef48_0.45_0.15_0.15_0.25_uni kM 0.0001 16 1 0 1048576 50135639 0 17.938122 483.484922 162 7499608 3037679633562.00
rmat_s20_ef48_0.45_0.15_0.15_0.25_uni kM 0.0001 16 1 1 1048576 50135639 0 16.826797 482.798242 162 7499608 3037679633562.00
rmat_s20_ef48_0.45_0.15_0.15_0.25_uni kM 0.0001 16 1 2 1048576 50135639 0 16.495449 482.435150 162 7499608 3037679633562.00
rmat_s20_ef48_0.45_0.15_0.15_0.25_uni kM 0.0001 16 32 0 1048576 1568076 48567563 3.556518 41.447336 166 7498898 3037479485117.00
rmat_s20_ef48_0.45_0.15_0.15_0.25_uni kM 0.0001 16 32 1 1048576 1566686 48568953 4.550895 41.359046 162 7499424 3037704233288.00
rmat_s20_ef48_0.45_0.15_0.15_0.25_uni kM 0.0001 16 32 2 1048576 1566532 48569107 4.657867 42.111615 166 7499920 3037711867842.00
rmat_s20_ef48_0.45_0.15_0.15_0.25_uni kM 0.0001 16 8 0 1048576 6269204 43866435 4.160875 65.498667 165 7499282 3037657162001.00
rmat_s20_ef48_0.45_0.15_0.15_0.25_uni kM 0.0001 16 8 1 1048576 6269423 43866216 4.304382 67.649485 165 7498951 3037542975403.00
rmat_s20_ef48_0.45_0.15_0.15_0.25_uni kM 0.0001 16 8 2 1048576 6267020 43868619 4.425144 67.025529 161 7499307 3037561325261.00
rmat_s20_ef48_0.45_0.15_0.15_0.25_uni kM 0.0001 2 1 0 1048576 50135639 0 6.382680 12.217496 29 998238 457732989546.00
rmat_s20_ef48_0.45_0.15_0.15_0.25_uni kM 0.0001 2 1 1 1048576 50135639 0 12.607582 17.501025 29 998238 457732989546.00
rmat_s20_ef48_0.45_0.15_0.15_0.25_uni kM 0.0001 2 1 2 1048576 50135639 0 12.880446 18.512924 29 998238 457732989546.00
rmat_s20_ef48_0.45_0.15_0.15_0.25_uni kM 0.0001 2 32 0 1048576 1568076 48567563 6.034088 5.377369 29 998182 457748345451.00
rmat_s20_ef48_0.45_0.15_0.15_0.25_uni kM 0.0001 2 32 1 1048576 1566686 48568953 5.704122 5.340104 29 998123 457743168853.00
rmat_s20_ef48_0.45_0.15_0.15_0.25_uni kM 0.0001 2 32 2 1048576 1566532 48569107 5.498468 5.375682 30 998285 457752836924.00
rmat_s20_ef48_0.45_0.15_0.15_0.25_uni kM 0.0001 2 8 0 1048576 6269204 43866435 4.283734 8.344955 29 998216 457790080711.00
rmat_s20_ef48_0.45_0.15_0.15_0.25_uni kM 0.0001 2 8 1 1048576 6269423 43866216 4.235166 8.451580 30 998200 457783073738.00
rmat_s20_ef48_0.45_0.15_0.15_0.25_uni kM 0.0001 2 8 2 1048576 6267020 43868619 4.332777 8.389492 29 998316 457829047559.00
rmat_s20_ef48_0.45_0.15_0.15_0.25_uni kM 0.0001 8 1 0 1048576 50135639 0 22.087535 323.590999 100 3901075 1686018445800.00
rmat_s20_ef48_0.45_0.15_0.15_0.25_uni kM 0.0001 8 1 1 1048576 50135639 0 27.205430 318.716089 100 3901075 1686018445800.00
rmat_s20_ef48_0.45_0.15_0.15_0.25_uni kM 0.0001 8 1 2 1048576 50135639 0 27.612071 320.482007 100 3901075 1686018445800.00
rmat_s20_ef48_0.45_0.15_0.15_0.25_uni kM 0.0001 8 32 0 1048576 1568076 48567563 3.568926 23.565732 100 3901112 1685970075704.00
rmat_s20_ef48_0.45_0.15_0.15_0.25_uni kM 0.0001 8 32 1 1048576 1566686 48568953 5.272591 23.501982 98 3901027 1685915460579.00
rmat_s20_ef48_0.45_0.15_0.15_0.25_uni kM 0.0001 8 32 2 1048576 1566532 48569107 5.236096 23.651239 99 3901319 1685976432136.00
rmat_s20_ef48_0.45_0.15_0.15_0.25_uni kM 0.0001 8 8 0 1048576 6269204 43866435 4.131277 37.228190 100 3900826 1685864817400.00
rmat_s20_ef48_0.45_0.15_0.15_0.25_uni kM 0.0001 8 8 1 1048576 6269423 43866216 4.161556 39.159235 98 3900886 1685868790485.00
rmat_s20_ef48_0.45_0.15_0.15_0.25_uni kM 0.0001 8 8 2 1048576 6267020 43868619 4.246674 38.862527 103 3901221 1685936156288.00
rmat_s20_ef48_0.45_0.15_0.15_0.25_uni kM 0.001 16 1 0 1048576 50135639 0 12.715745 262.755868 127 7499876 3037883199966.00
rmat_s20_ef48_0.45_0.15_0.15_0.25_uni kM 0.001 16 1 1 1048576 50135639 0 12.572380 254.664822 127 7499876 3037883199966.00
rmat_s20_ef48_0.45_0.15_0.15_0.25_uni kM 0.001 16 1 2 1048576 50135639 0 12.640731 264.455031 127 7499876 3037883199966.00
rmat_s20_ef48_0.45_0.15_0.15_0.25_uni kM 0.001 16 32 0 1048576 1568076 48567563 5.787137 37.662510 124 7499708 3037775064227.00
rmat_s20_ef48_0.45_0.15_0.15_0.25_uni kM 0.001 16 32 1 1048576 1566686 48568953 5.987657 38.040971 126 7499356 3037707341989.00
rmat_s20_ef48_0.45_0.15_0.15_0.25_uni kM 0.001 16 32 2 1048576 1566532 48569107 6.066217 38.263054 124 7499658 3037897785462.00
rmat_s20_ef48_0.45_0.15_0.15_0.25_uni kM 0.001 16 8 0 1048576 6269204 43866435 4.334834 61.396124 130 7499756 3037968369957.00
rmat_s20_ef48_0.45_0.15_0.15_0.25_uni kM 0.001 16 8 1 1048576 6269423 43866216 4.321485 61.543372 126 7499529 3037793674160.00
rmat_s20_ef48_0.45_0.15_0.15_0.25_uni kM 0.001 16 8 2 1048576 6267020 43868619 4.261319 59.571234 127 7499163 3037788966775.00
rmat_s20_ef48_0.45_0.15_0.15_0.25_uni kM 0.001 2 1 0 1048576 50135639 0 13.594689 17.690918 27 998205 457812289372.00
rmat_s20_ef48_0.45_0.15_0.15_0.25_uni kM 0.001 2 1 1 1048576 50135639 0 11.846110 14.992983 27 998205 457812289372.00
rmat_s20_ef48_0.45_0.15_0.15_0.25_uni kM 0.001 2 1 2 1048576 50135639 0 12.142429 15.460172 27 998205 457812289372.00
rmat_s20_ef48_0.45_0.15_0.15_0.25_uni kM 0.001 2 32 0 1048576 1568076 48567563 7.383328 5.278837 28 998361 457823812504.00
rmat_s20_ef48_0.45_0.15_0.15_0.25_uni kM 0.001 2 32 1 1048576 1566686 48568953 7.032961 5.207351 28 998386 457866123201.00
rmat_s20_ef48_0.45_0.15_0.15_0.25_uni kM 0.001 2 32 2 1048576 1566532 48569107 7.261552 5.170840 26 998425 457823854460.00
rmat_s20_ef48_0.45_0.15_0.15_0.25_uni kM 0.001 2 8 0 1048576 6269204 43866435 5.450327 8.248788 26 998140 457774140987.00
rmat_s20_ef48_0.45_0.15_0.15_0.25_uni kM 0.001 2 8 1 1048576 6269423 43866216 4.587920 8.475827 27 998166 457856908063.00
rmat_s20_ef48_0.45_0.15_0.15_0.25_uni kM 0.001 2 8 2 1048576 6267020 43868619 4.486086 8.280372 28 998399 457795022809.00
rmat_s20_ef48_0.45_0.15_0.15_0.25_uni kM 0.001 8 1 0 1048576 50135639 0 26.891909 169.934804 83 3901119 1685998066076.00
rmat_s20_ef48_0.45_0.15_0.15_0.25_uni kM 0.001 8 1 1 1048576 50135639 0 27.483274 169.507987 83 3901119 1685998066076.00
rmat_s20_ef48_0.45_0.15_0.15_0.25_uni kM 0.001 8 1 2 1048576 50135639 0 27.569709 168.524927 83 3901119 1685998066076.00
rmat_s20_ef48_0.45_0.15_0.15_0.25_uni kM 0.001 8 32 0 1048576 1568076 48567563 5.211505 20.634354 81 3901443 1686188580194.00
rmat_s20_ef48_0.45_0.15_0.15_0.25_uni kM 0.001 8 32 1 1048576 1566686 48568953 5.814321 20.810673 79 3901185 1685981255119.00
rmat_s20_ef48_0.45_0.15_0.15_0.25_uni kM 0.001 8 32 2 1048576 1566532 48569107 6.143728 20.696463 81 3901474 1686118212108.00
rmat_s20_ef48_0.45_0.15_0.15_0.25_uni kM 0.001 8 8 0 1048576 6269204 43866435 4.151451 31.949204 80 3901182 1686069172385.00
rmat_s20_ef48_0.45_0.15_0.15_0.25_uni kM 0.001 8 8 1 1048576 6269423 43866216 4.440762 33.287671 80 3901507 1686198261562.00
rmat_s20_ef48_0.45_0.15_0.15_0.25_uni kM 0.001 8 8 2 1048576 6267020 43868619 4.238772 34.765902 80 3901380 1686051428221.00
rmat_s20_ef48_0.45_0.15_0.15_0.25_uni kM 0.01 16 1 0 1048576 50135639 0 13.137981 48.617218 65 7500979 3038953575870.00
rmat_s20_ef48_0.45_0.15_0.15_0.25_uni kM 0.01 16 1 1 1048576 50135639 0 13.207469 47.939132 65 7500979 3038953575870.00
rmat_s20_ef48_0.45_0.15_0.15_0.25_uni kM 0.01 16 1 2 1048576 50135639 0 13.557434 50.137428 65 7500979 3038953575870.00
rmat_s20_ef48_0.45_0.15_0.15_0.25_uni kM 0.01 16 32 0 1048576 1568076 48567563 3.635098 32.462816 65 7501806 3038741271695.00
rmat_s20_ef48_0.45_0.15_0.15_0.25_uni kM 0.01 16 32 1 1048576 1566686 48568953 4.968814 32.089291 64 7500909 3038628414361.00
rmat_s20_ef48_0.45_0.15_0.15_0.25_uni kM 0.01 16 32 2 1048576 1566532 48569107 4.804871 32.069453 66 7501051 3038723971458.00
rmat_s20_ef48_0.45_0.15_0.15_0.25_uni kM 0.01 16 8 0 1048576 6269204 43866435 4.606943 54.242557 65 7500960 3038680752597.00
rmat_s20_ef48_0.45_0.15_0.15_0.25_uni kM 0.01 16 8 1 1048576 6269423 43866216 4.343462 54.079185 65 7500667 3038536171268.00
rmat_s20_ef48_0.45_0.15_0.15_0.25_uni kM 0.01 16 8 2 1048576 6267020 43868619 4.282301 52.734236 66 7501044 3038695665573.00
rmat_s20_ef48_0.45_0.15_0.15_0.25_uni kM 0.01 2 1 0 1048576 50135639 0 10.088138 8.701457 19 998296 458025224436.00
rmat_s20_ef48_0.45_0.15_0.15_0.25_uni kM 0.01 2 1 1 1048576 50135639 0 12.880376 9.161350 19 998296 458025224436.00
rmat_s20_ef48_0.45_0.15_0.15_0.25_uni kM 0.01 2 1 2 1048576 50135639 0 13.074116 8.720139 19 998296 458025224436.00
rmat_s20_ef48_0.45_0.15_0.15_0.25_uni kM 0.01 2 32 0 1048576 1568076 48567563 3.646195 4.589707 19 998432 457815515638.00
rmat_s20_ef48_0.45_0.15_0.15_0.25_uni kM 0.01 2 32 1 1048576 1566686 48568953 4.348429 4.519845 20 998327 457762607421.00
rmat_s20_ef48_0.45_0.15_0.15_0.25_uni kM 0.01 2 32 2 1048576 1566532 48569107 3.711839 4.587008 19 998336 457794461020.00
rmat_s20_ef48_0.45_0.15_0.15_0.25_uni kM 0.01 2 8 0 1048576 6269204 43866435 4.444307 7.773920 19 998577 457848440837.00
rmat_s20_ef48_0.45_0.15_0.15_0.25_uni kM 0.01 2 8 1 1048576 6269423 43866216 4.341148 7.702678 20 998422 457796562213.00
rmat_s20_ef48_0.45_0.15_0.15_0.25_uni kM 0.01 2 8 2 1048576 6267020 43868619 4.383016 7.760853 20 998376 457848142639.00
rmat_s20_ef48_0.45_0.15_0.15_0.25_uni kM 0.01 8 1 0 1048576 50135639 0 13.260894 31.419640 47 3902127 1686735473787.00
rmat_s20_ef48_0.45_0.15_0.15_0.25_uni kM 0.01 8 1 1 1048576 50135639 0 13.917822 31.359138 47 3902127 1686735473787.00
rmat_s20_ef48_0.45_0.15_0.15_0.25_uni kM 0.01 8 1 2 1048576 50135639 0 12.676333 30.912379 47 3902127 1686735473787.00
rmat_s20_ef48_0.45_0.15_0.15_0.25_uni kM 0.01 8 32 0 1048576 1568076 48567563 6.948061 18.237811 47 3901719 1686522253984.00
rmat_s20_ef48_0.45_0.15_0.15_0.25_uni kM 0.01 8 32 1 1048576 1566686 48568953 6.850445 17.957371 47 3902081 1686539410464.00
rmat_s20_ef48_0.45_0.15_0.15_0.25_uni kM 0.01 8 32 2 1048576 1566532 48569107 6.628696 18.200899 49 3902112 1686552591197.00
rmat_s20_ef48_0.45_0.15_0.15_0.25_uni kM 0.01 8 8 0 1048576 6269204 43866435 4.978181 29.486811 49 3901787 1686400155243.00
rmat_s20_ef48_0.45_0.15_0.15_0.25_uni kM 0.01 8 8 1 1048576 6269423 43866216 4.350025 30.892955 48 3901868 1686556068203.00
rmat_s20_ef48_0.45_0.15_0.15_0.25_uni kM 0.01 8 8 2 1048576 6267020 43868619 4.385170 32.079124 51 3901988 1686418486596.00
rmat_s20_ef48_0.45_0.15_0.15_0.25_uni kM 0.1 16 1 0 1048576 50135639 0 14.048405 14.844756 24 7499238 3030596943800.00
rmat_s20_ef48_0.45_0.15_0.15_0.25_uni kM 0.1 16 1 1 1048576 50135639 0 13.212466 13.500462 24 7499238 3030596943800.00
rmat_s20_ef48_0.45_0.15_0.15_0.25_uni kM 0.1 16 1 2 1048576 50135639 0 13.054777 14.626702 24 7499238 3030596943800.00
rmat_s20_ef48_0.45_0.15_0.15_0.25_uni kM 0.1 16 32 0 1048576 1568076 48567563 6.701112 30.398505 23 7500074 3023026461360.00
rmat_s20_ef48_0.45_0.15_0.15_0.25_uni kM 0.1 16 32 1 1048576 1566686 48568953 6.329346 29.951780 24 7499620 3023045935353.00
rmat_s20_ef48_0.45_0.15_0.15_0.25_uni kM 0.1 16 32 2 1048576 1566532 48569107 6.338104 29.955517 23 7499605 3023014235555.00
rmat_s20_ef48_0.45_0.15_0.15_0.25_uni kM 0.1 16 8 0 1048576 6269204 43866435 5.109741 52.159395 23 7500082 3023484382275.00
rmat_s20_ef48_0.45_0.15_0.15_0.25_uni kM 0.1 16 8 1 1048576 6269423 43866216 4.243553 52.977319 22 7499734 3023392890297.00
rmat_s20_ef48_0.45_0.15_0.15_0.25_uni kM 0.1 16 8 2 1048576 6267020 43868619 4.352541 52.911804 23 7499209 3023293279142.00
rmat_s20_ef48_0.45_0.15_0.15_0.25_uni kM 0.1 2 1 0 1048576 50135639 0 12.681594 7.219006 10 1002740 458633158025.00
rmat_s20_ef48_0.45_0.15_0.15_0.25_uni kM 0.1 2 1 1 1048576 50135639 0 13.422532 7.347982 10 1002740 458633158025.00
rmat_s20_ef48_0.45_0.15_0.15_0.25_uni kM 0.1 2 1 2 1048576 50135639 0 12.725423 7.329382 10 1002740 458633158025.00
rmat_s20_ef48_0.45_0.15_0.15_0.25_uni kM 0.1 2 32 0 1048576 1568076 48567563 3.338077 4.137918 10 998499 449445525655.00
rmat_s20_ef48_0.45_0.15_0.15_0.25_uni kM 0.1 2 32 1 1048576 1566686 48568953 4.618203 4.214578 11 998370 449386371865.00
rmat_s20_ef48_0.45_0.15_0.15_0.25_uni kM 0.1 2 32 2 1048576 1566532 48569107 4.443585 4.147131 10 998623 449520656913.00
rmat_s20_ef48_0.45_0.15_0.15_0.25_uni kM 0.1 2 8 0 1048576 6269204 43866435 4.574205 7.390115 10 998561 449635779180.00
rmat_s20_ef48_0.45_0.15_0.15_0.25_uni kM 0.1 2 8 1 1048576 6269423 43866216 4.256443 7.362791 10 998632 449679597993.00
rmat_s20_ef48_0.45_0.15_0.15_0.25_uni kM 0.1 2 8 2 1048576 6267020 43868619 4.285087 7.476071 10 998659 449652190076.00
rmat_s20_ef48_0.45_0.15_0.15_0.25_uni kM 0 16 1 0 1048576 50135639 0 12.862743 534.129989 173 7499342 3037562107335.00
rmat_s20_ef48_0.45_0.15_0.15_0.25_uni kM 0 16 1 1 1048576 50135639 0 13.579858 534.609952 173 7499342 3037562107335.00
rmat_s20_ef48_0.45_0.15_0.15_0.25_uni kM 0 16 1 2 1048576 50135639 0 13.512585 528.403741 173 7499342 3037562107335.00
rmat_s20_ef48_0.45_0.15_0.15_0.25_uni kM 0 16 32 0 1048576 1568076 48567563 3.632652 42.702125 173 7498636 3037581084563.00
rmat_s20_ef48_0.45_0.15_0.15_0.25_uni kM 0 16 32 1 1048576 1566686 48568953 3.690333 43.180073 173 7499253 3037560372771.00
rmat_s20_ef48_0.45_0.15_0.15_0.25_uni kM 0 16 32 2 1048576 1566532 48569107 4.378902 43.724683 180 7498711 3037525727784.00
rmat_s20_ef48_0.45_0.15_0.15_0.25_uni kM 0 16 8 0 1048576 6269204 43866435 4.765516 68.600693 172 7499596 3037711448272.00
rmat_s20_ef48_0.45_0.15_0.15_0.25_uni kM 0 16 8 1 1048576 6269423 43866216 4.411364 68.166841 174 7499709 3037585049711.00
rmat_s20_ef48_0.45_0.15_0.15_0.25_uni kM 0 16 8 2 1048576 6267020 43868619 4.301986 69.569884 172 7498803 3037587930527.00
rmat_s20_ef48_0.45_0.15_0.15_0.25_uni kM 0.1 8 1 0 1048576 50135639 0 8.660260 8.799178 19 3900061 1680252759592.00
rmat_s20_ef48_0.45_0.15_0.15_0.25_uni kM 0.1 8 1 1 1048576 50135639 0 13.365436 6.846500 19 3900061 1680252759592.00
rmat_s20_ef48_0.45_0.15_0.15_0.25_uni kM 0.1 8 1 2 1048576 50135639 0 13.046093 6.976775 19 3900061 1680252759592.00
rmat_s20_ef48_0.45_0.15_0.15_0.25_uni kM 0.1 8 32 0 1048576 1568076 48567563 3.574195 15.803843 19 3899837 1669472229963.00
rmat_s20_ef48_0.45_0.15_0.15_0.25_uni kM 0.1 8 32 1 1048576 1566686 48568953 4.872941 15.691567 19 3899518 1669452698324.00
rmat_s20_ef48_0.45_0.15_0.15_0.25_uni kM 0.1 8 32 2 1048576 1566532 48569107 4.833000 15.582426 20 3899147 1669409439246.00
rmat_s20_ef48_0.45_0.15_0.15_0.25_uni kM 0.1 8 8 0 1048576 6269204 43866435 4.301673 27.562175 19 3899209 1669754018116.00
rmat_s20_ef48_0.45_0.15_0.15_0.25_uni kM 0.1 8 8 1 1048576 6269423 43866216 4.312373 27.807901 18 3899653 1670030756586.00
rmat_s20_ef48_0.45_0.15_0.15_0.25_uni kM 0.1 8 8 2 1048576 6267020 43868619 4.351005 27.793722 19 3899353 1669751241551.00
rmat_s20_ef48_0.45_0.15_0.15_0.25_uni kM 0 2 1 0 1048576 50135639 0 9.257097 18.274954 30 998187 457724977250.00
rmat_s20_ef48_0.45_0.15_0.15_0.25_uni kM 0 2 1 1 1048576 50135639 0 12.709407 15.738908 30 998187 457724977250.00
rmat_s20_ef48_0.45_0.15_0.15_0.25_uni kM 0 2 1 2 1048576 50135639 0 15.590874 12.929421 30 998187 457724977250.00
rmat_s20_ef48_0.45_0.15_0.15_0.25_uni kM 0 2 32 0 1048576 1568076 48567563 3.991528 5.354239 29 998160 457699368842.00
rmat_s20_ef48_0.45_0.15_0.15_0.25_uni kM 0 2 32 1 1048576 1566686 48568953 4.672634 5.215105 33 998107 457710881113.00
rmat_s20_ef48_0.45_0.15_0.15_0.25_uni kM 0 2 32 2 1048576 1566532 48569107 3.700153 5.202626 30 998299 457811806023.00
rmat_s20_ef48_0.45_0.15_0.15_0.25_uni kM 0 2 8 0 1048576 6269204 43866435 5.239681 8.471364 31 998166 457712808990.00
rmat_s20_ef48_0.45_0.15_0.15_0.25_uni kM 0 2 8 1 1048576 6269423 43866216 4.339779 8.401988 31 998115 457744548543.00
rmat_s20_ef48_0.45_0.15_0.15_0.25_uni kM 0 2 8 2 1048576 6267020 43868619 4.561210 8.498120 30 998181 457711465427.00
rmat_s20_ef48_0.45_0.15_0.15_0.25_uni kM 0.5 16 1 0 1048576 50135639 0 7.397896 10.676449 7 7682582 2804209425973.00
rmat_s20_ef48_0.45_0.15_0.15_0.25_uni kM 0.5 16 1 1 1048576 50135639 0 13.034573 10.554824 7 7682582 2804209425973.00
rmat_s20_ef48_0.45_0.15_0.15_0.25_uni kM 0.5 16 1 2 1048576 50135639 0 12.974976 9.922023 7 7682582 2804209425973.00
rmat_s20_ef48_0.45_0.15_0.15_0.25_uni kM 0.5 16 32 0 1048576 1568076 48567563 3.842367 29.972233 8 7515191 2682294235868.00
rmat_s20_ef48_0.45_0.15_0.15_0.25_uni kM 0.5 16 32 1 1048576 1566686 48568953 5.269435 29.715425 9 7516476 2682936908000.00
rmat_s20_ef48_0.45_0.15_0.15_0.25_uni kM 0.5 16 32 2 1048576 1566532 48569107 5.205777 29.563330 8 7515699 2682685924875.00
rmat_s20_ef48_0.45_0.15_0.15_0.25_uni kM 0.5 16 8 0 1048576 6269204 43866435 4.355191 53.397291 9 7520240 2686445823325.00
rmat_s20_ef48_0.45_0.15_0.15_0.25_uni kM 0.5 16 8 1 1048576 6269423 43866216 4.353506 53.405431 8 7520760 2686866212819.00
rmat_s20_ef48_0.45_0.15_0.15_0.25_uni kM 0.5 16 8 2 1048576 6267020 43868619 4.350825 53.073324 8 7519974 2686938268912.00
rmat_s20_ef48_0.45_0.15_0.15_0.25_uni kM 0.5 2 1 0 1048576 50135639 0 11.282975 12.143921 5 1040958 388951213932.00
rmat_s20_ef48_0.45_0.15_0.15_0.25_uni kM 0.5 2 1 1 1048576 50135639 0 12.353022 12.048333 5 1040958 388951213932.00
rmat_s20_ef48_0.45_0.15_0.15_0.25_uni kM 0.5 2 1 2 1048576 50135639 0 15.319231 9.003749 5 1040958 388951213932.00
rmat_s20_ef48_0.45_0.15_0.15_0.25_uni kM 0.5 2 32 0 1048576 1568076 48567563 5.955625 5.440680 5 1008521 372508361457.00
rmat_s20_ef48_0.45_0.15_0.15_0.25_uni kM 0.5 2 32 1 1048576 1566686 48568953 5.810312 5.472819 5 1008371 372526122299.00
rmat_s20_ef48_0.45_0.15_0.15_0.25_uni kM 0.5 2 32 2 1048576 1566532 48569107 5.043941 5.377895 5 1008393 372578903702.00
rmat_s20_ef48_0.45_0.15_0.15_0.25_uni kM 0.5 2 8 0 1048576 6269204 43866435 5.301084 9.272104 5 1008768 372595319935.00
rmat_s20_ef48_0.45_0.15_0.15_0.25_uni kM 0.5 2 8 1 1048576 6269423 43866216 5.377119 10.032700 6 1008698 372803457954.00
rmat_s20_ef48_0.45_0.15_0.15_0.25_uni kM 0.5 2 8 2 1048576 6267020 43868619 5.529421 9.327180 5 1008788 372770362076.00
rmat_s20_ef48_0.45_0.15_0.15_0.25_uni kM 0.5 8 1 0 1048576 50135639 0 6.240558 10.619549 6 4040106 1502215744841.00
rmat_s20_ef48_0.45_0.15_0.15_0.25_uni kM 0.5 8 1 1 1048576 50135639 0 12.562687 8.956124 6 4040106 1502215744841.00
rmat_s20_ef48_0.45_0.15_0.15_0.25_uni kM 0.5 8 1 2 1048576 50135639 0 13.172402 7.975650 6 4040106 1502215744841.00
rmat_s20_ef48_0.45_0.15_0.15_0.25_uni kM 0.5 8 32 0 1048576 1568076 48567563 3.453270 16.151183 8 3924231 1431900895287.00
rmat_s20_ef48_0.45_0.15_0.15_0.25_uni kM 0.5 8 32 1 1048576 1566686 48568953 5.030421 15.862639 7 3924367 1432032384523.00
rmat_s20_ef48_0.45_0.15_0.15_0.25_uni kM 0.5 8 32 2 1048576 1566532 48569107 5.061168 15.715512 7 3924707 1432120270869.00
rmat_s20_ef48_0.45_0.15_0.15_0.25_uni kM 0.5 8 8 0 1048576 6269204 43866435 4.722176 27.871329 7 3926843 1433876356941.00
rmat_s20_ef48_0.45_0.15_0.15_0.25_uni kM 0.5 8 8 1 1048576 6269423 43866216 4.269754 28.155918 7 3926846 1433936490140.00
rmat_s20_ef48_0.45_0.15_0.15_0.25_uni kM 0.5 8 8 2 1048576 6267020 43868619 4.366035 28.382926 7 3927165 1434178934212.00
rmat_s20_ef48_0.45_0.15_0.15_0.25_uni kM 0 8 1 0 1048576 50135639 0 25.147782 340.191760 104 3901034 1685901537366.00
rmat_s20_ef48_0.45_0.15_0.15_0.25_uni kM 0 8 1 1 1048576 50135639 0 26.977778 344.496090 104 3901034 1685901537366.00
rmat_s20_ef48_0.45_0.15_0.15_0.25_uni kM 0 8 1 2 1048576 50135639 0 27.648700 343.562190 104 3901034 1685901537366.00
rmat_s20_ef48_0.45_0.15_0.15_0.25_uni kM 0 8 32 0 1048576 1568076 48567563 3.724893 22.628214 101 3901230 1685893022410.00
rmat_s20_ef48_0.45_0.15_0.15_0.25_uni kM 0 8 32 1 1048576 1566686 48568953 4.492633 22.778325 104 3901297 1685986941224.00
rmat_s20_ef48_0.45_0.15_0.15_0.25_uni kM 0 8 32 2 1048576 1566532 48569107 5.563328 22.489683 102 3901287 1685944212689.00
rmat_s20_ef48_0.45_0.15_0.15_0.25_uni kM 0 8 8 0 1048576 6269204 43866435 4.232738 35.070388 106 3901103 1685922623391.00
rmat_s20_ef48_0.45_0.15_0.15_0.25_uni kM 0 8 8 1 1048576 6269423 43866216 4.388153 35.386239 106 3901180 1685939118812.00
rmat_s20_ef48_0.45_0.15_0.15_0.25_uni kM 0 8 8 2 1048576 6267020 43868619 4.391081 35.678690 102 3901038 1685882013443.00
rmat_s20_ef48_0.45_0.15_0.15_0.25_uni kM 1 16 1 0 1048576 50135639 0 13.341415 12.481838 1 8088557 2022519916065.00
rmat_s20_ef48_0.45_0.15_0.15_0.25_uni kM 1 16 1 1 1048576 50135639 0 13.011063 13.107622 1 8088557 2022519916065.00
rmat_s20_ef48_0.45_0.15_0.15_0.25_uni kM 1 16 1 2 1048576 50135639 0 13.263758 13.142087 1 8088557 2022519916065.00
rmat_s20_ef48_0.45_0.15_0.15_0.25_uni kM 1 16 32 0 1048576 1568076 48567563 6.253139 31.395543 2 7679087 1919353101977.00
rmat_s20_ef48_0.45_0.15_0.15_0.25_uni kM 1 16 32 1 1048576 1566686 48568953 6.393598 31.129807 2 7678858 1919462339404.00
rmat_s20_ef48_0.45_0.15_0.15_0.25_uni kM 1 16 32 2 1048576 1566532 48569107 6.460235 31.394075 2 7680062 1919667187054.00
rmat_s20_ef48_0.45_0.15_0.15_0.25_uni kM 1 16 8 0 1048576 6269204 43866435 4.293642 54.620687 2 7691889 1923052833355.00
rmat_s20_ef48_0.45_0.15_0.15_0.25_uni kM 1 16 8 1 1048576 6269423 43866216 4.346617 54.621960 2 7693007 1923202962941.00
rmat_s20_ef48_0.45_0.15_0.15_0.25_uni kM 1 16 8 2 1048576 6267020 43868619 4.268308 56.607873 2 7693577 1923468782678.00
rmat_s20_ef48_0.45_0.15_0.15_0.25_uni kM 1 2 1 0 1048576 50135639 0 9.781696 11.736405 1 1047594 261853906623.00
rmat_s20_ef48_0.45_0.15_0.15_0.25_uni kM 1 2 1 1 1048576 50135639 0 12.480230 10.749102 1 1047594 261853906623.00
rmat_s20_ef48_0.45_0.15_0.15_0.25_uni kM 1 2 1 2 1048576 50135639 0 12.893404 10.285796 1 1047594 261853906623.00
rmat_s20_ef48_0.45_0.15_0.15_0.25_uni kM 1 2 32 0 1048576 1568076 48567563 3.375631 6.561579 2 1016905 253955679255.00
rmat_s20_ef48_0.45_0.15_0.15_0.25_uni kM 1 2 32 1 1048576 1566686 48568953 3.691983 6.484204 2 1017079 253889578526.00
rmat_s20_ef48_0.45_0.15_0.15_0.25_uni kM 1 2 32 2 1048576 1566532 48569107 3.910765 6.372259 2 1017022 254187546905.00
rmat_s20_ef48_0.45_0.15_0.15_0.25_uni kM 1 2 8 0 1048576 6269204 43866435 4.459192 10.448439 2 1016899 254151043173.00
rmat_s20_ef48_0.45_0.15_0.15_0.25_uni kM 1 2 8 1 1048576 6269423 43866216 4.370188 10.426290 2 1016996 253937816587.00
rmat_s20_ef48_0.45_0.15_0.15_0.25_uni kM 1 2 8 2 1048576 6267020 43868619 4.767778 10.949040 2 1017086 254401768687.00
rmat_s20_ef48_0.45_0.15_0.15_0.25_uni kM 1 8 1 0 1048576 50135639 0 6.450002 10.424814 1 4153990 1038805770531.00
rmat_s20_ef48_0.45_0.15_0.15_0.25_uni kM 1 8 1 1 1048576 50135639 0 11.860479 10.919240 1 4153990 1038805770531.00
rmat_s20_ef48_0.45_0.15_0.15_0.25_uni kM 1 8 1 2 1048576 50135639 0 13.342792 8.199221 1 4153990 1038805770531.00
rmat_s20_ef48_0.45_0.15_0.15_0.25_uni kM 1 8 32 0 1048576 1568076 48567563 3.702243 18.212709 2 3980624 994365252116.00
rmat_s20_ef48_0.45_0.15_0.15_0.25_uni kM 1 8 32 1 1048576 1566686 48568953 4.412763 18.182393 2 3980743 994976630188.00
rmat_s20_ef48_0.45_0.15_0.15_0.25_uni kM 1 8 32 2 1048576 1566532 48569107 4.315982 17.679545 2 3981337 995010484936.00
rmat_s20_ef48_0.45_0.15_0.15_0.25_uni kM 1 8 8 0 1048576 6269204 43866435 4.280104 31.193206 2 3985254 995965158078.00
rmat_s20_ef48_0.45_0.15_0.15_0.25_uni kM 1 8 8 1 1048576 6269423 43866216 4.411545 30.344773 2 3985056 995804334468.00
rmat_s20_ef48_0.45_0.15_0.15_0.25_uni kM 1 8 8 2 1048576 6267020 43868619 4.406563 30.716356 2 3985866 996502051477.00
rmat_s20_ef48_0.55_0.15_0.15_0.15_exp kM 0.0001 16 1 0 1048576 48121491 0 18.924226 454.046977 176 4102603 295389419065.00
rmat_s20_ef48_0.55_0.15_0.15_0.15_exp kM 0.0001 16 1 1 1048576 48121491 0 18.639170 449.733558 176 4102603 295389419065.00
rmat_s20_ef48_0.55_0.15_0.15_0.15_exp kM 0.0001 16 1 2 1048576 48121491 0 18.065883 461.445346 176 4102603 295389419065.00
rmat_s20_ef48_0.55_0.15_0.15_0.15_exp kM 0.0001 16 32 0 1048576 1502893 46618598 3.350250 27.061105 174 4102445 295386491048.00
rmat_s20_ef48_0.55_0.15_0.15_0.15_exp kM 0.0001 16 32 1 1048576 1503099 46618392 4.505278 27.635639 175 4102758 295397028021.00
rmat_s20_ef48_0.55_0.15_0.15_0.15_exp kM 0.0001 16 32 2 1048576 1504839 46616652 4.311086 27.838013 174 4102752 295385234698.00
rmat_s20_ef48_0.55_0.15_0.15_0.15_exp kM 0.0001 16 8 0 1048576 6015398 42106093 3.926005 42.485428 174 4102572 295387064847.00
rmat_s20_ef48_0.55_0.15_0.15_0.15_exp kM 0.0001 16 8 1 1048576 6013437 42108054 4.366816 43.933217 173 4102512 295377543116.00
rmat_s20_ef48_0.55_0.15_0.15_0.15_exp kM 0.0001 16 8 2 1048576 6018977 42102514 4.324160 43.521444 173 4102588 295380990692.00
rmat_s20_ef48_0.55_0.15_0.15_0.15_exp kM 0.0001 2 1 0 1048576 48121491 0 8.386592 13.443349 29 707026 71151434778.00
rmat_s20_ef48_0.55_0.15_0.15_0.15_exp kM 0.0001 2 1 1 1048576 48121491 0 12.749612 20.553872 29 707026 71151434778.00
rmat_s20_ef48_0.55_0.15_0.15_0.15_exp kM 0.0001 2 1 2 1048576 48121491 0 12.863227 20.364588 29 707026 71151434778.00
rmat_s20_ef48_0.55_0.15_0.15_0.15_exp kM 0.0001 2 32 0 1048576 1502893 46618598 5.309408 4.044488 28 707043 71145324186.00
rmat_s20_ef48_0.55_0.15_0.15_0.15_exp kM 0.0001 2 32 1 1048576 1503099 46618392 5.409720 4.058156 30 706908 71143909713.00
rmat_s20_ef48_0.55_0.15_0.15_0.15_exp kM 0.0001 2 32 2 1048576 1504839 46616652 4.931625 4.076804 30 706963 71142175893.00
rmat_s20_ef48_0.55_0.15_0.15_0.15_exp kM 0.0001 2 8 0 1048576 6015398 42106093 4.079018 6.319510 28 707022 71150039179.00
rmat_s20_ef48_0.55_0.15_0.15_0.15_exp kM 0.0001 2 8 1 1048576 6013437 42108054 4.092573 6.358738 29 707087 71139464038.00
rmat_s20_ef48_0.55_0.15_0.15_0.15_exp kM 0.0001 2 8 2 1048576 6018977 42102514 4.102469 6.149758 31 706998 71132724175.00
rmat_s20_ef48_0.55_0.15_0.15_0.15_exp kM 0.0001 8 1 0 1048576 48121491 0 19.295224 277.914487 99 2386389 193556640492.00
rmat_s20_ef48_0.55_0.15_0.15_0.15_exp kM 0.0001 8 1 1 1048576 48121491 0 26.236654 282.297072 99 2386389 193556640492.00
rmat_s20_ef48_0.55_0.15_0.15_0.15_exp kM 0.0001 8 1 2 1048576 48121491 0 26.274776 280.608816 99 2386389 193556640492.00
rmat_s20_ef48_0.55_0.15_0.15_0.15_exp kM 0.0001 8 32 0 1048576 1502893 46618598 3.378965 14.132234 97 2386750 193567549479.00
rmat_s20_ef48_0.55_0.15_0.15_0.15_exp kM 0.0001 8 32 1 1048576 1503099 46618392 3.306680 14.333004 96 2386609 193573386294.00
rmat_s20_ef48_0.55_0.15_0.15_0.15_exp kM 0.0001 8 32 2 1048576 1504839 46616652 3.346792 14.185593 97 2386539 193555279783.00
rmat_s20_ef48_0.55_0.15_0.15_0.15_exp kM 0.0001 8 8 0 1048576 6015398 42106093 3.931961 23.254009 97 2386185 193552087263.00
rmat_s20_ef48_0.55_0.15_0.15_0.15_exp kM 0.0001 8 8 1 1048576 6013437 42108054 4.137104 24.347105 96 2386130 193556383432.00
rmat_s20_ef48_0.55_0.15_0.15_0.15_exp kM 0.0001 8 8 2 1048576 6018977 42102514 4.193783 24.114417 99 2386641 193552609356.00
rmat_s20_ef48_0.55_0.15_0.15_0.15_exp kM 0.001 16 1 0 1048576 48121491 0 14.990910 426.649396 170 4102978 295383788553.00
rmat_s20_ef48_0.55_0.15_0.15_0.15_exp kM 0.001 16 1 1 1048576 48121491 0 14.583065 424.877267 170 4102978 295383788553.00
rmat_s20_ef48_0.55_0.15_0.15_0.15_exp kM 0.001 16 1 2 1048576 48121491 0 13.984148 425.469200 170 4102978 295383788553.00
rmat_s20_ef48_0.55_0.15_0.15_0.15_exp kM 0.001 16 32 0 1048576 1502893 46618598 5.358209 27.885176 166 4102891 295401168136.00
rmat_s20_ef48_0.55_0.15_0.15_0.15_exp kM 0.001 16 32 1 1048576 1503099 46618392 5.823837 28.888042 169 4102535 295398419519.00
rmat_s20_ef48_0.55_0.15_0.15_0.15_exp kM 0.001 16 32 2 1048576 1504839 46616652 5.820277 28.315281 168 4102858 295392406105.00
rmat_s20_ef48_0.55_0.15_0.15_0.15_exp kM 0.001 16 8 0 1048576 6015398 42106093 3.979991 42.140265 167 4103107 295405100641.00
rmat_s20_ef48_0.55_0.15_0.15_0.15_exp kM 0.001 16 8 1 1048576 6013437 42108054 4.016666 42.842571 169 4102696 295405621119.00
rmat_s20_ef48_0.55_0.15_0.15_0.15_exp kM 0.001 16 8 2 1048576 6018977 42102514 4.176982 42.332985 163 4102721 295392749278.00
rmat_s20_ef48_0.55_0.15_0.15_0.15_exp kM 0.001 2 1 0 1048576 48121491 0 13.169222 14.817905 29 706903 71148430239.00
rmat_s20_ef48_0.55_0.15_0.15_0.15_exp kM 0.001 2 1 1 1048576 48121491 0 12.298850 17.501732 29 706903 71148430239.00
rmat_s20_ef48_0.55_0.15_0.15_0.15_exp kM 0.001 2 1 2 1048576 48121491 0 11.888534 18.282549 29 706903 71148430239.00
rmat_s20_ef48_0.55_0.15_0.15_0.15_exp kM 0.001 2 32 0 1048576 1502893 46618598 3.509786 3.778283 28 707009 71140301984.00
rmat_s20_ef48_0.55_0.15_0.15_0.15_exp kM 0.001 2 32 1 1048576 1503099 46618392 3.512970 3.848048 29 706799 71152421175.00
rmat_s20_ef48_0.55_0.15_0.15_0.15_exp kM 0.001 2 32 2 1048576 1504839 46616652 3.452052 3.827768 28 707110 71155194489.00
rmat_s20_ef48_0.55_0.15_0.15_0.15_exp kM 0.001 2 8 0 1048576 6015398 42106093 5.069486 6.394539 28 707225 71156061701.00
rmat_s20_ef48_0.55_0.15_0.15_0.15_exp kM 0.001 2 8 1 1048576 6013437 42108054 4.235725 6.435631 29 706875 71140065688.00
rmat_s20_ef48_0.55_0.15_0.15_0.15_exp kM 0.001 2 8 2 1048576 6018977 42102514 4.259445 6.182821 29 707275 71138736520.00
rmat_s20_ef48_0.55_0.15_0.15_0.15_exp kM 0.001 8 1 0 1048576 48121491 0 25.224775 277.280636 94 2386445 193571876085.00
rmat_s20_ef48_0.55_0.15_0.15_0.15_exp kM 0.001 8 1 1 1048576 48121491 0 25.782841 276.607604 94 2386445 193571876085.00
rmat_s20_ef48_0.55_0.15_0.15_0.15_exp kM 0.001 8 1 2 1048576 48121491 0 25.886518 278.734147 94 2386445 193571876085.00
rmat_s20_ef48_0.55_0.15_0.15_0.15_exp kM 0.001 8 32 0 1048576 1502893 46618598 4.286034 15.759770 98 2386546 193569497386.00
rmat_s20_ef48_0.55_0.15_0.15_0.15_exp kM 0.001 8 32 1 1048576 1503099 46618392 4.327122 15.449421 94 2386631 193571796104.00
rmat_s20_ef48_0.55_0.15_0.15_0.15_exp kM 0.001 8 32 2 1048576 1504839 46616652 4.259970 15.428557 95 2386700 193568844847.00
rmat_s20_ef48_0.55_0.15_0.15_0.15_exp kM 0.001 8 8 0 1048576 6015398 42106093 4.012492 22.791400 94 2386696 193565526815.00
rmat_s20_ef48_0.55_0.15_0.15_0.15_exp kM 0.001 8 8 1 1048576 6013437 42108054 4.021669 23.138504 96 2386420 193562335600.00
rmat_s20_ef48_0.55_0.15_0.15_0.15_exp kM 0.001 8 8 2 1048576 6018977 42102514 4.237937 23.516553 99 2386648 193561505405.00
rmat_s20_ef48_0.55_0.15_0.15_0.15_exp kM 0.01 16 1 0 1048576 48121491 0 12.566665 281.546853 114 4103582 295482855874.00
rmat_s20_ef48_0.55_0.15_0.15_0.15_exp kM 0.01 16 1 1 1048576 48121491 0 12.386144 287.383024 114 4103582 295482855874.00
rmat_s20_ef48_0.55_0.15_0.15_0.15_exp kM 0.01 16 1 2 1048576 48121491 0 13.292642 285.283999 114 4103582 295482855874.00
rmat_s20_ef48_0.55_0.15_0.15_0.15_exp kM 0.01 16 32 0 1048576 1502893 46618598 5.500125 23.989535 118 4103643 295479659383.00
rmat_s20_ef48_0.55_0.15_0.15_0.15_exp kM 0.01 16 32 1 1048576 1503099 46618392 5.762361 24.055886 116 4103917 295467820960.00
rmat_s20_ef48_0.55_0.15_0.15_0.15_exp kM 0.01 16 32 2 1048576 1504839 46616652 5.810475 23.934035 118 4103436 295472407169.00
rmat_s20_ef48_0.55_0.15_0.15_0.15_exp kM 0.01 16 8 0 1048576 6015398 42106093 4.061764 37.214398 115 4103823 295487672633.00
rmat_s20_ef48_0.55_0.15_0.15_0.15_exp kM 0.01 16 8 1 1048576 6013437 42108054 4.099576 37.068978 118 4103661 295483839892.00
rmat_s20_ef48_0.55_0.15_0.15_0.15_exp kM 0.01 16 8 2 1048576 6018977 42102514 4.134532 36.626523 116 4103694 295471787439.00
rmat_s20_ef48_0.55_0.15_0.15_0.15_exp kM 0.01 2 1 0 1048576 48121491 0 12.388219 14.944701 27 707118 71167339432.00
rmat_s20_ef48_0.55_0.15_0.15_0.15_exp kM 0.01 2 1 1 1048576 48121491 0 12.735356 15.750124 27 707118 71167339432.00
rmat_s20_ef48_0.55_0.15_0.15_0.15_exp kM 0.01 2 1 2 1048576 48121491 0 12.983748 15.888361 27 707118 71167339432.00
rmat_s20_ef48_0.55_0.15_0.15_0.15_exp kM 0.01 2 32 0 1048576 1502893 46618598 5.170153 3.996254 26 707095 71166410077.00
rmat_s20_ef48_0.55_0.15_0.15_0.15_exp kM 0.01 2 32 1 1048576 1503099 46618392 5.555501 3.921592 27 706947 71164431280.00
rmat_s20_ef48_0.55_0.15_0.15_0.15_exp kM 0.01 2 32 2 1048576 1504839 46616652 5.192381 3.808919 26 706951 71143799658.00
rmat_s20_ef48_0.55_0.15_0.15_0.15_exp kM 0.01 2 8 0 1048576 6015398 42106093 4.396000 6.206467 26 706914 71153157390.00
rmat_s20_ef48_0.55_0.15_0.15_0.15_exp kM 0.01 2 8 1 1048576 6013437 42108054 4.041114 6.285194 28 707048 71156642009.00
rmat_s20_ef48_0.55_0.15_0.15_0.15_exp kM 0.01 2 8 2 1048576 6018977 42102514 4.145947 6.150587 27 707210 71159469090.00
rmat_s20_ef48_0.55_0.15_0.15_0.15_exp kM 0.01 8 1 0 1048576 48121491 0 25.881723 205.136104 77 2387325 193636681701.00
rmat_s20_ef48_0.55_0.15_0.15_0.15_exp kM 0.01 8 1 1 1048576 48121491 0 25.981460 205.184883 77 2387325 193636681701.00
rmat_s20_ef48_0.55_0.15_0.15_0.15_exp kM 0.01 8 1 2 1048576 48121491 0 25.934920 206.059376 77 2387325 193636681701.00
rmat_s20_ef48_0.55_0.15_0.15_0.15_exp kM 0.01 8 32 0 1048576 1502893 46618598 6.527115 15.049172 75 2387469 193610771292.00
rmat_s20_ef48_0.55_0.15_0.15_0.15_exp kM 0.01 8 32 1 1048576 1503099 46618392 6.602126 14.935701 77 2387300 193631652808.00
rmat_s20_ef48_0.55_0.15_0.15_0.15_exp kM 0.01 8 32 2 1048576 1504839 46616652 6.518555 15.177136 76 2387030 193633883077.00
rmat_s20_ef48_0.55_0.15_0.15_0.15_exp kM 0.01 8 8 0 1048576 6015398 42106093 3.928332 23.516863 78 2387164 193636254209.00
rmat_s20_ef48_0.55_0.15_0.15_0.15_exp kM 0.01 8 8 1 1048576 6013437 42108054 4.276641 24.629236 75 2387353 193628795227.00
rmat_s20_ef48_0.55_0.15_0.15_0.15_exp kM 0.01 8 8 2 1048576 6018977 42102514 4.806095 24.926777 76 2386885 193613206539.00
rmat_s20_ef48_0.55_0.15_0.15_0.15_exp kM 0.1 16 1 0 1048576 48121491 0 12.220510 35.242563 36 4109687 295642505100.00
rmat_s20_ef48_0.55_0.15_0.15_0.15_exp kM 0.1 16 1 1 1048576 48121491 0 13.340346 36.419354 36 4109687 295642505100.00
rmat_s20_ef48_0.55_0.15_0.15_0.15_exp kM 0.1 16 1 2 1048576 48121491 0 13.016431 36.818895 36 4109687 295642505100.00
rmat_s20_ef48_0.55_0.15_0.15_0.15_exp kM 0.1 16 32 0 1048576 1502893 46618598 4.632923 17.935103 36 4109653 295546367042.00
rmat_s20_ef48_0.55_0.15_0.15_0.15_exp kM 0.1 16 32 1 1048576 1503099 46618392 4.820348 17.659255 39 4109619 295551830750.00
rmat_s20_ef48_0.55_0.15_0.15_0.15_exp kM 0.1 16 32 2 1048576 1504839 46616652 4.592324 17.773325 38 4109705 295554500267.00
rmat_s20_ef48_0.55_0.15_0.15_0.15_exp kM 0.1 16 8 0 1048576 6015398 42106093 4.329294 30.666089 36 4110118 295566980264.00
rmat_s20_ef48_0.55_0.15_0.15_0.15_exp kM 0.1 16 8 1 1048576 6013437 42108054 4.123004 30.489044 36 4109662 295563282587.00
rmat_s20_ef48_0.55_0.15_0.15_0.15_exp kM 0.1 16 8 2 1048576 6018977 42102514 4.085371 29.583472 36 4109622 295561682077.00
rmat_s20_ef48_0.55_0.15_0.15_0.15_exp kM 0.1 2 1 0 1048576 48121491 0 11.151604 8.279307 16 708324 71136892259.00
rmat_s20_ef48_0.55_0.15_0.15_0.15_exp kM 0.1 2 1 1 1048576 48121491 0 12.832573 9.303911 16 708324 71136892259.00
rmat_s20_ef48_0.55_0.15_0.15_0.15_exp kM 0.1 2 1 2 1048576 48121491 0 12.891986 8.641768 16 708324 71136892259.00
rmat_s20_ef48_0.55_0.15_0.15_0.15_exp kM 0.1 2 32 0 1048576 1502893 46618598 4.057084 3.590660 18 708656 71093668138.00
rmat_s20_ef48_0.55_0.15_0.15_0.15_exp kM 0.1 2 32 1 1048576 1503099 46618392 4.281106 3.568894 16 708281 71107633365.00
rmat_s20_ef48_0.55_0.15_0.15_0.15_exp kM 0.1 2 32 2 1048576 1504839 46616652 3.606780 3.377582 17 708453 71105814684.00
rmat_s20_ef48_0.55_0.15_0.15_0.15_exp kM 0.1 2 8 0 1048576 6015398 42106093 4.256312 5.731516 16 708631 71105343468.00
rmat_s20_ef48_0.55_0.15_0.15_0.15_exp kM 0.1 2 8 1 1048576 6013437 42108054 4.380203 5.869295 16 708636 71123439285.00
rmat_s20_ef48_0.55_0.15_0.15_0.15_exp kM 0.1 2 8 2 1048576 6018977 42102514 3.938288 5.735173 17 708563 71108753968.00
rmat_s20_ef48_0.55_0.15_0.15_0.15_exp kM 0 16 1 0 1048576 48121491 0 16.595943 462.361246 176 4102658 295379277299.00
rmat_s20_ef48_0.55_0.15_0.15_0.15_exp kM 0 16 1 1 1048576 48121491 0 15.512194 452.920080 176 4102658 295379277299.00
rmat_s20_ef48_0.55_0.15_0.15_0.15_exp kM 0 16 1 2 1048576 48121491 0 14.713446 454.762313 176 4102658 295379277299.00
rmat_s20_ef48_0.55_0.15_0.15_0.15_exp kM 0 16 32 0 1048576 1502893 46618598 3.530271 27.608527 172 4103017 295375743920.00
rmat_s20_ef48_0.55_0.15_0.15_0.15_exp kM 0 16 32 1 1048576 1503099 46618392 3.576390 27.633057 176 4102711 295382406126.00
rmat_s20_ef48_0.55_0.15_0.15_0.15_exp kM 0 16 32 2 1048576 1504839 46616652 4.118753 27.242138 173 4102341 295379660956.00
rmat_s20_ef48_0.55_0.15_0.15_0.15_exp kM 0 16 8 0 1048576 6015398 42106093 4.102783 42.085046 175 4102697 295375824707.00
rmat_s20_ef48_0.55_0.15_0.15_0.15_exp kM 0 16 8 1 1048576 6013437 42108054 4.015492 42.940833 177 4102805 295386822203.00
rmat_s20_ef48_0.55_0.15_0.15_0.15_exp kM 0 16 8 2 1048576 6018977 42102514 4.528470 43.523371 174 4102653 295379657391.00
rmat_s20_ef48_0.55_0.15_0.15_0.15_exp kM 0.1 8 1 0 1048576 48121491 0 12.118578 25.808384 29 2391410 193723361533.00
rmat_s20_ef48_0.55_0.15_0.15_0.15_exp kM 0.1 8 1 1 1048576 48121491 0 12.820579 24.665306 29 2391410 193723361533.00
rmat_s20_ef48_0.55_0.15_0.15_0.15_exp kM 0.1 8 1 2 1048576 48121491 0 13.435192 26.436633 29 2391410 193723361533.00
rmat_s20_ef48_0.55_0.15_0.15_0.15_exp kM 0.1 8 32 0 1048576 1502893 46618598 5.417749 10.786565 31 2391268 193675368146.00
rmat_s20_ef48_0.55_0.15_0.15_0.15_exp kM 0.1 8 32 1 1048576 1503099 46618392 5.137858 10.853787 29 2391381 193681530273.00
rmat_s20_ef48_0.55_0.15_0.15_0.15_exp kM 0.1 8 32 2 1048576 1504839 46616652 4.789262 10.911845 30 2391210 193671679886.00
rmat_s20_ef48_0.55_0.15_0.15_0.15_exp kM 0.1 8 8 0 1048576 6015398 42106093 4.212846 18.040979 30 2391461 193683358755.00
rmat_s20_ef48_0.55_0.15_0.15_0.15_exp kM 0.1 8 8 1 1048576 6013437 42108054 4.218829 17.868855 30 2391292 193683775794.00
rmat_s20_ef48_0.55_0.15_0.15_0.15_exp kM 0.1 8 8 2 1048576 6018977 42102514 3.996800 18.174141 30 2391584 193686652294.00
rmat_s20_ef48_0.55_0.15_0.15_0.15_exp kM 0 2 1 0 1048576 48121491 0 12.896903 16.738187 31 707212 71152609500.00
rmat_s20_ef48_0.55_0.15_0.15_0.15_exp kM 0 2 1 1 1048576 48121491 0 13.037362 16.577158 31 707212 71152609500.00
rmat_s20_ef48_0.55_0.15_0.15_0.15_exp kM 0 2 1 2 1048576 48121491 0 14.111426 20.804364 31 707212 71152609500.00
rmat_s20_ef48_0.55_0.15_0.15_0.15_exp kM 0 2 32 0 1048576 1502893 46618598 4.394393 4.182369 28 707141 71137897028.00
rmat_s20_ef48_0.55_0.15_0.15_0.15_exp kM 0 2 32 1 1048576 1503099 46618392 4.467047 4.082801 28 706812 71141116939.00
rmat_s20_ef48_0.55_0.15_0.15_0.15_exp kM 0 2 32 2 1048576 1504839 46616652 3.842489 3.916417 28 706908 71134572717.00
rmat_s20_ef48_0.55_0.15_0.15_0.15_exp kM 0 2 8 0 1048576 6015398 42106093 4.331011 6.274905 29 707340 71151213470.00
rmat_s20_ef48_0.55_0.15_0.15_0.15_exp kM 0 2 8 1 1048576 6013437 42108054 4.176888 6.245706 29 707127 71157716468.00
rmat_s20_ef48_0.55_0.15_0.15_0.15_exp kM 0 2 8 2 1048576 6018977 42102514 4.122821 6.416148 29 707141 71147640008.00
rmat_s20_ef48_0.55_0.15_0.15_0.15_exp kM 0.5 16 1 0 1048576 48121491 0 12.091339 10.517252 10 4127720 287746731236.00
rmat_s20_ef48_0.55_0.15_0.15_0.15_exp kM 0.5 16 1 1 1048576 48121491 0 12.090320 10.091084 10 4127720 287746731236.00
rmat_s20_ef48_0.55_0.15_0.15_0.15_exp kM 0.5 16 1 2 1048576 48121491 0 13.206095 9.598131 10 4127720 287746731236.00
rmat_s20_ef48_0.55_0.15_0.15_0.15_exp kM 0.5 16 32 0 1048576 1502893 46618598 5.064281 16.812967 10 4126806 286521361320.00
rmat_s20_ef48_0.55_0.15_0.15_0.15_exp kM 0.5 16 32 1 1048576 1503099 46618392 5.589283 16.485560 10 4126967 286515472353.00
rmat_s20_ef48_0.55_0.15_0.15_0.15_exp kM 0.5 16 32 2 1048576 1504839 46616652 5.027666 16.633815 11 4126787 286498067780.00
rmat_s20_ef48_0.55_0.15_0.15_0.15_exp kM 0.5 16 8 0 1048576 6015398 42106093 4.143541 28.548745 10 4126785 286596715575.00
rmat_s20_ef48_0.55_0.15_0.15_0.15_exp kM 0.5 16 8 1 1048576 6013437 42108054 4.020005 30.249853 11 4127101 286617815307.00
rmat_s20_ef48_0.55_0.15_0.15_0.15_exp kM 0.5 16 8 2 1048576 6018977 42102514 4.035381 29.073000 10 4126943 286624001614.00
rmat_s20_ef48_0.55_0.15_0.15_0.15_exp kM 0.5 2 1 0 1048576 48121491 0 23.604706 6.848162 7 715010 65739217647.00
rmat_s20_ef48_0.55_0.15_0.15_0.15_exp kM 0.5 2 1 1 1048576 48121491 0 22.465472 5.678178 7 715010 65739217647.00
rmat_s20_ef48_0.55_0.15_0.15_0.15_exp kM 0.5 2 1 2 1048576 48121491 0 20.723926 4.972287 7 715010 65739217647.00
rmat_s20_ef48_0.55_0.15_0.15_0.15_exp kM 0.5 2 32 0 1048576 1502893 46618598 5.226637 3.214529 8 711900 63461834774.00
rmat_s20_ef48_0.55_0.15_0.15_0.15_exp kM 0.5 2 32 1 1048576 1503099 46618392 5.525246 3.103346 7 711925 63484772268.00
rmat_s20_ef48_0.55_0.15_0.15_0.15_exp kM 0.5 2 32 2 1048576 1504839 46616652 5.237967 3.078345 7 711978 63471811512.00
rmat_s20_ef48_0.55_0.15_0.15_0.15_exp kM 0.5 2 8 0 1048576 6015398 42106093 3.971556 5.347304 7 711926 63542871585.00
rmat_s20_ef48_0.55_0.15_0.15_0.15_exp kM 0.5 2 8 1 1048576 6013437 42108054 3.921683 5.375153 7 711946 63542793600.00
rmat_s20_ef48_0.55_0.15_0.15_0.15_exp kM 0.5 2 8 2 1048576 6018977 42102514 4.278560 5.391615 7 711741 63536144950.00
rmat_s20_ef48_0.55_0.15_0.15_0.15_exp kM 0.5 8 1 0 1048576 48121491 0 11.311101 7.825657 10 2402223 186416449265.00
rmat_s20_ef48_0.55_0.15_0.15_0.15_exp kM 0.5 8 1 1 1048576 48121491 0 12.754968 7.985381 10 2402223 186416449265.00
rmat_s20_ef48_0.55_0.15_0.15_0.15_exp kM 0.5 8 1 2 1048576 48121491 0 12.718039 8.183003 10 2402223 186416449265.00
rmat_s20_ef48_0.55_0.15_0.15_0.15_exp kM 0.5 8 32 0 1048576 1502893 46618598 3.825292 9.949654 10 2403132 184449458978.00
rmat_s20_ef48_0.55_0.15_0.15_0.15_exp kM 0.5 8 32 1 1048576 1503099 46618392 4.846130 9.695853 10 2403309 184443027585.00
rmat_s20_ef48_0.55_0.15_0.15_0.15_exp kM 0.5 8 32 2 1048576 1504839 46616652 4.718722 9.569564 9 2403009 184427770562.00
rmat_s20_ef48_0.55_0.15_0.15_0.15_exp kM 0.5 8 8 0 1048576 6015398 42106093 4.172794 17.293574 10 2403098 184535682953.00
rmat_s20_ef48_0.55_0.15_0.15_0.15_exp kM 0.5 8 8 1 1048576 6013437 42108054 4.327771 17.324957 9 2403170 184513823409.00
rmat_s20_ef48_0.55_0.15_0.15_0.15_exp kM 0.5 8 8 2 1048576 6018977 42102514 3.922630 17.660224 10 2402829 184505582759.00
rmat_s20_ef48_0.55_0.15_0.15_0.15_exp kM 0 8 1 0 1048576 48121491 0 23.678791 289.034161 94 2386268 193558019636.00
rmat_s20_ef48_0.55_0.15_0.15_0.15_exp kM 0 8 1 1 1048576 48121491 0 24.525871 288.472025 94 2386268 193558019636.00
rmat_s20_ef48_0.55_0.15_0.15_0.15_exp kM 0 8 1 2 1048576 48121491 0 26.120395 285.248848 94 2386268 193558019636.00
rmat_s20_ef48_0.55_0.15_0.15_0.15_exp kM 0 8 32 0 1048576 1502893 46618598 3.229504 14.869912 96 2386750 193555003495.00
rmat_s20_ef48_0.55_0.15_0.15_0.15_exp kM 0 8 32 1 1048576 1503099 46618392 3.725560 15.320786 96 2386720 193560554633.00
rmat_s20_ef48_0.55_0.15_0.15_0.15_exp kM 0 8 32 2 1048576 1504839 46616652 3.935934 14.548821 101 2386146 193561484053.00
rmat_s20_ef48_0.55_0.15_0.15_0.15_exp kM 0 8 8 0 1048576 6015398 42106093 4.037148 23.007203 97 2386179 193544385704.00
rmat_s20_ef48_0.55_0.15_0.15_0.15_exp kM 0 8 8 1 1048576 6013437 42108054 4.013938 23.188627 97 2386806 193562330848.00
rmat_s20_ef48_0.55_0.15_0.15_0.15_exp kM 0 8 8 2 1048576 6018977 42102514 4.445753 23.615503 98 2386528 193577917565.00
rmat_s20_ef48_0.55_0.15_0.15_0.15_exp kM 1 16 1 0 1048576 48121491 0 12.787523 9.848174 1 4812283 153918023495.00
rmat_s20_ef48_0.55_0.15_0.15_0.15_exp kM 1 16 1 1 1048576 48121491 0 12.791008 10.640064 1 4812283 153918023495.00
rmat_s20_ef48_0.55_0.15_0.15_0.15_exp kM 1 16 1 2 1048576 48121491 0 13.186546 10.782236 1 4812283 153918023495.00
rmat_s20_ef48_0.55_0.15_0.15_0.15_exp kM 1 16 32 0 1048576 1502893 46618598 3.277438 18.002773 2 4277793 136920606115.00
rmat_s20_ef48_0.55_0.15_0.15_0.15_exp kM 1 16 32 1 1048576 1503099 46618392 4.981879 17.212323 2 4278191 136857600964.00
rmat_s20_ef48_0.55_0.15_0.15_0.15_exp kM 1 16 32 2 1048576 1504839 46616652 4.879947 17.229793 2 4277407 136845537364.00
rmat_s20_ef48_0.55_0.15_0.15_0.15_exp kM 1 16 8 0 1048576 6015398 42106093 4.365405 33.283980 2 4286961 137150648878.00
rmat_s20_ef48_0.55_0.15_0.15_0.15_exp kM 1 16 8 1 1048576 6013437 42108054 4.438781 32.866726 2 4287136 137170874056.00
rmat_s20_ef48_0.55_0.15_0.15_0.15_exp kM 1 16 8 2 1048576 6018977 42102514 4.016059 32.139111 2 4288391 137215233918.00
rmat_s20_ef48_0.55_0.15_0.15_0.15_exp kM 1 2 1 0 1048576 48121491 0 10.949535 9.865211 1 856921 27430384315.00
rmat_s20_ef48_0.55_0.15_0.15_0.15_exp kM 1 2 1 1 1048576 48121491 0 12.756223 10.054373 1 856921 27430384315.00
rmat_s20_ef48_0.55_0.15_0.15_0.15_exp kM 1 2 1 2 1048576 48121491 0 12.938928 9.005488 1 856921 27430384315.00
rmat_s20_ef48_0.55_0.15_0.15_0.15_exp kM 1 2 32 0 1048576 1502893 46618598 3.538647 4.589323 2 744153 23824526479.00
rmat_s20_ef48_0.55_0.15_0.15_0.15_exp kM 1 2 32 1 1048576 1503099 46618392 4.337437 4.289985 2 743246 23785794720.00
rmat_s20_ef48_0.55_0.15_0.15_0.15_exp kM 1 2 32 2 1048576 1504839 46616652 4.433789 4.342649 2 743427 23794319493.00
rmat_s20_ef48_0.55_0.15_0.15_0.15_exp kM 1 2 8 0 1048576 6015398 42106093 4.327344 7.375277 2 744315 23800508037.00
rmat_s20_ef48_0.55_0.15_0.15_0.15_exp kM 1 2 8 1 1048576 6013437 42108054 4.132232 7.417099 2 743601 23808263578.00
rmat_s20_ef48_0.55_0.15_0.15_0.15_exp kM 1 2 8 2 1048576 6018977 42102514 4.014384 7.261759 2 743903 23772212295.00
rmat_s20_ef48_0.55_0.15_0.15_0.15_exp kM 1 8 1 0 1048576 48121491 0 11.835045 9.954961 1 2844421 91016421733.00
rmat_s20_ef48_0.55_0.15_0.15_0.15_exp kM 1 8 1 1 1048576 48121491 0 12.156017 9.873737 1 2844421 91016421733.00
rmat_s20_ef48_0.55_0.15_0.15_0.15_exp kM 1 8 1 2 1048576 48121491 0 13.667144 9.293917 1 2844421 91016421733.00
rmat_s20_ef48_0.55_0.15_0.15_0.15_exp kM 1 8 32 0 1048576 1502893 46618598 4.365675 11.103102 2 2492542 79768530280.00
rmat_s20_ef48_0.55_0.15_0.15_0.15_exp kM 1 8 32 1 1048576 1503099 46618392 5.560253 11.018395 2 2492191 79769382125.00
rmat_s20_ef48_0.55_0.15_0.15_0.15_exp kM 1 8 32 2 1048576 1504839 46616652 5.272385 10.846618 2 2491896 79715173429.00
rmat_s20_ef48_0.55_0.15_0.15_0.15_exp kM 1 8 8 0 1048576 6015398 42106093 4.173653 18.665952 2 2496674 79855364869.00
rmat_s20_ef48_0.55_0.15_0.15_0.15_exp kM 1 8 8 1 1048576 6013437 42108054 4.198890 19.443765 2 2496105 79900024157.00
rmat_s20_ef48_0.55_0.15_0.15_0.15_exp kM 1 8 8 2 1048576 6018977 42102514 4.088790 18.732209 2 2496495 79873958519.00
rmat_s20_ef48_0.55_0.15_0.15_0.15_uni kM 0.0001 16 1 0 1048576 48125802 0 17.000984 330.744425 154 4105232 1538873300612.00
rmat_s20_ef48_0.55_0.15_0.15_0.15_uni kM 0.0001 16 1 1 1048576 48125802 0 16.477885 332.101588 154 4105232 1538873300612.00
rmat_s20_ef48_0.55_0.15_0.15_0.15_uni kM 0.0001 16 1 2 1048576 48125802 0 16.328377 333.534307 154 4105232 1538873300612.00
rmat_s20_ef48_0.55_0.15_0.15_0.15_uni kM 0.0001 16 32 0 1048576 1503024 46622778 3.323025 25.395462 150 4104745 1538763230122.00
rmat_s20_ef48_0.55_0.15_0.15_0.15_uni kM 0.0001 16 32 1 1048576 1505506 46620296 3.966697 25.448872 148 4104579 1538750383745.00
rmat_s20_ef48_0.55_0.15_0.15_0.15_uni kM 0.0001 16 32 2 1048576 1503146 46622656 3.949928 25.690757 145 4104826 1538763453512.00
rmat_s20_ef48_0.55_0.15_0.15_0.15_uni kM 0.0001 16 8 0 1048576 6013220 42112582 3.903768 38.588170 150 4104802 1538800342895.00
rmat_s20_ef48_0.55_0.15_0.15_0.15_uni kM 0.0001 16 8 1 1048576 6015477 42110325 4.650986 40.518586 147 4104550 1538763445950.00
rmat_s20_ef48_0.55_0.15_0.15_0.15_uni kM 0.0001 16 8 2 1048576 6018915 42106887 4.614393 39.980183 151 4104991 1538831277928.00
rmat_s20_ef48_0.55_0.15_0.15_0.15_uni kM 0.0001 2 1 0 1048576 48125802 0 12.319580 15.424061 27 707138 294219038509.00
rmat_s20_ef48_0.55_0.15_0.15_0.15_uni kM 0.0001 2 1 1 1048576 48125802 0 13.132873 19.824741 27 707138 294219038509.00
rmat_s20_ef48_0.55_0.15_0.15_0.15_uni kM 0.0001 2 1 2 1048576 48125802 0 13.103913 19.482185 27 707138 294219038509.00
rmat_s20_ef48_0.55_0.15_0.15_0.15_uni kM 0.0001 2 32 0 1048576 1503024 46622778 4.238720 4.013128 27 707190 294246567772.00
rmat_s20_ef48_0.55_0.15_0.15_0.15_uni kM 0.0001 2 32 1 1048576 1505506 46620296 4.545430 3.930511 31 707239 294246196999.00
rmat_s20_ef48_0.55_0.15_0.15_0.15_uni kM 0.0001 2 32 2 1048576 1503146 46622656 4.487684 3.917289 26 707216 294272238475.00
rmat_s20_ef48_0.55_0.15_0.15_0.15_uni kM 0.0001 2 8 0 1048576 6013220 42112582 4.267242 6.176308 26 707073 294152139262.00
rmat_s20_ef48_0.55_0.15_0.15_0.15_uni kM 0.0001 2 8 1 1048576 6015477 42110325 4.009054 6.167612 27 707274 294270417888.00
rmat_s20_ef48_0.55_0.15_0.15_0.15_uni kM 0.0001 2 8 2 1048576 6018915 42106887 4.089301 6.218433 27 707341 294303233327.00
rmat_s20_ef48_0.55_0.15_0.15_0.15_uni kM 0.0001 8 1 0 1048576 48125802 0 21.846574 217.908803 88 2386992 932738947806.00
rmat_s20_ef48_0.55_0.15_0.15_0.15_uni kM 0.0001 8 1 1 1048576 48125802 0 26.189718 217.042104 88 2386992 932738947806.00
rmat_s20_ef48_0.55_0.15_0.15_0.15_uni kM 0.0001 8 1 2 1048576 48125802 0 26.293451 215.877923 88 2386992 932738947806.00
rmat_s20_ef48_0.55_0.15_0.15_0.15_uni kM 0.0001 8 32 0 1048576 1503024 46622778 4.139932 15.498084 87 2387421 932760723163.00
rmat_s20_ef48_0.55_0.15_0.15_0.15_uni kM 0.0001 8 32 1 1048576 1505506 46620296 4.468982 15.057243 87 2387126 932717764186.00
rmat_s20_ef48_0.55_0.15_0.15_0.15_uni kM 0.0001 8 32 2 1048576 1503146 46622656 4.292716 15.058030 87 2387258 932709071656.00
rmat_s20_ef48_0.55_0.15_0.15_0.15_uni kM 0.0001 8 8 0 1048576 6013220 42112582 3.968256 21.572923 86 2387486 932771052754.00
rmat_s20_ef48_0.55_0.15_0.15_0.15_uni kM 0.0001 8 8 1 1048576 6015477 42110325 4.156848 24.432694 87 2387188 932747797358.00
rmat_s20_ef48_0.55_0.15_0.15_0.15_uni kM 0.0001 8 8 2 1048576 6018915 42106887 4.069167 25.401617 85 2387029 932717278463.00
rmat_s20_ef48_0.55_0.15_0.15_0.15_uni kM 0.001 16 1 0 1048576 48125802 0 11.554986 86.744177 106 4105217 1539104733543.00
rmat_s20_ef48_0.55_0.15_0.15_0.15_uni kM 0.001 16 1 1 1048576 48125802 0 12.533135 95.985645 106 4105217 1539104733543.00
rmat_s20_ef48_0.55_0.15_0.15_0.15_uni kM 0.001 16 1 2 1048576 48125802 0 13.080293 94.004188 106 4105217 1539104733543.00
rmat_s20_ef48_0.55_0.15_0.15_0.15_uni kM 0.001 16 32 0 1048576 1503024 46622778 4.369440 22.004836 102 4104863 1538946325594.00
rmat_s20_ef48_0.55_0.15_0.15_0.15_uni kM 0.001 16 32 1 1048576 1505506 46620296 4.653749 22.195078 104 4105126 1538973596402.00
rmat_s20_ef48_0.55_0.15_0.15_0.15_uni kM 0.001 16 32 2 1048576 1503146 46622656 4.526919 22.008862 103 4105322 1539029499417.00
rmat_s20_ef48_0.55_0.15_0.15_0.15_uni kM 0.001 16 8 0 1048576 6013220 42112582 4.030203 33.720413 101 4105223 1539106862662.00
rmat_s20_ef48_0.55_0.15_0.15_0.15_uni kM 0.001 16 8 1 1048576 6015477 42110325 4.020382 34.506422 102 4105183 1538999261953.00
rmat_s20_ef48_0.55_0.15_0.15_0.15_uni kM 0.001 16 8 2 1048576 6018915 42106887 4.035989 33.976761 103 4104613 1538974875460.00
rmat_s20_ef48_0.55_0.15_0.15_0.15_uni kM 0.001 2 1 0 1048576 48125802 0 22.970997 17.533862 24 707210 294357541282.00
rmat_s20_ef48_0.55_0.15_0.15_0.15_uni kM 0.001 2 1 1 1048576 48125802 0 23.340309 11.038754 24 707210 294357541282.00
rmat_s20_ef48_0.55_0.15_0.15_0.15_uni kM 0.001 2 1 2 1048576 48125802 0 21.549237 7.882953 24 707210 294357541282.00
rmat_s20_ef48_0.55_0.15_0.15_0.15_uni kM 0.001 2 32 0 1048576 1503024 46622778 5.619721 3.723068 26 707308 294324906053.00
rmat_s20_ef48_0.55_0.15_0.15_0.15_uni kM 0.001 2 32 1 1048576 1505506 46620296 5.807728 3.751251 26 707214 294311737137.00
rmat_s20_ef48_0.55_0.15_0.15_0.15_uni kM 0.001 2 32 2 1048576 1503146 46622656 5.788413 3.690113 23 707172 294283000022.00
rmat_s20_ef48_0.55_0.15_0.15_0.15_uni kM 0.001 2 8 0 1048576 6013220 42112582 4.060007 6.004212 22 707063 294278974628.00
rmat_s20_ef48_0.55_0.15_0.15_0.15_uni kM 0.001 2 8 1 1048576 6015477 42110325 4.012632 5.844456 23 707274 294282547426.00
rmat_s20_ef48_0.55_0.15_0.15_0.15_uni kM 0.001 2 8 2 1048576 6018915 42106887 4.136919 6.157719 23 707227 294325348419.00
rmat_s20_ef48_0.55_0.15_0.15_0.15_uni kM 0.001 8 1 0 1048576 48125802 0 26.103914 50.487163 67 2387643 933018784447.00
rmat_s20_ef48_0.55_0.15_0.15_0.15_uni kM 0.001 8 1 1 1048576 48125802 0 26.431669 50.480177 67 2387643 933018784447.00
rmat_s20_ef48_0.55_0.15_0.15_0.15_uni kM 0.001 8 1 2 1048576 48125802 0 26.553220 49.155161 67 2387643 933018784447.00
rmat_s20_ef48_0.55_0.15_0.15_0.15_uni kM 0.001 8 32 0 1048576 1503024 46622778 3.235647 12.130863 65 2387346 932863671425.00
rmat_s20_ef48_0.55_0.15_0.15_0.15_uni kM 0.001 8 32 1 1048576 1505506 46620296 3.721385 12.095628 65 2387813 932950211260.00
rmat_s20_ef48_0.55_0.15_0.15_0.15_uni kM 0.001 8 32 2 1048576 1503146 46622656 3.981811 12.108506 66 2387615 932869410153.00
rmat_s20_ef48_0.55_0.15_0.15_0.15_uni kM 0.001 8 8 0 1048576 6013220 42112582 3.953983 19.446151 68 2387246 932860796113.00
rmat_s20_ef48_0.55_0.15_0.15_0.15_uni kM 0.001 8 8 1 1048576 6015477 42110325 4.055688 19.735351 64 2387295 932916652772.00
rmat_s20_ef48_0.55_0.15_0.15_0.15_uni kM 0.001 8 8 2 1048576 6018915 42106887 3.996339 19.695939 66 2387334 932906444319.00
rmat_s20_ef48_0.55_0.15_0.15_0.15_uni kM 0.01 16 1 0 1048576 48125802 0 13.084105 24.003386 55 4107104 1540220561452.00
rmat_s20_ef48_0.55_0.15_0.15_0.15_uni kM 0.01 16 1 1 1048576 48125802 0 12.383295 24.004994 55 4107104 1540220561452.00
rmat_s20_ef48_0.55_0.15_0.15_0.15_uni kM 0.01 16 1 2 1048576 48125802 0 12.288438 25.572217 55 4107104 1540220561452.00
rmat_s20_ef48_0.55_0.15_0.15_0.15_uni kM 0.01 16 32 0 1048576 1503024 46622778 4.712015 18.597326 56 4106865 1539757309536.00
rmat_s20_ef48_0.55_0.15_0.15_0.15_uni kM 0.01 16 32 1 1048576 1505506 46620296 4.740303 18.589194 54 4106973 1539813047126.00
rmat_s20_ef48_0.55_0.15_0.15_0.15_uni kM 0.01 16 32 2 1048576 1503146 46622656 4.637651 18.469744 55 4107047 1539852258361.00
rmat_s20_ef48_0.55_0.15_0.15_0.15_uni kM 0.01 16 8 0 1048576 6013220 42112582 4.118469 30.123704 55 4106450 1539763514816.00
rmat_s20_ef48_0.55_0.15_0.15_0.15_uni kM 0.01 16 8 1 1048576 6015477 42110325 4.135610 29.798044 56 4106721 1539810484072.00
rmat_s20_ef48_0.55_0.15_0.15_0.15_uni kM 0.01 16 8 2 1048576 6018915 42106887 4.044403 30.006099 56 4106866 1539831272201.00
rmat_s20_ef48_0.55_0.15_0.15_0.15_uni kM 0.01 2 1 0 1048576 48125802 0 12.994175 7.900713 17 707483 294832235126.00
rmat_s20_ef48_0.55_0.15_0.15_0.15_uni kM 0.01 2 1 1 1048576 48125802 0 12.736607 8.326186 17 707483 294832235126.00
rmat_s20_ef48_0.55_0.15_0.15_0.15_uni kM 0.01 2 1 2 1048576 48125802 0 13.189394 8.481634 17 707483 294832235126.00
rmat_s20_ef48_0.55_0.15_0.15_0.15_uni kM 0.01 2 32 0 1048576 1503024 46622778 4.957614 3.506965 16 707545 294394268607.00
rmat_s20_ef48_0.55_0.15_0.15_0.15_uni kM 0.01 2 32 1 1048576 1505506 46620296 4.857680 3.387158 16 707520 294325753978.00
rmat_s20_ef48_0.55_0.15_0.15_0.15_uni kM 0.01 2 32 2 1048576 1503146 46622656 5.015702 3.471690 17 707428 294379600014.00
rmat_s20_ef48_0.55_0.15_0.15_0.15_uni kM 0.01 2 8 0 1048576 6013220 42112582 4.227544 5.492388 18 707591 294380755240.00
rmat_s20_ef48_0.55_0.15_0.15_0.15_uni kM 0.01 2 8 1 1048576 6015477 42110325 4.012849 5.475510 17 707420 294332266161.00
rmat_s20_ef48_0.55_0.15_0.15_0.15_uni kM 0.01 2 8 2 1048576 6018915 42106887 4.004741 5.452901 16 707318 294306803130.00
rmat_s20_ef48_0.55_0.15_0.15_0.15_uni kM 0.01 8 1 0 1048576 48125802 0 12.281530 16.051718 38 2388909 933821901325.00
rmat_s20_ef48_0.55_0.15_0.15_0.15_uni kM 0.01 8 1 1 1048576 48125802 0 12.345466 16.516592 38 2388909 933821901325.00
rmat_s20_ef48_0.55_0.15_0.15_0.15_uni kM 0.01 8 1 2 1048576 48125802 0 13.256874 15.276122 38 2388909 933821901325.00
rmat_s20_ef48_0.55_0.15_0.15_0.15_uni kM 0.01 8 32 0 1048576 1503024 46622778 4.893069 11.281854 38 2388596 933380155710.00
rmat_s20_ef48_0.55_0.15_0.15_0.15_uni kM 0.01 8 32 1 1048576 1505506 46620296 5.091586 11.034643 39 2388834 933402593179.00
rmat_s20_ef48_0.55_0.15_0.15_0.15_uni kM 0.01 8 32 2 1048576 1503146 46622656 5.159486 11.176628 41 2388273 933320677332.00
rmat_s20_ef48_0.55_0.15_0.15_0.15_uni kM 0.01 8 8 0 1048576 6013220 42112582 4.253893 18.561638 39 2388763 933439658943.00
rmat_s20_ef48_0.55_0.15_0.15_0.15_uni kM 0.01 8 8 1 1048576 6015477 42110325 4.110738 18.569890 38 2388475 933369200616.00
rmat_s20_ef48_0.55_0.15_0.15_0.15_uni kM 0.01 8 8 2 1048576 6018915 42106887 4.086890 18.801304 38 2388904 933461767907.00
rmat_s20_ef48_0.55_0.15_0.15_0.15_uni kM 0.1 16 1 0 1048576 48125802 0 12.355133 9.392942 20 4122989 1548896527192.00
rmat_s20_ef48_0.55_0.15_0.15_0.15_uni kM 0.1 16 1 1 1048576 48125802 0 12.600495 9.778528 20 4122989 1548896527192.00
rmat_s20_ef48_0.55_0.15_0.15_0.15_uni kM 0.1 16 1 2 1048576 48125802 0 12.548082 10.635672 20 4122989 1548896527192.00
rmat_s20_ef48_0.55_0.15_0.15_0.15_uni kM 0.1 16 32 0 1048576 1503024 46622778 4.780460 17.104819 21 4104657 1529231444218.00
rmat_s20_ef48_0.55_0.15_0.15_0.15_uni kM 0.1 16 32 1 1048576 1505506 46620296 4.553337 16.882773 20 4104539 1529148088707.00
rmat_s20_ef48_0.55_0.15_0.15_0.15_uni kM 0.1 16 32 2 1048576 1503146 46622656 4.354456 16.911844 20 4104621 1529150323738.00
rmat_s20_ef48_0.55_0.15_0.15_0.15_uni kM 0.1 16 8 0 1048576 6013220 42112582 4.120561 29.021301 21 4105008 1529841875374.00
rmat_s20_ef48_0.55_0.15_0.15_0.15_uni kM 0.1 16 8 1 1048576 6015477 42110325 4.012503 29.008780 20 4104455 1529697082140.00
rmat_s20_ef48_0.55_0.15_0.15_0.15_uni kM 0.1 16 8 2 1048576 6018915 42106887 4.061044 29.042336 21 4104380 1529635922960.00
rmat_s20_ef48_0.55_0.15_0.15_0.15_uni kM 0.1 2 1 0 1048576 48125802 0 12.035960 7.360858 9 714844 300076874945.00
rmat_s20_ef48_0.55_0.15_0.15_0.15_uni kM 0.1 2 1 1 1048576 48125802 0 12.872081 7.386538 9 714844 300076874945.00
rmat_s20_ef48_0.55_0.15_0.15_0.15_uni kM 0.1 2 1 2 1048576 48125802 0 13.207265 7.709772 9 714844 300076874945.00
rmat_s20_ef48_0.55_0.15_0.15_0.15_uni kM 0.1 2 32 0 1048576 1503024 46622778 4.856844 3.171510 9 706919 290597303867.00
rmat_s20_ef48_0.55_0.15_0.15_0.15_uni kM 0.1 2 32 1 1048576 1505506 46620296 4.662019 3.138305 9 706778 290573946839.00
rmat_s20_ef48_0.55_0.15_0.15_0.15_uni kM 0.1 2 32 2 1048576 1503146 46622656 4.878887 3.138557 10 707085 290525987896.00
rmat_s20_ef48_0.55_0.15_0.15_0.15_uni kM 0.1 2 8 0 1048576 6013220 42112582 4.184938 5.338144 9 707121 290767484525.00
rmat_s20_ef48_0.55_0.15_0.15_0.15_uni kM 0.1 2 8 1 1048576 6015477 42110325 4.057137 5.419884 10 707174 290756987500.00
rmat_s20_ef48_0.55_0.15_0.15_0.15_uni kM 0.1 2 8 2 1048576 6018915 42106887 4.031824 5.393136 10 707038 290708354312.00
rmat_s20_ef48_0.55_0.15_0.15_0.15_uni kM 0 16 1 0 1048576 48125802 0 20.469648 459.225459 176 4104851 1538777504472.00
rmat_s20_ef48_0.55_0.15_0.15_0.15_uni kM 0 16 1 1 1048576 48125802 0 19.928431 453.046617 176 4104851 1538777504472.00
rmat_s20_ef48_0.55_0.15_0.15_0.15_uni kM 0 16 1 2 1048576 48125802 0 18.986710 455.017967 176 4104851 1538777504472.00
rmat_s20_ef48_0.55_0.15_0.15_0.15_uni kM 0 16 32 0 1048576 1503024 46622778 3.169590 27.656149 176 4104886 1538731013338.00
rmat_s20_ef48_0.55_0.15_0.15_0.15_uni kM 0 16 32 1 1048576 1505506 46620296 3.925216 27.792591 176 4104603 1538748599769.00
rmat_s20_ef48_0.55_0.15_0.15_0.15_uni kM 0 16 32 2 1048576 1503146 46622656 3.794442 28.071552 178 4104820 1538759814640.00
rmat_s20_ef48_0.55_0.15_0.15_0.15_uni kM 0 16 8 0 1048576 6013220 42112582 3.976431 42.344275 178 4104700 1538796965333.00
rmat_s20_ef48_0.55_0.15_0.15_0.15_uni kM 0 16 8 1 1048576 6015477 42110325 4.126225 44.006491 173 4104771 1538773789973.00
rmat_s20_ef48_0.55_0.15_0.15_0.15_uni kM 0 16 8 2 1048576 6018915 42106887 4.363930 43.595360 178 4104658 1538740096097.00
rmat_s20_ef48_0.55_0.15_0.15_0.15_uni kM 0.1 8 1 0 1048576 48125802 0 12.374912 8.270686 17 2400471 941359915563.00
rmat_s20_ef48_0.55_0.15_0.15_0.15_uni kM 0.1 8 1 1 1048576 48125802 0 13.067320 9.090085 17 2400471 941359915563.00
rmat_s20_ef48_0.55_0.15_0.15_0.15_uni kM 0.1 8 1 2 1048576 48125802 0 12.387348 8.679702 17 2400471 941359915563.00
rmat_s20_ef48_0.55_0.15_0.15_0.15_uni kM 0.1 8 32 0 1048576 1503024 46622778 5.487262 10.036453 17 2385812 924199952027.00
rmat_s20_ef48_0.55_0.15_0.15_0.15_uni kM 0.1 8 32 1 1048576 1505506 46620296 5.385005 10.066614 16 2386176 924205071485.00
rmat_s20_ef48_0.55_0.15_0.15_0.15_uni kM 0.1 8 32 2 1048576 1503146 46622656 5.163892 10.082352 16 2386014 924319097279.00
rmat_s20_ef48_0.55_0.15_0.15_0.15_uni kM 0.1 8 8 0 1048576 6013220 42112582 4.129719 18.279911 16 2385986 924677719181.00
rmat_s20_ef48_0.55_0.15_0.15_0.15_uni kM 0.1 8 8 1 1048576 6015477 42110325 4.219263 17.571461 17 2386102 924630853417.00
rmat_s20_ef48_0.55_0.15_0.15_0.15_uni kM 0.1 8 8 2 1048576 6018915 42106887 4.015385 17.725379 17 2385824 924617160193.00
rmat_s20_ef48_0.55_0.15_0.15_0.15_uni kM 0 2 1 0 1048576 48125802 0 15.267354 16.858594 28 707169 294212852244.00
rmat_s20_ef48_0.55_0.15_0.15_0.15_uni kM 0 2 1 1 1048576 48125802 0 12.640098 24.171558 28 707169 294212852244.00
rmat_s20_ef48_0.55_0.15_0.15_0.15_uni kM 0 2 1 2 1048576 48125802 0 12.651770 24.164921 28 707169 294212852244.00
rmat_s20_ef48_0.55_0.15_0.15_0.15_uni kM 0 2 32 0 1048576 1503024 46622778 3.388846 4.083455 28 707152 294247239431.00
rmat_s20_ef48_0.55_0.15_0.15_0.15_uni kM 0 2 32 1 1048576 1505506 46620296 3.668298 3.998916 28 707140 294260822862.00
rmat_s20_ef48_0.55_0.15_0.15_0.15_uni kM 0 2 32 2 1048576 1503146 46622656 3.770941 3.936545 29 707272 294290968548.00
rmat_s20_ef48_0.55_0.15_0.15_0.15_uni kM 0 2 8 0 1048576 6013220 42112582 4.521188 6.295828 30 707194 294266142817.00
rmat_s20_ef48_0.55_0.15_0.15_0.15_uni kM 0 2 8 1 1048576 6015477 42110325 4.095741 6.272294 29 707324 294274620465.00
rmat_s20_ef48_0.55_0.15_0.15_0.15_uni kM 0 2 8 2 1048576 6018915 42106887 4.163598 6.299244 28 707392 294237678828.00
rmat_s20_ef48_0.55_0.15_0.15_0.15_uni kM 0.5 16 1 0 1048576 48125802 0 12.459699 10.463590 7 4374709 1507626963476.00
rmat_s20_ef48_0.55_0.15_0.15_0.15_uni kM 0.5 16 1 1 1048576 48125802 0 12.082728 10.400738 7 4374709 1507626963476.00
rmat_s20_ef48_0.55_0.15_0.15_0.15_uni kM 0.5 16 1 2 1048576 48125802 0 12.733029 9.648479 7 4374709 1507626963476.00
rmat_s20_ef48_0.55_0.15_0.15_0.15_uni kM 0.5 16 32 0 1048576 1503024 46622778 4.968388 16.637298 8 4142494 1391494901105.00
rmat_s20_ef48_0.55_0.15_0.15_0.15_uni kM 0.5 16 32 1 1048576 1505506 46620296 4.732804 16.483416 9 4144044 1392106020606.00
rmat_s20_ef48_0.55_0.15_0.15_0.15_uni kM 0.5 16 32 2 1048576 1503146 46622656 4.742921 16.298381 8 4142928 1391674111874.00
rmat_s20_ef48_0.55_0.15_0.15_0.15_uni kM 0.5 16 8 0 1048576 6013220 42112582 4.214717 28.654570 8 4147662 1394574276953.00
rmat_s20_ef48_0.55_0.15_0.15_0.15_uni kM 0.5 16 8 1 1048576 6015477 42110325 3.925468 29.010548 8 4148647 1394716605808.00
rmat_s20_ef48_0.55_0.15_0.15_0.15_uni kM 0.5 16 8 2 1048576 6018915 42106887 4.051817 29.145487 8 4148947 1394938003286.00
rmat_s20_ef48_0.55_0.15_0.15_0.15_uni kM 0.5 2 1 0 1048576 48125802 0 19.462578 15.074477 4 784433 286880365663.00
rmat_s20_ef48_0.55_0.15_0.15_0.15_uni kM 0.5 2 1 1 1048576 48125802 0 19.534975 7.079529 4 784433 286880365663.00
rmat_s20_ef48_0.55_0.15_0.15_0.15_uni kM 0.5 2 1 2 1048576 48125802 0 18.286935 6.985125 4 784433 286880365663.00
rmat_s20_ef48_0.55_0.15_0.15_0.15_uni kM 0.5 2 32 0 1048576 1503024 46622778 4.066078 3.832187 5 721368 255253353460.00
rmat_s20_ef48_0.55_0.15_0.15_0.15_uni kM 0.5 2 32 1 1048576 1505506 46620296 4.162600 3.682232 5 721026 255257182033.00
rmat_s20_ef48_0.55_0.15_0.15_0.15_uni kM 0.5 2 32 2 1048576 1503146 46622656 3.833426 3.573711 5 721114 255152449460.00
rmat_s20_ef48_0.55_0.15_0.15_0.15_uni kM 0.5 2 8 0 1048576 6013220 42112582 3.988135 6.368710 5 721758 255600357667.00
rmat_s20_ef48_0.55_0.15_0.15_0.15_uni kM 0.5 2 8 1 1048576 6015477 42110325 4.035455 6.236145 5 721583 255407265341.00
rmat_s20_ef48_0.55_0.15_0.15_0.15_uni kM 0.5 2 8 2 1048576 6018915 42106887 4.025151 6.468374 5 721752 255568298543.00
rmat_s20_ef48_0.55_0.15_0.15_0.15_uni kM 0.5 8 1 0 1048576 48125802 0 10.855795 9.514774 7 2573201 912747414631.00
rmat_s20_ef48_0.55_0.15_0.15_0.15_uni kM 0.5 8 1 1 1048576 48125802 0 12.553534 8.883715 7 2573201 912747414631.00
rmat_s20_ef48_0.55_0.15_0.15_0.15_uni kM 0.5 8 1 2 1048576 48125802 0 13.369929 8.567385 7 2573201 912747414631.00
rmat_s20_ef48_0.55_0.15_0.15_0.15_uni kM 0.5 8 32 0 1048576 1503024 46622778 4.155238 10.452546 7 2411805 829363248722.00
rmat_s20_ef48_0.55_0.15_0.15_0.15_uni kM 0.5 8 32 1 1048576 1505506 46620296 4.007134 10.256754 7 2412418 829553770242.00
rmat_s20_ef48_0.55_0.15_0.15_0.15_uni kM 0.5 8 32 2 1048576 1503146 46622656 4.006680 9.959857 8 2412529 829380088550.00
rmat_s20_ef48_0.55_0.15_0.15_0.15_uni kM 0.5 8 8 0 1048576 6013220 42112582 4.271263 17.676335 7 2414596 830844863112.00
rmat_s20_ef48_0.55_0.15_0.15_0.15_uni kM 0.5 8 8 1 1048576 6015477 42110325 4.031802 17.857532 7 2415336 830997527423.00
rmat_s20_ef48_0.55_0.15_0.15_0.15_uni kM 0.5 8 8 2 1048576 6018915 42106887 4.081384 18.415941 8 2415545 831115525391.00
rmat_s20_ef48_0.55_0.15_0.15_0.15_uni kM 0 8 1 0 1048576 48125802 0 19.897687 288.388337 99 2387302 932751241625.00
rmat_s20_ef48_0.55_0.15_0.15_0.15_uni kM 0 8 1 1 1048576 48125802 0 25.855297 285.124297 99 2387302 932751241625.00
rmat_s20_ef48_0.55_0.15_0.15_0.15_uni kM 0 8 1 2 1048576 48125802 0 25.958096 287.201740 99 2387302 932751241625.00
rmat_s20_ef48_0.55_0.15_0.15_0.15_uni kM 0 8 32 0 1048576 1503024 46622778 3.277846 14.089486 99 2387245 932768948140.00
rmat_s20_ef48_0.55_0.15_0.15_0.15_uni kM 0 8 32 1 1048576 1505506 46620296 3.400688 14.421284 98 2386957 932696798080.00
rmat_s20_ef48_0.55_0.15_0.15_0.15_uni kM 0 8 32 2 1048576 1503146 46622656 3.581169 14.342466 98 2387411 932775307293.00
rmat_s20_ef48_0.55_0.15_0.15_0.15_uni kM 0 8 8 0 1048576 6013220 42112582 4.008455 22.978363 101 2386977 932623653262.00
rmat_s20_ef48_0.55_0.15_0.15_0.15_uni kM 0 8 8 1 1048576 6015477 42110325 4.053730 23.593811 99 2387232 932779187332.00
rmat_s20_ef48_0.55_0.15_0.15_0.15_uni kM 0 8 8 2 1048576 6018915 42106887 4.016194 23.988192 99 2387268 932749248215.00
rmat_s20_ef48_0.55_0.15_0.15_0.15_uni kM 1 16 1 0 1048576 48125802 0 13.373541 10.448318 1 4814211 1203460529628.00
rmat_s20_ef48_0.55_0.15_0.15_0.15_uni kM 1 16 1 1 1048576 48125802 0 12.376303 10.840460 1 4814211 1203460529628.00
rmat_s20_ef48_0.55_0.15_0.15_0.15_uni kM 1 16 1 2 1048576 48125802 0 12.562449 9.982215 1 4814211 1203460529628.00
rmat_s20_ef48_0.55_0.15_0.15_0.15_uni kM 1 16 32 0 1048576 1503024 46622778 5.757231 17.818647 2 4279682 1070454366998.00
rmat_s20_ef48_0.55_0.15_0.15_0.15_uni kM 1 16 32 1 1048576 1505506 46620296 5.673686 17.531552 2 4280240 1070672763666.00
rmat_s20_ef48_0.55_0.15_0.15_0.15_uni kM 1 16 32 2 1048576 1503146 46622656 5.339683 17.200592 2 4278723 1070060204847.00
rmat_s20_ef48_0.55_0.15_0.15_0.15_uni kM 1 16 8 0 1048576 6013220 42112582 4.036664 30.114031 2 4288338 1072536035515.00
rmat_s20_ef48_0.55_0.15_0.15_0.15_uni kM 1 16 8 1 1048576 6015477 42110325 4.101057 31.347748 2 4288997 1072652353657.00
rmat_s20_ef48_0.55_0.15_0.15_0.15_uni kM 1 16 8 2 1048576 6018915 42106887 4.144450 30.611489 2 4289901 1072741635475.00
rmat_s20_ef48_0.55_0.15_0.15_0.15_uni kM 1 2 1 0 1048576 48125802 0 12.298267 10.911819 1 857548 214530647834.00
rmat_s20_ef48_0.55_0.15_0.15_0.15_uni kM 1 2 1 1 1048576 48125802 0 12.641818 11.744581 1 857548 214530647834.00
rmat_s20_ef48_0.55_0.15_0.15_0.15_uni kM 1 2 1 2 1048576 48125802 0 12.651168 11.127249 1 857548 214530647834.00
rmat_s20_ef48_0.55_0.15_0.15_0.15_uni kM 1 2 32 0 1048576 1503024 46622778 3.297229 4.585240 2 744518 186211634467.00
rmat_s20_ef48_0.55_0.15_0.15_0.15_uni kM 1 2 32 1 1048576 1505506 46620296 3.759985 4.392458 2 743841 186270276273.00
rmat_s20_ef48_0.55_0.15_0.15_0.15_uni kM 1 2 32 2 1048576 1503146 46622656 3.716127 4.297653 2 743866 186160761571.00
rmat_s20_ef48_0.55_0.15_0.15_0.15_uni kM 1 2 8 0 1048576 6013220 42112582 4.279228 7.239491 2 744356 186271257254.00
rmat_s20_ef48_0.55_0.15_0.15_0.15_uni kM 1 2 8 1 1048576 6015477 42110325 4.040740 7.321203 2 743947 185977154828.00
rmat_s20_ef48_0.55_0.15_0.15_0.15_uni kM 1 2 8 2 1048576 6018915 42106887 3.949614 7.248732 2 744266 186206047900.00
rmat_s20_ef48_0.55_0.15_0.15_0.15_uni kM 1 8 1 0 1048576 48125802 0 11.443477 10.728705 1 2845317 711424490896.00
rmat_s20_ef48_0.55_0.15_0.15_0.15_uni kM 1 8 1 1 1048576 48125802 0 12.951670 10.488919 1 2845317 711424490896.00
rmat_s20_ef48_0.55_0.15_0.15_0.15_uni kM 1 8 1 2 1048576 48125802 0 12.330074 10.249650 1 2845317 711424490896.00
rmat_s20_ef48_0.55_0.15_0.15_0.15_uni kM 1 8 32 0 1048576 1503024 46622778 4.987712 11.364108 2 2493372 623858062733.00
rmat_s20_ef48_0.55_0.15_0.15_0.15_uni kM 1 8 32 1 1048576 1505506 46620296 5.011489 11.141366 2 2493431 623625784396.00
rmat_s20_ef48_0.55_0.15_0.15_0.15_uni kM 1 8 32 2 1048576 1503146 46622656 4.906630 11.092238 2 2492604 623367450756.00
rmat_s20_ef48_0.55_0.15_0.15_0.15_uni kM 1 8 8 0 1048576 6013220 42112582 4.150779 19.782249 2 2497296 624931456064.00
rmat_s20_ef48_0.55_0.15_0.15_0.15_uni kM 1 8 8 1 1048576 6015477 42110325 4.024388 19.632021 2 2497131 624592851166.00
rmat_s20_ef48_0.55_0.15_0.15_0.15_uni kM 1 8 8 2 1048576 6018915 42106887 4.028733 20.044644 3 2497980 624918128941.00
