graph,algo,k,seed,n,m,read_time,running_time,matching_size,matching_weight
rmat_s20_ef48_0.25_0.25_0.25_0.25_exp,stk,64,0,1048576,50329356,0.000000,40.103272,29511488,1420374339815.000000
rmat_s20_ef48_0.25_0.25_0.25_0.25_exp,stk,64,1,1048576,50329356,0.000000,40.068601,29511488,1420374339815.000000
rmat_s20_ef48_0.25_0.25_0.25_0.25_exp,stk,64,2,1048576,50329356,0.000000,40.068553,29511488,1420374339815.000000
rmat_s20_ef48_0.25_0.25_0.25_0.25_exp,stk,2,0,1048576,50329356,0.000000,0.842089,958144,126817104660.000000
rmat_s20_ef48_0.25_0.25_0.25_0.25_exp,stk,2,1,1048576,50329356,0.000000,0.855014,958144,126817104660.000000
rmat_s20_ef48_0.25_0.25_0.25_0.25_exp,stk,2,2,1048576,50329356,0.000000,0.847669,958144,126817104660.000000
rmat_s20_ef48_0.25_0.25_0.25_0.25_exp,stk,8,0,1048576,50329356,0.000000,5.977521,3821312,396036088944.000000
rmat_s20_ef48_0.25_0.25_0.25_0.25_exp,stk,8,1,1048576,50329356,0.000000,6.082901,3821312,396036088944.000000
rmat_s20_ef48_0.25_0.25_0.25_0.25_exp,stk,8,2,1048576,50329356,0.000000,6.091185,3821312,396036088944.000000
rmat_s20_ef48_0.25_0.25_0.25_0.25_exp,stk,32,0,1048576,50329356,0.000000,23.514533,14990640,1011506981931.000000
rmat_s20_ef48_0.25_0.25_0.25_0.25_exp,stk,32,1,1048576,50329356,0.000000,23.624213,14990640,1011506981931.000000
rmat_s20_ef48_0.25_0.25_0.25_0.25_exp,stk,32,2,1048576,50329356,0.000000,23.598316,14990640,1011506981931.000000
rmat_s20_ef48_0.25_0.25_0.25_0.25_exp,kMM_1,64,0,1048576,50329356,18.745461,33.574928,32652012,1476051202995.00
rmat_s20_ef48_0.25_0.25_0.25_0.25_exp,kMM_1,64,1,1048576,50329356,18.815276,33.305588,32652012,1476051202995.00
rmat_s20_ef48_0.25_0.25_0.25_0.25_exp,kMM_1,64,2,1048576,50329356,22.413326,33.417915,32652012,1476051202995.00
rmat_s20_ef48_0.25_0.25_0.25_0.25_exp,kMM_1,2,0,1048576,50329356,18.770190,4.127915,1037720,141021954104.00
rmat_s20_ef48_0.25_0.25_0.25_0.25_exp,kMM_1,2,1,1048576,50329356,18.806838,4.111929,1037720,141021954104.00
rmat_s20_ef48_0.25_0.25_0.25_0.25_exp,kMM_1,2,2,1048576,50329356,18.780332,4.086210,1037720,141021954104.00
rmat_s20_ef48_0.25_0.25_0.25_0.25_exp,kMM_1,8,0,1048576,50329356,18.882696,10.925141,4148059,435225388814.00
rmat_s20_ef48_0.25_0.25_0.25_0.25_exp,kMM_1,8,1,1048576,50329356,19.307866,10.929966,4148059,435225388814.00
rmat_s20_ef48_0.25_0.25_0.25_0.25_exp,kMM_1,8,2,1048576,50329356,18.767248,10.813845,4148059,435225388814.00
rmat_s20_ef48_0.25_0.25_0.25_0.25_exp,kMM_1,32,0,1048576,50329356,18.931169,23.882176,16527535,1088308177652.00
rmat_s20_ef48_0.25_0.25_0.25_0.25_exp,kMM_1,32,1,1048576,50329356,18.814081,24.022833,16527535,1088308177652.00
rmat_s20_ef48_0.25_0.25_0.25_0.25_exp,kMM_1,32,2,1048576,50329356,18.941834,24.031752,16527535,1088308177652.00
rmat_s20_ef48_0.25_0.25_0.25_0.25_exp,kEC,64,0,1048576,50329356,91.9006,148.025609,0,1484548900723
rmat_s20_ef48_0.25_0.25_0.25_0.25_exp,kEC,64,1,1048576,50329356,92.095,148.843021,0,1484548900723
rmat_s20_ef48_0.25_0.25_0.25_0.25_exp,kEC,64,2,1048576,50329356,93.4962,150.008715,0,1484548900723
rmat_s20_ef48_0.25_0.25_0.25_0.25_exp,kEC,2,0,1048576,50329356,91.9584,32.133916,0,142985850684
rmat_s20_ef48_0.25_0.25_0.25_0.25_exp,kEC,2,1,1048576,50329356,92.7776,32.371346,0,142985850684
rmat_s20_ef48_0.25_0.25_0.25_0.25_exp,kEC,2,2,1048576,50329356,91.4923,31.962997,0,142985850684
rmat_s20_ef48_0.25_0.25_0.25_0.25_exp,kEC,8,0,1048576,50329356,92.6062,48.343577,0,440712213018
rmat_s20_ef48_0.25_0.25_0.25_0.25_exp,kEC,8,1,1048576,50329356,91.7847,48.333121,0,440712213018
rmat_s20_ef48_0.25_0.25_0.25_0.25_exp,kEC,8,2,1048576,50329356,92.8382,48.772967,0,440712213018
rmat_s20_ef48_0.25_0.25_0.25_0.25_exp,kEC,32,0,1048576,50329356,92.454,109.036114,0,1096919784884
rmat_s20_ef48_0.25_0.25_0.25_0.25_exp,kEC,32,1,1048576,50329356,92.966,109.879117,0,1096919784884
rmat_s20_ef48_0.25_0.25_0.25_0.25_exp,kEC,32,2,1048576,50329356,93.2535,108.909963,0,1096919784884
rmat_s20_ef48_0.25_0.25_0.25_0.25_exp,NCb,64,0,1048576,50329356,92.0224,66.778916,0,1483864290395
rmat_s20_ef48_0.25_0.25_0.25_0.25_exp,NCb,64,1,1048576,50329356,93.4411,66.752801,0,1483864290395
rmat_s20_ef48_0.25_0.25_0.25_0.25_exp,NCb,64,2,1048576,50329356,93.594,67.453206,0,1483864290395
rmat_s20_ef48_0.25_0.25_0.25_0.25_exp,NCb,2,0,1048576,50329356,92.2276,15.394678,0,141149194662
rmat_s20_ef48_0.25_0.25_0.25_0.25_exp,NCb,2,1,1048576,50329356,93.6618,15.473039,0,141149194662
rmat_s20_ef48_0.25_0.25_0.25_0.25_exp,NCb,2,2,1048576,50329356,92.3089,15.399930,0,141149194662
rmat_s20_ef48_0.25_0.25_0.25_0.25_exp,NCb,8,0,1048576,50329356,91.8844,40.271832,0,438678411329
rmat_s20_ef48_0.25_0.25_0.25_0.25_exp,NCb,8,1,1048576,50329356,92.1012,40.314758,0,438678411329
rmat_s20_ef48_0.25_0.25_0.25_0.25_exp,NCb,8,2,1048576,50329356,92.1097,40.309205,0,438678411329
rmat_s20_ef48_0.25_0.25_0.25_0.25_exp,NCb,32,0,1048576,50329356,92.5462,54.359158,0,1095291712138
rmat_s20_ef48_0.25_0.25_0.25_0.25_exp,NCb,32,1,1048576,50329356,92.2949,54.875498,0,1095291712138
rmat_s20_ef48_0.25_0.25_0.25_0.25_exp,NCb,32,2,1048576,50329356,92.213,54.293233,0,1095291712138
rmat_s20_ef48_0.25_0.25_0.25_0.25_exp,MRepLM_1,64,0,1048576,50329356,18.718654,140.985618,32811185,1483858153691.00
rmat_s20_ef48_0.25_0.25_0.25_0.25_exp,MRepLM_1,64,1,1048576,50329356,18.757129,141.433726,32812059,1483867745607.00
rmat_s20_ef48_0.25_0.25_0.25_0.25_exp,MRepLM_1,64,2,1048576,50329356,18.716569,140.112020,32811370,1483859827630.00
rmat_s20_ef48_0.25_0.25_0.25_0.25_exp,MRepLM_1,2,0,1048576,50329356,18.804665,4.644168,1037634,142236057621.00
rmat_s20_ef48_0.25_0.25_0.25_0.25_exp,MRepLM_1,2,1,1048576,50329356,18.737373,4.612452,1037632,142236051850.00
rmat_s20_ef48_0.25_0.25_0.25_0.25_exp,MRepLM_1,2,2,1048576,50329356,18.720500,4.623365,1037636,142236117948.00
rmat_s20_ef48_0.25_0.25_0.25_0.25_exp,MRepLM_1,8,0,1048576,50329356,18.923650,19.851767,4148167,438656394434.00
rmat_s20_ef48_0.25_0.25_0.25_0.25_exp,MRepLM_1,8,1,1048576,50329356,18.738348,19.918632,4148170,438655797382.00
rmat_s20_ef48_0.25_0.25_0.25_0.25_exp,MRepLM_1,8,2,1048576,50329356,18.695105,19.866360,4148181,438656033207.00
rmat_s20_ef48_0.25_0.25_0.25_0.25_exp,MRepLM_1,32,0,1048576,50329356,18.718483,79.620305,16544850,1095270143931.00
rmat_s20_ef48_0.25_0.25_0.25_0.25_exp,MRepLM_1,32,1,1048576,50329356,18.837652,79.450672,16545016,1095273898362.00
rmat_s20_ef48_0.25_0.25_0.25_0.25_exp,MRepLM_1,32,2,1048576,50329356,18.649724,79.926786,16545040,1095270219211.00
rmat_s20_ef48_0.25_0.25_0.25_0.25_exp,stk-dp,64,0,1048576,50329356,0.000000,51.657942,29939689,1427182659880.000000
rmat_s20_ef48_0.25_0.25_0.25_0.25_exp,stk-dp,64,1,1048576,50329356,0.000000,52.023304,29939689,1427182659880.000000
rmat_s20_ef48_0.25_0.25_0.25_0.25_exp,stk-dp,64,2,1048576,50329356,0.000000,51.542295,29939689,1427182659880.000000
rmat_s20_ef48_0.25_0.25_0.25_0.25_exp,stk-dp,2,0,1048576,50329356,0.000000,2.258193,967678,130993452295.000000
rmat_s20_ef48_0.25_0.25_0.25_0.25_exp,stk-dp,2,1,1048576,50329356,0.000000,2.233309,967678,130993452295.000000
rmat_s20_ef48_0.25_0.25_0.25_0.25_exp,stk-dp,2,2,1048576,50329356,0.000000,2.241480,967678,130993452295.000000
rmat_s20_ef48_0.25_0.25_0.25_0.25_exp,stk-dp,8,0,1048576,50329356,0.000000,13.554179,3869710,406219056704.000000
rmat_s20_ef48_0.25_0.25_0.25_0.25_exp,stk-dp,8,1,1048576,50329356,0.000000,13.373159,3869710,406219056704.000000
rmat_s20_ef48_0.25_0.25_0.25_0.25_exp,stk-dp,8,2,1048576,50329356,0.000000,13.336375,3869710,406219056704.000000
rmat_s20_ef48_0.25_0.25_0.25_0.25_exp,stk-dp,32,0,1048576,50329356,0.000000,40.169392,15268098,1026950135000.000000
rmat_s20_ef48_0.25_0.25_0.25_0.25_exp,stk-dp,32,1,1048576,50329356,0.000000,40.162196,15268098,1026950135000.000000
rmat_s20_ef48_0.25_0.25_0.25_0.25_exp,stk-dp,32,2,1048576,50329356,0.000000,40.162596,15268098,1026950135000.000000
rmat_s20_ef48_0.45_0.15_0.15_0.25_uni,stk,64,0,1048576,50135639,0.000000,38.931095,22903982,7272451448616.000000
rmat_s20_ef48_0.45_0.15_0.15_0.25_uni,stk,64,1,1048576,50135639,0.000000,38.519740,22903982,7272451448616.000000
rmat_s20_ef48_0.45_0.15_0.15_0.25_uni,stk,64,2,1048576,50135639,0.000000,38.563636,22903982,7272451448616.000000
rmat_s20_ef48_0.45_0.15_0.15_0.25_uni,stk,2,0,1048576,50135639,0.000000,0.930446,1006602,426584147307.000000
rmat_s20_ef48_0.45_0.15_0.15_0.25_uni,stk,2,1,1048576,50135639,0.000000,0.945269,1006602,426584147307.000000
rmat_s20_ef48_0.45_0.15_0.15_0.25_uni,stk,2,2,1048576,50135639,0.000000,0.941974,1006602,426584147307.000000
rmat_s20_ef48_0.45_0.15_0.15_0.25_uni,stk,8,0,1048576,50135639,0.000000,4.740581,3932500,1553994445613.000000
rmat_s20_ef48_0.45_0.15_0.15_0.25_uni,stk,8,1,1048576,50135639,0.000000,4.698948,3932500,1553994445613.000000
rmat_s20_ef48_0.45_0.15_0.15_0.25_uni,stk,8,2,1048576,50135639,0.000000,4.694634,3932500,1553994445613.000000
rmat_s20_ef48_0.45_0.15_0.15_0.25_uni,stk,32,0,1048576,50135639,0.000000,21.093147,13707471,4768807471655.000000
rmat_s20_ef48_0.45_0.15_0.15_0.25_uni,stk,32,1,1048576,50135639,0.000000,20.858033,13707471,4768807471655.000000
rmat_s20_ef48_0.45_0.15_0.15_0.25_uni,stk,32,2,1048576,50135639,0.000000,20.885182,13707471,4768807471655.000000
rmat_s20_ef48_0.45_0.15_0.15_0.25_uni,kMM_1,64,0,1048576,50135639,18.842294,12.991384,22905512,7561652106293.00
rmat_s20_ef48_0.45_0.15_0.15_0.25_uni,kMM_1,64,1,1048576,50135639,18.872202,13.068201,22905512,7561652106293.00
rmat_s20_ef48_0.45_0.15_0.15_0.25_uni,kMM_1,64,2,1048576,50135639,18.785183,13.052872,22905512,7561652106293.00
rmat_s20_ef48_0.45_0.15_0.15_0.25_uni,kMM_1,2,0,1048576,50135639,18.939610,2.655670,1002740,458633158025.00
rmat_s20_ef48_0.45_0.15_0.15_0.25_uni,kMM_1,2,1,1048576,50135639,18.752832,2.667154,1002740,458633158025.00
rmat_s20_ef48_0.45_0.15_0.15_0.25_uni,kMM_1,2,2,1048576,50135639,19.231944,2.633232,1002740,458633158025.00
rmat_s20_ef48_0.45_0.15_0.15_0.25_uni,kMM_1,8,0,1048576,50135639,18.971407,4.069377,3900061,1680252759592.00
rmat_s20_ef48_0.45_0.15_0.15_0.25_uni,kMM_1,8,1,1048576,50135639,18.856875,4.036766,3900061,1680252759592.00
rmat_s20_ef48_0.45_0.15_0.15_0.25_uni,kMM_1,8,2,1048576,50135639,18.854220,4.042617,3900061,1680252759592.00
rmat_s20_ef48_0.45_0.15_0.15_0.25_uni,kMM_1,32,0,1048576,50135639,18.926971,8.660943,13699152,5051151079223.00
rmat_s20_ef48_0.45_0.15_0.15_0.25_uni,kMM_1,32,1,1048576,50135639,19.134667,8.643574,13699152,5051151079223.00
rmat_s20_ef48_0.45_0.15_0.15_0.25_uni,kMM_1,32,2,1048576,50135639,18.900395,8.692430,13699152,5051151079223.00
rmat_s20_ef48_0.45_0.15_0.15_0.25_uni,kEC,64,0,1048512,50135639,98.9649,56.222941,0,7548031559079
rmat_s20_ef48_0.45_0.15_0.15_0.25_uni,kEC,64,1,1048512,50135639,98.2124,56.253882,0,7548031559079
rmat_s20_ef48_0.45_0.15_0.15_0.25_uni,kEC,64,2,1048512,50135639,98.3151,61.694005,0,7548031559079
rmat_s20_ef48_0.45_0.15_0.15_0.25_uni,kEC,2,0,1048512,50135639,97.6982,31.300659,0,459047839166
rmat_s20_ef48_0.45_0.15_0.15_0.25_uni,kEC,2,1,1048512,50135639,96.7139,31.048323,0,459047839166
rmat_s20_ef48_0.45_0.15_0.15_0.25_uni,kEC,2,2,1048512,50135639,97.876,31.149815,0,459047839166
rmat_s20_ef48_0.45_0.15_0.15_0.25_uni,kEC,8,0,1048512,50135639,98.7982,39.047406,0,1692963411238
rmat_s20_ef48_0.45_0.15_0.15_0.25_uni,kEC,8,1,1048512,50135639,98.9233,39.162008,0,1692963411238
rmat_s20_ef48_0.45_0.15_0.15_0.25_uni,kEC,8,2,1048512,50135639,99.174,53.709591,0,1692963411238
rmat_s20_ef48_0.45_0.15_0.15_0.25_uni,kEC,32,0,1048512,50135639,97.496,46.008121,0,5047234235036
rmat_s20_ef48_0.45_0.15_0.15_0.25_uni,kEC,32,1,1048512,50135639,98.4298,45.975353,0,5047234235036
rmat_s20_ef48_0.45_0.15_0.15_0.25_uni,kEC,32,2,1048512,50135639,97.4949,46.238043,0,5047234235036
rmat_s20_ef48_0.45_0.15_0.15_0.25_uni,NCb,64,0,1048512,50135639,98.3961,31.804284,0,7541830508088
rmat_s20_ef48_0.45_0.15_0.15_0.25_uni,NCb,64,1,1048512,50135639,97.4306,31.744714,0,7541830508088
rmat_s20_ef48_0.45_0.15_0.15_0.25_uni,NCb,64,2,1048512,50135639,99.7273,32.572027,0,7541830508088
rmat_s20_ef48_0.45_0.15_0.15_0.25_uni,NCb,2,0,1048512,50135639,97.1273,12.278771,0,452574933459
rmat_s20_ef48_0.45_0.15_0.15_0.25_uni,NCb,2,1,1048512,50135639,97.9744,12.293188,0,452574933459
rmat_s20_ef48_0.45_0.15_0.15_0.25_uni,NCb,2,2,1048512,50135639,97.6675,12.276180,0,452574933459
rmat_s20_ef48_0.45_0.15_0.15_0.25_uni,NCb,8,0,1048512,50135639,98.8488,15.080950,0,1675408283754
rmat_s20_ef48_0.45_0.15_0.15_0.25_uni,NCb,8,1,1048512,50135639,97.7167,20.486063,0,1675408283754
rmat_s20_ef48_0.45_0.15_0.15_0.25_uni,NCb,8,2,1048512,50135639,97.9673,14.987284,0,1675408283754
rmat_s20_ef48_0.45_0.15_0.15_0.25_uni,NCb,32,0,1048512,50135639,98.4494,25.643430,0,5035080568460
rmat_s20_ef48_0.45_0.15_0.15_0.25_uni,NCb,32,1,1048512,50135639,98.5507,25.715923,0,5035080568460
rmat_s20_ef48_0.45_0.15_0.15_0.25_uni,NCb,32,2,1048512,50135639,98.9802,26.057829,0,5035080568460
rmat_s20_ef48_0.45_0.15_0.15_0.25_uni,MRepLM_1,64,0,1048576,50135639,18.950684,344.758228,22829938,7547950578368.00
rmat_s20_ef48_0.45_0.15_0.15_0.25_uni,MRepLM_1,64,1,1048576,50135639,18.796487,344.681640,22829954,7547950453359.00
rmat_s20_ef48_0.45_0.15_0.15_0.25_uni,MRepLM_1,64,2,1048576,50135639,18.923073,344.791862,22829951,7547949937173.00
rmat_s20_ef48_0.45_0.15_0.15_0.25_uni,MRepLM_1,2,0,1048576,50135639,18.640434,4.757578,998120,457955769071.00
rmat_s20_ef48_0.45_0.15_0.15_0.25_uni,MRepLM_1,2,1,1048576,50135639,18.658578,4.798240,998126,457957579635.00
rmat_s20_ef48_0.45_0.15_0.15_0.25_uni,MRepLM_1,2,2,1048576,50135639,18.627262,4.768991,998129,457957424243.00
rmat_s20_ef48_0.45_0.15_0.15_0.25_uni,MRepLM_1,8,0,1048576,50135639,18.757697,24.052356,3904146,1689080712987.00
rmat_s20_ef48_0.45_0.15_0.15_0.25_uni,MRepLM_1,8,1,1048576,50135639,18.859935,24.211360,3904173,1689083114502.00
rmat_s20_ef48_0.45_0.15_0.15_0.25_uni,MRepLM_1,8,2,1048576,50135639,18.750279,24.163257,3904208,1689089361428.00
rmat_s20_ef48_0.45_0.15_0.15_0.25_uni,MRepLM_1,32,0,1048576,50135639,18.749979,149.184747,13661183,5046504919493.00
rmat_s20_ef48_0.45_0.15_0.15_0.25_uni,MRepLM_1,32,1,1048576,50135639,18.709264,148.741620,13661209,5046499832379.00
rmat_s20_ef48_0.45_0.15_0.15_0.25_uni,MRepLM_1,32,2,1048576,50135639,18.714644,148.341378,13661145,5046498442235.00
rmat_s20_ef48_0.45_0.15_0.15_0.25_uni,stk-dp,64,0,1048576,50135639,0.000000,63.612952,22981464,7368983133652.000000
rmat_s20_ef48_0.45_0.15_0.15_0.25_uni,stk-dp,64,1,1048576,50135639,0.000000,62.486261,22981464,7368983133652.000000
rmat_s20_ef48_0.45_0.15_0.15_0.25_uni,stk-dp,64,2,1048576,50135639,0.000000,63.458536,22981464,7368983133652.000000
rmat_s20_ef48_0.45_0.15_0.15_0.25_uni,stk-dp,2,0,1048576,50135639,0.000000,2.104154,1011957,435328873512.000000
rmat_s20_ef48_0.45_0.15_0.15_0.25_uni,stk-dp,2,1,1048576,50135639,0.000000,2.144759,1011957,435328873512.000000
rmat_s20_ef48_0.45_0.15_0.15_0.25_uni,stk-dp,2,2,1048576,50135639,0.000000,2.112419,1011957,435328873512.000000
rmat_s20_ef48_0.45_0.15_0.15_0.25_uni,stk-dp,8,0,1048576,50135639,0.000000,10.735432,3935529,1593922035262.000000
rmat_s20_ef48_0.45_0.15_0.15_0.25_uni,stk-dp,8,1,1048576,50135639,0.000000,10.606529,3935529,1593922035262.000000
rmat_s20_ef48_0.45_0.15_0.15_0.25_uni,stk-dp,8,2,1048576,50135639,0.000000,10.751590,3935529,1593922035262.000000
rmat_s20_ef48_0.45_0.15_0.15_0.25_uni,stk-dp,32,0,1048576,50135639,0.000000,38.938662,13745005,4858445829897.000000
rmat_s20_ef48_0.45_0.15_0.15_0.25_uni,stk-dp,32,1,1048576,50135639,0.000000,38.518449,13745005,4858445829897.000000
rmat_s20_ef48_0.45_0.15_0.15_0.25_uni,stk-dp,32,2,1048576,50135639,0.000000,38.525868,13745005,4858445829897.000000
fbC,stk,64,0,990023,40654711,0.000000,25.160162,242717,445641366754.000000
fbC,stk,64,1,990023,40654711,0.000000,24.335956,242717,445641366754.000000
fbC,stk,64,2,990023,40654711,0.000000,22.580488,242717,445641366754.000000
fbC,stk,2,0,990023,40654711,0.000000,0.377168,9575,71747442021.000000
fbC,stk,2,1,990023,40654711,0.000000,0.374271,9575,71747442021.000000
fbC,stk,2,2,990023,40654711,0.000000,0.376001,9575,71747442021.000000
fbC,stk,8,0,990023,40654711,0.000000,1.601622,31936,226715899009.000000
fbC,stk,8,1,990023,40654711,0.000000,1.496170,31936,226715899009.000000
fbC,stk,8,2,990023,40654711,0.000000,1.405315,31936,226715899009.000000
fbC,stk,32,0,990023,40654711,0.000000,7.550638,121563,410568078391.000000
fbC,stk,32,1,990023,40654711,0.000000,8.314931,121563,410568078391.000000
fbC,stk,32,2,990023,40654711,0.000000,9.430705,121563,410568078391.000000
fbC,kMM_1,64,0,990023,40654711,14.792474,20.828051,228941,452247901210.00
fbC,kMM_1,64,1,990023,40654711,14.723110,20.562094,228941,452247901210.00
fbC,kMM_1,64,2,990023,40654711,14.817913,21.553933,228941,452247901210.00
fbC,kMM_1,2,0,990023,40654711,14.719012,2.549999,9320,77086450741.00
fbC,kMM_1,2,1,990023,40654711,14.800498,2.588884,9320,77086450741.00
fbC,kMM_1,2,2,990023,40654711,14.708726,2.491901,9320,77086450741.00
fbC,kMM_1,8,0,990023,40654711,14.791337,6.243080,31015,237982429391.00
fbC,kMM_1,8,1,990023,40654711,14.800087,6.391230,31015,237982429391.00
fbC,kMM_1,8,2,990023,40654711,14.687077,6.376642,31015,237982429391.00
fbC,kMM_1,32,0,990023,40654711,14.771889,19.172801,116279,414587300786.00
fbC,kMM_1,32,1,990023,40654711,14.897379,19.058894,116279,414587300786.00
fbC,kMM_1,32,2,990023,40654711,14.746564,19.974674,116279,414587300786.00
fbC,kEC,64,0,990023,40654711,497.716,29.190315,0,452375221699
fbC,kEC,64,1,990023,40654711,496.178,29.429012,0,452375221699
fbC,kEC,64,2,990023,40654711,496.271,29.624899,0,452375221699
fbC,kEC,2,0,990023,40654711,498.862,17.523151,0,78137678016
fbC,kEC,2,1,990023,40654711,494.254,17.443043,0,78137678016
fbC,kEC,2,2,990023,40654711,499.161,17.697312,0,78137678016
fbC,kEC,8,0,990023,40654711,492.602,19.997644,0,241044582491
fbC,kEC,8,1,990023,40654711,495.893,20.038301,0,241044582491
fbC,kEC,8,2,990023,40654711,498.536,19.955744,0,241044582491
fbC,kEC,32,0,990023,40654711,495.887,29.515778,0,414773344942
fbC,kEC,32,1,990023,40654711,497.215,29.610121,0,414773344942
fbC,kEC,32,2,990023,40654711,496.847,29.555157,0,414773344942
fbC,NCb,64,0,990023,40654711,494.984,28.151379,0,452370247725
fbC,NCb,64,1,990023,40654711,497.706,28.108461,0,452370247725
fbC,NCb,64,2,990023,40654711,494.096,28.057387,0,452370247725
fbC,NCb,2,0,990023,40654711,495.099,26.114529,0,77244311619
fbC,NCb,2,1,990023,40654711,496.204,26.098674,0,77244311619
fbC,NCb,2,2,990023,40654711,494.299,25.897216,0,77244311619
fbC,NCb,8,0,990023,40654711,499.83,27.711202,0,240056891249
fbC,NCb,8,1,990023,40654711,497.374,27.888398,0,240056891249
fbC,NCb,8,2,990023,40654711,495.678,27.857479,0,240056891249
fbC,NCb,32,0,990023,40654711,496.493,28.230966,0,414699026675
fbC,NCb,32,1,990023,40654711,494.527,27.897930,0,414699026675
fbC,NCb,32,2,990023,40654711,495.944,27.894376,0,414699026675
fbC,MRepLM_1,64,0,990023,40654711,14.735580,481.535621,228840,452370267003.00
fbC,MRepLM_1,64,1,990023,40654711,14.697756,482.184629,228825,452366577843.00
fbC,MRepLM_1,64,2,990023,40654711,14.783103,481.343614,228814,452368488314.00
fbC,MRepLM_1,2,0,990023,40654711,14.875403,4.275860,9359,77919579930.00
fbC,MRepLM_1,2,1,990023,40654711,14.617551,4.338711,9359,77919478601.00
fbC,MRepLM_1,2,2,990023,40654711,14.680491,4.396513,9356,77919574250.00
fbC,MRepLM_1,8,0,990023,40654711,14.660660,19.582110,31001,239913210021.00
fbC,MRepLM_1,8,1,990023,40654711,14.690089,19.705894,30999,239913211156.00
fbC,MRepLM_1,8,2,990023,40654711,14.725920,19.560141,31002,239913206430.00
fbC,MRepLM_1,32,0,990023,40654711,14.699927,124.515404,116167,414694084603.00
fbC,MRepLM_1,32,1,990023,40654711,14.694621,124.843558,116162,414695332947.00
fbC,MRepLM_1,32,2,990023,40654711,14.773755,124.505688,116164,414693847747.00
fbC,stk-dp,64,0,990023,40654711,0.000000,57.036738,237310,447205738622.000000
fbC,stk-dp,64,1,990023,40654711,0.000000,56.491519,237310,447205738622.000000
fbC,stk-dp,64,2,990023,40654711,0.000000,54.095066,237310,447205738622.000000
fbC,stk-dp,2,0,990023,40654711,0.000000,0.769265,9429,73071435359.000000
fbC,stk-dp,2,1,990023,40654711,0.000000,0.679255,9429,73071435359.000000
fbC,stk-dp,2,2,990023,40654711,0.000000,0.678556,9429,73071435359.000000
fbC,stk-dp,8,0,990023,40654711,0.000000,3.521584,31159,230412068006.000000
fbC,stk-dp,8,1,990023,40654711,0.000000,3.338573,31159,230412068006.000000
fbC,stk-dp,8,2,990023,40654711,0.000000,3.509933,31159,230412068006.000000
fbC,stk-dp,32,0,990023,40654711,0.000000,25.609773,120326,411237495954.000000
fbC,stk-dp,32,1,990023,40654711,0.000000,23.750815,120326,411237495954.000000
fbC,stk-dp,32,2,990023,40654711,0.000000,24.540210,120326,411237495954.000000
rmat_s20_ef48_0.25_0.25_0.25_0.25_uni,stk,64,0,1048576,50329246,0.000000,39.692060,29891029,10130946167565.000000
rmat_s20_ef48_0.25_0.25_0.25_0.25_uni,stk,64,1,1048576,50329246,0.000000,39.334893,29891029,10130946167565.000000
rmat_s20_ef48_0.25_0.25_0.25_0.25_uni,stk,64,2,1048576,50329246,0.000000,39.810914,29891029,10130946167565.000000
rmat_s20_ef48_0.25_0.25_0.25_0.25_uni,stk,2,0,1048576,50329246,0.000000,0.898232,999980,431813934376.000000
rmat_s20_ef48_0.25_0.25_0.25_0.25_uni,stk,2,1,1048576,50329246,0.000000,0.904813,999980,431813934376.000000
rmat_s20_ef48_0.25_0.25_0.25_0.25_uni,stk,2,2,1048576,50329246,0.000000,0.908514,999980,431813934376.000000
rmat_s20_ef48_0.25_0.25_0.25_0.25_uni,stk,8,0,1048576,50329246,0.000000,5.962435,3968458,1624791103533.000000
rmat_s20_ef48_0.25_0.25_0.25_0.25_uni,stk,8,1,1048576,50329246,0.000000,5.961799,3968458,1624791103533.000000
rmat_s20_ef48_0.25_0.25_0.25_0.25_uni,stk,8,2,1048576,50329246,0.000000,6.056589,3968458,1624791103533.000000
rmat_s20_ef48_0.25_0.25_0.25_0.25_uni,stk,32,0,1048576,50329246,0.000000,22.698340,15402073,5910043977122.000000
rmat_s20_ef48_0.25_0.25_0.25_0.25_uni,stk,32,1,1048576,50329246,0.000000,22.659990,15402073,5910043977122.000000
rmat_s20_ef48_0.25_0.25_0.25_0.25_uni,stk,32,2,1048576,50329246,0.000000,22.755746,15402073,5910043977122.000000
rmat_s20_ef48_0.25_0.25_0.25_0.25_uni,kMM_1,64,0,1048576,50329246,19.020334,19.883065,32652135,10805487153714.00
rmat_s20_ef48_0.25_0.25_0.25_0.25_uni,kMM_1,64,1,1048576,50329246,18.988222,19.972634,32652135,10805487153714.00
rmat_s20_ef48_0.25_0.25_0.25_0.25_uni,kMM_1,64,2,1048576,50329246,19.060838,19.847085,32652135,10805487153714.00
rmat_s20_ef48_0.25_0.25_0.25_0.25_uni,kMM_1,2,0,1048576,50329246,18.986744,2.725474,1037814,483048407363.00
rmat_s20_ef48_0.25_0.25_0.25_0.25_uni,kMM_1,2,1,1048576,50329246,19.041653,2.724805,1037814,483048407363.00
rmat_s20_ef48_0.25_0.25_0.25_0.25_uni,kMM_1,2,2,1048576,50329246,19.017033,2.703358,1037814,483048407363.00
rmat_s20_ef48_0.25_0.25_0.25_0.25_uni,kMM_1,8,0,1048576,50329246,18.993063,4.173647,4147607,1907137538597.00
rmat_s20_ef48_0.25_0.25_0.25_0.25_uni,kMM_1,8,1,1048576,50329246,19.028162,4.183946,4147607,1907137538597.00
rmat_s20_ef48_0.25_0.25_0.25_0.25_uni,kMM_1,8,2,1048576,50329246,19.041619,4.180494,4147607,1907137538597.00
rmat_s20_ef48_0.25_0.25_0.25_0.25_uni,kMM_1,32,0,1048576,50329246,19.015727,11.962800,16527877,6718080334207.00
rmat_s20_ef48_0.25_0.25_0.25_0.25_uni,kMM_1,32,1,1048576,50329246,19.599957,12.052400,16527877,6718080334207.00
rmat_s20_ef48_0.25_0.25_0.25_0.25_uni,kMM_1,32,2,1048576,50329246,19.104425,12.040966,16527877,6718080334207.00
rmat_s20_ef48_0.25_0.25_0.25_0.25_uni,kEC,64,0,1048576,50329246,91.4142,144.210449,0,10900600289223
rmat_s20_ef48_0.25_0.25_0.25_0.25_uni,kEC,64,1,1048576,50329246,93.2566,143.132876,0,10900600289223
rmat_s20_ef48_0.25_0.25_0.25_0.25_uni,kEC,64,2,1048576,50329246,91.7613,165.366509,0,10900600289223
rmat_s20_ef48_0.25_0.25_0.25_0.25_uni,kEC,2,0,1048576,50329246,92.2279,32.189789,0,497730894619
rmat_s20_ef48_0.25_0.25_0.25_0.25_uni,kEC,2,1,1048576,50329246,91.5404,31.911144,0,497730894619
rmat_s20_ef48_0.25_0.25_0.25_0.25_uni,kEC,2,2,1048576,50329246,93.1735,32.008281,0,497730894619
rmat_s20_ef48_0.25_0.25_0.25_0.25_uni,kEC,8,0,1048576,50329246,91.3397,47.820452,0,1938470775561
rmat_s20_ef48_0.25_0.25_0.25_0.25_uni,kEC,8,1,1048576,50329246,92.0338,48.327237,0,1938470775561
rmat_s20_ef48_0.25_0.25_0.25_0.25_uni,kEC,8,2,1048576,50329246,92.0843,48.530227,0,1938470775561
rmat_s20_ef48_0.25_0.25_0.25_0.25_uni,kEC,32,0,1048576,50329246,90.8254,107.196158,0,6779565335225
rmat_s20_ef48_0.25_0.25_0.25_0.25_uni,kEC,32,1,1048576,50329246,91.7198,106.815786,0,6779565335225
rmat_s20_ef48_0.25_0.25_0.25_0.25_uni,kEC,32,2,1048576,50329246,92.7708,106.347828,0,6779565335225
rmat_s20_ef48_0.25_0.25_0.25_0.25_uni,NCb,64,0,1048576,50329246,92.628,38.458830,0,10885299527710
rmat_s20_ef48_0.25_0.25_0.25_0.25_uni,NCb,64,1,1048576,50329246,92.7138,38.287328,0,10885299527710
rmat_s20_ef48_0.25_0.25_0.25_0.25_uni,NCb,64,2,1048576,50329246,91.2903,37.766505,0,10885299527710
rmat_s20_ef48_0.25_0.25_0.25_0.25_uni,NCb,2,0,1048576,50329246,92.1953,12.704327,0,495569771322
rmat_s20_ef48_0.25_0.25_0.25_0.25_uni,NCb,2,1,1048576,50329246,93.1584,12.680029,0,495569771322
rmat_s20_ef48_0.25_0.25_0.25_0.25_uni,NCb,2,2,1048576,50329246,92.9676,12.661751,0,495569771322
rmat_s20_ef48_0.25_0.25_0.25_0.25_uni,NCb,8,0,1048576,50329246,91.525,15.796007,0,1926684211294
rmat_s20_ef48_0.25_0.25_0.25_0.25_uni,NCb,8,1,1048576,50329246,92.5325,15.986239,0,1926684211294
rmat_s20_ef48_0.25_0.25_0.25_0.25_uni,NCb,8,2,1048576,50329246,93.4612,16.030916,0,1926684211294
rmat_s20_ef48_0.25_0.25_0.25_0.25_uni,NCb,32,0,1048576,50329246,91.9006,28.683038,0,6750395950901
rmat_s20_ef48_0.25_0.25_0.25_0.25_uni,NCb,32,1,1048576,50329246,92.0636,28.688396,0,6750395950901
rmat_s20_ef48_0.25_0.25_0.25_0.25_uni,NCb,32,2,1048576,50329246,91.4425,28.531777,0,6750395950901
rmat_s20_ef48_0.25_0.25_0.25_0.25_uni,MRepLM_1,64,0,1048576,50329246,19.016579,141.134956,32811611,10892143895939.00
rmat_s20_ef48_0.25_0.25_0.25_0.25_uni,MRepLM_1,64,1,1048576,50329246,19.280939,139.977196,32811404,10892096855952.00
rmat_s20_ef48_0.25_0.25_0.25_0.25_uni,MRepLM_1,64,2,1048576,50329246,18.970962,140.781825,32811811,10892162718081.00
rmat_s20_ef48_0.25_0.25_0.25_0.25_uni,MRepLM_1,2,0,1048576,50329246,19.174040,4.579879,1037566,497130438139.00
rmat_s20_ef48_0.25_0.25_0.25_0.25_uni,MRepLM_1,2,1,1048576,50329246,19.004698,4.614554,1037559,497128325612.00
rmat_s20_ef48_0.25_0.25_0.25_0.25_uni,MRepLM_1,2,2,1048576,50329246,18.991374,4.602770,1037565,497130562502.00
rmat_s20_ef48_0.25_0.25_0.25_0.25_uni,MRepLM_1,8,0,1048576,50329246,19.135489,19.770892,4148307,1932885919581.00
rmat_s20_ef48_0.25_0.25_0.25_0.25_uni,MRepLM_1,8,1,1048576,50329246,18.961455,19.985231,4148276,1932883873148.00
rmat_s20_ef48_0.25_0.25_0.25_0.25_uni,MRepLM_1,8,2,1048576,50329246,18.979741,19.929718,4148284,1932882318310.00
rmat_s20_ef48_0.25_0.25_0.25_0.25_uni,MRepLM_1,32,0,1048576,50329246,19.005803,79.773947,16544997,6765827758615.00
rmat_s20_ef48_0.25_0.25_0.25_0.25_uni,MRepLM_1,32,1,1048576,50329246,18.993339,79.812969,16545063,6765870553874.00
rmat_s20_ef48_0.25_0.25_0.25_0.25_uni,MRepLM_1,32,2,1048576,50329246,19.003334,79.816939,16545239,6765897608251.00
rmat_s20_ef48_0.25_0.25_0.25_0.25_uni,stk-dp,64,0,1048576,50329246,0.000000,51.116356,30329269,10227636453837.000000
rmat_s20_ef48_0.25_0.25_0.25_0.25_uni,stk-dp,64,1,1048576,50329246,0.000000,51.674417,30329269,10227636453837.000000
rmat_s20_ef48_0.25_0.25_0.25_0.25_uni,stk-dp,64,2,1048576,50329246,0.000000,51.458659,30329269,10227636453837.000000
rmat_s20_ef48_0.25_0.25_0.25_0.25_uni,stk-dp,2,0,1048576,50329246,0.000000,2.331083,1011235,443532995033.000000
rmat_s20_ef48_0.25_0.25_0.25_0.25_uni,stk-dp,2,1,1048576,50329246,0.000000,2.299040,1011235,443532995033.000000
rmat_s20_ef48_0.25_0.25_0.25_0.25_uni,stk-dp,2,2,1048576,50329246,0.000000,2.341688,1011235,443532995033.000000
rmat_s20_ef48_0.25_0.25_0.25_0.25_uni,stk-dp,8,0,1048576,50329246,0.000000,13.207505,3984664,1702043497088.000000
rmat_s20_ef48_0.25_0.25_0.25_0.25_uni,stk-dp,8,1,1048576,50329246,0.000000,13.182649,3984664,1702043497088.000000
rmat_s20_ef48_0.25_0.25_0.25_0.25_uni,stk-dp,8,2,1048576,50329246,0.000000,13.227960,3984664,1702043497088.000000
rmat_s20_ef48_0.25_0.25_0.25_0.25_uni,stk-dp,32,0,1048576,50329246,0.000000,39.959613,15628093,6106566398004.000000
rmat_s20_ef48_0.25_0.25_0.25_0.25_uni,stk-dp,32,1,1048576,50329246,0.000000,39.572584,15628093,6106566398004.000000
rmat_s20_ef48_0.25_0.25_0.25_0.25_uni,stk-dp,32,2,1048576,50329246,0.000000,39.499569,15628093,6106566398004.000000
rmat_s20_ef48_0.55_0.15_0.15_0.15_exp,stk,64,0,1048576,48121491,0.000000,39.353202,10600221,594703826461.000000
rmat_s20_ef48_0.55_0.15_0.15_0.15_exp,stk,64,1,1048576,48121491,0.000000,39.773039,10600221,594703826461.000000
rmat_s20_ef48_0.55_0.15_0.15_0.15_exp,stk,64,2,1048576,48121491,0.000000,38.954146,10600221,594703826461.000000
rmat_s20_ef48_0.55_0.15_0.15_0.15_exp,stk,2,0,1048576,48121491,0.000000,0.789351,680565,66878526662.000000
rmat_s20_ef48_0.55_0.15_0.15_0.15_exp,stk,2,1,1048576,48121491,0.000000,0.784660,680565,66878526662.000000
rmat_s20_ef48_0.55_0.15_0.15_0.15_exp,stk,2,2,1048576,48121491,0.000000,0.788950,680565,66878526662.000000
rmat_s20_ef48_0.55_0.15_0.15_0.15_exp,stk,8,0,1048576,48121491,0.000000,3.564257,2306581,184467959932.000000
rmat_s20_ef48_0.55_0.15_0.15_0.15_exp,stk,8,1,1048576,48121491,0.000000,3.639316,2306581,184467959932.000000
rmat_s20_ef48_0.55_0.15_0.15_0.15_exp,stk,8,2,1048576,48121491,0.000000,3.612525,2306581,184467959932.000000
rmat_s20_ef48_0.55_0.15_0.15_0.15_exp,stk,32,0,1048576,48121491,0.000000,19.272548,6707087,423799616054.000000
rmat_s20_ef48_0.55_0.15_0.15_0.15_exp,stk,32,1,1048576,48121491,0.000000,19.304555,6707087,423799616054.000000
rmat_s20_ef48_0.55_0.15_0.15_0.15_exp,stk,32,2,1048576,48121491,0.000000,19.026654,6707087,423799616054.000000
rmat_s20_ef48_0.55_0.15_0.15_0.15_exp,kMM_1,64,0,1048576,48121491,17.814985,19.007298,10410897,595654553605.00
rmat_s20_ef48_0.55_0.15_0.15_0.15_exp,kMM_1,64,1,1048576,48121491,18.093260,18.974936,10410897,595654553605.00
rmat_s20_ef48_0.55_0.15_0.15_0.15_exp,kMM_1,64,2,1048576,48121491,17.967177,19.191596,10410897,595654553605.00
rmat_s20_ef48_0.55_0.15_0.15_0.15_exp,kMM_1,2,0,1048576,48121491,18.415852,3.602035,708324,71136892259.00
rmat_s20_ef48_0.55_0.15_0.15_0.15_exp,kMM_1,2,1,1048576,48121491,17.945868,3.578437,708324,71136892259.00
rmat_s20_ef48_0.55_0.15_0.15_0.15_exp,kMM_1,2,2,1048576,48121491,17.863717,3.537890,708324,71136892259.00
rmat_s20_ef48_0.55_0.15_0.15_0.15_exp,kMM_1,8,0,1048576,48121491,18.058491,8.287508,2391410,193723361533.00
rmat_s20_ef48_0.55_0.15_0.15_0.15_exp,kMM_1,8,1,1048576,48121491,17.941733,8.284056,2391410,193723361533.00
rmat_s20_ef48_0.55_0.15_0.15_0.15_exp,kMM_1,8,2,1048576,48121491,17.761796,8.264333,2391410,193723361533.00
rmat_s20_ef48_0.55_0.15_0.15_0.15_exp,kMM_1,32,0,1048576,48121491,17.877974,15.016427,6777205,429707636263.00
rmat_s20_ef48_0.55_0.15_0.15_0.15_exp,kMM_1,32,1,1048576,48121491,17.976057,15.033268,6777205,429707636263.00
rmat_s20_ef48_0.55_0.15_0.15_0.15_exp,kMM_1,32,2,1048576,48121491,17.936742,14.974926,6777205,429707636263.00
rmat_s20_ef48_0.55_0.15_0.15_0.15_exp,kEC,64,0,982458,48121491,147.663,36.605449,0,593845765223
rmat_s20_ef48_0.55_0.15_0.15_0.15_exp,kEC,64,1,982458,48121491,147.062,36.608514,0,593845765223
rmat_s20_ef48_0.55_0.15_0.15_0.15_exp,kEC,64,2,982458,48121491,148.005,36.506077,0,593845765223
rmat_s20_ef48_0.55_0.15_0.15_0.15_exp,kEC,2,0,982458,48121491,147.13,27.244233,0,71516256958
rmat_s20_ef48_0.55_0.15_0.15_0.15_exp,kEC,2,1,982458,48121491,147.967,27.564366,0,71516256958
rmat_s20_ef48_0.55_0.15_0.15_0.15_exp,kEC,2,2,982458,48121491,147.503,27.379303,0,71516256958
rmat_s20_ef48_0.55_0.15_0.15_0.15_exp,kEC,8,0,982458,48121491,148.422,29.678422,0,193422767760
rmat_s20_ef48_0.55_0.15_0.15_0.15_exp,kEC,8,1,982458,48121491,147.871,29.714497,0,193422767760
rmat_s20_ef48_0.55_0.15_0.15_0.15_exp,kEC,8,2,982458,48121491,148.014,29.747785,0,193422767760
rmat_s20_ef48_0.55_0.15_0.15_0.15_exp,kEC,32,0,982458,48121491,149.139,32.202347,0,428156588873
rmat_s20_ef48_0.55_0.15_0.15_0.15_exp,kEC,32,1,982458,48121491,147.784,32.186292,0,428156588873
rmat_s20_ef48_0.55_0.15_0.15_0.15_exp,kEC,32,2,982458,48121491,147.827,32.245745,0,428156588873
rmat_s20_ef48_0.55_0.15_0.15_0.15_exp,NCb,64,0,982458,48121491,147.113,33.776862,0,593820501788
rmat_s20_ef48_0.55_0.15_0.15_0.15_exp,NCb,64,1,982458,48121491,148.669,34.142737,0,593820501788
rmat_s20_ef48_0.55_0.15_0.15_0.15_exp,NCb,64,2,982458,48121491,147.498,33.899507,0,593820501788
rmat_s20_ef48_0.55_0.15_0.15_0.15_exp,NCb,2,0,982458,48121491,147.121,13.014003,0,70300491966
rmat_s20_ef48_0.55_0.15_0.15_0.15_exp,NCb,2,1,982458,48121491,145.792,12.939479,0,70300491966
rmat_s20_ef48_0.55_0.15_0.15_0.15_exp,NCb,2,2,982458,48121491,147.073,13.056144,0,70300491966
rmat_s20_ef48_0.55_0.15_0.15_0.15_exp,NCb,8,0,982458,48121491,146.071,17.208870,0,192733545779
rmat_s20_ef48_0.55_0.15_0.15_0.15_exp,NCb,8,1,982458,48121491,147.746,17.318786,0,192733545779
rmat_s20_ef48_0.55_0.15_0.15_0.15_exp,NCb,8,2,982458,48121491,146.938,17.179562,0,192733545779
rmat_s20_ef48_0.55_0.15_0.15_0.15_exp,NCb,32,0,982458,48121491,147.612,26.662164,0,428025608156
rmat_s20_ef48_0.55_0.15_0.15_0.15_exp,NCb,32,1,982458,48121491,147.636,26.505942,0,428025608156
rmat_s20_ef48_0.55_0.15_0.15_0.15_exp,NCb,32,2,982458,48121491,148.185,26.729795,0,428025608156
rmat_s20_ef48_0.55_0.15_0.15_0.15_exp,MRepLM_1,64,0,1048576,48121491,17.872985,397.392540,10349125,593854456756.00
rmat_s20_ef48_0.55_0.15_0.15_0.15_exp,MRepLM_1,64,1,1048576,48121491,17.816919,396.466249,10349102,593854074454.00
rmat_s20_ef48_0.55_0.15_0.15_0.15_exp,MRepLM_1,64,2,1048576,48121491,18.194447,397.571113,10349103,593854210434.00
rmat_s20_ef48_0.55_0.15_0.15_0.15_exp,MRepLM_1,2,0,1048576,48121491,17.926718,4.698195,707103,71255567224.00
rmat_s20_ef48_0.55_0.15_0.15_0.15_exp,MRepLM_1,2,1,1048576,48121491,17.923555,4.666739,707102,71255608723.00
rmat_s20_ef48_0.55_0.15_0.15_0.15_exp,MRepLM_1,2,2,1048576,48121491,17.710489,4.660314,707105,71255599341.00
rmat_s20_ef48_0.55_0.15_0.15_0.15_exp,MRepLM_1,8,0,1048576,48121491,18.021591,25.877677,2384064,193423280598.00
rmat_s20_ef48_0.55_0.15_0.15_0.15_exp,MRepLM_1,8,1,1048576,48121491,17.906680,25.783862,2384063,193423300800.00
rmat_s20_ef48_0.55_0.15_0.15_0.15_exp,MRepLM_1,8,2,1048576,48121491,17.880466,25.763708,2384066,193423377848.00
rmat_s20_ef48_0.55_0.15_0.15_0.15_exp,MRepLM_1,32,0,1048576,48121491,18.029462,165.134952,6744776,428175152616.00
rmat_s20_ef48_0.55_0.15_0.15_0.15_exp,MRepLM_1,32,1,1048576,48121491,17.887047,165.478669,6744779,428174981681.00
rmat_s20_ef48_0.55_0.15_0.15_0.15_exp,MRepLM_1,32,2,1048576,48121491,17.939528,164.985407,6744769,428174978257.00
rmat_s20_ef48_0.55_0.15_0.15_0.15_exp,stk-dp,64,0,1048576,48121491,0.000000,75.203265,10651787,598050405467.000000
rmat_s20_ef48_0.55_0.15_0.15_0.15_exp,stk-dp,64,1,1048576,48121491,0.000000,73.144962,10651787,598050405467.000000
rmat_s20_ef48_0.55_0.15_0.15_0.15_exp,stk-dp,64,2,1048576,48121491,0.000000,75.121670,10651787,598050405467.000000
rmat_s20_ef48_0.55_0.15_0.15_0.15_exp,stk-dp,2,0,1048576,48121491,0.000000,1.664491,694137,69565774380.000000
rmat_s20_ef48_0.55_0.15_0.15_0.15_exp,stk-dp,2,1,1048576,48121491,0.000000,1.700311,694137,69565774380.000000
rmat_s20_ef48_0.55_0.15_0.15_0.15_exp,stk-dp,2,2,1048576,48121491,0.000000,1.684651,694137,69565774380.000000
rmat_s20_ef48_0.55_0.15_0.15_0.15_exp,stk-dp,8,0,1048576,48121491,0.000000,8.767733,2339005,189411762692.000000
rmat_s20_ef48_0.55_0.15_0.15_0.15_exp,stk-dp,8,1,1048576,48121491,0.000000,8.794295,2339005,189411762692.000000
rmat_s20_ef48_0.55_0.15_0.15_0.15_exp,stk-dp,8,2,1048576,48121491,0.000000,8.587872,2339005,189411762692.000000
rmat_s20_ef48_0.55_0.15_0.15_0.15_exp,stk-dp,32,0,1048576,48121491,0.000000,39.794267,6755751,428269357564.000000
rmat_s20_ef48_0.55_0.15_0.15_0.15_exp,stk-dp,32,1,1048576,48121491,0.000000,39.621691,6755751,428269357564.000000
rmat_s20_ef48_0.55_0.15_0.15_0.15_exp,stk-dp,32,2,1048576,48121491,0.000000,39.259419,6755751,428269357564.000000
rmat_s20_ef48_0.55_0.15_0.15_0.15_uni,stk,64,0,1048576,48125802,0.000000,38.703663,11347645,3670524534595.000000
rmat_s20_ef48_0.55_0.15_0.15_0.15_uni,stk,64,1,1048576,48125802,0.000000,38.945102,11347645,3670524534595.000000
rmat_s20_ef48_0.55_0.15_0.15_0.15_uni,stk,64,2,1048576,48125802,0.000000,38.639222,11347645,3670524534595.000000
rmat_s20_ef48_0.55_0.15_0.15_0.15_uni,stk,2,0,1048576,48125802,0.000000,0.803493,767833,301322559707.000000
rmat_s20_ef48_0.55_0.15_0.15_0.15_uni,stk,2,1,1048576,48125802,0.000000,0.814398,767833,301322559707.000000
rmat_s20_ef48_0.55_0.15_0.15_0.15_uni,stk,2,2,1048576,48125802,0.000000,0.813692,767833,301322559707.000000
rmat_s20_ef48_0.55_0.15_0.15_0.15_uni,stk,8,0,1048576,48125802,0.000000,3.657553,2575983,944558867502.000000
rmat_s20_ef48_0.55_0.15_0.15_0.15_uni,stk,8,1,1048576,48125802,0.000000,3.682177,2575983,944558867502.000000
rmat_s20_ef48_0.55_0.15_0.15_0.15_uni,stk,8,2,1048576,48125802,0.000000,3.680715,2575983,944558867502.000000
rmat_s20_ef48_0.55_0.15_0.15_0.15_uni,stk,32,0,1048576,48125802,0.000000,18.993615,7294153,2466688886754.000000
rmat_s20_ef48_0.55_0.15_0.15_0.15_uni,stk,32,1,1048576,48125802,0.000000,18.692123,7294153,2466688886754.000000
rmat_s20_ef48_0.55_0.15_0.15_0.15_uni,stk,32,2,1048576,48125802,0.000000,18.629898,7294153,2466688886754.000000
rmat_s20_ef48_0.55_0.15_0.15_0.15_uni,kMM_1,64,0,1048576,48125802,18.147700,6.779957,10433502,3588809567824.00
rmat_s20_ef48_0.55_0.15_0.15_0.15_uni,kMM_1,64,1,1048576,48125802,18.223834,6.847763,10433502,3588809567824.00
rmat_s20_ef48_0.55_0.15_0.15_0.15_uni,kMM_1,64,2,1048576,48125802,18.345985,6.815902,10433502,3588809567824.00
rmat_s20_ef48_0.55_0.15_0.15_0.15_uni,kMM_1,2,0,1048576,48125802,18.089211,2.375969,714844,300076874945.00
rmat_s20_ef48_0.55_0.15_0.15_0.15_uni,kMM_1,2,1,1048576,48125802,18.123553,2.417130,714844,300076874945.00
rmat_s20_ef48_0.55_0.15_0.15_0.15_uni,kMM_1,2,2,1048576,48125802,19.260177,2.428913,714844,300076874945.00
rmat_s20_ef48_0.55_0.15_0.15_0.15_uni,kMM_1,8,0,1048576,48125802,18.018658,3.244027,2400471,941359915563.00
rmat_s20_ef48_0.55_0.15_0.15_0.15_uni,kMM_1,8,1,1048576,48125802,18.196425,3.215840,2400471,941359915563.00
rmat_s20_ef48_0.55_0.15_0.15_0.15_uni,kMM_1,8,2,1048576,48125802,18.111283,3.233022,2400471,941359915563.00
rmat_s20_ef48_0.55_0.15_0.15_0.15_uni,kMM_1,32,0,1048576,48125802,17.993917,5.170800,6795224,2422507118424.00
rmat_s20_ef48_0.55_0.15_0.15_0.15_uni,kMM_1,32,1,1048576,48125802,18.059302,5.183632,6795224,2422507118424.00
rmat_s20_ef48_0.55_0.15_0.15_0.15_uni,kMM_1,32,2,1048576,48125802,18.091906,5.216556,6795224,2422507118424.00
rmat_s20_ef48_0.55_0.15_0.15_0.15_uni,kEC,64,0,982457,48125802,147.101,36.719582,0,3563170486657
rmat_s20_ef48_0.55_0.15_0.15_0.15_uni,kEC,64,1,982457,48125802,147.01,36.795419,0,3563170486657
rmat_s20_ef48_0.55_0.15_0.15_0.15_uni,kEC,64,2,982457,48125802,147.836,36.865992,0,3563170486657
rmat_s20_ef48_0.55_0.15_0.15_0.15_uni,kEC,2,0,982457,48125802,146.976,27.440241,0,295248475280
rmat_s20_ef48_0.55_0.15_0.15_0.15_uni,kEC,2,1,982457,48125802,148,27.595451,0,295248475280
rmat_s20_ef48_0.55_0.15_0.15_0.15_uni,kEC,2,2,982457,48125802,148.534,27.521807,0,295248475280
rmat_s20_ef48_0.55_0.15_0.15_0.15_uni,kEC,8,0,982457,48125802,147.923,29.655354,0,931696474723
rmat_s20_ef48_0.55_0.15_0.15_0.15_uni,kEC,8,1,982457,48125802,148.192,29.896804,0,931696474723
rmat_s20_ef48_0.55_0.15_0.15_0.15_uni,kEC,8,2,982457,48125802,147.648,29.659564,0,931696474723
rmat_s20_ef48_0.55_0.15_0.15_0.15_uni,kEC,32,0,982457,48125802,148.996,32.536804,0,2402061086848
rmat_s20_ef48_0.55_0.15_0.15_0.15_uni,kEC,32,1,982457,48125802,146.121,32.362740,0,2402061086848
rmat_s20_ef48_0.55_0.15_0.15_0.15_uni,kEC,32,2,982457,48125802,147.014,35.381364,0,2402061086848
rmat_s20_ef48_0.55_0.15_0.15_0.15_uni,NCb,64,0,982457,48125802,147.72,24.076314,0,3556585759110
rmat_s20_ef48_0.55_0.15_0.15_0.15_uni,NCb,64,1,982457,48125802,147.91,24.150557,0,3556585759110
rmat_s20_ef48_0.55_0.15_0.15_0.15_uni,NCb,64,2,982457,48125802,148.294,24.367504,0,3556585759110
rmat_s20_ef48_0.55_0.15_0.15_0.15_uni,NCb,2,0,982457,48125802,147.859,12.174089,0,286978081997
rmat_s20_ef48_0.55_0.15_0.15_0.15_uni,NCb,2,1,982457,48125802,147.916,12.174618,0,286978081997
rmat_s20_ef48_0.55_0.15_0.15_0.15_uni,NCb,2,2,982457,48125802,145.766,12.192115,0,286978081997
rmat_s20_ef48_0.55_0.15_0.15_0.15_uni,NCb,8,0,982457,48125802,147.372,14.131954,0,920681669863
rmat_s20_ef48_0.55_0.15_0.15_0.15_uni,NCb,8,1,982457,48125802,147.206,14.134883,0,920681669863
rmat_s20_ef48_0.55_0.15_0.15_0.15_uni,NCb,8,2,982457,48125802,147.643,14.075629,0,920681669863
rmat_s20_ef48_0.55_0.15_0.15_0.15_uni,NCb,32,0,982457,48125802,147.372,20.775470,0,2395528518873
rmat_s20_ef48_0.55_0.15_0.15_0.15_uni,NCb,32,1,982457,48125802,147.685,20.907026,0,2395528518873
rmat_s20_ef48_0.55_0.15_0.15_0.15_uni,NCb,32,2,982457,48125802,146.951,20.863239,0,2395528518873
rmat_s20_ef48_0.55_0.15_0.15_0.15_uni,MRepLM_1,64,0,1048576,48125802,18.383875,397.901347,10350077,3563252345331.00
rmat_s20_ef48_0.55_0.15_0.15_0.15_uni,MRepLM_1,64,1,1048576,48125802,18.056109,399.219595,10350087,3563254277136.00
rmat_s20_ef48_0.55_0.15_0.15_0.15_uni,MRepLM_1,64,2,1048576,48125802,18.060981,398.278234,10350092,3563255211375.00
rmat_s20_ef48_0.55_0.15_0.15_0.15_uni,MRepLM_1,2,0,1048576,48125802,18.006004,4.647619,707609,294458733103.00
rmat_s20_ef48_0.55_0.15_0.15_0.15_uni,MRepLM_1,2,1,1048576,48125802,18.027643,4.652714,707606,294458421201.00
rmat_s20_ef48_0.55_0.15_0.15_0.15_uni,MRepLM_1,2,2,1048576,48125802,18.258856,4.641167,707603,294457724755.00
rmat_s20_ef48_0.55_0.15_0.15_0.15_uni,MRepLM_1,8,0,1048576,48125802,18.050957,25.921329,2384795,931777130568.00
rmat_s20_ef48_0.55_0.15_0.15_0.15_uni,MRepLM_1,8,1,1048576,48125802,18.092650,25.827080,2384733,931769922735.00
rmat_s20_ef48_0.55_0.15_0.15_0.15_uni,MRepLM_1,8,2,1048576,48125802,18.125167,25.752050,2384753,931766839917.00
rmat_s20_ef48_0.55_0.15_0.15_0.15_uni,MRepLM_1,32,0,1048576,48125802,17.998591,163.287133,6747094,2402174580870.00
rmat_s20_ef48_0.55_0.15_0.15_0.15_uni,MRepLM_1,32,1,1048576,48125802,17.992987,164.753299,6747086,2402178908332.00
rmat_s20_ef48_0.55_0.15_0.15_0.15_uni,MRepLM_1,32,2,1048576,48125802,18.076242,164.031067,6747109,2402176017098.00
rmat_s20_ef48_0.55_0.15_0.15_0.15_uni,stk-dp,64,0,1048576,48125802,0.000000,73.866180,11346269,3713047001286.000000
rmat_s20_ef48_0.55_0.15_0.15_0.15_uni,stk-dp,64,1,1048576,48125802,0.000000,73.067529,11346269,3713047001286.000000
rmat_s20_ef48_0.55_0.15_0.15_0.15_uni,stk-dp,64,2,1048576,48125802,0.000000,73.223889,11346269,3713047001286.000000
rmat_s20_ef48_0.55_0.15_0.15_0.15_uni,stk-dp,2,0,1048576,48125802,0.000000,1.710449,781733,312459539984.000000
rmat_s20_ef48_0.55_0.15_0.15_0.15_uni,stk-dp,2,1,1048576,48125802,0.000000,1.700923,781733,312459539984.000000
rmat_s20_ef48_0.55_0.15_0.15_0.15_uni,stk-dp,2,2,1048576,48125802,0.000000,1.691747,781733,312459539984.000000
rmat_s20_ef48_0.55_0.15_0.15_0.15_uni,stk-dp,8,0,1048576,48125802,0.000000,8.699109,2598526,973074866953.000000
rmat_s20_ef48_0.55_0.15_0.15_0.15_uni,stk-dp,8,1,1048576,48125802,0.000000,8.611333,2598526,973074866953.000000
rmat_s20_ef48_0.55_0.15_0.15_0.15_uni,stk-dp,8,2,1048576,48125802,0.000000,8.587363,2598526,973074866953.000000
rmat_s20_ef48_0.55_0.15_0.15_0.15_uni,stk-dp,32,0,1048576,48125802,0.000000,39.170693,7301971,2507442466153.000000
rmat_s20_ef48_0.55_0.15_0.15_0.15_uni,stk-dp,32,1,1048576,48125802,0.000000,38.997774,7301971,2507442466153.000000
rmat_s20_ef48_0.55_0.15_0.15_0.15_uni,stk-dp,32,2,1048576,48125802,0.000000,38.397869,7301971,2507442466153.000000
fbA,stk,64,0,357059,43057511,0.000000,21.707746,229599,123021314492.000000
fbA,stk,64,1,357059,43057511,0.000000,22.230804,229599,123021314492.000000
fbA,stk,64,2,357059,43057511,0.000000,22.339486,229599,123021314492.000000
fbA,stk,2,0,357059,43057511,0.000000,0.329945,8212,9870652909.000000
fbA,stk,2,1,357059,43057511,0.000000,0.329343,8212,9870652909.000000
fbA,stk,2,2,357059,43057511,0.000000,0.329499,8212,9870652909.000000
fbA,stk,8,0,357059,43057511,0.000000,1.110356,31662,27090491238.000000
fbA,stk,8,1,357059,43057511,0.000000,1.099158,31662,27090491238.000000
fbA,stk,8,2,357059,43057511,0.000000,1.165925,31662,27090491238.000000
fbA,stk,32,0,357059,43057511,0.000000,9.232408,118318,75286607740.000000
fbA,stk,32,1,357059,43057511,0.000000,7.792447,118318,75286607740.000000
fbA,stk,32,2,357059,43057511,0.000000,9.034996,118318,75286607740.000000
fbA,kMM_1,64,0,357059,43057511,14.747418,14.491068,231904,127195165990.00
fbA,kMM_1,64,1,357059,43057511,14.899077,14.646626,231904,127195165990.00
fbA,kMM_1,64,2,357059,43057511,14.818329,14.619138,231904,127195165990.00
fbA,kMM_1,2,0,357059,43057511,14.752207,3.257713,8253,10418982805.00
fbA,kMM_1,2,1,357059,43057511,14.776595,3.262073,8253,10418982805.00
fbA,kMM_1,2,2,357059,43057511,14.763933,3.275235,8253,10418982805.00
fbA,kMM_1,8,0,357059,43057511,14.873270,7.194902,32346,29103283227.00
fbA,kMM_1,8,1,357059,43057511,15.301568,7.009032,32346,29103283227.00
fbA,kMM_1,8,2,357059,43057511,14.697956,7.057690,32346,29103283227.00
fbA,kMM_1,32,0,357059,43057511,14.801535,11.850403,120332,79200955165.00
fbA,kMM_1,32,1,357059,43057511,14.833578,11.935504,120332,79200955165.00
fbA,kMM_1,32,2,357059,43057511,14.831160,11.975262,120332,79200955165.00
fbA,kEC,64,0,357059,43057511,229.794,16.443211,0,127362655310
fbA,kEC,64,1,357059,43057511,231.387,16.470156,0,127362655310
fbA,kEC,64,2,357059,43057511,230.683,16.456821,0,127362655310
fbA,kEC,2,0,357059,43057511,253.871,15.003197,0,10501052232
fbA,kEC,2,1,357059,43057511,229.128,15.236000,0,10501052232
fbA,kEC,2,2,357059,43057511,230.958,15.166720,0,10501052232
fbA,kEC,8,0,357059,43057511,231.523,15.464619,0,29137897249
fbA,kEC,8,1,357059,43057511,230.011,15.496480,0,29137897249
fbA,kEC,8,2,357059,43057511,230.059,15.459431,0,29137897249
fbA,kEC,32,0,357059,43057511,232.168,16.094927,0,79355378327
fbA,kEC,32,1,357059,43057511,230.442,15.977784,0,79355378327
fbA,kEC,32,2,357059,43057511,231.488,16.091146,0,79355378327
fbA,NCb,64,0,357059,43057511,232.805,23.938219,0,127306965877
fbA,NCb,64,1,357059,43057511,230.483,23.731860,0,127306965877
fbA,NCb,64,2,357059,43057511,230.572,23.695927,0,127306965877
fbA,NCb,2,0,357059,43057511,231.778,23.132051,0,10462173892
fbA,NCb,2,1,357059,43057511,231.935,23.232914,0,10462173892
fbA,NCb,2,2,357059,43057511,232.126,23.314487,0,10462173892
fbA,NCb,8,0,357059,43057511,231.051,23.815319,0,29135342622
fbA,NCb,8,1,357059,43057511,229.735,23.722458,0,29135342622
fbA,NCb,8,2,357059,43057511,230.3,23.850266,0,29135342622
fbA,NCb,32,0,357059,43057511,230.25,23.695209,0,79334054582
fbA,NCb,32,1,357059,43057511,229.417,23.651341,0,79334054582
fbA,NCb,32,2,357059,43057511,230.554,23.629585,0,79334054582
fbA,MRepLM_1,64,0,357059,43057511,14.678156,323.114651,231846,127305146236.00
fbA,MRepLM_1,64,1,357059,43057511,15.444946,319.479127,231841,127305109937.00
fbA,MRepLM_1,64,2,357059,43057511,14.761268,320.224205,231840,127305143505.00
fbA,MRepLM_1,2,0,357059,43057511,14.784462,5.992202,8235,10467555000.00
fbA,MRepLM_1,2,1,357059,43057511,14.845775,6.051753,8236,10467558888.00
fbA,MRepLM_1,2,2,357059,43057511,14.740963,6.007913,8237,10467557352.00
fbA,MRepLM_1,8,0,357059,43057511,14.743133,32.514902,32302,29135365247.00
fbA,MRepLM_1,8,1,357059,43057511,14.848345,32.637627,32311,29135360668.00
fbA,MRepLM_1,8,2,357059,43057511,14.743335,32.674921,32314,29135361192.00
fbA,MRepLM_1,32,0,357059,43057511,14.811988,149.155877,120250,79337836537.00
fbA,MRepLM_1,32,1,357059,43057511,14.793536,148.634852,120245,79337826719.00
fbA,MRepLM_1,32,2,357059,43057511,14.745522,149.080910,120234,79337833562.00
fbA,stk-dp,64,0,357059,43057511,0.000000,48.267431,229522,124043288626.000000
fbA,stk-dp,64,1,357059,43057511,0.000000,48.507541,229522,124043288626.000000
fbA,stk-dp,64,2,357059,43057511,0.000000,47.572274,229522,124043288626.000000
fbA,stk-dp,2,0,357059,43057511,0.000000,0.568765,8171,10058712834.000000
fbA,stk-dp,2,1,357059,43057511,0.000000,0.569715,8171,10058712834.000000
fbA,stk-dp,2,2,357059,43057511,0.000000,0.591014,8171,10058712834.000000
fbA,stk-dp,8,0,357059,43057511,0.000000,2.583888,31433,27817517509.000000
fbA,stk-dp,8,1,357059,43057511,0.000000,2.590558,31433,27817517509.000000
fbA,stk-dp,8,2,357059,43057511,0.000000,2.602571,31433,27817517509.000000
fbA,stk-dp,32,0,357059,43057511,0.000000,22.308870,118191,76385698065.000000
fbA,stk-dp,32,1,357059,43057511,0.000000,22.136465,118191,76385698065.000000
fbA,stk-dp,32,2,357059,43057511,0.000000,20.022854,118191,76385698065.000000
fb_clusterB_full,stk,64,0,4965001,164347164,0.000000,152.436694,716991,193339421812.000000
fb_clusterB_full,stk,64,1,4965001,164347164,0.000000,151.484678,716991,193339421812.000000
fb_clusterB_full,stk,64,2,4965001,164347164,0.000000,153.179890,716991,193339421812.000000
fb_clusterB_full,stk,2,0,4965001,164347164,0.000000,1.941370,25953,13472798022.000000
fb_clusterB_full,stk,2,1,4965001,164347164,0.000000,1.988508,25953,13472798022.000000
fb_clusterB_full,stk,2,2,4965001,164347164,0.000000,1.914767,25953,13472798022.000000
fb_clusterB_full,stk,8,0,4965001,164347164,0.000000,8.801917,96463,35964213088.000000
fb_clusterB_full,stk,8,1,4965001,164347164,0.000000,8.827140,96463,35964213088.000000
fb_clusterB_full,stk,8,2,4965001,164347164,0.000000,9.315406,96463,35964213088.000000
fb_clusterB_full,stk,32,0,4965001,164347164,0.000000,60.878643,365783,109008834375.000000
fb_clusterB_full,stk,32,1,4965001,164347164,0.000000,61.548241,365783,109008834375.000000
fb_clusterB_full,stk,32,2,4965001,164347164,0.000000,63.771730,365783,109008834375.000000
fb_clusterB_full,kMM_1,64,0,4965001,164347164,60.559633,146.937894,701399,202269462180.00
fb_clusterB_full,kMM_1,64,1,4965001,164347164,60.096397,149.745423,701399,202269462180.00
fb_clusterB_full,kMM_1,64,2,4965001,164347164,60.243025,147.128023,701399,202269462180.00
fb_clusterB_full,kMM_1,2,0,4965001,164347164,60.268205,27.176864,25534,14262757107.00
fb_clusterB_full,kMM_1,2,1,4965001,164347164,60.109720,27.115976,25534,14262757107.00
fb_clusterB_full,kMM_1,2,2,4965001,164347164,60.460555,27.014145,25534,14262757107.00
fb_clusterB_full,kMM_1,8,0,4965001,164347164,60.204635,66.288321,95333,40228119010.00
fb_clusterB_full,kMM_1,8,1,4965001,164347164,60.317769,65.923154,95333,40228119010.00
fb_clusterB_full,kMM_1,8,2,4965001,164347164,60.250019,65.921803,95333,40228119010.00
fb_clusterB_full,kMM_1,32,0,4965001,164347164,60.056300,118.138014,359546,118167232291.00
fb_clusterB_full,kMM_1,32,1,4965001,164347164,60.087207,118.256309,359546,118167232291.00
fb_clusterB_full,kMM_1,32,2,4965001,164347164,60.162954,118.449309,359546,118167232291.00
fb_clusterB_full,kEC,64,0,4965001,164347164,1860,128.896213,0,203998042242
fb_clusterB_full,kEC,64,1,4965001,164347164,1841.08,111.539145,0,203998042242
fb_clusterB_full,kEC,64,2,4965001,164347164,1826.89,110.934305,0,203998042242
fb_clusterB_full,kEC,2,0,4965001,164347164,1839.99,82.816310,0,14427882964
fb_clusterB_full,kEC,2,1,4965001,164347164,1857.42,82.437467,0,14427882964
fb_clusterB_full,kEC,2,2,4965001,164347164,1848.15,82.322114,0,14427882964
fb_clusterB_full,kEC,8,0,4965001,164347164,1857.96,87.802521,0,40560065930
fb_clusterB_full,kEC,8,1,4965001,164347164,1840.28,88.836586,0,40560065930
fb_clusterB_full,kEC,8,2,4965001,164347164,1839.79,88.035280,0,40560065930
fb_clusterB_full,kEC,32,0,4965001,164347164,1842.93,105.464622,0,118769603950
fb_clusterB_full,kEC,32,1,4965001,164347164,1854.49,105.107729,0,118769603950
fb_clusterB_full,kEC,32,2,4965001,164347164,1840.85,105.587504,0,118769603950
fb_clusterB_full,NCb,64,0,4965001,164347164,1834.08,127.792476,0,203716863426
fb_clusterB_full,NCb,64,1,4965001,164347164,1846.38,128.332415,0,203716863426
fb_clusterB_full,NCb,64,2,4965001,164347164,1839.69,128.001339,0,203716863426
fb_clusterB_full,NCb,2,0,4965001,164347164,1845.18,127.605307,0,14407403161
fb_clusterB_full,NCb,2,1,4965001,164347164,1831.64,126.960857,0,14407403161
fb_clusterB_full,NCb,2,2,4965001,164347164,1842.87,128.020297,0,14407403161
fb_clusterB_full,NCb,8,0,4965001,164347164,1832.51,128.112826,0,40465758519
fb_clusterB_full,NCb,8,1,4965001,164347164,1835.9,128.525944,0,40465758519
fb_clusterB_full,NCb,8,2,4965001,164347164,1838.95,127.996333,0,40465758519
fb_clusterB_full,NCb,32,0,4965001,164347164,1867.15,129.960081,0,118669935571
fb_clusterB_full,NCb,32,1,4965001,164347164,1846.05,127.598231,0,118669935571
fb_clusterB_full,NCb,32,2,4965001,164347164,1826.88,127.324919,0,118669935571
fb_clusterB_full,MRepLM_1,64,0,4965001,164347164,60.449191,5924.298670,702960,203684937125.00
fb_clusterB_full,MRepLM_1,64,1,4965001,164347164,60.093851,5924.409360,702990,203685692657.00
fb_clusterB_full,MRepLM_1,64,2,4965001,164347164,61.395923,5914.914114,702973,203684933531.00
fb_clusterB_full,MRepLM_1,2,0,4965001,164347164,59.833118,50.069675,25458,14407518703.00
fb_clusterB_full,MRepLM_1,2,1,4965001,164347164,59.954970,49.634012,25465,14407599186.00
fb_clusterB_full,MRepLM_1,2,2,4965001,164347164,60.063463,50.302560,25470,14407479031.00
fb_clusterB_full,MRepLM_1,8,0,4965001,164347164,59.915952,315.032880,95136,40466099539.00
fb_clusterB_full,MRepLM_1,8,1,4965001,164347164,59.826063,315.075665,95144,40465353115.00
fb_clusterB_full,MRepLM_1,8,2,4965001,164347164,60.650144,314.204542,95125,40465816468.00
fb_clusterB_full,MRepLM_1,32,0,4965001,164347164,59.835781,2054.573919,359643,118671502971.00
fb_clusterB_full,MRepLM_1,32,1,4965001,164347164,60.067690,2098.766632,359628,118670986519.00
fb_clusterB_full,MRepLM_1,32,2,4965001,164347164,60.127589,2088.868331,359667,118671822330.00
fb_clusterB_full,stk-dp,64,0,4965001,164347164,0.000000,332.533496,710812,194796786213.000000
fb_clusterB_full,stk-dp,64,1,4965001,164347164,0.000000,331.828245,710812,194796786213.000000
fb_clusterB_full,stk-dp,64,2,4965001,164347164,0.000000,331.501113,710812,194796786213.000000
fb_clusterB_full,stk-dp,2,0,4965001,164347164,0.000000,3.853308,25945,13643360242.000000
fb_clusterB_full,stk-dp,2,1,4965001,164347164,0.000000,3.855004,25945,13643360242.000000
fb_clusterB_full,stk-dp,2,2,4965001,164347164,0.000000,3.924487,25945,13643360242.000000
fb_clusterB_full,stk-dp,8,0,4965001,164347164,0.000000,23.525090,95632,36820928688.000000
fb_clusterB_full,stk-dp,8,1,4965001,164347164,0.000000,22.146833,95632,36820928688.000000
fb_clusterB_full,stk-dp,8,2,4965001,164347164,0.000000,21.887126,95632,36820928688.000000
fb_clusterB_full,stk-dp,32,0,4965001,164347164,0.000000,155.431953,362221,111121049576.000000
fb_clusterB_full,stk-dp,32,1,4965001,164347164,0.000000,153.491806,362221,111121049576.000000
fb_clusterB_full,stk-dp,32,2,4965001,164347164,0.000000,155.140453,362221,111121049576.000000
rmat_s20_ef48_0.45_0.15_0.15_0.25_exp,stk,64,0,1048576,50135288,0.000000,38.353742,22071276,1100588069323.000000
rmat_s20_ef48_0.45_0.15_0.15_0.25_exp,stk,64,1,1048576,50135288,0.000000,38.523682,22071276,1100588069323.000000
rmat_s20_ef48_0.45_0.15_0.15_0.25_exp,stk,64,2,1048576,50135288,0.000000,38.682905,22071276,1100588069323.000000
rmat_s20_ef48_0.45_0.15_0.15_0.25_exp,stk,2,0,1048576,50135288,0.000000,0.888751,942542,111584448329.000000
rmat_s20_ef48_0.45_0.15_0.15_0.25_exp,stk,2,1,1048576,50135288,0.000000,0.885005,942542,111584448329.000000
rmat_s20_ef48_0.45_0.15_0.15_0.25_exp,stk,2,2,1048576,50135288,0.000000,0.883675,942542,111584448329.000000
rmat_s20_ef48_0.45_0.15_0.15_0.25_exp,stk,8,0,1048576,50135288,0.000000,4.611925,3640288,333721273488.000000
rmat_s20_ef48_0.45_0.15_0.15_0.25_exp,stk,8,1,1048576,50135288,0.000000,4.582205,3640288,333721273488.000000
rmat_s20_ef48_0.45_0.15_0.15_0.25_exp,stk,8,2,1048576,50135288,0.000000,4.576523,3640288,333721273488.000000
rmat_s20_ef48_0.45_0.15_0.15_0.25_exp,stk,32,0,1048576,50135288,0.000000,21.198099,12921337,800977032915.000000
rmat_s20_ef48_0.45_0.15_0.15_0.25_exp,stk,32,1,1048576,50135288,0.000000,21.226700,12921337,800977032915.000000
rmat_s20_ef48_0.45_0.15_0.15_0.25_exp,stk,32,2,1048576,50135288,0.000000,21.012539,12921337,800977032915.000000
rmat_s20_ef48_0.45_0.15_0.15_0.25_exp,kMM_1,64,0,1048576,50135288,18.903879,28.144522,22902131,1129984397060.00
rmat_s20_ef48_0.45_0.15_0.15_0.25_exp,kMM_1,64,1,1048576,50135288,18.594875,28.192753,22902131,1129984397060.00
rmat_s20_ef48_0.45_0.15_0.15_0.25_exp,kMM_1,64,2,1048576,50135288,18.685540,27.938114,22902131,1129984397060.00
rmat_s20_ef48_0.45_0.15_0.15_0.25_exp,kMM_1,2,0,1048576,50135288,18.613387,4.129431,998595,121700310285.00
rmat_s20_ef48_0.45_0.15_0.15_0.25_exp,kMM_1,2,1,1048576,50135288,18.614963,4.075922,998595,121700310285.00
rmat_s20_ef48_0.45_0.15_0.15_0.25_exp,kMM_1,2,2,1048576,50135288,18.636158,4.088670,998595,121700310285.00
rmat_s20_ef48_0.45_0.15_0.15_0.25_exp,kMM_1,8,0,1048576,50135288,18.746613,10.604307,3903600,361207393232.00
rmat_s20_ef48_0.45_0.15_0.15_0.25_exp,kMM_1,8,1,1048576,50135288,18.502504,10.650670,3903600,361207393232.00
rmat_s20_ef48_0.45_0.15_0.15_0.25_exp,kMM_1,8,2,1048576,50135288,18.580909,10.460803,3903600,361207393232.00
rmat_s20_ef48_0.45_0.15_0.15_0.25_exp,kMM_1,32,0,1048576,50135288,18.751725,21.087914,13699727,840627907352.00
rmat_s20_ef48_0.45_0.15_0.15_0.25_exp,kMM_1,32,1,1048576,50135288,18.556377,21.414480,13699727,840627907352.00
rmat_s20_ef48_0.45_0.15_0.15_0.25_exp,kMM_1,32,2,1048576,50135288,18.692522,21.245955,13699727,840627907352.00
rmat_s20_ef48_0.45_0.15_0.15_0.25_exp,kEC,64,0,1048515,50135288,99.0491,59.501789,0,1128183363424
rmat_s20_ef48_0.45_0.15_0.15_0.25_exp,kEC,64,1,1048515,50135288,99.1911,54.809270,0,1128183363424
rmat_s20_ef48_0.45_0.15_0.15_0.25_exp,kEC,64,2,1048515,50135288,98.6109,54.401716,0,1128183363424
rmat_s20_ef48_0.45_0.15_0.15_0.25_exp,kEC,2,0,1048515,50135288,99.3333,30.536136,0,122973612809
rmat_s20_ef48_0.45_0.15_0.15_0.25_exp,kEC,2,1,1048515,50135288,98.8374,30.323135,0,122973612809
rmat_s20_ef48_0.45_0.15_0.15_0.25_exp,kEC,2,2,1048515,50135288,97.9726,30.334807,0,122973612809
rmat_s20_ef48_0.45_0.15_0.15_0.25_exp,kEC,8,0,1048515,50135288,98.1267,38.085558,0,363358017858
rmat_s20_ef48_0.45_0.15_0.15_0.25_exp,kEC,8,1,1048515,50135288,98.5496,38.168255,0,363358017858
rmat_s20_ef48_0.45_0.15_0.15_0.25_exp,kEC,8,2,1048515,50135288,98.8853,37.919000,0,363358017858
rmat_s20_ef48_0.45_0.15_0.15_0.25_exp,kEC,32,0,1048515,50135288,98.5419,45.266318,0,839511348499
rmat_s20_ef48_0.45_0.15_0.15_0.25_exp,kEC,32,1,1048515,50135288,99.0566,45.453398,0,839511348499
rmat_s20_ef48_0.45_0.15_0.15_0.25_exp,kEC,32,2,1048515,50135288,99.3461,45.345893,0,839511348499
rmat_s20_ef48_0.45_0.15_0.15_0.25_exp,NCb,64,0,1048515,50135288,97.6079,55.053121,0,1128181339939
rmat_s20_ef48_0.45_0.15_0.15_0.25_exp,NCb,64,1,1048515,50135288,98.9409,55.610799,0,1128181339939
rmat_s20_ef48_0.45_0.15_0.15_0.25_exp,NCb,64,2,1048515,50135288,98.1843,55.330788,0,1128181339939
rmat_s20_ef48_0.45_0.15_0.15_0.25_exp,NCb,2,0,1048515,50135288,98.504,14.789232,0,121232436225
rmat_s20_ef48_0.45_0.15_0.15_0.25_exp,NCb,2,1,1048515,50135288,98.7991,14.701715,0,121232436225
rmat_s20_ef48_0.45_0.15_0.15_0.25_exp,NCb,2,2,1048515,50135288,98.9616,14.708400,0,121232436225
rmat_s20_ef48_0.45_0.15_0.15_0.25_exp,NCb,8,0,1048515,50135288,98.2328,26.499721,0,361922723899
rmat_s20_ef48_0.45_0.15_0.15_0.25_exp,NCb,8,1,1048515,50135288,97.9752,26.532734,0,361922723899
rmat_s20_ef48_0.45_0.15_0.15_0.25_exp,NCb,8,2,1048515,50135288,97.987,26.582106,0,361922723899
rmat_s20_ef48_0.45_0.15_0.15_0.25_exp,NCb,32,0,1048515,50135288,98.3321,46.830945,0,839424795210
rmat_s20_ef48_0.45_0.15_0.15_0.25_exp,NCb,32,1,1048515,50135288,98.0198,46.757953,0,839424795210
rmat_s20_ef48_0.45_0.15_0.15_0.25_exp,NCb,32,2,1048515,50135288,97.9293,46.816590,0,839424795210
rmat_s20_ef48_0.45_0.15_0.15_0.25_exp,MRepLM_1,64,0,1048576,50135288,18.776687,341.140909,22823449,1128178552948.00
rmat_s20_ef48_0.45_0.15_0.15_0.25_exp,MRepLM_1,64,1,1048576,50135288,18.483949,339.691912,22823456,1128178655900.00
rmat_s20_ef48_0.45_0.15_0.15_0.25_exp,MRepLM_1,64,2,1048576,50135288,18.495421,340.592647,22823476,1128178584774.00
rmat_s20_ef48_0.45_0.15_0.15_0.25_exp,MRepLM_1,2,0,1048576,50135288,18.683243,4.745985,998130,122350822986.00
rmat_s20_ef48_0.45_0.15_0.15_0.25_exp,MRepLM_1,2,1,1048576,50135288,18.690718,4.791767,998127,122350715312.00
rmat_s20_ef48_0.45_0.15_0.15_0.25_exp,MRepLM_1,2,2,1048576,50135288,18.608196,4.810672,998129,122350663800.00
rmat_s20_ef48_0.45_0.15_0.15_0.25_exp,MRepLM_1,8,0,1048576,50135288,18.957668,24.128999,3903477,362537978756.00
rmat_s20_ef48_0.45_0.15_0.15_0.25_exp,MRepLM_1,8,1,1048576,50135288,18.540967,24.419652,3903481,362538224402.00
rmat_s20_ef48_0.45_0.15_0.15_0.25_exp,MRepLM_1,8,2,1048576,50135288,18.546921,24.254152,3903479,362538061718.00
rmat_s20_ef48_0.45_0.15_0.15_0.25_exp,MRepLM_1,32,0,1048576,50135288,18.668714,148.530309,13657301,839436410219.00
rmat_s20_ef48_0.45_0.15_0.15_0.25_exp,MRepLM_1,32,1,1048576,50135288,18.835287,148.071498,13657175,839436688702.00
rmat_s20_ef48_0.45_0.15_0.15_0.25_exp,MRepLM_1,32,2,1048576,50135288,18.495420,148.458619,13657172,839436041944.00
rmat_s20_ef48_0.45_0.15_0.15_0.25_exp,stk-dp,64,0,1048576,50135288,0.000000,64.086586,22256157,1107824238362.000000
rmat_s20_ef48_0.45_0.15_0.15_0.25_exp,stk-dp,64,1,1048576,50135288,0.000000,62.976491,22256157,1107824238362.000000
rmat_s20_ef48_0.45_0.15_0.15_0.25_exp,stk-dp,64,2,1048576,50135288,0.000000,63.186530,22256157,1107824238362.000000
rmat_s20_ef48_0.45_0.15_0.15_0.25_exp,stk-dp,2,0,1048576,50135288,0.000000,2.015206,949034,115302078831.000000
rmat_s20_ef48_0.45_0.15_0.15_0.25_exp,stk-dp,2,1,1048576,50135288,0.000000,2.004842,949034,115302078831.000000
rmat_s20_ef48_0.45_0.15_0.15_0.25_exp,stk-dp,2,2,1048576,50135288,0.000000,2.030870,949034,115302078831.000000
rmat_s20_ef48_0.45_0.15_0.15_0.25_exp,stk-dp,8,0,1048576,50135288,0.000000,10.781939,3685896,342344563238.000000
rmat_s20_ef48_0.45_0.15_0.15_0.25_exp,stk-dp,8,1,1048576,50135288,0.000000,10.821371,3685896,342344563238.000000
rmat_s20_ef48_0.45_0.15_0.15_0.25_exp,stk-dp,8,2,1048576,50135288,0.000000,10.668084,3685896,342344563238.000000
rmat_s20_ef48_0.45_0.15_0.15_0.25_exp,stk-dp,32,0,1048576,50135288,0.000000,39.181157,13066184,811703072852.000000
rmat_s20_ef48_0.45_0.15_0.15_0.25_exp,stk-dp,32,1,1048576,50135288,0.000000,39.051851,13066184,811703072852.000000
rmat_s20_ef48_0.45_0.15_0.15_0.25_exp,stk-dp,32,2,1048576,50135288,0.000000,38.653313,13066184,811703072852.000000
rmat_s20_ef48_0.25_0.25_0.25_0.25_exp,MRepLM_32,64,0,1048576,50329356,17.939208,46.903603,32811185,1483858153691.00
rmat_s20_ef48_0.25_0.25_0.25_0.25_exp,MRepLM_32,64,1,1048576,50329356,18.312043,46.728662,32812059,1483867745607.00
rmat_s20_ef48_0.25_0.25_0.25_0.25_exp,MRepLM_32,64,2,1048576,50329356,18.824693,47.002294,32811370,1483859827630.00
rmat_s20_ef48_0.25_0.25_0.25_0.25_exp,MRepLM_32,2,0,1048576,50329356,18.585253,0.945087,1037634,142236057621.00
rmat_s20_ef48_0.25_0.25_0.25_0.25_exp,MRepLM_32,2,1,1048576,50329356,21.748937,0.933242,1037632,142236051850.00
rmat_s20_ef48_0.25_0.25_0.25_0.25_exp,MRepLM_32,2,2,1048576,50329356,19.555762,0.916968,1037636,142236117948.00
rmat_s20_ef48_0.25_0.25_0.25_0.25_exp,MRepLM_32,8,0,1048576,50329356,18.522450,4.866514,4148167,438656394434.00
rmat_s20_ef48_0.25_0.25_0.25_0.25_exp,MRepLM_32,8,1,1048576,50329356,18.403242,5.346168,4148170,438655797382.00
rmat_s20_ef48_0.25_0.25_0.25_0.25_exp,MRepLM_32,8,2,1048576,50329356,18.603355,5.164744,4148181,438656033207.00
rmat_s20_ef48_0.25_0.25_0.25_0.25_exp,MRepLM_32,32,0,1048576,50329356,18.548418,23.653520,16544850,1095270143931.00
rmat_s20_ef48_0.25_0.25_0.25_0.25_exp,MRepLM_32,32,1,1048576,50329356,18.677606,24.826170,16545016,1095273898362.00
rmat_s20_ef48_0.25_0.25_0.25_0.25_exp,MRepLM_32,32,2,1048576,50329356,18.852074,24.896027,16545040,1095270219211.00
rmat_s20_ef48_0.25_0.25_0.25_0.25_exp,kMM_32,64,0,1048576,50329356,19.089066,125.734908,32650874,1476031104658.00
rmat_s20_ef48_0.25_0.25_0.25_0.25_exp,kMM_32,64,1,1048576,50329356,18.241277,124.842634,32652091,1476028058354.00
rmat_s20_ef48_0.25_0.25_0.25_0.25_exp,kMM_32,64,2,1048576,50329356,18.170651,126.156777,32652346,1476033528640.00
rmat_s20_ef48_0.25_0.25_0.25_0.25_exp,kMM_32,2,0,1048576,50329356,18.562229,4.680928,1037797,140992987765.00
rmat_s20_ef48_0.25_0.25_0.25_0.25_exp,kMM_32,2,1,1048576,50329356,18.541915,4.711060,1037722,140988896836.00
rmat_s20_ef48_0.25_0.25_0.25_0.25_exp,kMM_32,2,2,1048576,50329356,18.205595,4.680304,1037757,140990445638.00
rmat_s20_ef48_0.25_0.25_0.25_0.25_exp,kMM_32,8,0,1048576,50329356,18.707022,17.601951,4147922,435183844188.00
rmat_s20_ef48_0.25_0.25_0.25_0.25_exp,kMM_32,8,1,1048576,50329356,18.205601,17.555830,4147933,435202290283.00
rmat_s20_ef48_0.25_0.25_0.25_0.25_exp,kMM_32,8,2,1048576,50329356,17.932115,17.689683,4148089,435174134085.00
rmat_s20_ef48_0.25_0.25_0.25_0.25_exp,kMM_32,32,0,1048576,50329356,18.414687,65.239138,16527442,1088272224201.00
rmat_s20_ef48_0.25_0.25_0.25_0.25_exp,kMM_32,32,1,1048576,50329356,18.204289,66.058113,16526937,1088270223281.00
rmat_s20_ef48_0.25_0.25_0.25_0.25_exp,kMM_32,32,2,1048576,50329356,18.159424,65.464510,16527262,1088264415625.00
rmat_s20_ef48_0.45_0.15_0.15_0.25_uni,MRepLM_32,64,0,1048576,50135639,18.248471,87.790403,22829938,7547950578368.00
rmat_s20_ef48_0.45_0.15_0.15_0.25_uni,MRepLM_32,64,1,1048576,50135639,18.201174,88.418861,22829954,7547950453359.00
rmat_s20_ef48_0.45_0.15_0.15_0.25_uni,MRepLM_32,64,2,1048576,50135639,18.100394,88.296566,22829951,7547949937173.00
rmat_s20_ef48_0.45_0.15_0.15_0.25_uni,MRepLM_32,2,0,1048576,50135639,18.694424,0.900365,998120,457955769071.00
rmat_s20_ef48_0.45_0.15_0.15_0.25_uni,MRepLM_32,2,1,1048576,50135639,18.066047,0.979478,998126,457957579635.00
rmat_s20_ef48_0.45_0.15_0.15_0.25_uni,MRepLM_32,2,2,1048576,50135639,18.438378,0.965858,998129,457957424243.00
rmat_s20_ef48_0.45_0.15_0.15_0.25_uni,MRepLM_32,8,0,1048576,50135639,18.836243,6.284134,3904146,1689080712987.00
rmat_s20_ef48_0.45_0.15_0.15_0.25_uni,MRepLM_32,8,1,1048576,50135639,18.310473,6.604720,3904173,1689083114502.00
rmat_s20_ef48_0.45_0.15_0.15_0.25_uni,MRepLM_32,8,2,1048576,50135639,18.402905,6.236249,3904208,1689089361428.00
rmat_s20_ef48_0.45_0.15_0.15_0.25_uni,MRepLM_32,32,0,1048576,50135639,18.609485,40.109229,13661183,5046504919493.00
rmat_s20_ef48_0.45_0.15_0.15_0.25_uni,MRepLM_32,32,1,1048576,50135639,17.918846,39.950261,13661209,5046499832379.00
rmat_s20_ef48_0.45_0.15_0.15_0.25_uni,MRepLM_32,32,2,1048576,50135639,18.090478,39.784455,13661145,5046498442235.00
rmat_s20_ef48_0.45_0.15_0.15_0.25_uni,kMM_32,64,0,1048576,50135639,18.415354,88.638851,22902605,7558583499441.00
rmat_s20_ef48_0.45_0.15_0.15_0.25_uni,kMM_32,64,1,1048576,50135639,18.306297,88.144991,22902929,7558646122697.00
rmat_s20_ef48_0.45_0.15_0.15_0.25_uni,kMM_32,64,2,1048576,50135639,18.010061,88.853304,22902206,7558584829406.00
rmat_s20_ef48_0.45_0.15_0.15_0.25_uni,kMM_32,2,0,1048576,50135639,18.070727,4.186079,998499,449445525655.00
rmat_s20_ef48_0.45_0.15_0.15_0.25_uni,kMM_32,2,1,1048576,50135639,18.324931,4.168713,998370,449386371865.00
rmat_s20_ef48_0.45_0.15_0.15_0.25_uni,kMM_32,2,2,1048576,50135639,17.901395,4.199560,998623,449520656913.00
rmat_s20_ef48_0.45_0.15_0.15_0.25_uni,kMM_32,8,0,1048576,50135639,18.060938,15.688296,3899837,1669472229963.00
rmat_s20_ef48_0.45_0.15_0.15_0.25_uni,kMM_32,8,1,1048576,50135639,18.060491,15.810144,3899518,1669452698324.00
rmat_s20_ef48_0.45_0.15_0.15_0.25_uni,kMM_32,8,2,1048576,50135639,18.170147,15.457306,3899147,1669409439246.00
rmat_s20_ef48_0.45_0.15_0.15_0.25_uni,kMM_32,32,0,1048576,50135639,18.157589,53.454897,13698242,5046733313145.00
rmat_s20_ef48_0.45_0.15_0.15_0.25_uni,kMM_32,32,1,1048576,50135639,18.020757,53.103446,13698377,5046740378857.00
rmat_s20_ef48_0.45_0.15_0.15_0.25_uni,kMM_32,32,2,1048576,50135639,17.817111,53.219233,13698340,5046789114965.00
fbC,MRepLM_32,64,0,990023,40654711,13.395199,114.092022,228840,452370267003.00
fbC,MRepLM_32,64,1,990023,40654711,13.642481,111.185101,228825,452366577843.00
fbC,MRepLM_32,64,2,990023,40654711,14.203577,112.203536,228814,452368488314.00
fbC,MRepLM_32,2,0,990023,40654711,13.673801,0.658217,9359,77919579930.00
fbC,MRepLM_32,2,1,990023,40654711,14.113939,0.740316,9359,77919478601.00
fbC,MRepLM_32,2,2,990023,40654711,13.491257,0.784980,9356,77919574250.00
fbC,MRepLM_32,8,0,990023,40654711,13.614988,3.349218,31001,239913210021.00
fbC,MRepLM_32,8,1,990023,40654711,13.608890,4.171010,30999,239913211156.00
fbC,MRepLM_32,8,2,990023,40654711,13.634140,3.764082,31002,239913206430.00
fbC,MRepLM_32,32,0,990023,40654711,13.574701,27.393356,116167,414694084603.00
fbC,MRepLM_32,32,1,990023,40654711,13.491084,28.101363,116162,414695332947.00
fbC,MRepLM_32,32,2,990023,40654711,13.510309,28.642807,116164,414693847747.00
fbC,kMM_32,64,0,990023,40654711,13.220219,5.720768,228954,452276251110.00
fbC,kMM_32,64,1,990023,40654711,13.545373,5.295546,228959,452282322848.00
fbC,kMM_32,64,2,990023,40654711,13.574770,4.858089,228954,452271225197.00
fbC,kMM_32,2,0,990023,40654711,13.372597,0.796065,9328,77135299014.00
fbC,kMM_32,2,1,990023,40654711,13.342736,0.787466,9333,77221559164.00
fbC,kMM_32,2,2,990023,40654711,13.406085,0.656179,9320,77184093362.00
fbC,kMM_32,8,0,990023,40654711,13.558465,2.318750,31024,238141136499.00
fbC,kMM_32,8,1,990023,40654711,14.262765,2.172372,31019,238367681062.00
fbC,kMM_32,8,2,990023,40654711,13.465041,1.942289,31013,238102939040.00
fbC,kMM_32,32,0,990023,40654711,13.761654,3.989210,116301,414573788215.00
fbC,kMM_32,32,1,990023,40654711,14.074577,3.870014,116276,414577860883.00
fbC,kMM_32,32,2,990023,40654711,14.541236,3.697784,116267,414574622177.00
rmat_s20_ef48_0.25_0.25_0.25_0.25_uni,MRepLM_32,64,0,1048576,50329246,18.695300,42.887925,32811611,10892143895939.00
rmat_s20_ef48_0.25_0.25_0.25_0.25_uni,MRepLM_32,64,1,1048576,50329246,19.767810,45.893461,32811404,10892096855952.00
rmat_s20_ef48_0.25_0.25_0.25_0.25_uni,MRepLM_32,64,2,1048576,50329246,19.108350,44.674515,32811811,10892162718081.00
rmat_s20_ef48_0.25_0.25_0.25_0.25_uni,MRepLM_32,2,0,1048576,50329246,20.229371,0.953123,1037566,497130438139.00
rmat_s20_ef48_0.25_0.25_0.25_0.25_uni,MRepLM_32,2,1,1048576,50329246,18.328510,1.004866,1037559,497128325612.00
rmat_s20_ef48_0.25_0.25_0.25_0.25_uni,MRepLM_32,2,2,1048576,50329246,18.913559,0.969637,1037565,497130562502.00
rmat_s20_ef48_0.25_0.25_0.25_0.25_uni,MRepLM_32,8,0,1048576,50329246,20.092246,4.519522,4148307,1932885919581.00
rmat_s20_ef48_0.25_0.25_0.25_0.25_uni,MRepLM_32,8,1,1048576,50329246,18.712430,5.002486,4148276,1932883873148.00
rmat_s20_ef48_0.25_0.25_0.25_0.25_uni,MRepLM_32,8,2,1048576,50329246,19.421104,4.704674,4148284,1932882318310.00
rmat_s20_ef48_0.25_0.25_0.25_0.25_uni,MRepLM_32,32,0,1048576,50329246,18.916397,23.349536,16544997,6765827758615.00
rmat_s20_ef48_0.25_0.25_0.25_0.25_uni,MRepLM_32,32,1,1048576,50329246,18.766643,24.625672,16545063,6765870553874.00
rmat_s20_ef48_0.25_0.25_0.25_0.25_uni,MRepLM_32,32,2,1048576,50329246,19.639089,24.398423,16545239,6765897608251.00
rmat_s20_ef48_0.25_0.25_0.25_0.25_uni,kMM_32,64,0,1048576,50329246,18.782908,124.345266,32650415,10805180730385.00
rmat_s20_ef48_0.25_0.25_0.25_0.25_uni,kMM_32,64,1,1048576,50329246,18.862630,126.961499,32651800,10805303741791.00
rmat_s20_ef48_0.25_0.25_0.25_0.25_uni,kMM_32,64,2,1048576,50329246,20.603710,125.820041,32651057,10805260267201.00
rmat_s20_ef48_0.25_0.25_0.25_0.25_uni,kMM_32,2,0,1048576,50329246,18.547151,4.543932,1037863,483209623183.00
rmat_s20_ef48_0.25_0.25_0.25_0.25_uni,kMM_32,2,1,1048576,50329246,18.593239,4.423173,1038004,483229754597.00
rmat_s20_ef48_0.25_0.25_0.25_0.25_uni,kMM_32,2,2,1048576,50329246,18.443186,4.367133,1038052,483226658476.00
rmat_s20_ef48_0.25_0.25_0.25_0.25_uni,kMM_32,8,0,1048576,50329246,18.678464,16.773950,4148185,1908593095062.00
rmat_s20_ef48_0.25_0.25_0.25_0.25_uni,kMM_32,8,1,1048576,50329246,18.393014,16.369665,4148031,1908475167652.00
rmat_s20_ef48_0.25_0.25_0.25_0.25_uni,kMM_32,8,2,1048576,50329246,18.730005,16.498105,4148118,1908610632689.00
rmat_s20_ef48_0.25_0.25_0.25_0.25_uni,kMM_32,32,0,1048576,50329246,18.053553,64.847103,16526834,6717830242562.00
rmat_s20_ef48_0.25_0.25_0.25_0.25_uni,kMM_32,32,1,1048576,50329246,19.076039,64.129526,16527409,6717886398085.00
rmat_s20_ef48_0.25_0.25_0.25_0.25_uni,kMM_32,32,2,1048576,50329246,18.203271,63.528575,16527710,6718084655159.00
rmat_s20_ef48_0.55_0.15_0.15_0.15_exp,MRepLM_32,64,0,1048576,48121491,17.217971,84.194525,10349125,593854456756.00
rmat_s20_ef48_0.55_0.15_0.15_0.15_exp,MRepLM_32,64,1,1048576,48121491,17.812795,86.350577,10349102,593854074454.00
rmat_s20_ef48_0.55_0.15_0.15_0.15_exp,MRepLM_32,64,2,1048576,48121491,17.697374,87.357924,10349103,593854210434.00
rmat_s20_ef48_0.55_0.15_0.15_0.15_exp,MRepLM_32,2,0,1048576,48121491,17.493353,0.783439,707103,71255567224.00
rmat_s20_ef48_0.55_0.15_0.15_0.15_exp,MRepLM_32,2,1,1048576,48121491,17.544652,0.781216,707102,71255608723.00
rmat_s20_ef48_0.55_0.15_0.15_0.15_exp,MRepLM_32,2,2,1048576,48121491,16.828248,0.836479,707105,71255599341.00
rmat_s20_ef48_0.55_0.15_0.15_0.15_exp,MRepLM_32,8,0,1048576,48121491,16.968626,4.410980,2384064,193423280598.00
rmat_s20_ef48_0.55_0.15_0.15_0.15_exp,MRepLM_32,8,1,1048576,48121491,17.230239,4.921695,2384063,193423300800.00
rmat_s20_ef48_0.55_0.15_0.15_0.15_exp,MRepLM_32,8,2,1048576,48121491,17.104648,4.925221,2384066,193423377848.00
rmat_s20_ef48_0.55_0.15_0.15_0.15_exp,MRepLM_32,32,0,1048576,48121491,17.682728,30.248889,6744776,428175152616.00
rmat_s20_ef48_0.55_0.15_0.15_0.15_exp,MRepLM_32,32,1,1048576,48121491,21.798351,33.447219,6744779,428174981681.00
rmat_s20_ef48_0.55_0.15_0.15_0.15_exp,MRepLM_32,32,2,1048576,48121491,19.003600,34.003533,6744769,428174978257.00
rmat_s20_ef48_0.55_0.15_0.15_0.15_exp,kMM_32,64,0,1048576,48121491,16.752623,42.923732,10410546,595491886453.00
rmat_s20_ef48_0.55_0.15_0.15_0.15_exp,kMM_32,64,1,1048576,48121491,17.890738,42.161179,10409973,595474819405.00
rmat_s20_ef48_0.55_0.15_0.15_0.15_exp,kMM_32,64,2,1048576,48121491,16.841249,42.370832,10410552,595488439617.00
rmat_s20_ef48_0.55_0.15_0.15_0.15_exp,kMM_32,2,0,1048576,48121491,16.350305,3.561316,708656,71093668138.00
rmat_s20_ef48_0.55_0.15_0.15_0.15_exp,kMM_32,2,1,1048576,48121491,17.147579,3.479084,708281,71107633365.00
rmat_s20_ef48_0.55_0.15_0.15_0.15_exp,kMM_32,2,2,1048576,48121491,17.041948,3.425312,708453,71105814684.00
rmat_s20_ef48_0.55_0.15_0.15_0.15_exp,kMM_32,8,0,1048576,48121491,16.897825,11.206252,2391268,193675368146.00
rmat_s20_ef48_0.55_0.15_0.15_0.15_exp,kMM_32,8,1,1048576,48121491,16.988244,10.966963,2391381,193681530273.00
rmat_s20_ef48_0.55_0.15_0.15_0.15_exp,kMM_32,8,2,1048576,48121491,16.539490,11.087535,2391210,193671679886.00
rmat_s20_ef48_0.55_0.15_0.15_0.15_exp,kMM_32,32,0,1048576,48121491,15.977892,28.980940,6776887,429587344949.00
rmat_s20_ef48_0.55_0.15_0.15_0.15_exp,kMM_32,32,1,1048576,48121491,16.649175,28.745995,6777194,429597282791.00
rmat_s20_ef48_0.55_0.15_0.15_0.15_exp,kMM_32,32,2,1048576,48121491,16.521095,28.301260,6777358,429594065874.00
rmat_s20_ef48_0.55_0.15_0.15_0.15_uni,MRepLM_32,64,0,1048576,48125802,16.438602,78.557793,10350077,3563252345331.00
rmat_s20_ef48_0.55_0.15_0.15_0.15_uni,MRepLM_32,64,1,1048576,48125802,18.501649,83.280930,10350087,3563254277136.00
rmat_s20_ef48_0.55_0.15_0.15_0.15_uni,MRepLM_32,64,2,1048576,48125802,19.179598,83.711579,10350092,3563255211375.00
rmat_s20_ef48_0.55_0.15_0.15_0.15_uni,MRepLM_32,2,0,1048576,48125802,20.161868,0.789160,707609,294458733103.00
rmat_s20_ef48_0.55_0.15_0.15_0.15_uni,MRepLM_32,2,1,1048576,48125802,17.737776,0.778028,707606,294458421201.00
rmat_s20_ef48_0.55_0.15_0.15_0.15_uni,MRepLM_32,2,2,1048576,48125802,17.169383,0.759920,707603,294457724755.00
rmat_s20_ef48_0.55_0.15_0.15_0.15_uni,MRepLM_32,8,0,1048576,48125802,17.670352,4.225055,2384795,931777130568.00
rmat_s20_ef48_0.55_0.15_0.15_0.15_uni,MRepLM_32,8,1,1048576,48125802,17.499452,4.883470,2384733,931769922735.00
rmat_s20_ef48_0.55_0.15_0.15_0.15_uni,MRepLM_32,8,2,1048576,48125802,17.176476,5.057536,2384753,931766839917.00
rmat_s20_ef48_0.55_0.15_0.15_0.15_uni,MRepLM_32,32,0,1048576,48125802,17.547333,25.314780,6747094,2402174580870.00
rmat_s20_ef48_0.55_0.15_0.15_0.15_uni,MRepLM_32,32,1,1048576,48125802,19.296367,32.118362,6747086,2402178908332.00
rmat_s20_ef48_0.55_0.15_0.15_0.15_uni,MRepLM_32,32,2,1048576,48125802,19.266434,31.429594,6747109,2402176017098.00
rmat_s20_ef48_0.55_0.15_0.15_0.15_uni,kMM_32,64,0,1048576,48125802,17.094142,41.898720,10413915,3571639767449.00
rmat_s20_ef48_0.55_0.15_0.15_0.15_uni,kMM_32,64,1,1048576,48125802,17.580692,41.060492,10414275,3571653082658.00
rmat_s20_ef48_0.55_0.15_0.15_0.15_uni,kMM_32,64,2,1048576,48125802,17.281480,41.154310,10413432,3571608936206.00
rmat_s20_ef48_0.55_0.15_0.15_0.15_uni,kMM_32,2,0,1048576,48125802,15.962192,3.122226,706919,290597303867.00
rmat_s20_ef48_0.55_0.15_0.15_0.15_uni,kMM_32,2,1,1048576,48125802,16.926026,3.161820,706778,290573946839.00
rmat_s20_ef48_0.55_0.15_0.15_0.15_uni,kMM_32,2,2,1048576,48125802,17.356699,3.036604,707085,290525987896.00
rmat_s20_ef48_0.55_0.15_0.15_0.15_uni,kMM_32,8,0,1048576,48125802,17.170562,10.323171,2385812,924199952027.00
rmat_s20_ef48_0.55_0.15_0.15_0.15_uni,kMM_32,8,1,1048576,48125802,16.651524,10.150794,2386176,924205071485.00
rmat_s20_ef48_0.55_0.15_0.15_0.15_uni,kMM_32,8,2,1048576,48125802,17.333593,9.910285,2386014,924319097279.00
rmat_s20_ef48_0.55_0.15_0.15_0.15_uni,kMM_32,32,0,1048576,48125802,16.574830,27.603543,6775478,2402549984654.00
rmat_s20_ef48_0.55_0.15_0.15_0.15_uni,kMM_32,32,1,1048576,48125802,17.727863,27.192943,6775144,2402515541769.00
rmat_s20_ef48_0.55_0.15_0.15_0.15_uni,kMM_32,32,2,1048576,48125802,17.031936,28.423648,6775306,2402523631684.00
fbA,MRepLM_32,64,0,357059,43057511,12.495322,87.700512,231846,127305146236.00
fbA,MRepLM_32,64,1,357059,43057511,14.532002,97.183099,231841,127305109937.00
fbA,MRepLM_32,64,2,357059,43057511,15.479020,97.006250,231840,127305143505.00
fbA,MRepLM_32,2,0,357059,43057511,15.260024,1.961514,8235,10467555000.00
fbA,MRepLM_32,2,1,357059,43057511,14.730556,1.066830,8236,10467558888.00
fbA,MRepLM_32,2,2,357059,43057511,14.027132,1.135403,8237,10467557352.00
fbA,MRepLM_32,8,0,357059,43057511,13.624722,6.458746,32302,29135365247.00
fbA,MRepLM_32,8,1,357059,43057511,14.149688,6.953591,32311,29135360668.00
fbA,MRepLM_32,8,2,357059,43057511,14.754146,6.819795,32314,29135361192.00
fbA,MRepLM_32,32,0,357059,43057511,13.995341,43.747250,120250,79337836537.00
fbA,MRepLM_32,32,1,357059,43057511,14.308983,46.108734,120245,79337826719.00
fbA,MRepLM_32,32,2,357059,43057511,15.778567,42.126595,120234,79337833562.00
fbA,kMM_32,64,0,357059,43057511,13.536920,3.700100,231933,127201562596.00
fbA,kMM_32,64,1,357059,43057511,13.606708,3.851254,231927,127202510761.00
fbA,kMM_32,64,2,357059,43057511,13.873806,3.803855,231945,127200453535.00
fbA,kMM_32,2,0,357059,43057511,13.967266,0.570319,8246,10397337964.00
fbA,kMM_32,2,1,357059,43057511,13.537589,0.589268,8244,10421414883.00
fbA,kMM_32,2,2,357059,43057511,13.671409,0.604650,8251,10394703784.00
fbA,kMM_32,8,0,357059,43057511,13.528261,1.245840,32352,29099939568.00
fbA,kMM_32,8,1,357059,43057511,14.000875,1.180624,32363,29095970325.00
fbA,kMM_32,8,2,357059,43057511,13.551427,1.309540,32358,29110320648.00
fbA,kMM_32,32,0,357059,43057511,13.554960,2.495591,120316,79212315723.00
fbA,kMM_32,32,1,357059,43057511,13.509359,2.638365,120348,79206001943.00
fbA,kMM_32,32,2,357059,43057511,14.394113,2.596660,120331,79199886225.00
fb_clusterB_full,MRepLM_32,64,0,4965001,164347164,60.381609,1070.464303,702960,203684937125.00
fb_clusterB_full,MRepLM_32,64,1,4965001,164347164,55.823757,1107.658551,702990,203685692657.00
fb_clusterB_full,MRepLM_32,64,2,4965001,164347164,57.457977,1114.197309,702973,203684933531.00
fb_clusterB_full,MRepLM_32,2,0,4965001,164347164,66.407556,5.409272,25458,14407518703.00
fb_clusterB_full,MRepLM_32,2,1,4965001,164347164,58.282213,5.192089,25465,14407599186.00
fb_clusterB_full,MRepLM_32,2,2,4965001,164347164,56.612644,5.518473,25470,14407479031.00
fb_clusterB_full,MRepLM_32,8,0,4965001,164347164,58.288494,32.301329,95136,40466099539.00
fb_clusterB_full,MRepLM_32,8,1,4965001,164347164,62.777324,39.871528,95144,40465353115.00
fb_clusterB_full,MRepLM_32,8,2,4965001,164347164,61.419697,38.930106,95125,40465816468.00
fb_clusterB_full,MRepLM_32,32,0,4965001,164347164,66.187635,346.394945,359643,118671502971.00
fb_clusterB_full,MRepLM_32,32,1,4965001,164347164,61.207516,362.142825,359628,118670986519.00
fb_clusterB_full,MRepLM_32,32,2,4965001,164347164,63.120692,359.952287,359667,118671822330.00
fb_clusterB_full,kMM_32,64,0,4965001,164347164,54.477183,21.650738,701263,202251735854.00
fb_clusterB_full,kMM_32,64,1,4965001,164347164,57.298991,25.873246,701433,202260484445.00
fb_clusterB_full,kMM_32,64,2,4965001,164347164,57.023448,26.111235,701466,202219295569.00
fb_clusterB_full,kMM_32,2,0,4965001,164347164,61.072208,4.236685,25528,14251818019.00
fb_clusterB_full,kMM_32,2,1,4965001,164347164,57.958989,5.663886,25539,14288944295.00
fb_clusterB_full,kMM_32,2,2,4965001,164347164,56.651510,5.370704,25533,14295489349.00
fb_clusterB_full,kMM_32,8,0,4965001,164347164,55.814393,11.409562,95350,40213207470.00
fb_clusterB_full,kMM_32,8,1,4965001,164347164,56.653965,10.816716,95339,40226864305.00
fb_clusterB_full,kMM_32,8,2,4965001,164347164,61.664554,11.093013,95354,40204885755.00
fb_clusterB_full,kMM_32,32,0,4965001,164347164,60.028998,15.950975,359439,118177965848.00
fb_clusterB_full,kMM_32,32,1,4965001,164347164,58.180389,18.752298,359509,118198095939.00
fb_clusterB_full,kMM_32,32,2,4965001,164347164,59.380148,18.826657,359546,118133316056.00
rmat_s20_ef48_0.45_0.15_0.15_0.25_exp,MRepLM_32,64,0,1048576,50135288,21.149453,65.286275,22823449,1128178552948.00
rmat_s20_ef48_0.45_0.15_0.15_0.25_exp,MRepLM_32,64,1,1048576,50135288,20.666319,68.278361,22823456,1128178655900.00
rmat_s20_ef48_0.45_0.15_0.15_0.25_exp,MRepLM_32,64,2,1048576,50135288,19.458654,69.139578,22823476,1128178584774.00
rmat_s20_ef48_0.45_0.15_0.15_0.25_exp,MRepLM_32,2,0,1048576,50135288,23.188828,1.496540,998130,122350822986.00
rmat_s20_ef48_0.45_0.15_0.15_0.25_exp,MRepLM_32,2,1,1048576,50135288,21.861890,1.488749,998127,122350715312.00
rmat_s20_ef48_0.45_0.15_0.15_0.25_exp,MRepLM_32,2,2,1048576,50135288,20.028606,0.847628,998129,122350663800.00
rmat_s20_ef48_0.45_0.15_0.15_0.25_exp,MRepLM_32,8,0,1048576,50135288,17.774919,4.741987,3903477,362537978756.00
rmat_s20_ef48_0.45_0.15_0.15_0.25_exp,MRepLM_32,8,1,1048576,50135288,17.983485,5.024672,3903481,362538224402.00
rmat_s20_ef48_0.45_0.15_0.15_0.25_exp,MRepLM_32,8,2,1048576,50135288,18.217364,5.028680,3903479,362538061718.00
rmat_s20_ef48_0.45_0.15_0.15_0.25_exp,MRepLM_32,32,0,1048576,50135288,18.153799,34.067594,13657301,839436410219.00
rmat_s20_ef48_0.45_0.15_0.15_0.25_exp,MRepLM_32,32,1,1048576,50135288,18.304848,37.451013,13657175,839436688702.00
rmat_s20_ef48_0.45_0.15_0.15_0.25_exp,MRepLM_32,32,2,1048576,50135288,18.526299,37.335354,13657172,839436041944.00
rmat_s20_ef48_0.45_0.15_0.15_0.25_exp,kMM_32,64,0,1048576,50135288,17.954854,89.431031,22899227,1129817168218.00
rmat_s20_ef48_0.45_0.15_0.15_0.25_exp,kMM_32,64,1,1048576,50135288,17.516105,89.082424,22899086,1129818290256.00
rmat_s20_ef48_0.45_0.15_0.15_0.25_exp,kMM_32,64,2,1048576,50135288,17.662046,90.382712,22898365,1129808466899.00
rmat_s20_ef48_0.45_0.15_0.15_0.25_exp,kMM_32,2,0,1048576,50135288,17.323826,4.744237,998693,121646831917.00
rmat_s20_ef48_0.45_0.15_0.15_0.25_exp,kMM_32,2,1,1048576,50135288,17.845248,4.591851,998747,121657411965.00
rmat_s20_ef48_0.45_0.15_0.15_0.25_exp,kMM_32,2,2,1048576,50135288,17.406127,4.580719,998730,121639480782.00
rmat_s20_ef48_0.45_0.15_0.15_0.25_exp,kMM_32,8,0,1048576,50135288,17.282458,16.991916,3902879,361092719120.00
rmat_s20_ef48_0.45_0.15_0.15_0.25_exp,kMM_32,8,1,1048576,50135288,18.532829,16.873468,3903237,361093775983.00
rmat_s20_ef48_0.45_0.15_0.15_0.25_exp,kMM_32,8,2,1048576,50135288,18.249577,16.873591,3903128,361093693067.00
rmat_s20_ef48_0.45_0.15_0.15_0.25_exp,kMM_32,32,0,1048576,50135288,18.106022,54.569674,13698588,840458457186.00
rmat_s20_ef48_0.45_0.15_0.15_0.25_exp,kMM_32,32,1,1048576,50135288,17.745367,54.148759,13698808,840448975436.00
rmat_s20_ef48_0.45_0.15_0.15_0.25_exp,kMM_32,32,2,1048576,50135288,17.705412,54.152985,13698492,840447652168.00
rmat_s20_ef48_0.25_0.25_0.25_0.25_exp,kCS_1,64,0,1048576,50329356,22.249708,48.659085,32812333,1483872259046.00
rmat_s20_ef48_0.25_0.25_0.25_0.25_exp,kCS_1,64,1,1048576,50329356,22.360541,48.754693,32811448,1483864337487.00
rmat_s20_ef48_0.25_0.25_0.25_0.25_exp,kCS_1,64,2,1048576,50329356,22.255743,37.680722,32811487,1483860120598.00
rmat_s20_ef48_0.25_0.25_0.25_0.25_exp,kCS_1,2,0,1048576,50329356,22.323029,5.789184,1037635,142235893828.00
rmat_s20_ef48_0.25_0.25_0.25_0.25_exp,kCS_1,2,1,1048576,50329356,25.768844,5.193016,1037637,142235899599.00
rmat_s20_ef48_0.25_0.25_0.25_0.25_exp,kCS_1,2,2,1048576,50329356,22.429129,5.223436,1037633,142235833501.00
rmat_s20_ef48_0.25_0.25_0.25_0.25_exp,kCS_1,8,0,1048576,50329356,22.747202,9.741717,4148176,438656359195.00
rmat_s20_ef48_0.25_0.25_0.25_0.25_exp,kCS_1,8,1,1048576,50329356,23.406958,9.670785,4148173,438656969067.00
rmat_s20_ef48_0.25_0.25_0.25_0.25_exp,kCS_1,8,2,1048576,50329356,23.857104,9.666899,4148162,438656721325.00
rmat_s20_ef48_0.25_0.25_0.25_0.25_exp,kCS_1,32,0,1048576,50329356,23.414819,26.269641,16545143,1095275806901.00
rmat_s20_ef48_0.25_0.25_0.25_0.25_exp,kCS_1,32,1,1048576,50329356,23.651019,26.663487,16544828,1095272436987.00
rmat_s20_ef48_0.25_0.25_0.25_0.25_exp,kCS_1,32,2,1048576,50329356,22.439577,22.952382,16544789,1095276261800.00
rmat_s20_ef48_0.25_0.25_0.25_0.25_exp,kCS_32,64,0,1048576,50329356,3.377878,1.821679,32812333,1483872259046.00
rmat_s20_ef48_0.25_0.25_0.25_0.25_exp,kCS_32,64,1,1048576,50329356,3.326511,1.844951,32811448,1483864337487.00
rmat_s20_ef48_0.25_0.25_0.25_0.25_exp,kCS_32,64,2,1048576,50329356,3.907874,2.041608,32811487,1483860120598.00
rmat_s20_ef48_0.25_0.25_0.25_0.25_exp,kCS_32,2,0,1048576,50329356,3.828430,0.385642,1037635,142235893828.00
rmat_s20_ef48_0.25_0.25_0.25_0.25_exp,kCS_32,2,1,1048576,50329356,3.499231,0.381015,1037637,142235899599.00
rmat_s20_ef48_0.25_0.25_0.25_0.25_exp,kCS_32,2,2,1048576,50329356,3.456877,0.393081,1037633,142235833501.00
rmat_s20_ef48_0.25_0.25_0.25_0.25_exp,kCS_32,8,0,1048576,50329356,3.624935,0.607104,4148176,438656359195.00
rmat_s20_ef48_0.25_0.25_0.25_0.25_exp,kCS_32,8,1,1048576,50329356,3.716848,0.691756,4148173,438656969067.00
rmat_s20_ef48_0.25_0.25_0.25_0.25_exp,kCS_32,8,2,1048576,50329356,3.924492,0.601470,4148162,438656721325.00
rmat_s20_ef48_0.25_0.25_0.25_0.25_exp,kCS_32,32,0,1048576,50329356,3.657308,1.425219,16545143,1095275806901.00
rmat_s20_ef48_0.25_0.25_0.25_0.25_exp,kCS_32,32,1,1048576,50329356,3.740796,1.446505,16544828,1095272436987.00
rmat_s20_ef48_0.25_0.25_0.25_0.25_exp,kCS_32,32,2,1048576,50329356,3.860974,1.177603,16544789,1095276261800.00
rmat_s20_ef48_0.45_0.15_0.15_0.25_uni,kCS_1,64,0,1048576,50135639,19.851688,58.628091,22829928,7547946668230.00
rmat_s20_ef48_0.45_0.15_0.15_0.25_uni,kCS_1,64,1,1048576,50135639,20.094108,58.563601,22829925,7547946726586.00
rmat_s20_ef48_0.45_0.15_0.15_0.25_uni,kCS_1,64,2,1048576,50135639,19.594361,46.541462,22829935,7547947366124.00
rmat_s20_ef48_0.45_0.15_0.15_0.25_uni,kCS_1,2,0,1048576,50135639,19.898987,6.359714,998124,457957053373.00
rmat_s20_ef48_0.45_0.15_0.15_0.25_uni,kCS_1,2,1,1048576,50135639,22.736898,6.194885,998118,457955530222.00
rmat_s20_ef48_0.45_0.15_0.15_0.25_uni,kCS_1,2,2,1048576,50135639,20.234144,5.593687,998114,457955402716.00
rmat_s20_ef48_0.45_0.15_0.15_0.25_uni,kCS_1,8,0,1048576,50135639,20.450533,10.993405,3904212,1689093604396.00
rmat_s20_ef48_0.45_0.15_0.15_0.25_uni,kCS_1,8,1,1048576,50135639,21.182399,10.998249,3904188,1689092347497.00
rmat_s20_ef48_0.45_0.15_0.15_0.25_uni,kCS_1,8,2,1048576,50135639,21.513334,11.071996,3904159,1689086479759.00
rmat_s20_ef48_0.45_0.15_0.15_0.25_uni,kCS_1,32,0,1048576,50135639,21.215173,29.304070,13661239,5046498212181.00
rmat_s20_ef48_0.45_0.15_0.15_0.25_uni,kCS_1,32,1,1048576,50135639,21.774004,29.577082,13661070,5046494581880.00
rmat_s20_ef48_0.45_0.15_0.15_0.25_uni,kCS_1,32,2,1048576,50135639,20.853859,26.658827,13661194,5046498746792.00
rmat_s20_ef48_0.45_0.15_0.15_0.25_uni,kCS_32,64,0,1048576,50135639,3.441925,2.082801,22829928,7547946668230.00
rmat_s20_ef48_0.45_0.15_0.15_0.25_uni,kCS_32,64,1,1048576,50135639,3.541187,2.207468,22829925,7547946726586.00
rmat_s20_ef48_0.45_0.15_0.15_0.25_uni,kCS_32,64,2,1048576,50135639,4.078051,2.625263,22829935,7547947366124.00
rmat_s20_ef48_0.45_0.15_0.15_0.25_uni,kCS_32,2,0,1048576,50135639,3.476838,0.372518,998124,457957053373.00
rmat_s20_ef48_0.45_0.15_0.15_0.25_uni,kCS_32,2,1,1048576,50135639,3.617913,0.347850,998118,457955530222.00
rmat_s20_ef48_0.45_0.15_0.15_0.25_uni,kCS_32,2,2,1048576,50135639,4.172513,0.361582,998114,457955402716.00
rmat_s20_ef48_0.45_0.15_0.15_0.25_uni,kCS_32,8,0,1048576,50135639,3.996143,0.574823,3904212,1689093604396.00
rmat_s20_ef48_0.45_0.15_0.15_0.25_uni,kCS_32,8,1,1048576,50135639,4.001930,0.592585,3904188,1689092347497.00
rmat_s20_ef48_0.45_0.15_0.15_0.25_uni,kCS_32,8,2,1048576,50135639,3.858052,0.610004,3904159,1689086479759.00
rmat_s20_ef48_0.45_0.15_0.15_0.25_uni,kCS_32,32,0,1048576,50135639,4.019117,1.450252,13661239,5046498212181.00
rmat_s20_ef48_0.45_0.15_0.15_0.25_uni,kCS_32,32,1,1048576,50135639,4.092217,1.514971,13661070,5046494581880.00
rmat_s20_ef48_0.45_0.15_0.15_0.25_uni,kCS_32,32,2,1048576,50135639,3.518324,1.234034,13661194,5046498746792.00
fbC,kCS_1,64,0,990023,40654711,7.612710,60.898732,228822,452368138729.00
fbC,kCS_1,64,1,990023,40654711,8.362035,60.524501,228834,452371932380.00
fbC,kCS_1,64,2,990023,40654711,8.838604,50.367485,228824,452367959739.00
fbC,kCS_1,2,0,990023,40654711,8.484497,7.798460,9359,77919472243.00
fbC,kCS_1,2,1,990023,40654711,10.153105,7.537655,9353,77919573544.00
fbC,kCS_1,2,2,990023,40654711,9.633450,7.394660,9360,77919478849.00
fbC,kCS_1,8,0,990023,40654711,8.598017,15.762047,31001,239913210946.00
fbC,kCS_1,8,1,990023,40654711,8.772865,15.746058,30999,239913208117.00
fbC,kCS_1,8,2,990023,40654711,8.652548,16.509790,31000,239913214155.00
fbC,kCS_1,32,0,990023,40654711,8.670504,35.807511,116163,414694531434.00
fbC,kCS_1,32,1,990023,40654711,9.820742,36.121046,116161,414693888846.00
fbC,kCS_1,32,2,990023,40654711,11.313954,32.517762,116161,414694904034.00
fbC,kCS_32,64,0,990023,40654711,2.187581,4.299229,228822,452368138729.00
fbC,kCS_32,64,1,990023,40654711,2.143136,3.527225,228834,452371932380.00
fbC,kCS_32,64,2,990023,40654711,2.644130,4.277351,228824,452367959739.00
fbC,kCS_32,2,0,990023,40654711,2.631940,0.366714,9359,77919472243.00
fbC,kCS_32,2,1,990023,40654711,2.287475,0.362534,9353,77919573544.00
fbC,kCS_32,2,2,990023,40654711,2.208233,0.381121,9360,77919478849.00
fbC,kCS_32,8,0,990023,40654711,2.220615,0.796376,31001,239913210946.00
fbC,kCS_32,8,1,990023,40654711,2.152110,0.861560,30999,239913208117.00
fbC,kCS_32,8,2,990023,40654711,2.182297,0.882121,31000,239913214155.00
fbC,kCS_32,32,0,990023,40654711,2.308805,2.861727,116163,414694531434.00
fbC,kCS_32,32,1,990023,40654711,2.371393,2.361195,116161,414693888846.00
fbC,kCS_32,32,2,990023,40654711,2.385068,2.697019,116161,414694904034.00
rmat_s20_ef48_0.25_0.25_0.25_0.25_uni,kCS_1,64,0,1048576,50329246,22.439691,46.724726,32811272,10892125005083.00
rmat_s20_ef48_0.25_0.25_0.25_0.25_uni,kCS_1,64,1,1048576,50329246,22.162877,46.550512,32811483,10892163187874.00
rmat_s20_ef48_0.25_0.25_0.25_0.25_uni,kCS_1,64,2,1048576,50329246,22.320203,37.647806,32811297,10892144983399.00
rmat_s20_ef48_0.25_0.25_0.25_0.25_uni,kCS_1,2,0,1048576,50329246,22.504391,5.790594,1037556,497130665819.00
rmat_s20_ef48_0.25_0.25_0.25_0.25_uni,kCS_1,2,1,1048576,50329246,25.566578,5.249201,1037563,497132778346.00
rmat_s20_ef48_0.25_0.25_0.25_0.25_uni,kCS_1,2,2,1048576,50329246,22.253426,5.192813,1037557,497130541456.00
rmat_s20_ef48_0.25_0.25_0.25_0.25_uni,kCS_1,8,0,1048576,50329246,22.434555,10.108988,4148291,1932889605303.00
rmat_s20_ef48_0.25_0.25_0.25_0.25_uni,kCS_1,8,1,1048576,50329246,22.763036,9.776694,4148315,1932889975893.00
rmat_s20_ef48_0.25_0.25_0.25_0.25_uni,kCS_1,8,2,1048576,50329246,22.887274,10.104334,4148301,1932891248795.00
rmat_s20_ef48_0.25_0.25_0.25_0.25_uni,kCS_1,32,0,1048576,50329246,22.840068,28.399499,16545360,6765924491298.00
rmat_s20_ef48_0.25_0.25_0.25_0.25_uni,kCS_1,32,1,1048576,50329246,23.069873,28.521406,16544871,6765869315740.00
rmat_s20_ef48_0.25_0.25_0.25_0.25_uni,kCS_1,32,2,1048576,50329246,22.225294,23.085347,16544881,6765921838632.00
rmat_s20_ef48_0.25_0.25_0.25_0.25_uni,kCS_32,64,0,1048576,50329246,3.654788,1.822477,32811272,10892125005083.00
rmat_s20_ef48_0.25_0.25_0.25_0.25_uni,kCS_32,64,1,1048576,50329246,3.838012,2.095632,32811483,10892163187874.00
rmat_s20_ef48_0.25_0.25_0.25_0.25_uni,kCS_32,64,2,1048576,50329246,3.812969,1.772944,32811297,10892144983399.00
rmat_s20_ef48_0.25_0.25_0.25_0.25_uni,kCS_32,2,0,1048576,50329246,3.664651,0.384877,1037556,497130665819.00
rmat_s20_ef48_0.25_0.25_0.25_0.25_uni,kCS_32,2,1,1048576,50329246,3.707723,0.381192,1037563,497132778346.00
rmat_s20_ef48_0.25_0.25_0.25_0.25_uni,kCS_32,2,2,1048576,50329246,3.442932,0.372588,1037557,497130541456.00
rmat_s20_ef48_0.25_0.25_0.25_0.25_uni,kCS_32,8,0,1048576,50329246,3.725381,0.599709,4148291,1932889605303.00
rmat_s20_ef48_0.25_0.25_0.25_0.25_uni,kCS_32,8,1,1048576,50329246,3.706579,0.587451,4148315,1932889975893.00
rmat_s20_ef48_0.25_0.25_0.25_0.25_uni,kCS_32,8,2,1048576,50329246,3.921085,0.593258,4148301,1932891248795.00
rmat_s20_ef48_0.25_0.25_0.25_0.25_uni,kCS_32,32,0,1048576,50329246,3.728322,1.410212,16545360,6765924491298.00
rmat_s20_ef48_0.25_0.25_0.25_0.25_uni,kCS_32,32,1,1048576,50329246,3.742781,1.427612,16544871,6765869315740.00
rmat_s20_ef48_0.25_0.25_0.25_0.25_uni,kCS_32,32,2,1048576,50329246,3.869459,1.308122,16544881,6765921838632.00
rmat_s20_ef48_0.55_0.15_0.15_0.15_exp,kCS_1,64,0,1048576,48121491,16.554868,62.868872,10349091,593854155159.00
rmat_s20_ef48_0.55_0.15_0.15_0.15_exp,kCS_1,64,1,1048576,48121491,17.156890,64.005493,10349114,593854520486.00
rmat_s20_ef48_0.55_0.15_0.15_0.15_exp,kCS_1,64,2,1048576,48121491,17.055004,49.715107,10349116,593854439126.00
rmat_s20_ef48_0.55_0.15_0.15_0.15_exp,kCS_1,2,0,1048576,48121491,16.985375,6.801064,707104,71255688052.00
rmat_s20_ef48_0.55_0.15_0.15_0.15_exp,kCS_1,2,1,1048576,48121491,19.564671,6.641583,707105,71255646553.00
rmat_s20_ef48_0.55_0.15_0.15_0.15_exp,kCS_1,2,2,1048576,48121491,16.992293,6.091859,707102,71255655935.00
rmat_s20_ef48_0.55_0.15_0.15_0.15_exp,kCS_1,8,0,1048576,48121491,17.113106,10.810501,2384060,193423407917.00
rmat_s20_ef48_0.55_0.15_0.15_0.15_exp,kCS_1,8,1,1048576,48121491,17.489349,10.871100,2384061,193423387715.00
rmat_s20_ef48_0.55_0.15_0.15_0.15_exp,kCS_1,8,2,1048576,48121491,17.634774,10.818622,2384058,193423310667.00
rmat_s20_ef48_0.55_0.15_0.15_0.15_exp,kCS_1,32,0,1048576,48121491,17.531525,31.873948,6744780,428174911435.00
rmat_s20_ef48_0.55_0.15_0.15_0.15_exp,kCS_1,32,1,1048576,48121491,17.761468,32.168535,6744776,428175011066.00
rmat_s20_ef48_0.55_0.15_0.15_0.15_exp,kCS_1,32,2,1048576,48121491,16.823909,26.661378,6744782,428175056530.00
rmat_s20_ef48_0.55_0.15_0.15_0.15_exp,kCS_32,64,0,1048576,48121491,3.117827,1.955396,10349091,593854155159.00
rmat_s20_ef48_0.55_0.15_0.15_0.15_exp,kCS_32,64,1,1048576,48121491,3.217035,1.937417,10349114,593854520486.00
rmat_s20_ef48_0.55_0.15_0.15_0.15_exp,kCS_32,64,2,1048576,48121491,3.508267,1.977876,10349116,593854439126.00
rmat_s20_ef48_0.55_0.15_0.15_0.15_exp,kCS_32,2,0,1048576,48121491,3.312869,0.309992,707104,71255688052.00
rmat_s20_ef48_0.55_0.15_0.15_0.15_exp,kCS_32,2,1,1048576,48121491,3.145601,0.300101,707105,71255646553.00
rmat_s20_ef48_0.55_0.15_0.15_0.15_exp,kCS_32,2,2,1048576,48121491,3.146155,0.301991,707102,71255655935.00
rmat_s20_ef48_0.55_0.15_0.15_0.15_exp,kCS_32,8,0,1048576,48121491,3.497055,0.535932,2384060,193423407917.00
rmat_s20_ef48_0.55_0.15_0.15_0.15_exp,kCS_32,8,1,1048576,48121491,3.432960,0.510256,2384061,193423387715.00
rmat_s20_ef48_0.55_0.15_0.15_0.15_exp,kCS_32,8,2,1048576,48121491,3.461208,0.546050,2384058,193423310667.00
rmat_s20_ef48_0.55_0.15_0.15_0.15_exp,kCS_32,32,0,1048576,48121491,3.412236,1.351451,6744780,428174911435.00
rmat_s20_ef48_0.55_0.15_0.15_0.15_exp,kCS_32,32,1,1048576,48121491,3.483984,1.335745,6744776,428175011066.00
rmat_s20_ef48_0.55_0.15_0.15_0.15_exp,kCS_32,32,2,1048576,48121491,3.500321,1.318909,6744782,428175056530.00
rmat_s20_ef48_0.55_0.15_0.15_0.15_uni,kCS_1,64,0,1048576,48125802,16.568267,64.930090,10350103,3563255922298.00
rmat_s20_ef48_0.55_0.15_0.15_0.15_uni,kCS_1,64,1,1048576,48125802,17.060751,64.911532,10350092,3563254562562.00
rmat_s20_ef48_0.55_0.15_0.15_0.15_uni,kCS_1,64,2,1048576,48125802,16.008517,50.314329,10350089,3563253728769.00
rmat_s20_ef48_0.55_0.15_0.15_0.15_uni,kCS_1,2,0,1048576,48125802,16.369357,6.904352,707604,294456785136.00
rmat_s20_ef48_0.55_0.15_0.15_0.15_uni,kCS_1,2,1,1048576,48125802,19.351279,6.617826,707606,294456699130.00
rmat_s20_ef48_0.55_0.15_0.15_0.15_uni,kCS_1,2,2,1048576,48125802,17.864064,6.058526,707610,294457793484.00
rmat_s20_ef48_0.55_0.15_0.15_0.15_uni,kCS_1,8,0,1048576,48125802,16.843209,10.856835,2384724,931767256300.00
rmat_s20_ef48_0.55_0.15_0.15_0.15_uni,kCS_1,8,1,1048576,48125802,17.731549,10.955057,2384788,931772678205.00
rmat_s20_ef48_0.55_0.15_0.15_0.15_uni,kCS_1,8,2,1048576,48125802,17.322592,10.784742,2384764,931775934348.00
rmat_s20_ef48_0.55_0.15_0.15_0.15_uni,kCS_1,32,0,1048576,48125802,17.664768,30.736049,6747112,2402178672880.00
rmat_s20_ef48_0.55_0.15_0.15_0.15_uni,kCS_1,32,1,1048576,48125802,18.116517,31.099035,6747113,2402173426423.00
rmat_s20_ef48_0.55_0.15_0.15_0.15_uni,kCS_1,32,2,1048576,48125802,17.843555,26.782039,6747092,2402176835499.00
rmat_s20_ef48_0.55_0.15_0.15_0.15_uni,kCS_32,64,0,1048576,48125802,3.259075,1.983654,10350103,3563255922298.00
rmat_s20_ef48_0.55_0.15_0.15_0.15_uni,kCS_32,64,1,1048576,48125802,3.504863,2.166962,10350092,3563254562562.00
rmat_s20_ef48_0.55_0.15_0.15_0.15_uni,kCS_32,64,2,1048576,48125802,3.203984,2.033461,10350089,3563253728769.00
rmat_s20_ef48_0.55_0.15_0.15_0.15_uni,kCS_32,2,0,1048576,48125802,3.082935,0.297045,707604,294456785136.00
rmat_s20_ef48_0.55_0.15_0.15_0.15_uni,kCS_32,2,1,1048576,48125802,3.310617,0.293847,707606,294456699130.00
rmat_s20_ef48_0.55_0.15_0.15_0.15_uni,kCS_32,2,2,1048576,48125802,3.152118,0.306943,707610,294457793484.00
rmat_s20_ef48_0.55_0.15_0.15_0.15_uni,kCS_32,8,0,1048576,48125802,3.345195,0.600408,2384724,931767256300.00
rmat_s20_ef48_0.55_0.15_0.15_0.15_uni,kCS_32,8,1,1048576,48125802,3.314142,0.546282,2384788,931772678205.00
rmat_s20_ef48_0.55_0.15_0.15_0.15_uni,kCS_32,8,2,1048576,48125802,3.255177,0.531983,2384764,931775934348.00
rmat_s20_ef48_0.55_0.15_0.15_0.15_uni,kCS_32,32,0,1048576,48125802,3.123852,1.330970,6747112,2402178672880.00
rmat_s20_ef48_0.55_0.15_0.15_0.15_uni,kCS_32,32,1,1048576,48125802,3.344757,1.459154,6747113,2402173426423.00
rmat_s20_ef48_0.55_0.15_0.15_0.15_uni,kCS_32,32,2,1048576,48125802,3.306329,1.205335,6747092,2402176835499.00
fbA,kCS_1,64,0,357059,43057511,7.583081,28.428353,231848,127305111527.00
fbA,kCS_1,64,1,357059,43057511,8.438894,27.808445,231848,127305153764.00
fbA,kCS_1,64,2,357059,43057511,8.588644,24.013065,231847,127305108077.00
fbA,kCS_1,2,0,357059,43057511,8.683488,9.418578,8237,10467565603.00
fbA,kCS_1,2,1,357059,43057511,11.046577,8.768417,8237,10467558117.00
fbA,kCS_1,2,2,357059,43057511,7.758348,8.826465,8235,10467573256.00
fbA,kCS_1,8,0,357059,43057511,7.965885,9.690625,32298,29135367040.00
fbA,kCS_1,8,1,357059,43057511,7.767785,9.880818,32305,29135359363.00
fbA,kCS_1,8,2,357059,43057511,8.550462,9.805612,32293,29135358011.00
fbA,kCS_1,32,0,357059,43057511,7.808397,15.450039,120240,79337815405.00
fbA,kCS_1,32,1,357059,43057511,9.527540,15.085213,120246,79337820105.00
fbA,kCS_1,32,2,357059,43057511,9.187993,14.257486,120252,79337813976.00
fbA,kCS_32,64,0,357059,43057511,2.466035,2.178502,231848,127305111527.00
fbA,kCS_32,64,1,357059,43057511,2.200729,2.281711,231848,127305153764.00
fbA,kCS_32,64,2,357059,43057511,3.307709,2.295947,231847,127305108077.00
fbA,kCS_32,2,0,357059,43057511,3.172544,0.338052,8237,10467565603.00
fbA,kCS_32,2,1,357059,43057511,3.238354,0.344011,8237,10467558117.00
fbA,kCS_32,2,2,357059,43057511,3.117828,0.365271,8235,10467573256.00
fbA,kCS_32,8,0,357059,43057511,3.278088,0.470516,32298,29135367040.00
fbA,kCS_32,8,1,357059,43057511,3.246692,0.478837,32305,29135359363.00
fbA,kCS_32,8,2,357059,43057511,3.346293,0.489916,32293,29135358011.00
fbA,kCS_32,32,0,357059,43057511,3.236535,1.306555,120240,79337815405.00
fbA,kCS_32,32,1,357059,43057511,2.850681,1.255679,120246,79337820105.00
fbA,kCS_32,32,2,357059,43057511,2.728185,1.259881,120252,79337813976.00
fbB,kCS_1,64,0,4965001,164347164,46.429403,516.910088,702968,203683829852.00
fbB,kCS_1,64,1,4965001,164347164,46.818934,520.467444,702942,203685292138.00
fbB,kCS_1,64,2,4965001,164347164,46.428398,433.775916,702986,203684178106.00
fbB,kCS_1,2,0,4965001,164347164,47.068049,39.547674,25454,14407450259.00
fbB,kCS_1,2,1,4965001,164347164,57.837944,38.361843,25443,14407346138.00
fbB,kCS_1,2,2,4965001,164347164,57.316905,37.382954,25442,14407297598.00
fbB,kCS_1,8,0,4965001,164347164,57.729583,69.122945,95121,40464930050.00
fbB,kCS_1,8,1,4965001,164347164,51.617915,65.638336,95113,40465161818.00
fbB,kCS_1,8,2,4965001,164347164,46.004551,66.233184,95143,40466094681.00
fbB,kCS_1,32,0,4965001,164347164,49.554851,238.713296,359670,118671630881.00
fbB,kCS_1,32,1,4965001,164347164,46.646333,239.483999,359658,118672422394.00
fbB,kCS_1,32,2,4965001,164347164,43.279814,173.935179,359648,118671141471.00
fbB,kCS_32,64,0,4965001,164347164,9.909339,40.418575,702968,203683829852.00
fbB,kCS_32,64,1,4965001,164347164,10.660668,40.473922,702942,203685292138.00
fbB,kCS_32,64,2,4965001,164347164,11.058251,42.957283,702986,203684178106.00
fbB,kCS_32,2,0,4965001,164347164,11.145474,2.274575,25454,14407450259.00
fbB,kCS_32,2,1,4965001,164347164,10.316576,2.286704,25443,14407346138.00
fbB,kCS_32,2,2,4965001,164347164,11.545016,2.247095,25442,14407297598.00
fbB,kCS_32,8,0,4965001,164347164,13.183572,5.847559,95121,40464930050.00
fbB,kCS_32,8,1,4965001,164347164,12.763529,6.125546,95113,40465161818.00
fbB,kCS_32,8,2,4965001,164347164,12.704446,5.947042,95143,40466094681.00
fbB,kCS_32,32,0,4965001,164347164,12.647104,21.878312,359670,118671630881.00
fbB,kCS_32,32,1,4965001,164347164,11.230429,21.528148,359658,118672422394.00
fbB,kCS_32,32,2,4965001,164347164,11.454597,20.810066,359648,118671141471.00
rmat_s20_ef48_0.45_0.15_0.15_0.25_exp,kCS_1,64,0,1048576,50135288,19.287571,53.255672,22823463,1128178778600.00
rmat_s20_ef48_0.45_0.15_0.15_0.25_exp,kCS_1,64,1,1048576,50135288,21.760561,53.200014,22823455,1128178696623.00
rmat_s20_ef48_0.45_0.15_0.15_0.25_exp,kCS_1,64,2,1048576,50135288,20.475693,45.743711,22823454,1128178753827.00
rmat_s20_ef48_0.45_0.15_0.15_0.25_exp,kCS_1,2,0,1048576,50135288,21.296343,6.328476,998128,122350636201.00
rmat_s20_ef48_0.45_0.15_0.15_0.25_exp,kCS_1,2,1,1048576,50135288,22.504677,5.836621,998131,122350743875.00
rmat_s20_ef48_0.45_0.15_0.15_0.25_exp,kCS_1,2,2,1048576,50135288,19.691980,5.849077,998129,122350795387.00
rmat_s20_ef48_0.45_0.15_0.15_0.25_exp,kCS_1,8,0,1048576,50135288,20.038516,11.712808,3903505,362538726581.00
rmat_s20_ef48_0.45_0.15_0.15_0.25_exp,kCS_1,8,1,1048576,50135288,20.420881,10.818201,3903502,362538487536.00
rmat_s20_ef48_0.45_0.15_0.15_0.25_exp,kCS_1,8,2,1048576,50135288,20.201978,11.852501,3903504,362538651240.00
rmat_s20_ef48_0.45_0.15_0.15_0.25_exp,kCS_1,32,0,1048576,50135288,20.290889,33.223291,13657152,839436589245.00
rmat_s20_ef48_0.45_0.15_0.15_0.25_exp,kCS_1,32,1,1048576,50135288,20.001312,33.026580,13657236,839436009807.00
rmat_s20_ef48_0.45_0.15_0.15_0.25_exp,kCS_1,32,2,1048576,50135288,18.342195,25.139147,13657241,839436814907.00
rmat_s20_ef48_0.45_0.15_0.15_0.25_exp,kCS_32,64,0,1048576,50135288,3.342273,2.040140,22823463,1128178778600.00
rmat_s20_ef48_0.45_0.15_0.15_0.25_exp,kCS_32,64,1,1048576,50135288,3.260325,2.069929,22823455,1128178696623.00
rmat_s20_ef48_0.45_0.15_0.15_0.25_exp,kCS_32,64,2,1048576,50135288,3.327160,2.059194,22823454,1128178753827.00
rmat_s20_ef48_0.45_0.15_0.15_0.25_exp,kCS_32,2,0,1048576,50135288,3.238029,0.346449,998128,122350636201.00
rmat_s20_ef48_0.45_0.15_0.15_0.25_exp,kCS_32,2,1,1048576,50135288,3.560318,0.351622,998131,122350743875.00
rmat_s20_ef48_0.45_0.15_0.15_0.25_exp,kCS_32,2,2,1048576,50135288,3.538746,0.345911,998129,122350795387.00
rmat_s20_ef48_0.45_0.15_0.15_0.25_exp,kCS_32,8,0,1048576,50135288,3.593259,0.572998,3903505,362538726581.00
rmat_s20_ef48_0.45_0.15_0.15_0.25_exp,kCS_32,8,1,1048576,50135288,3.949538,0.606678,3903502,362538487536.00
rmat_s20_ef48_0.45_0.15_0.15_0.25_exp,kCS_32,8,2,1048576,50135288,3.680921,0.615280,3903504,362538651240.00
rmat_s20_ef48_0.45_0.15_0.15_0.25_exp,kCS_32,32,0,1048576,50135288,3.609657,1.351699,13657152,839436589245.00
rmat_s20_ef48_0.45_0.15_0.15_0.25_exp,kCS_32,32,1,1048576,50135288,3.561832,1.396471,13657236,839436009807.00
rmat_s20_ef48_0.45_0.15_0.15_0.25_exp,kCS_32,32,2,1048576,50135288,3.359831,1.228031,13657241,839436814907.00
rmat_s20_ef48_0.25_0.25_0.25_0.25_exp,MRepS_32,64,0,1048576,50329356,12.843135,33.040825,32812333,1483872259046.00
rmat_s20_ef48_0.25_0.25_0.25_0.25_exp,MRepS_32,64,1,1048576,50329356,16.924860,35.084395,32811448,1483864337487.00
rmat_s20_ef48_0.25_0.25_0.25_0.25_exp,MRepS_32,64,2,1048576,50329356,16.878917,34.959665,32811487,1483860120598.00
rmat_s20_ef48_0.25_0.25_0.25_0.25_exp,MRepS_32,2,0,1048576,50329356,16.835483,1.416044,1037635,142235893828.00
rmat_s20_ef48_0.25_0.25_0.25_0.25_exp,MRepS_32,2,1,1048576,50329356,17.017263,1.516276,1037637,142235899599.00
rmat_s20_ef48_0.25_0.25_0.25_0.25_exp,MRepS_32,2,2,1048576,50329356,16.970306,1.503734,1037633,142235833501.00
rmat_s20_ef48_0.25_0.25_0.25_0.25_exp,MRepS_32,8,0,1048576,50329356,16.936310,5.112532,4148176,438656359195.00
rmat_s20_ef48_0.25_0.25_0.25_0.25_exp,MRepS_32,8,1,1048576,50329356,10.073093,5.351722,4148173,438656969067.00
rmat_s20_ef48_0.25_0.25_0.25_0.25_exp,MRepS_32,8,2,1048576,50329356,10.976213,5.665125,4148162,438656721325.00
rmat_s20_ef48_0.25_0.25_0.25_0.25_exp,MRepS_32,32,0,1048576,50329356,10.542586,19.363680,16545143,1095275806901.00
rmat_s20_ef48_0.25_0.25_0.25_0.25_exp,MRepS_32,32,1,1048576,50329356,10.908629,18.726173,16544828,1095272436987.00
rmat_s20_ef48_0.25_0.25_0.25_0.25_exp,MRepS_32,32,2,1048576,50329356,9.850914,10.980003,16544789,1095276261800.00
rmat_s20_ef48_0.45_0.15_0.15_0.25_uni,MRepS_32,64,0,1048576,50135639,4.516260,17.062711,22829928,7547946668230.00
rmat_s20_ef48_0.45_0.15_0.15_0.25_uni,MRepS_32,64,1,1048576,50135639,3.363093,17.026825,22829925,7547946726586.00
rmat_s20_ef48_0.45_0.15_0.15_0.25_uni,MRepS_32,64,2,1048576,50135639,3.336815,17.027701,22829935,7547947366124.00
rmat_s20_ef48_0.45_0.15_0.15_0.25_uni,MRepS_32,2,0,1048576,50135639,3.360795,0.549099,998124,457957053373.00
rmat_s20_ef48_0.45_0.15_0.15_0.25_uni,MRepS_32,2,1,1048576,50135639,3.467011,0.547505,998118,457955530222.00
rmat_s20_ef48_0.45_0.15_0.15_0.25_uni,MRepS_32,2,2,1048576,50135639,3.512880,0.545499,998114,457955402716.00
rmat_s20_ef48_0.45_0.15_0.15_0.25_uni,MRepS_32,8,0,1048576,50135639,3.403128,2.055044,3904212,1689093604396.00
rmat_s20_ef48_0.45_0.15_0.15_0.25_uni,MRepS_32,8,1,1048576,50135639,3.523980,2.130025,3904188,1689092347497.00
rmat_s20_ef48_0.45_0.15_0.15_0.25_uni,MRepS_32,8,2,1048576,50135639,3.439135,2.082280,3904159,1689086479759.00
rmat_s20_ef48_0.45_0.15_0.15_0.25_uni,MRepS_32,32,0,1048576,50135639,3.935601,8.522979,13661239,5046498212181.00
rmat_s20_ef48_0.45_0.15_0.15_0.25_uni,MRepS_32,32,1,1048576,50135639,3.377853,8.537883,13661070,5046494581880.00
rmat_s20_ef48_0.45_0.15_0.15_0.25_uni,MRepS_32,32,2,1048576,50135639,3.343329,8.688975,13661194,5046498746792.00
fbC,MRepS_32,64,0,990023,40654711,2.397451,16.803560,228822,452368138729.00
fbC,MRepS_32,64,1,990023,40654711,2.234703,16.615731,228834,452371932380.00
fbC,MRepS_32,64,2,990023,40654711,2.245817,17.749851,228824,452367959739.00
fbC,MRepS_32,2,0,990023,40654711,2.332304,0.499809,9359,77919472243.00
fbC,MRepS_32,2,1,990023,40654711,2.215087,0.512794,9353,77919573544.00
fbC,MRepS_32,2,2,990023,40654711,2.307961,0.509725,9360,77919478849.00
fbC,MRepS_32,8,0,990023,40654711,2.282952,1.607520,31001,239913210946.00
fbC,MRepS_32,8,1,990023,40654711,2.281613,1.657053,30999,239913208117.00
fbC,MRepS_32,8,2,990023,40654711,2.226137,1.631676,31000,239913214155.00
fbC,MRepS_32,32,0,990023,40654711,2.261713,7.140409,116163,414694531434.00
fbC,MRepS_32,32,1,990023,40654711,2.205134,7.050981,116161,414693888846.00
fbC,MRepS_32,32,2,990023,40654711,2.224968,6.996387,116161,414694904034.00
rmat_s20_ef48_0.25_0.25_0.25_0.25_uni,MRepS_32,64,0,1048576,50329246,3.544042,16.142188,32811272,10892125005083.00
rmat_s20_ef48_0.25_0.25_0.25_0.25_uni,MRepS_32,64,1,1048576,50329246,3.620368,15.935025,32811483,10892163187874.00
rmat_s20_ef48_0.25_0.25_0.25_0.25_uni,MRepS_32,64,2,1048576,50329246,3.754929,16.408805,32811297,10892144983399.00
rmat_s20_ef48_0.25_0.25_0.25_0.25_uni,MRepS_32,2,0,1048576,50329246,3.556655,0.580715,1037556,497130665819.00
rmat_s20_ef48_0.25_0.25_0.25_0.25_uni,MRepS_32,2,1,1048576,50329246,3.683930,0.598194,1037563,497132778346.00
rmat_s20_ef48_0.25_0.25_0.25_0.25_uni,MRepS_32,2,2,1048576,50329246,3.522566,0.587813,1037557,497130541456.00
rmat_s20_ef48_0.25_0.25_0.25_0.25_uni,MRepS_32,8,0,1048576,50329246,3.471022,2.153495,4148291,1932889605303.00
rmat_s20_ef48_0.25_0.25_0.25_0.25_uni,MRepS_32,8,1,1048576,50329246,3.709826,2.136560,4148315,1932889975893.00
rmat_s20_ef48_0.25_0.25_0.25_0.25_uni,MRepS_32,8,2,1048576,50329246,3.823571,2.201911,4148301,1932891248795.00
rmat_s20_ef48_0.25_0.25_0.25_0.25_uni,MRepS_32,32,0,1048576,50329246,3.674429,8.530466,16545360,6765924491298.00
rmat_s20_ef48_0.25_0.25_0.25_0.25_uni,MRepS_32,32,1,1048576,50329246,3.635652,8.394936,16544871,6765869315740.00
rmat_s20_ef48_0.25_0.25_0.25_0.25_uni,MRepS_32,32,2,1048576,50329246,3.631228,8.341517,16544881,6765921838632.00
rmat_s20_ef48_0.55_0.15_0.15_0.15_exp,MRepS_32,64,0,1048576,48121491,3.179608,14.762893,10349091,593854155159.00
rmat_s20_ef48_0.55_0.15_0.15_0.15_exp,MRepS_32,64,1,1048576,48121491,3.125348,14.841399,10349114,593854520486.00
rmat_s20_ef48_0.55_0.15_0.15_0.15_exp,MRepS_32,64,2,1048576,48121491,3.158285,14.626349,10349116,593854439126.00
rmat_s20_ef48_0.55_0.15_0.15_0.15_exp,MRepS_32,2,0,1048576,48121491,3.139166,0.469873,707104,71255688052.00
rmat_s20_ef48_0.55_0.15_0.15_0.15_exp,MRepS_32,2,1,1048576,48121491,3.314361,0.471821,707105,71255646553.00
rmat_s20_ef48_0.55_0.15_0.15_0.15_exp,MRepS_32,2,2,1048576,48121491,3.186003,0.472259,707102,71255655935.00
rmat_s20_ef48_0.55_0.15_0.15_0.15_exp,MRepS_32,8,0,1048576,48121491,3.265277,1.623798,2384060,193423407917.00
rmat_s20_ef48_0.55_0.15_0.15_0.15_exp,MRepS_32,8,1,1048576,48121491,3.225984,1.753957,2384061,193423387715.00
rmat_s20_ef48_0.55_0.15_0.15_0.15_exp,MRepS_32,8,2,1048576,48121491,3.450088,1.938247,2384058,193423310667.00
rmat_s20_ef48_0.55_0.15_0.15_0.15_exp,MRepS_32,32,0,1048576,48121491,3.326031,8.369010,6744780,428174911435.00
rmat_s20_ef48_0.55_0.15_0.15_0.15_exp,MRepS_32,32,1,1048576,48121491,3.621670,8.469096,6744776,428175011066.00
rmat_s20_ef48_0.55_0.15_0.15_0.15_exp,MRepS_32,32,2,1048576,48121491,3.510789,7.411365,6744782,428175056530.00
rmat_s20_ef48_0.55_0.15_0.15_0.15_uni,MRepS_32,64,0,1048576,48125802,3.140724,14.604587,10350103,3563255922298.00
rmat_s20_ef48_0.55_0.15_0.15_0.15_uni,MRepS_32,64,1,1048576,48125802,3.115242,14.678979,10350092,3563254562562.00
rmat_s20_ef48_0.55_0.15_0.15_0.15_uni,MRepS_32,64,2,1048576,48125802,3.196764,14.633956,10350089,3563253728769.00
rmat_s20_ef48_0.55_0.15_0.15_0.15_uni,MRepS_32,2,0,1048576,48125802,3.116658,0.465804,707604,294456785136.00
rmat_s20_ef48_0.55_0.15_0.15_0.15_uni,MRepS_32,2,1,1048576,48125802,3.191056,0.469109,707606,294456699130.00
rmat_s20_ef48_0.55_0.15_0.15_0.15_uni,MRepS_32,2,2,1048576,48125802,3.110880,0.470456,707610,294457793484.00
rmat_s20_ef48_0.55_0.15_0.15_0.15_uni,MRepS_32,8,0,1048576,48125802,3.173667,1.613972,2384724,931767256300.00
rmat_s20_ef48_0.55_0.15_0.15_0.15_uni,MRepS_32,8,1,1048576,48125802,3.336581,1.608896,2384788,931772678205.00
rmat_s20_ef48_0.55_0.15_0.15_0.15_uni,MRepS_32,8,2,1048576,48125802,3.136060,1.635444,2384764,931775934348.00
rmat_s20_ef48_0.55_0.15_0.15_0.15_uni,MRepS_32,32,0,1048576,48125802,3.063879,7.018903,6747112,2402178672880.00
rmat_s20_ef48_0.55_0.15_0.15_0.15_uni,MRepS_32,32,1,1048576,48125802,3.342304,7.166954,6747113,2402173426423.00
rmat_s20_ef48_0.55_0.15_0.15_0.15_uni,MRepS_32,32,2,1048576,48125802,3.292411,7.086721,6747092,2402176835499.00
fbA,MRepS_32,64,0,357059,43057511,2.238949,12.734794,231848,127305111527.00
fbA,MRepS_32,64,1,357059,43057511,2.267352,13.048629,231848,127305153764.00
fbA,MRepS_32,64,2,357059,43057511,2.323107,13.182531,231847,127305108077.00
fbA,MRepS_32,2,0,357059,43057511,2.325036,0.493379,8237,10467565603.00
fbA,MRepS_32,2,1,357059,43057511,2.261656,0.504381,8237,10467558117.00
fbA,MRepS_32,2,2,357059,43057511,2.246406,0.513548,8235,10467573256.00
fbA,MRepS_32,8,0,357059,43057511,2.185439,1.482174,32298,29135367040.00
fbA,MRepS_32,8,1,357059,43057511,2.256273,1.591808,32305,29135359363.00
fbA,MRepS_32,8,2,357059,43057511,2.244597,1.520870,32293,29135358011.00
fbA,MRepS_32,32,0,357059,43057511,2.253982,5.973307,120240,79337815405.00
fbA,MRepS_32,32,1,357059,43057511,2.263978,6.148013,120246,79337820105.00
fbA,MRepS_32,32,2,357059,43057511,2.224712,6.199733,120252,79337813976.00
fb_clusterB_full,MRepS_32,64,0,4965001,164347164,10.406910,136.037119,702968,203683829852.00
fb_clusterB_full,MRepS_32,64,1,4965001,164347164,10.200950,136.434666,702942,203685292138.00
fb_clusterB_full,MRepS_32,64,2,4965001,164347164,10.402386,145.163018,702986,203684178106.00
fb_clusterB_full,MRepS_32,2,0,4965001,164347164,12.036546,3.440098,25454,14407450259.00
fb_clusterB_full,MRepS_32,2,1,4965001,164347164,18.312578,3.613083,25443,14407346138.00
fb_clusterB_full,MRepS_32,2,2,4965001,164347164,14.902691,3.685412,25442,14407297598.00
fb_clusterB_full,MRepS_32,8,0,4965001,164347164,17.333516,14.227665,95121,40464930050.00
fb_clusterB_full,MRepS_32,8,1,4965001,164347164,17.389596,14.317056,95113,40465161818.00
fb_clusterB_full,MRepS_32,8,2,4965001,164347164,23.517919,14.625140,95143,40466094681.00
fb_clusterB_full,MRepS_32,32,0,4965001,164347164,23.707086,69.573252,359670,118671630881.00
fb_clusterB_full,MRepS_32,32,1,4965001,164347164,23.914143,69.125757,359658,118672422394.00
fb_clusterB_full,MRepS_32,32,2,4965001,164347164,14.595396,64.063269,359648,118671141471.00
rmat_s20_ef48_0.45_0.15_0.15_0.25_exp,MRepS_32,64,0,1048576,50135288,3.510947,17.173959,22823463,1128178778600.00
rmat_s20_ef48_0.45_0.15_0.15_0.25_exp,MRepS_32,64,1,1048576,50135288,3.432121,17.118267,22823455,1128178696623.00
rmat_s20_ef48_0.45_0.15_0.15_0.25_exp,MRepS_32,64,2,1048576,50135288,3.626269,18.769475,22823454,1128178753827.00
rmat_s20_ef48_0.45_0.15_0.15_0.25_exp,MRepS_32,2,0,1048576,50135288,3.343334,0.548049,998128,122350636201.00
rmat_s20_ef48_0.45_0.15_0.15_0.25_exp,MRepS_32,2,1,1048576,50135288,3.527912,0.545084,998131,122350743875.00
rmat_s20_ef48_0.45_0.15_0.15_0.25_exp,MRepS_32,2,2,1048576,50135288,3.508176,0.549503,998129,122350795387.00
rmat_s20_ef48_0.45_0.15_0.15_0.25_exp,MRepS_32,8,0,1048576,50135288,3.610903,2.056906,3903505,362538726581.00
rmat_s20_ef48_0.45_0.15_0.15_0.25_exp,MRepS_32,8,1,1048576,50135288,3.402895,2.060667,3903502,362538487536.00
rmat_s20_ef48_0.45_0.15_0.15_0.25_exp,MRepS_32,8,2,1048576,50135288,3.493821,2.060090,3903504,362538651240.00
rmat_s20_ef48_0.45_0.15_0.15_0.25_exp,MRepS_32,32,0,1048576,50135288,3.775456,8.771219,13657152,839436589245.00
rmat_s20_ef48_0.45_0.15_0.15_0.25_exp,MRepS_32,32,1,1048576,50135288,3.445753,8.695252,13657236,839436009807.00
rmat_s20_ef48_0.45_0.15_0.15_0.25_exp,MRepS_32,32,2,1048576,50135288,3.399442,8.656598,13657241,839436814907.00
rmat_s20_ef48_0.25_0.25_0.25_0.25_exp,MRepS_1,64,0,1048576,50329356,19.651137,129.422766,32812333,1483872259046.00
rmat_s20_ef48_0.25_0.25_0.25_0.25_exp,MRepS_1,64,1,1048576,50329356,19.781252,128.935673,32811448,1483864337487.00
rmat_s20_ef48_0.25_0.25_0.25_0.25_exp,MRepS_1,64,2,1048576,50329356,19.535726,129.326413,32811487,1483860120598.00
rmat_s20_ef48_0.25_0.25_0.25_0.25_exp,MRepS_1,2,0,1048576,50329356,19.564765,6.441203,1037635,142235893828.00
rmat_s20_ef48_0.25_0.25_0.25_0.25_exp,MRepS_1,2,1,1048576,50329356,19.584897,6.435773,1037637,142235899599.00
rmat_s20_ef48_0.25_0.25_0.25_0.25_exp,MRepS_1,2,2,1048576,50329356,19.720483,6.513604,1037633,142235833501.00
rmat_s20_ef48_0.25_0.25_0.25_0.25_exp,MRepS_1,8,0,1048576,50329356,19.596765,17.964196,4148176,438656359195.00
rmat_s20_ef48_0.25_0.25_0.25_0.25_exp,MRepS_1,8,1,1048576,50329356,19.530931,17.975434,4148173,438656969067.00
rmat_s20_ef48_0.25_0.25_0.25_0.25_exp,MRepS_1,8,2,1048576,50329356,19.585359,17.956625,4148162,438656721325.00
rmat_s20_ef48_0.25_0.25_0.25_0.25_exp,MRepS_1,32,0,1048576,50329356,19.620702,67.495073,16545143,1095275806901.00
rmat_s20_ef48_0.25_0.25_0.25_0.25_exp,MRepS_1,32,1,1048576,50329356,19.596277,67.687498,16544828,1095272436987.00
rmat_s20_ef48_0.25_0.25_0.25_0.25_exp,MRepS_1,32,2,1048576,50329356,19.441966,70.360132,16544789,1095276261800.00
rmat_s20_ef48_0.45_0.15_0.15_0.25_uni,MRepS_1,64,0,1048576,50135639,17.378971,184.147313,22829928,7547946668230.00
rmat_s20_ef48_0.45_0.15_0.15_0.25_uni,MRepS_1,64,1,1048576,50135639,17.316040,182.816453,22829925,7547946726586.00
rmat_s20_ef48_0.45_0.15_0.15_0.25_uni,MRepS_1,64,2,1048576,50135639,17.183822,183.513662,22829935,7547947366124.00
rmat_s20_ef48_0.45_0.15_0.15_0.25_uni,MRepS_1,2,0,1048576,50135639,17.330508,7.076619,998124,457957053373.00
rmat_s20_ef48_0.45_0.15_0.15_0.25_uni,MRepS_1,2,1,1048576,50135639,17.278829,7.084487,998118,457955530222.00
rmat_s20_ef48_0.45_0.15_0.15_0.25_uni,MRepS_1,2,2,1048576,50135639,17.288257,7.089104,998114,457955402716.00
rmat_s20_ef48_0.45_0.15_0.15_0.25_uni,MRepS_1,8,0,1048576,50135639,17.415615,21.067238,3904212,1689093604396.00
rmat_s20_ef48_0.45_0.15_0.15_0.25_uni,MRepS_1,8,1,1048576,50135639,17.230433,21.034744,3904188,1689092347497.00
rmat_s20_ef48_0.45_0.15_0.15_0.25_uni,MRepS_1,8,2,1048576,50135639,17.412444,21.038189,3904159,1689086479759.00
rmat_s20_ef48_0.45_0.15_0.15_0.25_uni,MRepS_1,32,0,1048576,50135639,17.195463,88.743865,13661239,5046498212181.00
rmat_s20_ef48_0.45_0.15_0.15_0.25_uni,MRepS_1,32,1,1048576,50135639,17.263757,87.840465,13661070,5046494581880.00
rmat_s20_ef48_0.45_0.15_0.15_0.25_uni,MRepS_1,32,2,1048576,50135639,17.249366,88.265366,13661194,5046498746792.00
fbC,MRepS_1,64,0,990023,40654711,7.507257,191.885094,228822,452368138729.00
fbC,MRepS_1,64,1,990023,40654711,7.477986,192.736669,228834,452371932380.00
fbC,MRepS_1,64,2,990023,40654711,7.502560,192.501896,228824,452367959739.00
fbC,MRepS_1,2,0,990023,40654711,7.507427,9.488775,9359,77919472243.00
fbC,MRepS_1,2,1,990023,40654711,7.474157,9.487540,9353,77919573544.00
fbC,MRepS_1,2,2,990023,40654711,7.514720,9.525044,9360,77919478849.00
fbC,MRepS_1,8,0,990023,40654711,7.517756,24.722919,31001,239913210946.00
fbC,MRepS_1,8,1,990023,40654711,7.529664,24.719945,30999,239913208117.00
fbC,MRepS_1,8,2,990023,40654711,7.557428,24.683721,31000,239913214155.00
fbC,MRepS_1,32,0,990023,40654711,7.489000,88.661851,116163,414694531434.00
fbC,MRepS_1,32,1,990023,40654711,7.512892,88.719446,116161,414693888846.00
fbC,MRepS_1,32,2,990023,40654711,7.471800,88.490475,116161,414694904034.00
rmat_s20_ef48_0.25_0.25_0.25_0.25_uni,MRepS_1,64,0,1048576,50329246,19.491972,133.850161,32811272,10892125005083.00
rmat_s20_ef48_0.25_0.25_0.25_0.25_uni,MRepS_1,64,1,1048576,50329246,19.618948,129.225328,32811483,10892163187874.00
rmat_s20_ef48_0.25_0.25_0.25_0.25_uni,MRepS_1,64,2,1048576,50329246,19.598797,129.118601,32811297,10892144983399.00
rmat_s20_ef48_0.25_0.25_0.25_0.25_uni,MRepS_1,2,0,1048576,50329246,19.483451,6.435450,1037556,497130665819.00
rmat_s20_ef48_0.25_0.25_0.25_0.25_uni,MRepS_1,2,1,1048576,50329246,19.527774,6.453001,1037563,497132778346.00
rmat_s20_ef48_0.25_0.25_0.25_0.25_uni,MRepS_1,2,2,1048576,50329246,19.516026,6.436166,1037557,497130541456.00
rmat_s20_ef48_0.25_0.25_0.25_0.25_uni,MRepS_1,8,0,1048576,50329246,19.514806,17.909610,4148291,1932889605303.00
rmat_s20_ef48_0.25_0.25_0.25_0.25_uni,MRepS_1,8,1,1048576,50329246,19.467560,17.900235,4148315,1932889975893.00
rmat_s20_ef48_0.25_0.25_0.25_0.25_uni,MRepS_1,8,2,1048576,50329246,19.619392,17.901292,4148301,1932891248795.00
rmat_s20_ef48_0.25_0.25_0.25_0.25_uni,MRepS_1,32,0,1048576,50329246,19.832288,67.769832,16545360,6765924491298.00
rmat_s20_ef48_0.25_0.25_0.25_0.25_uni,MRepS_1,32,1,1048576,50329246,19.603379,67.543535,16544871,6765869315740.00
rmat_s20_ef48_0.25_0.25_0.25_0.25_uni,MRepS_1,32,2,1048576,50329246,19.609296,67.605567,16544881,6765921838632.00
rmat_s20_ef48_0.55_0.15_0.15_0.15_exp,MRepS_1,64,0,1048576,48121491,13.805782,184.549976,10349091,593854155159.00
rmat_s20_ef48_0.55_0.15_0.15_0.15_exp,MRepS_1,64,1,1048576,48121491,13.857831,186.471228,10349114,593854520486.00
rmat_s20_ef48_0.55_0.15_0.15_0.15_exp,MRepS_1,64,2,1048576,48121491,13.985439,185.217045,10349116,593854439126.00
rmat_s20_ef48_0.55_0.15_0.15_0.15_exp,MRepS_1,2,0,1048576,48121491,13.732752,7.646518,707104,71255688052.00
rmat_s20_ef48_0.55_0.15_0.15_0.15_exp,MRepS_1,2,1,1048576,48121491,13.797446,7.643969,707105,71255646553.00
rmat_s20_ef48_0.55_0.15_0.15_0.15_exp,MRepS_1,2,2,1048576,48121491,13.861469,7.587473,707102,71255655935.00
rmat_s20_ef48_0.55_0.15_0.15_0.15_exp,MRepS_1,8,0,1048576,48121491,13.867877,22.632817,2384060,193423407917.00
rmat_s20_ef48_0.55_0.15_0.15_0.15_exp,MRepS_1,8,1,1048576,48121491,13.810297,22.444444,2384061,193423387715.00
rmat_s20_ef48_0.55_0.15_0.15_0.15_exp,MRepS_1,8,2,1048576,48121491,13.927121,22.409199,2384058,193423310667.00
rmat_s20_ef48_0.55_0.15_0.15_0.15_exp,MRepS_1,32,0,1048576,48121491,13.843995,89.780536,6744780,428174911435.00
rmat_s20_ef48_0.55_0.15_0.15_0.15_exp,MRepS_1,32,1,1048576,48121491,13.995416,89.591904,6744776,428175011066.00
rmat_s20_ef48_0.55_0.15_0.15_0.15_exp,MRepS_1,32,2,1048576,48121491,14.202068,91.199372,6744782,428175056530.00
rmat_s20_ef48_0.55_0.15_0.15_0.15_uni,MRepS_1,64,0,1048576,48125802,13.854885,181.582712,10350103,3563255922298.00
rmat_s20_ef48_0.55_0.15_0.15_0.15_uni,MRepS_1,64,1,1048576,48125802,13.993869,182.370620,10350092,3563254562562.00
rmat_s20_ef48_0.55_0.15_0.15_0.15_uni,MRepS_1,64,2,1048576,48125802,13.984215,181.348791,10350089,3563253728769.00
rmat_s20_ef48_0.55_0.15_0.15_0.15_uni,MRepS_1,2,0,1048576,48125802,14.153550,7.546838,707604,294456785136.00
rmat_s20_ef48_0.55_0.15_0.15_0.15_uni,MRepS_1,2,1,1048576,48125802,13.847582,7.544956,707606,294456699130.00
rmat_s20_ef48_0.55_0.15_0.15_0.15_uni,MRepS_1,2,2,1048576,48125802,14.141887,7.553512,707610,294457793484.00
rmat_s20_ef48_0.55_0.15_0.15_0.15_uni,MRepS_1,8,0,1048576,48125802,14.239784,22.455082,2384724,931767256300.00
rmat_s20_ef48_0.55_0.15_0.15_0.15_uni,MRepS_1,8,1,1048576,48125802,13.884494,22.205502,2384788,931772678205.00
rmat_s20_ef48_0.55_0.15_0.15_0.15_uni,MRepS_1,8,2,1048576,48125802,13.890971,22.214557,2384764,931775934348.00
rmat_s20_ef48_0.55_0.15_0.15_0.15_uni,MRepS_1,32,0,1048576,48125802,14.003754,89.180792,6747112,2402178672880.00
rmat_s20_ef48_0.55_0.15_0.15_0.15_uni,MRepS_1,32,1,1048576,48125802,13.859438,88.838183,6747113,2402173426423.00
rmat_s20_ef48_0.55_0.15_0.15_0.15_uni,MRepS_1,32,2,1048576,48125802,13.794044,88.607113,6747092,2402176835499.00
fbA,MRepS_1,64,0,357059,43057511,7.256081,204.958415,231848,127305111527.00
fbA,MRepS_1,64,1,357059,43057511,7.242977,207.775579,231848,127305153764.00
fbA,MRepS_1,64,2,357059,43057511,7.153928,217.227808,231847,127305108077.00
fbA,MRepS_1,2,0,357059,43057511,7.197894,11.493436,8237,10467565603.00
fbA,MRepS_1,2,1,357059,43057511,7.193667,11.486233,8237,10467558117.00
fbA,MRepS_1,2,2,357059,43057511,7.221507,11.498604,8235,10467573256.00
fbA,MRepS_1,8,0,357059,43057511,7.250216,30.029559,32298,29135367040.00
fbA,MRepS_1,8,1,357059,43057511,7.191715,31.110532,32305,29135359363.00
fbA,MRepS_1,8,2,357059,43057511,7.237419,29.940315,32293,29135358011.00
fbA,MRepS_1,32,0,357059,43057511,7.164686,103.821985,120240,79337815405.00
fbA,MRepS_1,32,1,357059,43057511,7.225537,103.943830,120246,79337820105.00
fbA,MRepS_1,32,2,357059,43057511,7.212830,103.812814,120252,79337813976.00
fb_clusterB_full,MRepS_1,64,0,4965001,164347164,41.787862,1072.777468,702968,203683829852.00
fb_clusterB_full,MRepS_1,64,1,4965001,164347164,39.288650,1073.181979,702942,203685292138.00
fb_clusterB_full,MRepS_1,64,2,4965001,164347164,39.068299,1076.359915,702986,203684178106.00
fb_clusterB_full,MRepS_1,2,0,4965001,164347164,39.271506,45.796467,25454,14407450259.00
fb_clusterB_full,MRepS_1,2,1,4965001,164347164,39.203364,45.723345,25443,14407346138.00
fb_clusterB_full,MRepS_1,2,2,4965001,164347164,39.243235,45.735121,25442,14407297598.00
fb_clusterB_full,MRepS_1,8,0,4965001,164347164,39.405809,126.875002,95121,40464930050.00
fb_clusterB_full,MRepS_1,8,1,4965001,164347164,39.221121,127.103201,95113,40465161818.00
fb_clusterB_full,MRepS_1,8,2,4965001,164347164,39.164104,127.386311,95143,40466094681.00
fb_clusterB_full,MRepS_1,32,0,4965001,164347164,39.356027,495.623627,359670,118671630881.00
fb_clusterB_full,MRepS_1,32,1,4965001,164347164,39.122578,498.129229,359658,118672422394.00
fb_clusterB_full,MRepS_1,32,2,4965001,164347164,39.236672,497.578020,359648,118671141471.00
rmat_s20_ef48_0.45_0.15_0.15_0.25_exp,MRepS_1,64,0,1048576,50135288,17.425926,180.331886,22823463,1128178778600.00
rmat_s20_ef48_0.45_0.15_0.15_0.25_exp,MRepS_1,64,1,1048576,50135288,17.289305,184.615768,22823455,1128178696623.00
rmat_s20_ef48_0.45_0.15_0.15_0.25_exp,MRepS_1,64,2,1048576,50135288,17.326056,180.737807,22823454,1128178753827.00
rmat_s20_ef48_0.45_0.15_0.15_0.25_exp,MRepS_1,2,0,1048576,50135288,17.450877,7.175456,998128,122350636201.00
rmat_s20_ef48_0.45_0.15_0.15_0.25_exp,MRepS_1,2,1,1048576,50135288,17.438928,7.081835,998131,122350743875.00
rmat_s20_ef48_0.45_0.15_0.15_0.25_exp,MRepS_1,2,2,1048576,50135288,17.269006,7.082950,998129,122350795387.00
rmat_s20_ef48_0.45_0.15_0.15_0.25_exp,MRepS_1,8,0,1048576,50135288,17.283227,21.744342,3903505,362538726581.00
rmat_s20_ef48_0.45_0.15_0.15_0.25_exp,MRepS_1,8,1,1048576,50135288,17.471548,21.152349,3903502,362538487536.00
rmat_s20_ef48_0.45_0.15_0.15_0.25_exp,MRepS_1,8,2,1048576,50135288,17.223496,21.150481,3903504,362538651240.00
rmat_s20_ef48_0.45_0.15_0.15_0.25_exp,MRepS_1,32,0,1048576,50135288,17.444845,88.091235,13657152,839436589245.00
rmat_s20_ef48_0.45_0.15_0.15_0.25_exp,MRepS_1,32,1,1048576,50135288,17.424791,87.763369,13657236,839436009807.00
rmat_s20_ef48_0.45_0.15_0.15_0.25_exp,MRepS_1,32,2,1048576,50135288,17.331290,88.684767,13657241,839436814907.00
